short_name,club_name,nationality_name,position_group,age,overall,potential,international_reputation,pace,shooting,passing,dribbling,defending,physic,weak_foot,skill_moves,value_eur,display_label
K. Mbappé,Paris Saint Germain,France,Forward,24,91,94,5,97.0,90.0,80.0,92.0,36.0,78.0,4,5,181500000.0,K. Mbappé (Paris Saint Germain)
E. Haaland,Manchester City,Norway,Forward,22,91,94,5,89.0,93.0,66.0,80.0,45.0,88.0,3,3,185000000.0,E. Haaland (Manchester City)
K. De Bruyne,Manchester City,Belgium,Midfielder,32,91,91,5,72.0,88.0,94.0,87.0,65.0,78.0,5,4,103000000.0,K. De Bruyne (Manchester City)
R. Lewandowski,FC Barcelona,Poland,Forward,34,90,90,5,75.0,91.0,80.0,87.0,44.0,84.0,4,4,58000000.0,R. Lewandowski (FC Barcelona)
T. Courtois,Real Madrid,Belgium,Goalkeeper,31,90,90,5,0.0,0.0,0.0,0.0,0.0,0.0,3,1,63000000.0,T. Courtois (Real Madrid)
H. Kane,FC Bayern München,England,Forward,29,90,90,5,69.0,93.0,84.0,83.0,49.0,83.0,5,3,119500000.0,H. Kane (FC Bayern München)
Vini Jr.,Real Madrid,Brazil,Forward,22,89,94,5,95.0,82.0,78.0,90.0,29.0,68.0,4,5,158500000.0,Vini Jr. (Real Madrid)
Alisson,Liverpool,Brazil,Goalkeeper,30,89,90,5,0.0,0.0,0.0,0.0,0.0,0.0,3,1,77500000.0,Alisson (Liverpool)
Rodri,Manchester City,Spain,Midfielder,27,89,90,4,58.0,73.0,80.0,80.0,85.0,84.0,4,3,105500000.0,Rodri (Manchester City)
Rúben Dias,Manchester City,Portugal,Defender,26,89,90,4,62.0,39.0,66.0,69.0,89.0,87.0,4,2,106500000.0,Rúben Dias (Manchester City)
M. ter Stegen,FC Barcelona,Germany,Goalkeeper,31,89,89,5,0.0,0.0,0.0,0.0,0.0,0.0,4,1,54500000.0,M. ter Stegen (FC Barcelona)
Casemiro,Manchester United,Brazil,Midfielder,31,89,89,4,63.0,75.0,79.0,73.0,89.0,88.0,3,2,72000000.0,Casemiro (Manchester United)
V. van Dijk,Liverpool,Netherlands,Defender,31,89,89,4,78.0,60.0,71.0,72.0,89.0,86.0,3,2,70500000.0,V. van Dijk (Liverpool)
M. Salah,Liverpool,Egypt,Forward,31,89,89,5,89.0,87.0,81.0,88.0,45.0,76.0,3,4,85500000.0,M. Salah (Liverpool)
F. Valverde,Real Madrid,Uruguay,Midfielder,24,88,92,3,88.0,82.0,84.0,84.0,80.0,82.0,4,3,130500000.0,F. Valverde (Real Madrid)
V. Osimhen,Napoli,Nigeria,Forward,24,88,91,3,90.0,86.0,66.0,83.0,42.0,82.0,4,3,126500000.0,V. Osimhen (Napoli)
Ederson,Manchester City,Brazil,Goalkeeper,29,88,89,3,0.0,0.0,0.0,0.0,0.0,0.0,3,1,70000000.0,Ederson (Manchester City)
J. Kimmich,FC Bayern München,Germany,Midfielder,28,88,89,4,70.0,74.0,88.0,84.0,82.0,79.0,4,3,88000000.0,J. Kimmich (FC Bayern München)
A. Griezmann,Atlético Madrid,France,Forward,32,88,88,5,80.0,88.0,87.0,88.0,58.0,75.0,3,4,74000000.0,A. Griezmann (Atlético Madrid)
J. Oblak,Atlético Madrid,Slovenia,Goalkeeper,30,88,88,4,0.0,0.0,0.0,0.0,0.0,0.0,3,1,61000000.0,J. Oblak (Atlético Madrid)
Bruno Fernandes,Manchester United,Portugal,Midfielder,28,88,88,4,71.0,86.0,90.0,83.0,69.0,77.0,3,4,92000000.0,Bruno Fernandes (Manchester United)
Bernardo Silva,Manchester City,Portugal,Midfielder,28,88,88,3,69.0,78.0,86.0,92.0,70.0,69.0,3,4,91500000.0,Bernardo Silva (Manchester City)
M. Ødegaard,Arsenal,Norway,Midfielder,24,87,90,4,72.0,81.0,88.0,87.0,61.0,64.0,2,5,109000000.0,M. Ødegaard (Arsenal)
F. de Jong,FC Barcelona,Netherlands,Midfielder,26,87,90,4,82.0,69.0,86.0,87.0,77.0,78.0,3,4,103500000.0,F. de Jong (FC Barcelona)
G. Donnarumma,Paris Saint Germain,Italy,Goalkeeper,24,87,90,3,0.0,0.0,0.0,0.0,0.0,0.0,3,1,85000000.0,G. Donnarumma (Paris Saint Germain)
L. Martínez,Inter,Argentina,Forward,25,87,90,3,80.0,86.0,71.0,85.0,48.0,85.0,4,4,107000000.0,L. Martínez (Inter)
G. Kobel,Borussia Dortmund,Switzerland,Goalkeeper,25,87,90,3,0.0,0.0,0.0,0.0,0.0,0.0,3,1,81500000.0,G. Kobel (Borussia Dortmund)
M. Maignan,Milan,France,Goalkeeper,27,87,89,3,0.0,0.0,0.0,0.0,0.0,0.0,4,1,73000000.0,M. Maignan (Milan)
Marquinhos,Paris Saint Germain,Brazil,Defender,29,87,88,3,78.0,56.0,75.0,74.0,89.0,80.0,3,3,73500000.0,Marquinhos (Paris Saint Germain)
M. Neuer,FC Bayern München,Germany,Goalkeeper,37,87,87,5,0.0,0.0,0.0,0.0,0.0,0.0,4,1,9000000.0,M. Neuer (FC Bayern München)
L. Modrić,Real Madrid,Croatia,Midfielder,37,87,87,4,72.0,76.0,89.0,87.0,72.0,66.0,4,4,25000000.0,L. Modrić (Real Madrid)
H. Son,Tottenham Hotspur,Korea Republic,Forward,30,87,87,4,87.0,88.0,80.0,84.0,42.0,70.0,5,4,77000000.0,H. Son (Tottenham Hotspur)
J. Musiala,FC Bayern München,Germany,Midfielder,20,86,93,3,85.0,75.0,76.0,91.0,63.0,61.0,4,5,134500000.0,J. Musiala (FC Bayern München)
K. Kvaratskhelia,Napoli,Georgia,Forward,22,86,92,2,84.0,80.0,81.0,87.0,41.0,71.0,5,5,109000000.0,K. Kvaratskhelia (Napoli)
Pedri,FC Barcelona,Spain,Midfielder,20,86,92,3,78.0,69.0,82.0,88.0,70.0,74.0,4,4,105000000.0,Pedri (FC Barcelona)
Rafael Leão,Milan,Portugal,Forward,24,86,91,2,93.0,80.0,75.0,87.0,27.0,76.0,4,4,102500000.0,Rafael Leão (Milan)
J. Bellingham,Real Madrid,England,Midfielder,20,86,91,3,76.0,78.0,80.0,85.0,78.0,82.0,4,4,100500000.0,J. Bellingham (Real Madrid)
R. Araujo,FC Barcelona,Uruguay,Defender,24,86,91,3,79.0,51.0,65.0,62.0,86.0,84.0,3,2,93000000.0,R. Araujo (FC Barcelona)
B. Saka,Arsenal,England,Forward,21,86,90,2,85.0,81.0,79.0,87.0,60.0,70.0,3,3,99000000.0,B. Saka (Arsenal)
M. de Ligt,FC Bayern München,Netherlands,Defender,23,86,89,3,66.0,61.0,64.0,68.0,85.0,86.0,3,2,83000000.0,M. de Ligt (FC Bayern München)
Éder Militão,Real Madrid,Brazil,Defender,25,86,89,3,85.0,50.0,69.0,71.0,86.0,82.0,3,2,80000000.0,Éder Militão (Real Madrid)
S. Tonali,Newcastle United,Italy,Midfielder,23,86,89,3,84.0,74.0,81.0,81.0,82.0,84.0,4,3,84000000.0,S. Tonali (Newcastle United)
N. Barella,Inter,Italy,Midfielder,26,86,88,3,78.0,78.0,82.0,85.0,78.0,80.0,3,3,83500000.0,N. Barella (Inter)
T. Alexander-Arnold,Liverpool,England,Defender,24,86,88,3,76.0,69.0,90.0,79.0,80.0,73.0,4,3,81000000.0,T. Alexander-Arnold (Liverpool)
C. Nkunku,Chelsea,France,Forward,25,86,88,3,82.0,81.0,83.0,88.0,62.0,67.0,3,5,86500000.0,C. Nkunku (Chelsea)
O. Dembélé,Paris Saint Germain,France,Forward,26,86,87,3,93.0,77.0,81.0,87.0,36.0,57.0,5,5,80000000.0,O. Dembélé (Paris Saint Germain)
T. Kroos,Real Madrid,Germany,Midfielder,33,86,86,4,51.0,80.0,90.0,81.0,70.0,71.0,5,3,42000000.0,T. Kroos (Real Madrid)
W. Szczęsny,Juventus,Poland,Goalkeeper,33,86,86,3,0.0,0.0,0.0,0.0,0.0,0.0,3,1,22000000.0,W. Szczęsny (Juventus)
İ. Gündoğan,FC Barcelona,Germany,Midfielder,32,86,86,3,62.0,81.0,84.0,86.0,72.0,73.0,4,4,53500000.0,İ. Gündoğan (FC Barcelona)
Parejo,Villarreal,Spain,Midfielder,34,86,86,2,49.0,83.0,90.0,80.0,73.0,69.0,4,3,31500000.0,Parejo (Villarreal)
João Cancelo,FC Barcelona,Portugal,Defender,29,86,86,3,81.0,73.0,85.0,84.0,80.0,72.0,4,4,59500000.0,João Cancelo (FC Barcelona)
P. Dybala,Roma,Argentina,Forward,29,86,86,3,80.0,85.0,85.0,90.0,40.0,60.0,3,4,68000000.0,P. Dybala (Roma)
A. Robertson,Liverpool,Scotland,Defender,29,86,86,3,80.0,61.0,82.0,81.0,81.0,77.0,2,3,59500000.0,A. Robertson (Liverpool)
Rodrygo,Real Madrid,Brazil,Forward,22,85,91,3,88.0,81.0,79.0,86.0,31.0,62.0,4,4,86500000.0,Rodrygo (Real Madrid)
F. Wirtz,Bayer 04 Leverkusen,Germany,Midfielder,20,85,91,3,74.0,76.0,83.0,87.0,52.0,63.0,4,4,83500000.0,F. Wirtz (Bayer 04 Leverkusen)
T. Hernández,Milan,France,Defender,25,85,90,3,93.0,71.0,76.0,81.0,78.0,84.0,3,3,73500000.0,T. Hernández (Milan)
A. Bastoni,Inter,Italy,Defender,24,85,90,2,73.0,35.0,72.0,73.0,86.0,83.0,3,2,73500000.0,A. Bastoni (Inter)
P. Foden,Manchester City,England,Forward,23,85,90,3,81.0,79.0,82.0,88.0,57.0,60.0,3,4,81500000.0,P. Foden (Manchester City)
J. Koundé,FC Barcelona,France,Defender,24,85,89,3,84.0,45.0,68.0,75.0,86.0,80.0,3,3,69500000.0,J. Koundé (FC Barcelona)
M. Rashford,Manchester United,England,Forward,25,85,88,3,90.0,86.0,78.0,84.0,42.0,74.0,3,5,71500000.0,M. Rashford (Manchester United)
Diogo Jota,Liverpool,Portugal,Forward,26,85,87,2,82.0,82.0,75.0,85.0,57.0,77.0,5,4,67500000.0,Diogo Jota (Liverpool)
D. Rice,Arsenal,England,Midfielder,24,85,87,3,71.0,65.0,75.0,77.0,83.0,83.0,3,2,63000000.0,D. Rice (Arsenal)
J. Stones,Manchester City,England,Defender,29,85,86,2,72.0,52.0,75.0,77.0,85.0,77.0,4,3,49500000.0,J. Stones (Manchester City)
A. Onana,Manchester United,Cameroon,Goalkeeper,27,85,86,3,0.0,0.0,0.0,0.0,0.0,0.0,3,1,46000000.0,A. Onana (Manchester United)
K. Trippier,Newcastle United,England,Defender,32,85,85,2,68.0,65.0,86.0,79.0,82.0,72.0,4,3,37500000.0,K. Trippier (Newcastle United)
K. Trapp,Eintracht Frankfurt,Germany,Goalkeeper,32,85,85,3,0.0,0.0,0.0,0.0,0.0,0.0,4,1,26500000.0,K. Trapp (Eintracht Frankfurt)
C. Immobile,Lazio,Italy,Forward,33,85,85,4,85.0,87.0,68.0,78.0,39.0,74.0,4,3,34500000.0,C. Immobile (Lazio)
Iago Aspas,Celta de Vigo,Spain,Forward,35,85,85,3,81.0,85.0,79.0,86.0,35.0,64.0,4,3,23000000.0,Iago Aspas (Celta de Vigo)
K. Navas,Paris Saint Germain,Costa Rica,Goalkeeper,36,85,85,3,0.0,0.0,0.0,0.0,0.0,0.0,3,1,6000000.0,K. Navas (Paris Saint Germain)
D. Alaba,Real Madrid,Austria,Defender,31,85,85,4,79.0,71.0,83.0,80.0,85.0,77.0,4,3,37000000.0,D. Alaba (Real Madrid)
R. Varane,Manchester United,France,Defender,30,85,85,3,79.0,49.0,64.0,67.0,86.0,78.0,4,2,44000000.0,R. Varane (Manchester United)
E. Martínez,Aston Villa,Argentina,Goalkeeper,30,85,85,3,0.0,0.0,0.0,0.0,0.0,0.0,4,1,36000000.0,E. Martínez (Aston Villa)
A. Rüdiger,Real Madrid,Germany,Defender,30,85,85,3,82.0,54.0,71.0,66.0,84.0,86.0,3,2,44000000.0,A. Rüdiger (Real Madrid)
J. Grealish,Manchester City,England,Forward,27,85,85,3,76.0,76.0,84.0,88.0,53.0,73.0,3,4,57500000.0,J. Grealish (Manchester City)
H. Çalhanoğlu,Inter,Turkey,Midfielder,29,85,85,3,67.0,80.0,86.0,85.0,70.0,66.0,4,4,52500000.0,H. Çalhanoğlu (Inter)
L. Goretzka,FC Bayern München,Germany,Midfielder,28,85,85,4,78.0,81.0,81.0,83.0,80.0,86.0,4,3,54000000.0,L. Goretzka (FC Bayern München)
T. Partey,Arsenal,Ghana,Midfielder,30,85,85,2,68.0,71.0,82.0,80.0,81.0,82.0,3,3,45000000.0,T. Partey (Arsenal)
D. Berardi,Sassuolo,Italy,Forward,28,85,85,2,82.0,83.0,81.0,87.0,36.0,72.0,3,4,54500000.0,D. Berardi (Sassuolo)
K. Coman,FC Bayern München,France,Midfielder,27,85,85,4,89.0,76.0,79.0,87.0,30.0,62.0,3,5,57500000.0,K. Coman (FC Bayern München)
G. Di Lorenzo,Napoli,Italy,Defender,29,85,85,2,85.0,67.0,75.0,79.0,82.0,82.0,3,3,47500000.0,G. Di Lorenzo (Napoli)
M. Acuña,Sevilla,Argentina,Defender,31,85,85,3,75.0,74.0,83.0,83.0,81.0,84.0,3,3,39000000.0,M. Acuña (Sevilla)
A. Tchouaméni,Real Madrid,France,Midfielder,23,84,89,3,73.0,69.0,79.0,78.0,81.0,81.0,3,3,58500000.0,A. Tchouaméni (Real Madrid)
I. Bennacer,Milan,Algeria,Midfielder,25,84,88,2,80.0,72.0,81.0,86.0,79.0,78.0,3,4,53500000.0,I. Bennacer (Milan)
F. Tomori,Milan,England,Defender,25,84,88,2,86.0,40.0,59.0,66.0,86.0,82.0,4,2,52500000.0,F. Tomori (Milan)
M. Diaby,Aston Villa,France,Midfielder,23,84,88,3,95.0,73.0,75.0,86.0,42.0,59.0,3,4,60500000.0,M. Diaby (Aston Villa)
Gabriel Martinelli,Arsenal,Brazil,Forward,22,84,88,2,89.0,78.0,76.0,86.0,46.0,72.0,3,4,61500000.0,Gabriel Martinelli (Arsenal)
A. Ramsdale,Arsenal,England,Goalkeeper,25,84,87,2,0.0,0.0,0.0,0.0,0.0,0.0,3,1,43000000.0,A. Ramsdale (Arsenal)
R. Kolo Muani,Paris Saint Germain,France,Forward,24,84,87,3,91.0,78.0,73.0,86.0,38.0,67.0,4,4,58500000.0,R. Kolo Muani (Paris Saint Germain)
L. Martínez,Manchester United,Argentina,Defender,25,84,87,2,73.0,59.0,78.0,79.0,85.0,83.0,3,3,49500000.0,L. Martínez (Manchester United)
Bremer,Juventus,Brazil,Defender,26,84,87,1,80.0,50.0,56.0,65.0,85.0,83.0,2,2,49000000.0,Bremer (Juventus)
Bruno Guimarães,Newcastle United,Brazil,Midfielder,25,84,87,2,71.0,74.0,81.0,84.0,80.0,81.0,2,3,55500000.0,Bruno Guimarães (Newcastle United)
N. Süle,Borussia Dortmund,Germany,Defender,27,84,86,3,73.0,51.0,68.0,62.0,85.0,85.0,3,3,45000000.0,N. Süle (Borussia Dortmund)
Álex Remiro,Real Sociedad,Spain,Goalkeeper,28,84,86,2,0.0,0.0,0.0,0.0,0.0,0.0,4,1,36000000.0,Álex Remiro (Real Sociedad)
Gabriel,Arsenal,Brazil,Defender,25,84,86,2,70.0,41.0,62.0,60.0,85.0,82.0,2,2,47000000.0,Gabriel (Arsenal)
A. Hakimi,Paris Saint Germain,Morocco,Defender,24,84,86,3,92.0,75.0,80.0,80.0,75.0,78.0,4,4,50500000.0,A. Hakimi (Paris Saint Germain)
Kim Min Jae,FC Bayern München,Korea Republic,Defender,26,84,86,2,80.0,33.0,58.0,64.0,85.0,84.0,3,2,46000000.0,Kim Min Jae (FC Bayern München)
R. James,Chelsea,England,Defender,23,84,86,2,80.0,72.0,83.0,82.0,82.0,81.0,3,3,50500000.0,R. James (Chelsea)
J. Brandt,Borussia Dortmund,Germany,Midfielder,27,84,85,3,71.0,80.0,84.0,86.0,51.0,70.0,4,4,48500000.0,J. Brandt (Borussia Dortmund)
P. Højbjerg,Tottenham Hotspur,Denmark,Midfielder,27,84,85,2,55.0,73.0,78.0,78.0,81.0,82.0,4,3,43000000.0,P. Højbjerg (Tottenham Hotspur)
J. Maddison,Tottenham Hotspur,England,Midfielder,26,84,85,2,71.0,81.0,86.0,86.0,54.0,63.0,4,4,49500000.0,J. Maddison (Tottenham Hotspur)
L. Hernández,Paris Saint Germain,France,Defender,27,84,85,3,76.0,54.0,70.0,70.0,84.0,78.0,2,2,42500000.0,L. Hernández (Paris Saint Germain)
Mikel Merino,Real Sociedad,Spain,Midfielder,27,84,85,2,72.0,78.0,82.0,82.0,83.0,82.0,3,3,48000000.0,Mikel Merino (Real Sociedad)
Gabriel Jesus,Arsenal,Brazil,Forward,26,84,85,2,83.0,82.0,75.0,88.0,40.0,77.0,3,4,50500000.0,Gabriel Jesus (Arsenal)
Raphinha,FC Barcelona,Brazil,Forward,26,84,85,3,91.0,79.0,78.0,86.0,53.0,73.0,4,4,49500000.0,Raphinha (FC Barcelona)
F. Chiesa,Juventus,Italy,Midfielder,25,84,85,3,91.0,82.0,76.0,86.0,53.0,75.0,4,4,50500000.0,F. Chiesa (Juventus)
L. Díaz,Liverpool,Colombia,Forward,26,84,85,2,91.0,81.0,75.0,87.0,34.0,74.0,4,4,49500000.0,L. Díaz (Liverpool)
Thiago Silva,Chelsea,Brazil,Defender,38,84,84,4,51.0,54.0,74.0,72.0,87.0,74.0,3,2,7500000.0,Thiago Silva (Chelsea)
Y. Sommer,Inter,Switzerland,Goalkeeper,34,84,84,3,0.0,0.0,0.0,0.0,0.0,0.0,4,1,7000000.0,Y. Sommer (Inter)
P. Gulácsi,RB Leipzig,Hungary,Goalkeeper,33,84,84,3,0.0,0.0,0.0,0.0,0.0,0.0,2,1,13500000.0,P. Gulácsi (RB Leipzig)
K. Walker,Manchester City,England,Defender,33,84,84,3,90.0,63.0,77.0,78.0,79.0,81.0,2,3,22000000.0,K. Walker (Manchester City)
Thiago,Liverpool,Spain,Midfielder,32,84,84,3,61.0,72.0,86.0,89.0,71.0,67.0,3,5,33000000.0,Thiago (Liverpool)
T. Müller,FC Bayern München,Germany,Midfielder,33,84,84,4,59.0,82.0,83.0,79.0,55.0,69.0,4,3,26500000.0,T. Müller (FC Bayern München)
C. Smalling,Roma,England,Defender,33,84,84,3,62.0,47.0,58.0,62.0,87.0,82.0,3,2,20000000.0,C. Smalling (Roma)
R. Lukaku,Roma,Belgium,Forward,30,84,84,4,80.0,84.0,74.0,77.0,38.0,82.0,4,3,41500000.0,R. Lukaku (Roma)
K. Casteels,VfL Wolfsburg,Belgium,Goalkeeper,31,84,84,3,0.0,0.0,0.0,0.0,0.0,0.0,2,1,22500000.0,K. Casteels (VfL Wolfsburg)
Koke,Atlético Madrid,Spain,Midfielder,31,84,84,3,69.0,72.0,85.0,79.0,79.0,78.0,4,3,29500000.0,Koke (Atlético Madrid)
Luis Alberto,Lazio,Spain,Midfielder,30,84,84,2,69.0,77.0,85.0,84.0,62.0,58.0,3,4,40500000.0,Luis Alberto (Lazio)
M. Depay,Atlético Madrid,Netherlands,Forward,29,84,84,4,82.0,82.0,81.0,85.0,30.0,80.0,3,5,42000000.0,M. Depay (Atlético Madrid)
N. Pope,Newcastle United,England,Goalkeeper,31,84,84,2,0.0,0.0,0.0,0.0,0.0,0.0,3,1,22500000.0,N. Pope (Newcastle United)
S. Gnabry,FC Bayern München,Germany,Midfielder,27,84,84,3,81.0,84.0,78.0,84.0,43.0,68.0,4,4,45000000.0,S. Gnabry (FC Bayern München)
M. Ginter,SC Freiburg,Germany,Defender,29,84,84,3,60.0,59.0,71.0,66.0,85.0,80.0,3,2,35500000.0,M. Ginter (SC Freiburg)
A. Rabiot,Juventus,France,Midfielder,28,84,84,2,78.0,76.0,80.0,80.0,82.0,84.0,3,3,42000000.0,A. Rabiot (Juventus)
Grimaldo,Bayer 04 Leverkusen,Spain,Defender,27,84,84,3,87.0,69.0,83.0,84.0,76.0,72.0,2,3,40500000.0,Grimaldo (Bayer 04 Leverkusen)
R. De Paul,Atlético Madrid,Argentina,Midfielder,29,84,84,3,78.0,77.0,83.0,82.0,75.0,83.0,3,4,41000000.0,R. De Paul (Atlético Madrid)
S. Lobotka,Napoli,Slovakia,Midfielder,28,84,84,2,71.0,70.0,81.0,83.0,77.0,75.0,4,3,42000000.0,S. Lobotka (Napoli)
L. Sané,FC Bayern München,Germany,Midfielder,27,84,84,3,91.0,81.0,80.0,85.0,38.0,68.0,2,4,45000000.0,L. Sané (FC Bayern München)
Marcos Llorente,Atlético Madrid,Spain,Midfielder,28,84,84,3,89.0,78.0,79.0,80.0,78.0,81.0,4,3,42500000.0,Marcos Llorente (Atlético Madrid)
M. Škriniar,Paris Saint Germain,Slovakia,Defender,28,84,84,3,78.0,41.0,57.0,67.0,86.0,83.0,3,2,36500000.0,M. Škriniar (Paris Saint Germain)
Gavi,FC Barcelona,Spain,Midfielder,18,83,90,3,76.0,66.0,78.0,85.0,68.0,70.0,3,3,68500000.0,Gavi (FC Barcelona)
W. Saliba,Arsenal,France,Defender,22,83,89,2,82.0,39.0,69.0,73.0,84.0,82.0,3,2,53000000.0,W. Saliba (Arsenal)
E. Fernández,Chelsea,Argentina,Midfielder,22,83,89,3,73.0,73.0,81.0,80.0,75.0,79.0,4,3,58000000.0,E. Fernández (Chelsea)
A. Davies,FC Bayern München,Canada,Defender,22,83,88,3,95.0,66.0,78.0,84.0,74.0,77.0,4,4,52000000.0,A. Davies (FC Bayern München)
C. Gakpo,Liverpool,Netherlands,Forward,24,83,88,2,85.0,82.0,78.0,84.0,42.0,73.0,4,4,55500000.0,C. Gakpo (Liverpool)
D. Vlahović,Juventus,Serbia,Forward,23,83,88,2,80.0,85.0,66.0,79.0,29.0,82.0,3,3,55500000.0,D. Vlahović (Juventus)
N. Schlotterbeck,Borussia Dortmund,Germany,Defender,23,83,88,3,78.0,58.0,67.0,73.0,85.0,82.0,2,3,49500000.0,N. Schlotterbeck (Borussia Dortmund)
J. Frimpong,Bayer 04 Leverkusen,Netherlands,Defender,22,83,88,2,94.0,56.0,75.0,84.0,74.0,70.0,3,3,52000000.0,J. Frimpong (Bayer 04 Leverkusen)
Dani Olmo,RB Leipzig,Spain,Midfielder,25,83,87,3,68.0,76.0,82.0,86.0,50.0,59.0,4,4,50500000.0,Dani Olmo (RB Leipzig)
S. Botman,Newcastle United,Netherlands,Defender,23,83,87,2,65.0,37.0,63.0,66.0,84.0,84.0,3,2,47000000.0,S. Botman (Newcastle United)
Unai Simón,Athletic Club,Spain,Goalkeeper,26,83,86,3,0.0,0.0,0.0,0.0,0.0,0.0,3,1,36500000.0,Unai Simón (Athletic Club)
Pau Torres,Aston Villa,Spain,Defender,26,83,86,3,72.0,38.0,68.0,70.0,84.0,81.0,3,2,42000000.0,Pau Torres (Aston Villa)
A. Christensen,FC Barcelona,Denmark,Defender,27,83,85,2,67.0,32.0,68.0,71.0,85.0,76.0,3,2,38500000.0,A. Christensen (FC Barcelona)
J. Giménez,Atlético Madrid,Uruguay,Defender,28,83,85,2,71.0,46.0,58.0,61.0,85.0,82.0,3,2,36500000.0,J. Giménez (Atlético Madrid)
A. Meret,Napoli,Italy,Goalkeeper,26,83,85,2,0.0,0.0,0.0,0.0,0.0,0.0,3,1,34000000.0,A. Meret (Napoli)
G. Mancini,Roma,Italy,Defender,27,83,85,2,67.0,45.0,54.0,62.0,83.0,86.0,3,2,38500000.0,G. Mancini (Roma)
K. Laimer,FC Bayern München,Austria,Midfielder,26,83,84,3,80.0,69.0,77.0,78.0,81.0,79.0,3,3,38000000.0,K. Laimer (FC Bayern München)
G. Rodríguez,Real Betis,Argentina,Midfielder,28,83,84,2,51.0,58.0,72.0,70.0,85.0,80.0,4,2,35000000.0,G. Rodríguez (Real Betis)
B. Pavard,Inter,France,Defender,27,83,84,3,70.0,62.0,73.0,72.0,85.0,78.0,3,3,36500000.0,B. Pavard (Inter)
A. Zambo Anguissa,Napoli,Cameroon,Midfielder,27,83,84,1,78.0,68.0,72.0,81.0,81.0,86.0,3,3,37000000.0,A. Zambo Anguissa (Napoli)
L. Pellegrini,Roma,Italy,Midfielder,27,83,84,2,79.0,76.0,83.0,83.0,74.0,78.0,4,3,42000000.0,L. Pellegrini (Roma)
Palhinha,Fulham,Portugal,Midfielder,27,83,84,2,62.0,67.0,71.0,76.0,84.0,89.0,4,2,37000000.0,Palhinha (Fulham)
Oyarzabal,Real Sociedad,Spain,Midfielder,26,83,84,3,77.0,83.0,80.0,83.0,41.0,62.0,3,3,43000000.0,Oyarzabal (Real Sociedad)
P. Schick,Bayer 04 Leverkusen,Czech Republic,Forward,27,83,84,3,79.0,80.0,71.0,81.0,37.0,76.0,3,4,42500000.0,P. Schick (Bayer 04 Leverkusen)
Sergio Ramos,Sevilla,Spain,Defender,37,83,83,4,57.0,69.0,73.0,70.0,83.0,76.0,3,3,6500000.0,Sergio Ramos (Sevilla)
H. Lloris,Tottenham Hotspur,France,Goalkeeper,36,83,83,4,0.0,0.0,0.0,0.0,0.0,0.0,1,1,4000000.0,H. Lloris (Tottenham Hotspur)
M. Hummels,Borussia Dortmund,Germany,Defender,34,83,83,3,53.0,58.0,76.0,70.0,86.0,78.0,3,2,12000000.0,M. Hummels (Borussia Dortmund)
M. Reus,Borussia Dortmund,Germany,Midfielder,34,83,83,3,65.0,83.0,83.0,85.0,53.0,63.0,4,4,17000000.0,M. Reus (Borussia Dortmund)
C. Eriksen,Manchester United,Denmark,Midfielder,31,83,83,3,59.0,77.0,89.0,81.0,51.0,53.0,5,4,30000000.0,C. Eriksen (Manchester United)
A. Lacazette,Olympique Lyonnais,France,Forward,32,83,83,3,72.0,84.0,77.0,83.0,44.0,77.0,4,4,29500000.0,A. Lacazette (Olympique Lyonnais)
W. Ben Yedder,Monaco,France,Forward,32,83,83,3,80.0,84.0,78.0,87.0,39.0,68.0,5,4,29500000.0,W. Ben Yedder (Monaco)
F. Acerbi,Inter,Italy,Defender,35,83,83,3,60.0,50.0,64.0,64.0,86.0,80.0,3,3,9500000.0,F. Acerbi (Inter)
Nacho Fernández,Real Madrid,Spain,Defender,33,83,83,2,75.0,37.0,69.0,71.0,82.0,80.0,4,2,17500000.0,Nacho Fernández (Real Madrid)
Morata,Atlético Madrid,Spain,Forward,30,83,83,3,82.0,82.0,72.0,79.0,31.0,79.0,4,3,35500000.0,Morata (Atlético Madrid)
Sergi Darder,Mallorca,Spain,Midfielder,29,83,83,2,81.0,76.0,82.0,83.0,74.0,77.0,3,3,35500000.0,Sergi Darder (Mallorca)
R. Sterling,Chelsea,England,Forward,28,83,83,4,85.0,78.0,76.0,85.0,45.0,67.0,3,4,36500000.0,R. Sterling (Chelsea)
W. Orban,RB Leipzig,Hungary,Defender,30,83,83,3,58.0,36.0,56.0,56.0,85.0,81.0,3,2,30000000.0,W. Orban (RB Leipzig)
Jorginho,Arsenal,Italy,Midfielder,31,83,83,2,53.0,67.0,84.0,81.0,74.0,73.0,3,3,25500000.0,Jorginho (Arsenal)
S. Haller,Borussia Dortmund,Côte d'Ivoire,Forward,29,83,83,3,62.0,81.0,63.0,76.0,52.0,81.0,3,3,36500000.0,S. Haller (Borussia Dortmund)
L. Shaw,Manchester United,England,Defender,27,83,83,2,76.0,57.0,82.0,79.0,81.0,78.0,2,3,35000000.0,L. Shaw (Manchester United)
Gerard Moreno,Villarreal,Spain,Forward,31,83,83,3,77.0,85.0,77.0,81.0,46.0,72.0,4,3,30500000.0,Gerard Moreno (Villarreal)
E. Can,Borussia Dortmund,Germany,Midfielder,29,83,83,3,79.0,78.0,77.0,79.0,82.0,87.0,4,3,31000000.0,E. Can (Borussia Dortmund)
F. Kostić,Juventus,Serbia,Midfielder,30,83,83,3,85.0,76.0,82.0,82.0,70.0,80.0,2,3,35000000.0,F. Kostić (Juventus)
J. Hofmann,Bayer 04 Leverkusen,Germany,Midfielder,30,83,83,3,76.0,79.0,83.0,81.0,64.0,73.0,4,3,35000000.0,J. Hofmann (Bayer 04 Leverkusen)
P. Zieliński,Napoli,Poland,Midfielder,29,83,83,3,81.0,77.0,81.0,86.0,71.0,63.0,5,4,35500000.0,P. Zieliński (Napoli)
A. Romagnoli,Lazio,Italy,Defender,28,83,83,2,69.0,40.0,56.0,69.0,85.0,80.0,3,2,31500000.0,A. Romagnoli (Lazio)
N. Fekir,Real Betis,France,Midfielder,29,83,83,3,82.0,81.0,81.0,86.0,39.0,80.0,4,4,35500000.0,N. Fekir (Real Betis)
Marco Asensio,Paris Saint Germain,Spain,Forward,27,83,83,3,81.0,81.0,81.0,83.0,43.0,63.0,3,4,38500000.0,Marco Asensio (Paris Saint Germain)
Borja Iglesias,Real Betis,Spain,Forward,30,83,83,2,69.0,84.0,66.0,76.0,40.0,82.0,3,3,35500000.0,Borja Iglesias (Real Betis)
Ronaldo Cabrais,Palmeiras,Brazil,Midfielder,31,83,83,1,88.0,77.0,83.0,84.0,35.0,72.0,4,4,30000000.0,Ronaldo Cabrais (Palmeiras)
E. Camavinga,Real Madrid,France,Midfielder,20,82,89,3,79.0,66.0,80.0,82.0,76.0,80.0,3,4,56500000.0,E. Camavinga (Real Madrid)
Ferran Torres,FC Barcelona,Spain,Forward,23,82,88,3,83.0,79.0,78.0,83.0,35.0,68.0,4,4,48000000.0,Ferran Torres (FC Barcelona)
J. Gvardiol,Manchester City,Croatia,Defender,21,82,88,3,78.0,54.0,69.0,74.0,82.0,83.0,4,3,44500000.0,J. Gvardiol (Manchester City)
D. Núñez,Liverpool,Uruguay,Forward,24,82,88,3,90.0,81.0,71.0,76.0,43.0,85.0,3,3,48500000.0,D. Núñez (Liverpool)
R. Le Normand,Real Sociedad,Spain,Defender,26,82,87,1,62.0,26.0,54.0,59.0,84.0,79.0,3,2,40000000.0,R. Le Normand (Real Sociedad)
K. Havertz,Arsenal,Germany,Midfielder,24,82,87,3,78.0,79.0,79.0,83.0,45.0,68.0,4,4,46000000.0,K. Havertz (Arsenal)
Nuno Mendes,Paris Saint Germain,Portugal,Defender,21,82,87,2,89.0,58.0,75.0,80.0,77.0,76.0,4,3,43500000.0,Nuno Mendes (Paris Saint Germain)
M. Locatelli,Juventus,Italy,Midfielder,25,82,86,2,67.0,70.0,80.0,78.0,79.0,80.0,4,3,38500000.0,M. Locatelli (Juventus)
D. Upamecano,FC Bayern München,France,Defender,24,82,86,3,83.0,45.0,63.0,72.0,81.0,83.0,3,3,39500000.0,D. Upamecano (FC Bayern München)
C. Romero,Tottenham Hotspur,Argentina,Defender,25,82,86,3,70.0,46.0,59.0,66.0,84.0,80.0,2,3,38000000.0,C. Romero (Tottenham Hotspur)
J. Sancho,Manchester United,England,Forward,23,82,86,3,78.0,70.0,80.0,87.0,33.0,47.0,3,5,43500000.0,J. Sancho (Manchester United)
N. Molina,Atlético Madrid,Argentina,Defender,25,82,86,1,85.0,67.0,76.0,79.0,78.0,71.0,3,3,39500000.0,N. Molina (Atlético Madrid)
D. Szoboszlai,Liverpool,Hungary,Midfielder,22,82,86,2,83.0,82.0,84.0,82.0,34.0,64.0,4,4,44500000.0,D. Szoboszlai (Liverpool)
L. Openda,RB Leipzig,Belgium,Forward,23,82,86,2,93.0,79.0,68.0,80.0,31.0,78.0,4,3,44000000.0,L. Openda (RB Leipzig)
F. Dimarco,Inter,Italy,Defender,25,82,85,2,79.0,71.0,80.0,79.0,74.0,71.0,2,3,37000000.0,F. Dimarco (Inter)
R. Bentancur,Tottenham Hotspur,Uruguay,Midfielder,26,82,85,2,70.0,67.0,81.0,83.0,79.0,77.0,4,4,39500000.0,R. Bentancur (Tottenham Hotspur)
N. Mazraoui,FC Bayern München,Morocco,Defender,25,82,85,2,79.0,66.0,77.0,83.0,77.0,74.0,3,3,37000000.0,N. Mazraoui (FC Bayern München)
G. Vicario,Tottenham Hotspur,Italy,Goalkeeper,26,82,85,2,0.0,0.0,0.0,0.0,0.0,0.0,1,1,30500000.0,G. Vicario (Tottenham Hotspur)
V. Tsygankov,Girona,Ukraine,Midfielder,25,82,85,2,85.0,78.0,79.0,81.0,46.0,61.0,4,4,40500000.0,V. Tsygankov (Girona)
B. Dia,Salernitana,Senegal,Forward,26,82,85,1,82.0,81.0,62.0,81.0,27.0,77.0,3,3,40500000.0,B. Dia (Salernitana)
J. Pickford,Everton,England,Goalkeeper,29,82,84,3,0.0,0.0,0.0,0.0,0.0,0.0,4,1,25000000.0,J. Pickford (Everton)
Y. Tielemans,Aston Villa,Belgium,Midfielder,26,82,84,2,50.0,79.0,85.0,79.0,69.0,69.0,5,4,37500000.0,Y. Tielemans (Aston Villa)
E. Ünal,Getafe,Turkey,Forward,26,82,84,2,72.0,84.0,70.0,82.0,40.0,80.0,4,3,38000000.0,E. Ünal (Getafe)
P. Kimpembe,Paris Saint Germain,France,Defender,27,82,84,3,79.0,43.0,68.0,69.0,81.0,86.0,3,2,32500000.0,P. Kimpembe (Paris Saint Germain)
D. Malen,Borussia Dortmund,Netherlands,Midfielder,24,82,84,2,89.0,80.0,73.0,85.0,35.0,73.0,4,4,39500000.0,D. Malen (Borussia Dortmund)
A. Mac Allister,Liverpool,Argentina,Midfielder,24,82,84,3,70.0,79.0,82.0,82.0,70.0,72.0,3,3,39500000.0,A. Mac Allister (Liverpool)
T. Werner,RB Leipzig,Germany,Forward,27,82,83,3,91.0,80.0,70.0,82.0,35.0,69.0,4,3,35500000.0,T. Werner (RB Leipzig)
T. Lemar,Atlético Madrid,France,Midfielder,27,82,83,3,82.0,78.0,83.0,86.0,67.0,65.0,3,4,35000000.0,T. Lemar (Atlético Madrid)
Joelinton,Newcastle United,Brazil,Midfielder,26,82,83,2,78.0,71.0,76.0,82.0,81.0,88.0,3,3,35500000.0,Joelinton (Newcastle United)
David García,Osasuna,Spain,Defender,29,82,83,2,59.0,37.0,66.0,65.0,83.0,77.0,3,2,28000000.0,David García (Osasuna)
M. Akanji,Manchester City,Switzerland,Defender,27,82,83,2,77.0,48.0,70.0,72.0,83.0,78.0,4,2,30500000.0,M. Akanji (Manchester City)
Mario Hermoso,Atlético Madrid,Spain,Defender,28,82,83,1,75.0,49.0,74.0,71.0,82.0,79.0,3,2,29000000.0,Mario Hermoso (Atlético Madrid)
Y. En-Nesyri,Sevilla,Morocco,Forward,26,82,83,3,81.0,82.0,63.0,76.0,36.0,79.0,3,3,36500000.0,Y. En-Nesyri (Sevilla)
Joselu,Real Madrid,Spain,Forward,33,82,82,3,63.0,84.0,69.0,74.0,33.0,77.0,3,3,19500000.0,Joselu (Real Madrid)
O. Giroud,Milan,France,Forward,36,82,82,3,43.0,83.0,74.0,74.0,42.0,80.0,3,3,10500000.0,O. Giroud (Milan)
Fernando,Sevilla,Brazil,Midfielder,35,82,82,2,63.0,62.0,74.0,73.0,82.0,81.0,3,3,8500000.0,Fernando (Sevilla)
M. Götze,Eintracht Frankfurt,Germany,Midfielder,31,82,82,4,63.0,75.0,83.0,85.0,55.0,71.0,4,4,25000000.0,M. Götze (Eintracht Frankfurt)
C. Wilson,Newcastle United,England,Forward,31,82,82,2,80.0,82.0,67.0,79.0,42.0,76.0,3,3,25500000.0,C. Wilson (Newcastle United)
S. de Vrij,Inter,Netherlands,Defender,31,82,82,3,64.0,41.0,64.0,69.0,84.0,76.0,3,2,21000000.0,S. de Vrij (Inter)
A. Lopes,Olympique Lyonnais,Portugal,Goalkeeper,32,82,82,3,0.0,0.0,0.0,0.0,0.0,0.0,2,1,15000000.0,A. Lopes (Olympique Lyonnais)
G. Xhaka,Bayer 04 Leverkusen,Switzerland,Midfielder,30,82,82,3,49.0,74.0,82.0,73.0,75.0,82.0,3,3,29000000.0,G. Xhaka (Bayer 04 Leverkusen)
Iñigo Martínez,FC Barcelona,Spain,Defender,32,82,82,2,71.0,56.0,67.0,61.0,82.0,80.0,3,2,20000000.0,Iñigo Martínez (FC Barcelona)
S. Savić,Atlético Madrid,Montenegro,Defender,32,82,82,2,64.0,35.0,57.0,57.0,85.0,80.0,3,2,20000000.0,S. Savić (Atlético Madrid)
Carvajal,Real Madrid,Spain,Defender,31,82,82,3,82.0,54.0,76.0,79.0,77.0,79.0,3,3,22000000.0,Carvajal (Real Madrid)
M. Kovačić,Manchester City,Croatia,Midfielder,29,82,82,3,69.0,69.0,82.0,87.0,71.0,70.0,4,4,29500000.0,M. Kovačić (Manchester City)
R. Guerreiro,FC Bayern München,Portugal,Defender,29,82,82,3,65.0,78.0,85.0,88.0,76.0,55.0,2,4,27000000.0,R. Guerreiro (FC Bayern München)
F. Schär,Newcastle United,Switzerland,Defender,31,82,82,2,54.0,68.0,75.0,73.0,84.0,77.0,3,2,21000000.0,F. Schär (Newcastle United)
Gayà,Valencia,Spain,Defender,28,82,82,3,81.0,61.0,77.0,79.0,78.0,74.0,3,4,27500000.0,Gayà (Valencia)
M. Flekken,Brentford,Netherlands,Goalkeeper,30,82,82,1,0.0,0.0,0.0,0.0,0.0,0.0,4,1,20500000.0,M. Flekken (Brentford)
V. Grifo,SC Freiburg,Italy,Midfielder,30,82,82,2,71.0,80.0,83.0,81.0,40.0,64.0,2,4,29500000.0,V. Grifo (SC Freiburg)
R. Andrich,Bayer 04 Leverkusen,Germany,Midfielder,28,82,82,2,57.0,76.0,76.0,73.0,81.0,85.0,4,3,27000000.0,R. Andrich (Bayer 04 Leverkusen)
Á. Correa,Atlético Madrid,Argentina,Forward,28,82,82,2,85.0,84.0,77.0,86.0,50.0,75.0,4,4,31000000.0,Á. Correa (Atlético Madrid)
J. Ledesma,Cádiz,Argentina,Goalkeeper,30,82,82,2,0.0,0.0,0.0,0.0,0.0,0.0,2,1,20500000.0,J. Ledesma (Cádiz)
M. Zaccagni,Lazio,Italy,Forward,28,82,82,1,87.0,77.0,74.0,88.0,57.0,67.0,4,4,30500000.0,M. Zaccagni (Lazio)
I. Provedel,Lazio,Italy,Goalkeeper,29,82,82,1,0.0,0.0,0.0,0.0,0.0,0.0,2,1,21000000.0,I. Provedel (Lazio)
F. Mendy,Real Madrid,France,Defender,28,82,82,1,92.0,64.0,76.0,77.0,77.0,86.0,5,4,27500000.0,F. Mendy (Real Madrid)
Lucas Mantela,Palmeiras,Brazil,Goalkeeper,23,82,82,1,0.0,0.0,0.0,0.0,0.0,0.0,3,1,26000000.0,Lucas Mantela (Palmeiras)
Josué Chiamulera,Athletico Paranaense,Brazil,Defender,31,82,82,1,78.0,43.0,56.0,64.0,84.0,79.0,3,2,21000000.0,Josué Chiamulera (Athletico Paranaense)
Javi Galán,Atlético Madrid,Spain,Defender,28,82,82,1,81.0,56.0,77.0,83.0,79.0,72.0,2,4,27500000.0,Javi Galán (Atlético Madrid)
Isi Palazón,Rayo Vallecano,Spain,Midfielder,28,82,82,2,84.0,79.0,79.0,82.0,39.0,64.0,3,3,30500000.0,Isi Palazón (Rayo Vallecano)
Balde,FC Barcelona,Spain,Defender,19,81,89,2,91.0,48.0,73.0,78.0,75.0,64.0,4,3,53000000.0,Balde (FC Barcelona)
I. Konaté,Liverpool,France,Defender,24,81,87,2,77.0,34.0,57.0,68.0,82.0,82.0,2,3,37000000.0,I. Konaté (Liverpool)
João Félix,FC Barcelona,Portugal,Forward,23,81,87,3,81.0,79.0,78.0,85.0,40.0,67.0,4,5,41000000.0,João Félix (FC Barcelona)
Sancet,Athletic Club,Spain,Midfielder,23,81,87,1,73.0,77.0,77.0,82.0,61.0,73.0,4,4,40500000.0,Sancet (Athletic Club)
Antony,Manchester United,Brazil,Forward,23,81,87,3,83.0,76.0,74.0,87.0,46.0,73.0,2,5,40500000.0,Antony (Manchester United)
A. Isak,Newcastle United,Sweden,Forward,23,81,86,2,83.0,81.0,72.0,84.0,39.0,72.0,5,4,39500000.0,A. Isak (Newcastle United)
S. Chukwueze,Milan,Nigeria,Forward,24,81,86,1,89.0,75.0,74.0,84.0,36.0,63.0,2,4,39000000.0,S. Chukwueze (Milan)
M. Ugarte,Paris Saint Germain,Uruguay,Midfielder,22,81,86,1,72.0,64.0,73.0,77.0,77.0,80.0,3,3,36500000.0,M. Ugarte (Paris Saint Germain)
E. Tapsoba,Bayer 04 Leverkusen,Burkina Faso,Defender,24,81,85,2,75.0,54.0,65.0,70.0,82.0,79.0,3,2,33000000.0,E. Tapsoba (Bayer 04 Leverkusen)
D. Kulusevski,Tottenham Hotspur,Sweden,Forward,23,81,85,2,76.0,77.0,80.0,84.0,56.0,75.0,3,4,37000000.0,D. Kulusevski (Tottenham Hotspur)
D. Calabria,Milan,Italy,Defender,26,81,84,2,79.0,57.0,71.0,77.0,79.0,73.0,3,3,31000000.0,D. Calabria (Milan)
B. Chilwell,Chelsea,England,Defender,26,81,84,2,74.0,60.0,78.0,78.0,77.0,73.0,3,3,31000000.0,B. Chilwell (Chelsea)
M. Mount,Manchester United,England,Midfielder,24,81,84,3,72.0,79.0,82.0,80.0,56.0,67.0,4,3,35000000.0,M. Mount (Manchester United)
X. Schlager,RB Leipzig,Austria,Midfielder,25,81,84,2,74.0,70.0,74.0,78.0,75.0,80.0,3,3,31000000.0,X. Schlager (RB Leipzig)
Lucas Paquetá,West Ham United,Brazil,Midfielder,25,81,84,2,72.0,77.0,79.0,84.0,69.0,76.0,4,5,34000000.0,Lucas Paquetá (West Ham United)
I. Sangaré,Nottingham Forest,Côte d'Ivoire,Midfielder,25,81,84,3,66.0,66.0,74.0,75.0,81.0,86.0,4,3,31000000.0,I. Sangaré (Nottingham Forest)
E. Álvarez,West Ham United,Mexico,Midfielder,25,81,84,3,68.0,58.0,68.0,70.0,82.0,87.0,3,2,31000000.0,E. Álvarez (West Ham United)
N. González,Fiorentina,Argentina,Forward,25,81,84,2,87.0,76.0,73.0,83.0,45.0,64.0,2,4,34000000.0,N. González (Fiorentina)
Pedro Porro,Tottenham Hotspur,Spain,Defender,23,81,84,2,82.0,73.0,77.0,81.0,74.0,77.0,3,3,32500000.0,Pedro Porro (Tottenham Hotspur)
J. David,Lille,Canada,Forward,23,81,84,3,82.0,81.0,71.0,78.0,34.0,75.0,5,3,35500000.0,J. David (Lille)
B. Samba,Lens,France,Goalkeeper,29,81,83,1,0.0,0.0,0.0,0.0,0.0,0.0,3,1,21500000.0,B. Samba (Lens)
Kepa,Real Madrid,Spain,Goalkeeper,28,81,83,2,0.0,0.0,0.0,0.0,0.0,0.0,4,1,22000000.0,Kepa (Real Madrid)
O. Vlachodimos,Nottingham Forest,Greece,Goalkeeper,29,81,83,1,0.0,0.0,0.0,0.0,0.0,0.0,3,1,21500000.0,O. Vlachodimos (Nottingham Forest)
A. Lookman,Atalanta,Nigeria,Forward,25,81,83,1,86.0,81.0,69.0,85.0,30.0,67.0,4,4,33000000.0,A. Lookman (Atalanta)
Beto,Everton,Portugal,Forward,25,81,83,1,86.0,79.0,59.0,75.0,25.0,84.0,3,3,33000000.0,Beto (Everton)
B. Cristante,Roma,Italy,Midfielder,28,81,82,2,53.0,73.0,78.0,75.0,78.0,82.0,4,3,25000000.0,B. Cristante (Roma)
N. Aké,Manchester City,Netherlands,Defender,28,81,82,3,75.0,53.0,72.0,74.0,82.0,77.0,3,2,24500000.0,N. Aké (Manchester City)
J. Tah,Bayer 04 Leverkusen,Germany,Defender,27,81,82,2,67.0,37.0,59.0,61.0,81.0,85.0,4,2,26000000.0,J. Tah (Bayer 04 Leverkusen)
E. Skhiri,Eintracht Frankfurt,Tunisia,Midfielder,28,81,82,2,63.0,73.0,74.0,76.0,80.0,76.0,3,3,25000000.0,E. Skhiri (Eintracht Frankfurt)
G. Lo Celso,Tottenham Hotspur,Argentina,Midfielder,27,81,82,2,70.0,75.0,83.0,84.0,68.0,73.0,3,4,29500000.0,G. Lo Celso (Tottenham Hotspur)
Yeray,Athletic Club,Spain,Defender,28,81,82,2,64.0,49.0,68.0,65.0,83.0,76.0,3,2,24500000.0,Yeray (Athletic Club)
D. Kamada,Lazio,Japan,Midfielder,26,81,82,2,79.0,73.0,80.0,83.0,54.0,64.0,4,3,30500000.0,D. Kamada (Lazio)
D. Dumfries,Inter,Netherlands,Defender,27,81,82,3,83.0,63.0,70.0,73.0,78.0,89.0,3,2,27000000.0,D. Dumfries (Inter)
Brais Méndez,Real Sociedad,Spain,Midfielder,26,81,82,2,71.0,80.0,82.0,81.0,65.0,73.0,3,4,30000000.0,Brais Méndez (Real Sociedad)
A. Danjuma,Everton,Netherlands,Forward,26,81,82,1,86.0,81.0,76.0,83.0,44.0,67.0,4,4,31000000.0,A. Danjuma (Everton)
M. Terrier,Rennes,France,Midfielder,26,81,82,2,84.0,82.0,75.0,79.0,36.0,72.0,3,3,30500000.0,M. Terrier (Rennes)
G. Ochoa,Salernitana,Mexico,Goalkeeper,37,81,81,1,0.0,0.0,0.0,0.0,0.0,0.0,3,1,2900000.0,G. Ochoa (Salernitana)
Raúl Albiol,Villarreal,Spain,Defender,37,81,81,3,36.0,41.0,62.0,63.0,85.0,68.0,3,2,4600000.0,Raúl Albiol (Villarreal)
I. Rakitić,Sevilla,Croatia,Midfielder,35,81,81,3,50.0,79.0,84.0,78.0,74.0,70.0,4,3,10500000.0,I. Rakitić (Sevilla)
Rui Patrício,Roma,Portugal,Goalkeeper,35,81,81,3,0.0,0.0,0.0,0.0,0.0,0.0,2,1,2900000.0,Rui Patrício (Roma)
E. Capoue,Villarreal,France,Midfielder,34,81,81,2,50.0,75.0,78.0,75.0,79.0,78.0,3,3,12000000.0,E. Capoue (Villarreal)
S. Kjær,Milan,Denmark,Defender,34,81,81,3,59.0,54.0,64.0,60.0,83.0,76.0,3,2,8500000.0,S. Kjær (Milan)
A. Sánchez,Inter,Chile,Forward,34,81,81,4,71.0,83.0,80.0,85.0,48.0,66.0,4,4,12500000.0,A. Sánchez (Inter)
Muniain,Athletic Club,Spain,Midfielder,30,81,81,2,80.0,74.0,81.0,85.0,51.0,60.0,3,4,25000000.0,Muniain (Athletic Club)
L. Hrádecký,Bayer 04 Leverkusen,Finland,Goalkeeper,33,81,81,3,0.0,0.0,0.0,0.0,0.0,0.0,3,1,8500000.0,L. Hrádecký (Bayer 04 Leverkusen)
N. Matić,Rennes,Serbia,Midfielder,34,81,81,3,34.0,67.0,77.0,77.0,79.0,78.0,3,3,9000000.0,N. Matić (Rennes)
B. Leno,Fulham,Germany,Goalkeeper,31,81,81,3,0.0,0.0,0.0,0.0,0.0,0.0,3,1,13500000.0,B. Leno (Fulham)
H. Mkhitaryan,Inter,Armenia,Midfielder,34,81,81,3,78.0,79.0,79.0,83.0,56.0,72.0,5,4,12000000.0,H. Mkhitaryan (Inter)
Danilo,Juventus,Brazil,Defender,31,81,81,2,73.0,67.0,74.0,74.0,83.0,78.0,4,3,17500000.0,Danilo (Juventus)
L. Dunk,Brighton & Hove Albion,England,Defender,31,81,81,2,45.0,51.0,66.0,66.0,82.0,80.0,3,2,17500000.0,L. Dunk (Brighton & Hove Albion)
Danilo Pereira,Paris Saint Germain,Portugal,Midfielder,31,81,81,3,50.0,63.0,70.0,71.0,80.0,86.0,3,3,18000000.0,Danilo Pereira (Paris Saint Germain)
G. Kondogbia,Olympique de Marseille,Central African Republic,Midfielder,30,81,81,2,69.0,75.0,76.0,76.0,81.0,89.0,3,3,24500000.0,G. Kondogbia (Olympique de Marseille)
Felipe Anderson,Lazio,Brazil,Forward,30,81,81,3,87.0,78.0,77.0,85.0,63.0,73.0,4,4,25000000.0,Felipe Anderson (Lazio)
Mário Rui,Napoli,Portugal,Defender,32,81,81,2,81.0,57.0,77.0,80.0,76.0,68.0,3,3,18000000.0,Mário Rui (Napoli)
A. Milik,Juventus,Poland,Forward,29,81,81,3,59.0,83.0,72.0,78.0,40.0,74.0,3,3,25500000.0,A. Milik (Juventus)
M. Arnold,VfL Wolfsburg,Germany,Midfielder,29,81,81,2,66.0,79.0,79.0,78.0,76.0,75.0,2,3,22000000.0,M. Arnold (VfL Wolfsburg)
L. Trossard,Arsenal,Belgium,Forward,28,81,81,2,81.0,80.0,78.0,84.0,30.0,61.0,4,4,26500000.0,L. Trossard (Arsenal)
William Carvalho,Real Betis,Portugal,Midfielder,31,81,81,2,45.0,68.0,78.0,76.0,76.0,84.0,4,3,18000000.0,William Carvalho (Real Betis)
Lucas Vázquez,Real Madrid,Spain,Defender,32,81,81,2,81.0,73.0,80.0,80.0,73.0,69.0,4,4,18000000.0,Lucas Vázquez (Real Madrid)
G. Laborde,Nice,France,Forward,29,81,81,2,72.0,81.0,76.0,79.0,40.0,79.0,4,3,25500000.0,G. Laborde (Nice)
Rui Silva,Real Betis,Portugal,Goalkeeper,29,81,81,1,0.0,0.0,0.0,0.0,0.0,0.0,3,1,17500000.0,Rui Silva (Real Betis)
B. Bourigeaud,Rennes,France,Midfielder,29,81,81,2,73.0,77.0,82.0,81.0,67.0,76.0,3,3,25000000.0,B. Bourigeaud (Rennes)
D. Zapata,Torino,Colombia,Forward,32,81,81,2,75.0,80.0,63.0,77.0,35.0,85.0,4,3,21000000.0,D. Zapata (Torino)
Iñaki Williams,Athletic Club,Ghana,Midfielder,29,81,81,2,94.0,78.0,71.0,79.0,43.0,84.0,2,4,25500000.0,Iñaki Williams (Athletic Club)
A. Kramarić,TSG Hoffenheim,Croatia,Forward,32,81,81,3,72.0,81.0,76.0,82.0,32.0,74.0,4,4,21000000.0,A. Kramarić (TSG Hoffenheim)
M. Politano,Napoli,Italy,Forward,29,81,81,2,83.0,77.0,78.0,84.0,42.0,55.0,4,4,25500000.0,M. Politano (Napoli)
Diego Carlos,Aston Villa,Brazil,Defender,30,81,81,2,67.0,47.0,63.0,67.0,81.0,77.0,4,3,21000000.0,Diego Carlos (Aston Villa)
Fabián Ruiz,Paris Saint Germain,Spain,Midfielder,27,81,81,2,55.0,78.0,79.0,80.0,74.0,72.0,3,4,27500000.0,Fabián Ruiz (Paris Saint Germain)
Adryan Zonta,Bragantino,Brazil,Defender,31,81,81,1,93.0,66.0,75.0,76.0,72.0,77.0,4,2,18500000.0,Adryan Zonta (Bragantino)
Rosival Dourado,Corinthians,Brazil,Midfielder,23,81,81,1,77.0,57.0,74.0,77.0,82.0,69.0,4,2,26500000.0,Rosival Dourado (Corinthians)
Adriano Bisesi,Bragantino,Brazil,Forward,31,81,81,1,78.0,84.0,62.0,72.0,33.0,72.0,3,4,22000000.0,Adriano Bisesi (Bragantino)
Welington Dano,Atlético Mineiro,Brazil,Defender,23,81,81,1,79.0,54.0,76.0,79.0,75.0,74.0,4,4,27000000.0,Welington Dano (Atlético Mineiro)
Nailton Suzuki,Atlético Mineiro,Brazil,Midfielder,27,81,81,1,82.0,73.0,77.0,82.0,52.0,71.0,4,3,27500000.0,Nailton Suzuki (Atlético Mineiro)
Oswaldinato,Flamengo,Brazil,Forward,31,81,81,1,76.0,81.0,67.0,77.0,20.0,79.0,3,2,22000000.0,Oswaldinato (Flamengo)
M. Almirón,Newcastle United,Paraguay,Forward,29,81,81,2,87.0,77.0,75.0,81.0,56.0,64.0,2,4,25500000.0,M. Almirón (Newcastle United)
Reinildo,Atlético Madrid,Mozambique,Defender,29,81,81,1,84.0,55.0,68.0,75.0,80.0,79.0,3,3,22500000.0,Reinildo (Atlético Madrid)
J. Clauss,Olympique de Marseille,France,Defender,30,81,81,2,83.0,69.0,76.0,78.0,70.0,70.0,3,3,22000000.0,J. Clauss (Olympique de Marseille)
A. Rrahmani,Napoli,Kosovo,Defender,29,81,81,1,63.0,51.0,58.0,62.0,83.0,80.0,4,2,21500000.0,A. Rrahmani (Napoli)
K. Adeyemi,Borussia Dortmund,Germany,Midfielder,21,80,87,2,96.0,77.0,71.0,81.0,34.0,68.0,4,4,43000000.0,K. Adeyemi (Borussia Dortmund)
Gonçalo Ramos,Paris Saint Germain,Portugal,Forward,22,80,87,1,77.0,78.0,65.0,77.0,47.0,82.0,4,2,43000000.0,Gonçalo Ramos (Paris Saint Germain)
Arnau Martínez,Girona,Spain,Defender,20,80,87,1,79.0,50.0,72.0,76.0,76.0,70.0,3,2,39500000.0,Arnau Martínez (Girona)
T. Kubo,Real Sociedad,Japan,Forward,22,80,86,3,84.0,75.0,76.0,83.0,40.0,60.0,4,4,34000000.0,T. Kubo (Real Sociedad)
D. Frattesi,Inter,Italy,Midfielder,23,80,86,1,79.0,71.0,78.0,81.0,68.0,70.0,4,3,33000000.0,D. Frattesi (Inter)
E. Elmas,Napoli,North Macedonia,Midfielder,23,80,86,2,75.0,73.0,76.0,84.0,66.0,69.0,4,4,33500000.0,E. Elmas (Napoli)
J. Álvarez,Manchester City,Argentina,Forward,23,80,86,2,79.0,81.0,76.0,83.0,55.0,76.0,4,4,33500000.0,J. Álvarez (Manchester City)
G. Mamardashvili,Valencia,Georgia,Goalkeeper,22,80,86,2,0.0,0.0,0.0,0.0,0.0,0.0,3,1,27500000.0,G. Mamardashvili (Valencia)
Brahim,Real Madrid,Spain,Midfielder,23,80,85,1,81.0,71.0,77.0,83.0,30.0,49.0,5,4,32000000.0,Brahim (Real Madrid)
B. Kamara,Aston Villa,France,Midfielder,23,80,85,2,68.0,54.0,72.0,73.0,80.0,79.0,3,3,29000000.0,B. Kamara (Aston Villa)
J. Foyth,Villarreal,Argentina,Defender,25,80,85,1,71.0,46.0,71.0,72.0,81.0,77.0,3,3,29000000.0,J. Foyth (Villarreal)
Zubimendi,Real Sociedad,Spain,Midfielder,24,80,85,1,64.0,65.0,74.0,75.0,78.0,71.0,4,3,29000000.0,Zubimendi (Real Sociedad)
M. Caicedo,Chelsea,Ecuador,Midfielder,21,80,85,2,74.0,63.0,72.0,77.0,77.0,74.0,3,3,29500000.0,M. Caicedo (Chelsea)
T. Abraham,Roma,England,Forward,25,80,84,2,81.0,76.0,66.0,77.0,36.0,80.0,3,3,29500000.0,T. Abraham (Roma)
E. Palacios,Bayer 04 Leverkusen,Argentina,Midfielder,24,80,84,2,64.0,74.0,77.0,79.0,79.0,73.0,4,3,30000000.0,E. Palacios (Bayer 04 Leverkusen)
Zubeldia,Real Sociedad,Spain,Defender,26,80,84,1,72.0,63.0,74.0,73.0,80.0,81.0,3,2,26000000.0,Zubeldia (Real Sociedad)
Diogo Dalot,Manchester United,Portugal,Defender,24,80,84,2,81.0,61.0,76.0,78.0,75.0,79.0,4,4,28000000.0,Diogo Dalot (Manchester United)
Fran Beltrán,Celta de Vigo,Spain,Midfielder,24,80,84,1,58.0,56.0,78.0,77.0,78.0,66.0,3,3,27500000.0,Fran Beltrán (Celta de Vigo)
F. Medina,Lens,Argentina,Defender,24,80,84,2,71.0,36.0,69.0,70.0,80.0,78.0,2,3,27000000.0,F. Medina (Lens)
K. Danso,Lens,Austria,Defender,24,80,84,2,78.0,32.0,55.0,62.0,79.0,85.0,3,2,27000000.0,K. Danso (Lens)
N. Zaniolo,Aston Villa,Italy,Midfielder,23,80,84,2,83.0,78.0,72.0,81.0,51.0,86.0,3,4,30000000.0,N. Zaniolo (Aston Villa)
A. Laurienté,Sassuolo,France,Forward,24,80,84,1,84.0,76.0,75.0,82.0,35.0,47.0,3,4,30000000.0,A. Laurienté (Sassuolo)
Y. Fofana,Monaco,France,Midfielder,24,80,84,2,69.0,67.0,74.0,77.0,78.0,79.0,3,3,27500000.0,Y. Fofana (Monaco)
Vitinha,Paris Saint Germain,Portugal,Midfielder,23,80,84,2,69.0,68.0,79.0,85.0,70.0,66.0,3,3,30000000.0,Vitinha (Paris Saint Germain)
S. Amrabat,Manchester United,Morocco,Midfielder,26,80,83,1,68.0,71.0,77.0,79.0,74.0,80.0,2,3,25000000.0,S. Amrabat (Manchester United)
Aleix García,Girona,Spain,Midfielder,26,80,83,2,64.0,74.0,81.0,80.0,71.0,66.0,3,3,27500000.0,Aleix García (Girona)
A. Wan-Bissaka,Manchester United,England,Defender,25,80,83,2,83.0,50.0,68.0,77.0,77.0,71.0,2,3,25500000.0,A. Wan-Bissaka (Manchester United)
B. White,Arsenal,England,Defender,25,80,83,2,72.0,30.0,70.0,74.0,82.0,77.0,4,2,25500000.0,B. White (Arsenal)
Richarlison,Tottenham Hotspur,Brazil,Forward,26,80,83,3,77.0,79.0,72.0,82.0,53.0,78.0,5,4,28000000.0,Richarlison (Tottenham Hotspur)
H. Barnes,Newcastle United,England,Forward,25,80,83,2,85.0,77.0,75.0,81.0,43.0,69.0,4,3,28000000.0,H. Barnes (Newcastle United)
T. Koopmeiners,Atalanta,Netherlands,Midfielder,25,80,83,2,68.0,75.0,80.0,76.0,76.0,77.0,2,3,27500000.0,T. Koopmeiners (Atalanta)
David Raya,Arsenal,Spain,Goalkeeper,27,80,82,1,0.0,0.0,0.0,0.0,0.0,0.0,3,1,19500000.0,David Raya (Arsenal)
Pau López,Olympique de Marseille,Spain,Goalkeeper,28,80,82,2,0.0,0.0,0.0,0.0,0.0,0.0,3,1,18000000.0,Pau López (Olympique de Marseille)
K. Tierney,Real Sociedad,Scotland,Defender,26,80,82,2,80.0,60.0,75.0,78.0,76.0,75.0,3,3,24000000.0,K. Tierney (Real Sociedad)
O. Zinchenko,Arsenal,Ukraine,Defender,26,80,82,2,66.0,66.0,83.0,83.0,78.0,69.0,3,3,24000000.0,O. Zinchenko (Arsenal)
P. Estupiñán,Brighton & Hove Albion,Ecuador,Defender,25,80,82,1,77.0,47.0,71.0,76.0,77.0,75.0,3,3,24500000.0,P. Estupiñán (Brighton & Hove Albion)
C. Mbemba,Olympique de Marseille,Congo DR,Defender,28,80,81,2,73.0,55.0,65.0,67.0,80.0,81.0,3,2,20000000.0,C. Mbemba (Olympique de Marseille)
A. Martial,Manchester United,France,Forward,27,80,81,3,80.0,78.0,73.0,84.0,35.0,66.0,4,4,24500000.0,A. Martial (Manchester United)
V. Lindelöf,Manchester United,Sweden,Defender,28,80,81,2,59.0,51.0,73.0,72.0,81.0,76.0,4,3,20000000.0,V. Lindelöf (Manchester United)
O. Watkins,Aston Villa,England,Forward,27,80,81,2,84.0,79.0,68.0,76.0,46.0,75.0,4,3,24500000.0,O. Watkins (Aston Villa)
J. Weigl,Borussia Mönchengladbach,Germany,Midfielder,27,80,81,2,56.0,64.0,77.0,76.0,76.0,74.0,3,3,21500000.0,J. Weigl (Borussia Mönchengladbach)
J. Omlin,Borussia Mönchengladbach,Switzerland,Goalkeeper,29,80,81,2,0.0,0.0,0.0,0.0,0.0,0.0,3,1,16000000.0,J. Omlin (Borussia Mönchengladbach)
E. Buendía,Aston Villa,Argentina,Midfielder,26,80,81,2,69.0,74.0,81.0,83.0,66.0,71.0,4,4,25000000.0,E. Buendía (Aston Villa)
Aritz Elustondo,Real Sociedad,Spain,Defender,29,80,81,1,64.0,39.0,64.0,61.0,80.0,77.0,3,2,19500000.0,Aritz Elustondo (Real Sociedad)
André Silva,Real Sociedad,Portugal,Forward,27,80,81,3,74.0,80.0,70.0,81.0,46.0,77.0,3,4,24500000.0,André Silva (Real Sociedad)
M. Arambarri,Getafe,Uruguay,Midfielder,27,80,81,1,62.0,65.0,74.0,76.0,79.0,78.0,3,3,21500000.0,M. Arambarri (Getafe)
K. Mitoma,Brighton & Hove Albion,Japan,Midfielder,26,80,81,3,84.0,73.0,74.0,85.0,57.0,65.0,4,4,25000000.0,K. Mitoma (Brighton & Hove Albion)
Jesús Navas,Sevilla,Spain,Defender,37,80,80,3,82.0,68.0,79.0,80.0,76.0,55.0,2,4,4700000.0,Jesús Navas (Sevilla)
E. Lamela,Sevilla,Argentina,Forward,31,80,80,3,79.0,77.0,78.0,83.0,54.0,69.0,3,4,17500000.0,E. Lamela (Sevilla)
C. Bravo,Real Betis,Chile,Goalkeeper,40,80,80,3,0.0,0.0,0.0,0.0,0.0,0.0,3,1,2300000.0,C. Bravo (Real Betis)
M. Arnautović,Inter,Austria,Forward,34,80,80,3,74.0,79.0,78.0,79.0,44.0,80.0,4,4,10500000.0,M. Arnautović (Inter)
L. Bonucci,FC Union Berlin,Italy,Defender,36,80,80,3,47.0,59.0,70.0,71.0,82.0,75.0,4,2,3800000.0,L. Bonucci (FC Union Berlin)
M. Darmian,Inter,Italy,Defender,33,80,80,2,71.0,59.0,73.0,76.0,83.0,71.0,5,3,10000000.0,M. Darmian (Inter)
Rafael Tolói,Atalanta,Italy,Defender,32,80,80,2,67.0,52.0,59.0,65.0,82.0,82.0,3,2,13500000.0,Rafael Tolói (Atalanta)
P. Aubameyang,Olympique de Marseille,Gabon,Forward,34,80,80,3,83.0,81.0,72.0,77.0,35.0,64.0,4,4,10500000.0,P. Aubameyang (Olympique de Marseille)
F. Coquelin,Villarreal,France,Midfielder,32,80,80,2,67.0,68.0,78.0,79.0,78.0,79.0,4,3,16500000.0,F. Coquelin (Villarreal)
De Marcos,Athletic Club,Spain,Defender,34,80,80,2,79.0,64.0,75.0,75.0,77.0,79.0,3,4,7500000.0,De Marcos (Athletic Club)
J. Cuadrado,Inter,Colombia,Midfielder,35,80,80,3,88.0,73.0,78.0,84.0,74.0,68.0,3,5,8500000.0,J. Cuadrado (Inter)
N. Gudelj,Sevilla,Serbia,Defender,31,80,80,2,55.0,73.0,78.0,70.0,79.0,85.0,2,3,14500000.0,N. Gudelj (Sevilla)
O. Baumann,TSG Hoffenheim,Germany,Goalkeeper,33,80,80,2,0.0,0.0,0.0,0.0,0.0,0.0,1,1,7000000.0,O. Baumann (TSG Hoffenheim)
J. Matip,Liverpool,Cameroon,Defender,31,80,80,2,61.0,46.0,67.0,70.0,81.0,77.0,2,2,14500000.0,J. Matip (Liverpool)
Isco,Real Betis,Spain,Midfielder,31,80,80,3,62.0,72.0,80.0,83.0,59.0,56.0,3,4,17500000.0,Isco (Real Betis)
Jonathan Viera,Las Palmas,Spain,Midfielder,33,80,80,2,80.0,74.0,79.0,80.0,63.0,72.0,4,4,13000000.0,Jonathan Viera (Las Palmas)
Sergi Roberto,FC Barcelona,Spain,Defender,31,80,80,3,74.0,63.0,79.0,77.0,75.0,73.0,3,3,15500000.0,Sergi Roberto (FC Barcelona)
Oriol Romeu,FC Barcelona,Spain,Midfielder,31,80,80,2,43.0,54.0,69.0,67.0,79.0,82.0,3,2,15000000.0,Oriol Romeu (FC Barcelona)
C. Biraghi,Fiorentina,Italy,Defender,30,80,80,2,76.0,69.0,78.0,77.0,76.0,75.0,3,3,18000000.0,C. Biraghi (Fiorentina)
J. Veretout,Olympique de Marseille,France,Midfielder,30,80,80,2,74.0,75.0,78.0,79.0,76.0,80.0,3,3,20000000.0,J. Veretout (Olympique de Marseille)
Deulofeu,Udinese,Spain,Forward,29,80,80,3,90.0,79.0,76.0,86.0,30.0,67.0,4,4,21000000.0,Deulofeu (Udinese)
Suso,Sevilla,Spain,Forward,29,80,80,2,72.0,76.0,80.0,83.0,32.0,51.0,3,4,20500000.0,Suso (Sevilla)
L. Spinazzola,Roma,Italy,Defender,30,80,80,3,91.0,64.0,72.0,79.0,76.0,69.0,4,4,18000000.0,L. Spinazzola (Roma)
M. Sabitzer,Borussia Dortmund,Austria,Midfielder,29,80,80,3,69.0,81.0,80.0,80.0,72.0,75.0,4,3,20500000.0,M. Sabitzer (Borussia Dortmund)
N. Füllkrug,Borussia Dortmund,Germany,Forward,30,80,80,2,62.0,83.0,70.0,74.0,40.0,78.0,4,3,20500000.0,N. Füllkrug (Borussia Dortmund)
L. Ocampos,Sevilla,Argentina,Forward,28,80,80,2,79.0,80.0,77.0,81.0,62.0,83.0,3,4,21000000.0,L. Ocampos (Sevilla)
T. Savanier,Montpellier,France,Midfielder,31,80,80,2,62.0,75.0,83.0,82.0,68.0,70.0,5,4,17500000.0,T. Savanier (Montpellier)
Saúl,Atlético Madrid,Spain,Midfielder,28,80,80,3,69.0,76.0,76.0,78.0,77.0,75.0,4,3,21000000.0,Saúl (Atlético Madrid)
E. Forsberg,RB Leipzig,Sweden,Midfielder,31,80,80,3,65.0,73.0,82.0,82.0,36.0,61.0,4,4,17500000.0,E. Forsberg (RB Leipzig)
M. de Roon,Atalanta,Netherlands,Midfielder,32,80,80,3,69.0,70.0,71.0,72.0,82.0,83.0,3,3,14000000.0,M. de Roon (Atalanta)
N. Tagliafico,Olympique Lyonnais,Argentina,Defender,30,80,80,3,79.0,56.0,72.0,75.0,78.0,80.0,2,3,18000000.0,N. Tagliafico (Olympique Lyonnais)
Álex Moreno,Aston Villa,Spain,Defender,30,80,80,1,87.0,69.0,73.0,77.0,76.0,70.0,3,3,18000000.0,Álex Moreno (Aston Villa)
H. Traoré,Real Sociedad,Mali,Defender,31,80,80,2,82.0,57.0,72.0,76.0,75.0,78.0,3,3,15500000.0,H. Traoré (Real Sociedad)
M. Pašalić,Atalanta,Croatia,Midfielder,28,80,80,2,73.0,78.0,76.0,80.0,67.0,77.0,4,4,21000000.0,M. Pašalić (Atalanta)
V. Muriqi,Mallorca,Kosovo,Forward,29,80,80,2,55.0,82.0,63.0,73.0,29.0,82.0,3,3,21000000.0,V. Muriqi (Mallorca)
V. Rongier,Olympique de Marseille,France,Midfielder,28,80,80,2,68.0,65.0,75.0,78.0,76.0,80.0,4,3,18500000.0,V. Rongier (Olympique de Marseille)
David Soria,Getafe,Spain,Goalkeeper,30,80,80,2,0.0,0.0,0.0,0.0,0.0,0.0,3,1,14000000.0,David Soria (Getafe)
A. Marušić,Lazio,Montenegro,Defender,30,80,80,2,88.0,66.0,67.0,74.0,76.0,82.0,4,3,18000000.0,A. Marušić (Lazio)
R. Bensebaini,Borussia Dortmund,Algeria,Defender,28,80,80,2,77.0,70.0,72.0,77.0,79.0,79.0,4,3,19000000.0,R. Bensebaini (Borussia Dortmund)
Joan Jordán,Sevilla,Spain,Midfielder,28,80,80,2,56.0,76.0,79.0,77.0,70.0,75.0,4,3,21000000.0,Joan Jordán (Sevilla)
Álex Berenguer,Athletic Club,Spain,Midfielder,27,80,80,1,82.0,75.0,76.0,82.0,64.0,66.0,4,3,22500000.0,Álex Berenguer (Athletic Club)
M. Dmitrović,Sevilla,Serbia,Goalkeeper,31,80,80,2,0.0,0.0,0.0,0.0,0.0,0.0,2,1,11000000.0,M. Dmitrović (Sevilla)
E. Ávila,Osasuna,Argentina,Forward,29,80,80,2,78.0,81.0,65.0,78.0,45.0,85.0,5,3,21000000.0,E. Ávila (Osasuna)
Maikel Catarino,Corinthians,Brazil,Defender,27,80,80,1,76.0,51.0,70.0,77.0,77.0,72.0,3,3,20500000.0,Maikel Catarino (Corinthians)
Héniton Pires,Flamengo,Brazil,Goalkeeper,27,80,80,1,0.0,0.0,0.0,0.0,0.0,0.0,3,1,16000000.0,Héniton Pires (Flamengo)
Heberto Gaúcho,Atlético Mineiro,Brazil,Defender,27,80,80,1,71.0,61.0,57.0,63.0,82.0,80.0,3,2,19500000.0,Heberto Gaúcho (Atlético Mineiro)
Laure Santeiro,Fluminense,Brazil,Midfielder,23,80,80,1,80.0,72.0,77.0,82.0,26.0,45.0,5,4,24500000.0,Laure Santeiro (Fluminense)
Tony Abranjes,Internacional,Brazil,Defender,35,80,80,1,67.0,39.0,55.0,58.0,81.0,85.0,3,2,5500000.0,Tony Abranjes (Internacional)
W. Endo,Liverpool,Japan,Midfielder,30,80,80,2,67.0,68.0,73.0,80.0,79.0,75.0,4,3,20000000.0,W. Endo (Liverpool)
X. Simons,RB Leipzig,Netherlands,Midfielder,20,79,89,2,87.0,73.0,76.0,83.0,61.0,74.0,3,4,38500000.0,X. Simons (RB Leipzig)
R. Gravenberch,Liverpool,Netherlands,Midfielder,21,79,87,1,72.0,76.0,78.0,83.0,68.0,72.0,4,4,39500000.0,R. Gravenberch (Liverpool)
M. Carnesecchi,Atalanta,Italy,Goalkeeper,23,79,87,1,0.0,0.0,0.0,0.0,0.0,0.0,3,1,33500000.0,M. Carnesecchi (Atalanta)
Yeremy Pino,Villarreal,Spain,Midfielder,20,79,87,2,76.0,73.0,76.0,79.0,38.0,46.0,4,3,38500000.0,Yeremy Pino (Villarreal)
M. Simakan,RB Leipzig,France,Defender,23,79,86,2,74.0,43.0,64.0,68.0,80.0,80.0,3,2,32500000.0,M. Simakan (RB Leipzig)
M. Kudus,West Ham United,Ghana,Forward,22,79,86,3,90.0,74.0,71.0,84.0,59.0,75.0,3,4,35500000.0,M. Kudus (West Ham United)
F. Balogun,Monaco,United States,Forward,21,79,86,1,80.0,79.0,62.0,77.0,23.0,69.0,4,3,36000000.0,F. Balogun (Monaco)
W. Fofana,Chelsea,France,Defender,22,79,86,1,73.0,37.0,55.0,66.0,81.0,77.0,3,2,33000000.0,W. Fofana (Chelsea)
J. Timber,Arsenal,Netherlands,Defender,22,79,86,3,78.0,47.0,67.0,77.0,80.0,80.0,3,3,33000000.0,J. Timber (Arsenal)
G. Raspadori,Napoli,Italy,Forward,23,79,86,2,81.0,78.0,68.0,81.0,27.0,59.0,5,4,35500000.0,G. Raspadori (Napoli)
P. Hincapié,Bayer 04 Leverkusen,Ecuador,Defender,21,79,86,2,82.0,40.0,64.0,72.0,79.0,77.0,2,3,33000000.0,P. Hincapié (Bayer 04 Leverkusen)
P. Schuurs,Torino,Netherlands,Defender,23,79,85,1,72.0,64.0,74.0,69.0,81.0,75.0,3,2,25000000.0,P. Schuurs (Torino)
Nico Williams,Athletic Club,Spain,Midfielder,20,79,85,2,93.0,73.0,72.0,83.0,33.0,60.0,5,4,27500000.0,Nico Williams (Athletic Club)
J. Gomez,Liverpool,England,Defender,26,79,84,2,82.0,27.0,68.0,70.0,79.0,77.0,3,3,23000000.0,J. Gomez (Liverpool)
A. Disasi,Chelsea,France,Defender,25,79,84,2,49.0,48.0,53.0,56.0,80.0,84.0,2,2,23000000.0,A. Disasi (Chelsea)
E. Eze,Crystal Palace,England,Midfielder,25,79,84,1,77.0,76.0,77.0,82.0,49.0,68.0,3,4,26000000.0,E. Eze (Crystal Palace)
V. Castellanos,Lazio,Argentina,Forward,24,79,84,3,76.0,79.0,69.0,76.0,42.0,78.0,3,3,27000000.0,V. Castellanos (Lazio)
A. Gouiri,Rennes,France,Forward,23,79,84,2,76.0,81.0,76.0,80.0,45.0,71.0,3,4,27000000.0,A. Gouiri (Rennes)
C. Baumgartner,RB Leipzig,Austria,Midfielder,23,79,84,2,75.0,73.0,74.0,81.0,45.0,59.0,3,4,26500000.0,C. Baumgartner (RB Leipzig)
J. Todibo,Nice,France,Defender,23,79,84,2,74.0,47.0,63.0,67.0,80.0,78.0,2,3,24000000.0,J. Todibo (Nice)
K. Thuram,Nice,France,Midfielder,22,79,84,2,72.0,72.0,77.0,78.0,77.0,79.0,3,3,27000000.0,K. Thuram (Nice)
Vivian,Athletic Club,Spain,Defender,23,79,84,1,75.0,48.0,56.0,62.0,80.0,78.0,2,2,24000000.0,Vivian (Athletic Club)
Matheus Nunes,Manchester City,Portugal,Midfielder,24,79,84,1,83.0,71.0,74.0,81.0,73.0,77.0,3,3,26500000.0,Matheus Nunes (Manchester City)
Carlos Augusto,Inter,Brazil,Midfielder,24,79,84,1,79.0,70.0,76.0,79.0,76.0,80.0,2,2,26500000.0,Carlos Augusto (Inter)
M. Di Gregorio,Monza,Italy,Goalkeeper,25,79,83,1,0.0,0.0,0.0,0.0,0.0,0.0,3,1,19000000.0,M. Di Gregorio (Monza)
M. Guendouzi,Lazio,France,Midfielder,24,79,83,2,74.0,69.0,78.0,78.0,74.0,81.0,3,4,25000000.0,M. Guendouzi (Lazio)
Douglas Luiz,Aston Villa,Brazil,Midfielder,25,79,83,2,66.0,72.0,82.0,78.0,74.0,72.0,2,3,22000000.0,Douglas Luiz (Aston Villa)
Cucurella,Chelsea,Spain,Defender,24,79,83,2,75.0,68.0,77.0,79.0,75.0,74.0,3,3,23500000.0,Cucurella (Chelsea)
R. Baku,VfL Wolfsburg,Germany,Defender,25,79,83,2,81.0,73.0,74.0,81.0,72.0,77.0,4,3,22500000.0,R. Baku (VfL Wolfsburg)
L. Majer,VfL Wolfsburg,Croatia,Midfielder,25,79,83,2,66.0,73.0,81.0,83.0,60.0,67.0,3,4,24500000.0,L. Majer (VfL Wolfsburg)
K. Phillips,Manchester City,England,Midfielder,27,79,82,2,66.0,65.0,76.0,75.0,77.0,76.0,3,3,20000000.0,K. Phillips (Manchester City)
E. Konsa,Aston Villa,England,Defender,25,79,82,2,77.0,39.0,62.0,71.0,80.0,76.0,3,2,20500000.0,E. Konsa (Aston Villa)
C. Pulisic,Milan,United States,Forward,24,79,82,3,84.0,71.0,73.0,84.0,37.0,55.0,4,4,24000000.0,C. Pulisic (Milan)
M. Thuram,Inter,France,Forward,25,79,82,2,84.0,77.0,71.0,78.0,48.0,76.0,3,3,23500000.0,M. Thuram (Inter)
E. Audero,Inter,Italy,Goalkeeper,26,79,82,1,0.0,0.0,0.0,0.0,0.0,0.0,2,1,17500000.0,E. Audero (Inter)
Robert Sánchez,Chelsea,Spain,Goalkeeper,25,79,82,1,0.0,0.0,0.0,0.0,0.0,0.0,4,1,18000000.0,Robert Sánchez (Chelsea)
D. Zakaria,Monaco,Switzerland,Midfielder,26,79,82,2,80.0,63.0,72.0,76.0,78.0,84.0,3,3,20500000.0,D. Zakaria (Monaco)
D. Henderson,Crystal Palace,England,Goalkeeper,26,79,82,2,0.0,0.0,0.0,0.0,0.0,0.0,3,1,17500000.0,D. Henderson (Crystal Palace)
F. Neuhaus,Borussia Mönchengladbach,Germany,Midfielder,26,79,82,2,67.0,72.0,78.0,79.0,67.0,69.0,4,3,23000000.0,F. Neuhaus (Borussia Mönchengladbach)
Y. Bissouma,Tottenham Hotspur,Mali,Midfielder,26,79,82,2,72.0,67.0,74.0,77.0,77.0,76.0,3,4,20500000.0,Y. Bissouma (Tottenham Hotspur)
S. McTominay,Manchester United,Scotland,Midfielder,26,79,82,2,59.0,74.0,72.0,73.0,77.0,84.0,3,3,20500000.0,S. McTominay (Manchester United)
N. Milenković,Fiorentina,Serbia,Defender,25,79,82,2,64.0,45.0,62.0,62.0,79.0,83.0,3,2,20500000.0,N. Milenković (Fiorentina)
N. Casale,Lazio,Italy,Defender,25,79,82,1,77.0,53.0,66.0,69.0,80.0,79.0,3,2,20500000.0,N. Casale (Lazio)
Edgar,Almería,Spain,Defender,26,79,82,1,65.0,49.0,65.0,63.0,82.0,79.0,2,2,20500000.0,Edgar (Almería)
Renan Lodi,Olympique de Marseille,Brazil,Defender,25,79,82,1,81.0,67.0,75.0,77.0,74.0,73.0,3,4,21500000.0,Renan Lodi (Olympique de Marseille)
K. Zouma,West Ham United,France,Defender,28,79,81,2,61.0,51.0,61.0,56.0,79.0,83.0,3,2,17500000.0,K. Zouma (West Ham United)
L. Klostermann,RB Leipzig,Germany,Defender,27,79,81,2,81.0,50.0,64.0,71.0,81.0,77.0,3,2,18500000.0,L. Klostermann (RB Leipzig)
N. Mukiele,Paris Saint Germain,France,Defender,25,79,81,2,77.0,49.0,68.0,72.0,80.0,80.0,3,3,20000000.0,N. Mukiele (Paris Saint Germain)
M. Cash,Aston Villa,Poland,Defender,25,79,81,2,80.0,66.0,71.0,75.0,74.0,75.0,2,3,20000000.0,M. Cash (Aston Villa)
J. Aidoo,Celta de Vigo,Ghana,Defender,27,79,81,1,75.0,27.0,47.0,50.0,78.0,88.0,3,2,18500000.0,J. Aidoo (Celta de Vigo)
G. Montiel,Nottingham Forest,Argentina,Defender,26,79,81,1,82.0,62.0,69.0,75.0,76.0,81.0,3,3,20000000.0,G. Montiel (Nottingham Forest)
P. Lienhart,SC Freiburg,Austria,Defender,26,79,81,2,70.0,28.0,59.0,63.0,81.0,76.0,3,2,19000000.0,P. Lienhart (SC Freiburg)
N. Aguerd,West Ham United,Morocco,Defender,27,79,81,2,71.0,50.0,64.0,64.0,81.0,75.0,3,2,18500000.0,N. Aguerd (West Ham United)
M. Perin,Juventus,Italy,Goalkeeper,30,79,80,2,0.0,0.0,0.0,0.0,0.0,0.0,3,1,13000000.0,M. Perin (Juventus)
J. Musso,Atalanta,Argentina,Goalkeeper,29,79,80,1,0.0,0.0,0.0,0.0,0.0,0.0,3,1,13500000.0,J. Musso (Atalanta)
A. Sørloth,Villarreal,Norway,Forward,27,79,80,2,79.0,78.0,69.0,74.0,36.0,85.0,4,3,20500000.0,A. Sørloth (Villarreal)
Dani Ceballos,Real Madrid,Spain,Midfielder,26,79,80,2,63.0,71.0,78.0,82.0,70.0,67.0,3,4,20500000.0,Dani Ceballos (Real Madrid)
Sergio Herrera,Osasuna,Spain,Goalkeeper,30,79,80,1,0.0,0.0,0.0,0.0,0.0,0.0,3,1,13000000.0,Sergio Herrera (Osasuna)
J. Bowen,West Ham United,England,Midfielder,26,79,80,2,77.0,77.0,74.0,80.0,44.0,66.0,3,4,20500000.0,J. Bowen (West Ham United)
L. Bailey,Aston Villa,Jamaica,Midfielder,25,79,80,3,90.0,77.0,73.0,82.0,33.0,62.0,3,4,21000000.0,L. Bailey (Aston Villa)
Carlos Soler,Paris Saint Germain,Spain,Midfielder,26,79,80,2,77.0,76.0,80.0,79.0,70.0,72.0,4,3,20500000.0,Carlos Soler (Paris Saint Germain)
L. Robertone,Almería,Argentina,Midfielder,26,79,80,2,84.0,77.0,77.0,80.0,72.0,73.0,4,4,20500000.0,L. Robertone (Almería)
T. Souček,West Ham United,Czech Republic,Midfielder,28,79,80,2,56.0,70.0,71.0,70.0,80.0,83.0,3,3,17000000.0,T. Souček (West Ham United)
Catena,Osasuna,Spain,Defender,28,79,80,1,65.0,39.0,63.0,53.0,80.0,78.0,3,2,16500000.0,Catena (Osasuna)
A. Consigli,Sassuolo,Italy,Goalkeeper,36,79,79,2,0.0,0.0,0.0,0.0,0.0,0.0,3,1,1900000.0,A. Consigli (Sassuolo)
S. Mandanda,Rennes,France,Goalkeeper,38,79,79,3,0.0,0.0,0.0,0.0,0.0,0.0,2,1,1900000.0,S. Mandanda (Rennes)
Ł. Fabiański,West Ham United,Poland,Goalkeeper,38,79,79,2,0.0,0.0,0.0,0.0,0.0,0.0,2,1,1900000.0,Ł. Fabiański (West Ham United)
A. Candreva,Salernitana,Italy,Forward,36,79,79,3,69.0,79.0,80.0,81.0,62.0,63.0,4,4,6000000.0,A. Candreva (Salernitana)
A. Witsel,Atlético Madrid,Belgium,Midfielder,34,79,79,3,35.0,63.0,77.0,75.0,79.0,74.0,4,3,6000000.0,A. Witsel (Atlético Madrid)
I. Perišić,Tottenham Hotspur,Croatia,Forward,34,79,79,3,71.0,78.0,80.0,79.0,73.0,75.0,5,4,8000000.0,I. Perišić (Tottenham Hotspur)
Yuri Berchiche,Athletic Club,Spain,Defender,33,79,79,2,80.0,68.0,74.0,75.0,76.0,82.0,3,3,9000000.0,Yuri Berchiche (Athletic Club)
Azpilicueta,Atlético Madrid,Spain,Defender,33,79,79,3,61.0,55.0,76.0,72.0,81.0,73.0,3,2,9000000.0,Azpilicueta (Atlético Madrid)
G. Bonaventura,Fiorentina,Italy,Midfielder,33,79,79,2,69.0,78.0,80.0,80.0,70.0,67.0,3,4,11000000.0,G. Bonaventura (Fiorentina)
Pedro,Lazio,Spain,Forward,35,79,79,3,70.0,74.0,76.0,86.0,36.0,50.0,5,4,7000000.0,Pedro (Lazio)
B. Mee,Brentford,England,Defender,33,79,79,2,51.0,42.0,54.0,57.0,82.0,76.0,3,2,8500000.0,B. Mee (Brentford)
B. André,Lille,France,Midfielder,32,79,79,2,63.0,64.0,73.0,75.0,78.0,83.0,3,3,11500000.0,B. André (Lille)
M. Silvestri,Udinese,Italy,Goalkeeper,32,79,79,1,0.0,0.0,0.0,0.0,0.0,0.0,3,1,8500000.0,M. Silvestri (Udinese)
Ander Herrera,Athletic Club,Spain,Midfielder,33,79,79,3,60.0,71.0,77.0,78.0,79.0,74.0,4,3,11000000.0,Ander Herrera (Athletic Club)
Marcos Alonso,FC Barcelona,Spain,Defender,32,79,79,2,51.0,74.0,81.0,77.0,78.0,76.0,3,3,12000000.0,Marcos Alonso (FC Barcelona)
R. Cabella,Lille,France,Midfielder,33,79,79,2,76.0,73.0,77.0,81.0,40.0,54.0,4,4,11000000.0,R. Cabella (Lille)
K. Kampl,RB Leipzig,Slovenia,Midfielder,32,79,79,3,65.0,66.0,80.0,81.0,64.0,61.0,4,3,14000000.0,K. Kampl (RB Leipzig)
D. Burn,Newcastle United,England,Defender,31,79,79,2,51.0,34.0,67.0,64.0,80.0,85.0,3,2,12000000.0,D. Burn (Newcastle United)
Marc Bartra,Real Betis,Spain,Defender,32,79,79,3,71.0,61.0,72.0,72.0,79.0,77.0,3,3,11500000.0,Marc Bartra (Real Betis)
L. Muriel,Atalanta,Colombia,Forward,32,79,79,2,88.0,80.0,73.0,85.0,27.0,68.0,4,4,14000000.0,L. Muriel (Atalanta)
M. Gregoritsch,SC Freiburg,Austria,Forward,29,79,79,2,59.0,79.0,71.0,72.0,42.0,76.0,3,3,17500000.0,M. Gregoritsch (SC Freiburg)
M. Sels,Strasbourg,Belgium,Goalkeeper,31,79,79,2,0.0,0.0,0.0,0.0,0.0,0.0,2,1,9500000.0,M. Sels (Strasbourg)
S. Ortega,Manchester City,Germany,Goalkeeper,30,79,79,1,0.0,0.0,0.0,0.0,0.0,0.0,4,1,11500000.0,S. Ortega (Manchester City)
S. Rode,Eintracht Frankfurt,Germany,Midfielder,32,79,79,2,64.0,65.0,72.0,74.0,78.0,74.0,3,3,11500000.0,S. Rode (Eintracht Frankfurt)
L. Digne,Aston Villa,France,Defender,29,79,79,2,76.0,69.0,78.0,76.0,76.0,74.0,2,3,15500000.0,L. Digne (Aston Villa)
K. Volland,FC Union Berlin,Germany,Forward,30,79,79,2,68.0,82.0,78.0,78.0,46.0,84.0,4,3,17000000.0,K. Volland (FC Union Berlin)
F. Rønnow,FC Union Berlin,Denmark,Goalkeeper,30,79,79,2,0.0,0.0,0.0,0.0,0.0,0.0,2,1,11500000.0,F. Rønnow (FC Union Berlin)
David López,Girona,Spain,Defender,33,79,79,1,45.0,57.0,70.0,65.0,80.0,74.0,3,2,8500000.0,David López (Girona)
J. Tarkowski,Everton,England,Defender,30,79,79,1,55.0,45.0,62.0,60.0,81.0,79.0,4,2,14500000.0,J. Tarkowski (Everton)
H. Maguire,Manchester United,England,Defender,30,79,79,3,46.0,57.0,67.0,65.0,78.0,82.0,3,2,14500000.0,H. Maguire (Manchester United)
S. Umtiti,Lille,France,Defender,29,79,79,3,62.0,62.0,68.0,65.0,80.0,75.0,3,2,14500000.0,S. Umtiti (Lille)
P. Terracciano,Fiorentina,Italy,Goalkeeper,33,79,79,1,0.0,0.0,0.0,0.0,0.0,0.0,2,1,5500000.0,P. Terracciano (Fiorentina)
Moi Gómez,Osasuna,Spain,Midfielder,29,79,79,1,66.0,75.0,80.0,78.0,61.0,61.0,5,4,17000000.0,Moi Gómez (Osasuna)
S. March,Brighton & Hove Albion,England,Midfielder,28,79,79,1,75.0,70.0,76.0,80.0,67.0,66.0,2,3,17500000.0,S. March (Brighton & Hove Albion)
Óliver Torres,Sevilla,Spain,Midfielder,28,79,79,2,68.0,72.0,79.0,82.0,65.0,49.0,4,3,17500000.0,Óliver Torres (Sevilla)
C. Günter,SC Freiburg,Germany,Defender,30,79,79,2,81.0,58.0,71.0,71.0,74.0,84.0,2,3,15000000.0,C. Günter (SC Freiburg)
Raúl de Tomás,Rayo Vallecano,Spain,Forward,28,79,79,2,74.0,79.0,76.0,79.0,39.0,75.0,4,4,18000000.0,Raúl de Tomás (Rayo Vallecano)
J. McGinn,Aston Villa,Scotland,Midfielder,28,79,79,2,68.0,74.0,75.0,77.0,73.0,81.0,2,3,17500000.0,J. McGinn (Aston Villa)
S. Dimitrievski,Rayo Vallecano,North Macedonia,Goalkeeper,29,79,79,1,0.0,0.0,0.0,0.0,0.0,0.0,2,1,12000000.0,S. Dimitrievski (Rayo Vallecano)
P. Frankowski,Lens,Poland,Defender,28,79,79,2,91.0,72.0,75.0,76.0,69.0,74.0,3,3,16000000.0,P. Frankowski (Lens)
T. Mings,Aston Villa,England,Defender,30,79,79,2,71.0,44.0,67.0,66.0,78.0,83.0,2,3,14500000.0,T. Mings (Aston Villa)
José Sá,Wolverhampton Wanderers,Portugal,Goalkeeper,30,79,79,2,0.0,0.0,0.0,0.0,0.0,0.0,2,1,11500000.0,José Sá (Wolverhampton Wanderers)
Ayoze Pérez,Real Betis,Spain,Midfielder,29,79,79,2,76.0,72.0,76.0,82.0,58.0,64.0,4,4,17000000.0,Ayoze Pérez (Real Betis)
D. Zappacosta,Atalanta,Italy,Defender,31,79,79,2,78.0,67.0,73.0,74.0,75.0,72.0,3,3,12500000.0,D. Zappacosta (Atalanta)
Álvaro García,Rayo Vallecano,Spain,Midfielder,30,79,79,1,91.0,69.0,73.0,79.0,51.0,44.0,3,3,17000000.0,Álvaro García (Rayo Vallecano)
Morales,Villarreal,Spain,Forward,35,79,79,2,79.0,82.0,75.0,81.0,52.0,67.0,4,4,7500000.0,Morales (Villarreal)
C. Tolisso,Olympique Lyonnais,France,Midfielder,28,79,79,3,58.0,78.0,77.0,77.0,77.0,74.0,2,3,15500000.0,C. Tolisso (Olympique Lyonnais)
L. Ajorque,FSV Mainz 05,France,Forward,29,79,79,2,58.0,79.0,63.0,70.0,46.0,87.0,3,3,17500000.0,L. Ajorque (FSV Mainz 05)
P. Ciurria,Monza,Italy,Midfielder,28,79,79,1,81.0,74.0,77.0,79.0,48.0,61.0,4,3,17500000.0,P. Ciurria (Monza)
R. Gosens,FC Union Berlin,Germany,Defender,28,79,79,3,78.0,74.0,73.0,75.0,76.0,79.0,3,3,16000000.0,R. Gosens (FC Union Berlin)
A. Golovin,Monaco,Russia,Midfielder,27,79,79,3,76.0,72.0,78.0,82.0,60.0,66.0,4,4,18500000.0,A. Golovin (Monaco)
Emelvinson,Bragantino,Brazil,Goalkeeper,35,79,79,1,0.0,0.0,0.0,0.0,0.0,0.0,2,1,1900000.0,Emelvinson (Bragantino)
Diego Essler,Atlético Mineiro,Brazil,Defender,23,79,79,1,89.0,58.0,70.0,77.0,74.0,59.0,3,4,18500000.0,Diego Essler (Atlético Mineiro)
Adnan Vidual,Internacional,Brazil,Defender,31,79,79,1,83.0,52.0,70.0,71.0,76.0,72.0,3,2,12500000.0,Adnan Vidual (Internacional)
Jorge Andrão,Fluminense,Brazil,Midfielder,27,79,79,1,67.0,62.0,74.0,75.0,78.0,76.0,4,2,16500000.0,Jorge Andrão (Fluminense)
Melvin Parrela,Bragantino,Brazil,Midfielder,23,79,79,1,71.0,70.0,70.0,72.0,80.0,84.0,3,2,18000000.0,Melvin Parrela (Bragantino)
Gabri Prestão,Internacional,Brazil,Goalkeeper,31,79,79,1,0.0,0.0,0.0,0.0,0.0,0.0,3,1,9500000.0,Gabri Prestão (Internacional)
Luimo Boas Santos,Santos,Brazil,Forward,23,79,79,1,83.0,79.0,65.0,81.0,28.0,64.0,4,4,20500000.0,Luimo Boas Santos (Santos)
M. Lazzari,Lazio,Italy,Defender,29,79,79,2,92.0,62.0,76.0,82.0,70.0,66.0,3,3,15500000.0,M. Lazzari (Lazio)
E. Pinnock,Brentford,Jamaica,Defender,30,79,79,1,70.0,37.0,57.0,62.0,80.0,82.0,3,2,14500000.0,E. Pinnock (Brentford)
T. Teuma,Stade de Reims,Malta,Midfielder,29,79,79,1,68.0,77.0,79.0,76.0,73.0,76.0,5,3,17000000.0,T. Teuma (Stade de Reims)
Ansu Fati,Brighton & Hove Albion,Spain,Forward,20,78,88,3,89.0,76.0,72.0,81.0,30.0,53.0,4,4,31000000.0,Ansu Fati (Brighton & Hove Albion)
E. Wahi,Lens,France,Forward,20,78,88,2,90.0,78.0,67.0,78.0,31.0,67.0,4,4,31000000.0,E. Wahi (Lens)
M. Kean,Juventus,Italy,Forward,23,78,85,2,86.0,76.0,58.0,76.0,40.0,76.0,3,3,28500000.0,M. Kean (Juventus)
M. Guéhi,Crystal Palace,England,Defender,22,78,85,2,72.0,39.0,59.0,69.0,79.0,75.0,4,2,26500000.0,M. Guéhi (Crystal Palace)
B. Badiashile,Chelsea,France,Defender,22,78,85,2,61.0,47.0,67.0,60.0,79.0,76.0,3,2,26500000.0,B. Badiashile (Chelsea)
Lee Kang In,Paris Saint Germain,Korea Republic,Forward,22,78,85,2,74.0,74.0,79.0,80.0,30.0,61.0,3,4,28500000.0,Lee Kang In (Paris Saint Germain)
G. Reyna,Borussia Dortmund,United States,Midfielder,20,78,85,2,77.0,73.0,74.0,82.0,37.0,70.0,2,4,28000000.0,G. Reyna (Borussia Dortmund)
Fran García,Real Madrid,Spain,Defender,23,78,85,2,89.0,49.0,69.0,77.0,71.0,68.0,3,3,27000000.0,Fran García (Real Madrid)
André Almeida,Valencia,Portugal,Midfielder,23,78,85,1,73.0,66.0,76.0,80.0,68.0,67.0,3,3,28000000.0,André Almeida (Valencia)
P. Kalulu,Milan,France,Defender,23,78,85,1,80.0,50.0,68.0,69.0,79.0,75.0,3,2,26000000.0,P. Kalulu (Milan)
N. Jackson,Chelsea,Senegal,Forward,22,78,85,1,76.0,79.0,63.0,78.0,42.0,69.0,3,3,29000000.0,N. Jackson (Chelsea)
M. van de Ven,Tottenham Hotspur,Netherlands,Defender,22,78,85,1,85.0,43.0,59.0,68.0,79.0,80.0,3,3,26500000.0,M. van de Ven (Tottenham Hotspur)
E. Smith Rowe,Arsenal,England,Forward,22,78,84,1,76.0,71.0,75.0,81.0,32.0,62.0,4,4,22500000.0,E. Smith Rowe (Arsenal)
M. Camara,Monaco,Mali,Midfielder,23,78,84,2,80.0,58.0,69.0,78.0,73.0,77.0,3,3,20500000.0,M. Camara (Monaco)
M. Olise,Crystal Palace,France,Forward,21,78,84,1,80.0,70.0,77.0,83.0,50.0,56.0,2,4,22500000.0,M. Olise (Crystal Palace)
L. Chevalier,Lille,France,Goalkeeper,21,78,84,1,0.0,0.0,0.0,0.0,0.0,0.0,3,1,18500000.0,L. Chevalier (Lille)
P. Wimmer,VfL Wolfsburg,Austria,Forward,22,78,84,2,83.0,69.0,71.0,81.0,49.0,72.0,4,4,22500000.0,P. Wimmer (VfL Wolfsburg)
G. Scamacca,Atalanta,Italy,Forward,24,78,83,2,68.0,78.0,66.0,74.0,36.0,74.0,3,4,21500000.0,G. Scamacca (Atalanta)
Pepelu,Valencia,Spain,Midfielder,24,78,83,1,64.0,62.0,77.0,70.0,72.0,77.0,3,3,19500000.0,Pepelu (Valencia)
L. Blas,Rennes,France,Midfielder,25,78,83,2,72.0,76.0,76.0,83.0,58.0,65.0,2,4,20500000.0,L. Blas (Rennes)
A. Lafont,Nantes,France,Goalkeeper,24,78,83,2,0.0,0.0,0.0,0.0,0.0,0.0,3,1,17000000.0,A. Lafont (Nantes)
T. Tomiyasu,Arsenal,Japan,Defender,24,78,83,1,71.0,33.0,67.0,71.0,80.0,79.0,5,2,20000000.0,T. Tomiyasu (Arsenal)
E. Ndicka,Roma,France,Defender,23,78,83,2,77.0,53.0,72.0,71.0,77.0,79.0,3,2,19000000.0,E. Ndicka (Roma)
J. Willock,Newcastle United,England,Midfielder,23,78,83,1,81.0,72.0,74.0,81.0,72.0,72.0,3,3,21000000.0,J. Willock (Newcastle United)
T. Malacia,Manchester United,Netherlands,Defender,23,78,83,1,83.0,56.0,69.0,78.0,74.0,77.0,3,3,20000000.0,T. Malacia (Manchester United)
C. Gallagher,Chelsea,England,Midfielder,23,78,83,2,73.0,75.0,74.0,76.0,68.0,75.0,2,3,21000000.0,C. Gallagher (Chelsea)
Matheus Cunha,Wolverhampton Wanderers,Brazil,Forward,24,78,83,2,80.0,78.0,75.0,82.0,40.0,73.0,4,4,21500000.0,Matheus Cunha (Wolverhampton Wanderers)
C. Doucouré,Crystal Palace,Mali,Midfielder,23,78,83,1,66.0,57.0,69.0,75.0,75.0,77.0,3,3,19500000.0,C. Doucouré (Crystal Palace)
M. Caqueret,Olympique Lyonnais,France,Midfielder,23,78,83,2,75.0,58.0,75.0,80.0,74.0,69.0,3,3,21000000.0,M. Caqueret (Olympique Lyonnais)
J. Ramsey,Aston Villa,England,Midfielder,22,78,83,1,76.0,75.0,73.0,80.0,68.0,76.0,4,3,21500000.0,J. Ramsey (Aston Villa)
Moncayola,Osasuna,Spain,Midfielder,25,78,83,1,64.0,66.0,75.0,78.0,73.0,70.0,4,3,20500000.0,Moncayola (Osasuna)
L. Sinisterra,AFC Bournemouth,Colombia,Midfielder,24,78,82,1,89.0,72.0,70.0,84.0,53.0,61.0,4,4,20000000.0,L. Sinisterra (AFC Bournemouth)
Santi Comesaña,Villarreal,Spain,Midfielder,26,78,82,1,55.0,68.0,69.0,74.0,77.0,74.0,4,3,17500000.0,Santi Comesaña (Villarreal)
D. Raum,RB Leipzig,Germany,Defender,25,78,82,2,88.0,59.0,77.0,77.0,71.0,78.0,2,3,18000000.0,D. Raum (RB Leipzig)
M. Berisha,TSG Hoffenheim,Germany,Forward,25,78,82,2,73.0,79.0,72.0,75.0,37.0,74.0,3,3,20000000.0,M. Berisha (TSG Hoffenheim)
A. Haidara,RB Leipzig,Mali,Midfielder,25,78,82,2,64.0,72.0,76.0,80.0,70.0,70.0,2,3,19500000.0,A. Haidara (RB Leipzig)
T. Reijnders,Milan,Netherlands,Midfielder,24,78,82,1,77.0,74.0,75.0,80.0,71.0,73.0,4,3,20000000.0,T. Reijnders (Milan)
K. Mavropanos,West Ham United,Greece,Defender,25,78,82,2,79.0,56.0,54.0,59.0,78.0,82.0,4,2,17500000.0,K. Mavropanos (West Ham United)
A. Saelemaekers,Bologna,Belgium,Midfielder,24,78,82,1,80.0,67.0,75.0,81.0,64.0,66.0,4,4,20000000.0,A. Saelemaekers (Bologna)
S. Abdul Samed,Lens,Ghana,Midfielder,23,78,82,1,62.0,47.0,66.0,71.0,76.0,80.0,2,2,18500000.0,S. Abdul Samed (Lens)
M. Trésor,Burnley,Belgium,Midfielder,24,78,82,1,79.0,71.0,79.0,80.0,38.0,58.0,3,5,20000000.0,M. Trésor (Burnley)
Pablo Maffeo,Mallorca,Spain,Defender,25,78,81,1,82.0,52.0,70.0,78.0,75.0,69.0,3,3,17000000.0,Pablo Maffeo (Mallorca)
M. Lopez,Fiorentina,France,Midfielder,25,78,81,1,71.0,71.0,79.0,82.0,67.0,57.0,3,4,18500000.0,M. Lopez (Fiorentina)
G. Castrovilli,Fiorentina,Italy,Midfielder,26,78,81,2,73.0,67.0,76.0,82.0,66.0,67.0,3,4,18000000.0,G. Castrovilli (Fiorentina)
Renato Sanches,Roma,Portugal,Midfielder,25,78,81,3,82.0,70.0,77.0,81.0,72.0,82.0,4,4,18500000.0,Renato Sanches (Roma)
I. Diop,Fulham,France,Defender,26,78,81,2,64.0,37.0,53.0,57.0,79.0,80.0,3,2,16500000.0,I. Diop (Fulham)
J. Karlsson,Bologna,Sweden,Midfielder,24,78,81,2,83.0,76.0,72.0,82.0,35.0,61.0,3,5,19000000.0,J. Karlsson (Bologna)
Caio Henrique,Monaco,Brazil,Defender,25,78,81,2,80.0,58.0,78.0,78.0,72.0,67.0,2,3,17000000.0,Caio Henrique (Monaco)
R. Doan,SC Freiburg,Japan,Midfielder,25,78,81,2,82.0,71.0,75.0,83.0,40.0,61.0,3,4,18500000.0,R. Doan (SC Freiburg)
Marcão,Sevilla,Brazil,Defender,27,78,81,1,63.0,36.0,60.0,70.0,78.0,85.0,3,2,16000000.0,Marcão (Sevilla)
S. Özcan,Borussia Dortmund,Turkey,Midfielder,25,78,81,2,75.0,62.0,71.0,76.0,76.0,81.0,3,3,17000000.0,S. Özcan (Borussia Dortmund)
S. Longstaff,Newcastle United,England,Midfielder,25,78,81,1,64.0,65.0,75.0,74.0,73.0,72.0,3,2,18500000.0,S. Longstaff (Newcastle United)
M. Pessina,Monza,Italy,Midfielder,26,78,81,2,72.0,70.0,77.0,79.0,71.0,72.0,2,3,18500000.0,M. Pessina (Monza)
M. Olivera,Napoli,Uruguay,Defender,25,78,81,1,75.0,50.0,69.0,73.0,77.0,77.0,3,3,17000000.0,M. Olivera (Napoli)
P. Rajković,Mallorca,Serbia,Goalkeeper,27,78,81,2,0.0,0.0,0.0,0.0,0.0,0.0,2,1,14000000.0,P. Rajković (Mallorca)
B. Mbeumo,Brentford,Cameroon,Forward,23,78,81,1,83.0,77.0,72.0,78.0,45.0,74.0,2,4,19000000.0,B. Mbeumo (Brentford)
Reguilón,Manchester United,Spain,Defender,26,78,81,1,82.0,57.0,74.0,77.0,75.0,70.0,3,3,17000000.0,Reguilón (Manchester United)
Y. Mvogo,Lorient,Switzerland,Goalkeeper,29,78,80,1,0.0,0.0,0.0,0.0,0.0,0.0,3,1,11500000.0,Y. Mvogo (Lorient)
B. Embolo,Monaco,Switzerland,Forward,26,78,80,2,81.0,77.0,70.0,75.0,51.0,83.0,4,3,17500000.0,B. Embolo (Monaco)
J. Andersen,Crystal Palace,Denmark,Defender,27,78,80,2,53.0,50.0,70.0,66.0,78.0,81.0,3,2,15000000.0,J. Andersen (Crystal Palace)
B. Henrichs,RB Leipzig,Germany,Defender,26,78,80,2,74.0,53.0,73.0,77.0,75.0,73.0,4,3,16000000.0,B. Henrichs (RB Leipzig)
D. Sow,Sevilla,Switzerland,Midfielder,26,78,80,2,79.0,69.0,75.0,77.0,75.0,78.0,4,3,17500000.0,D. Sow (Sevilla)
D. Doekhi,FC Union Berlin,Netherlands,Defender,25,78,80,1,64.0,42.0,59.0,65.0,78.0,82.0,3,2,15500000.0,D. Doekhi (FC Union Berlin)
T. Adams,AFC Bournemouth,United States,Midfielder,24,78,80,3,78.0,48.0,67.0,72.0,77.0,77.0,3,3,16500000.0,T. Adams (AFC Bournemouth)
N. Vlašić,Torino,Croatia,Forward,25,78,80,2,77.0,75.0,76.0,81.0,57.0,73.0,5,3,18000000.0,N. Vlašić (Torino)
Emerson Royal,Tottenham Hotspur,Brazil,Defender,24,78,80,2,72.0,62.0,71.0,73.0,75.0,77.0,3,3,17000000.0,Emerson Royal (Tottenham Hotspur)
A. Areola,West Ham United,France,Goalkeeper,30,78,79,2,0.0,0.0,0.0,0.0,0.0,0.0,3,1,10500000.0,A. Areola (West Ham United)
A. Webster,Brighton & Hove Albion,England,Defender,28,78,79,1,69.0,31.0,62.0,70.0,79.0,76.0,4,2,13500000.0,A. Webster (Brighton & Hove Albion)
S. Gigot,Olympique de Marseille,France,Defender,29,78,79,2,64.0,38.0,62.0,61.0,78.0,81.0,3,2,13000000.0,S. Gigot (Olympique de Marseille)
A. Sanabria,Torino,Paraguay,Forward,27,78,79,1,78.0,76.0,69.0,81.0,32.0,61.0,4,4,16500000.0,A. Sanabria (Torino)
R. Tapia,Celta de Vigo,Peru,Midfielder,27,78,79,1,68.0,66.0,71.0,69.0,79.0,84.0,4,3,14500000.0,R. Tapia (Celta de Vigo)
R. Henry,Brentford,England,Defender,25,78,79,1,89.0,41.0,62.0,75.0,74.0,72.0,2,3,15500000.0,R. Henry (Brentford)
Pedraza,Villarreal,Spain,Defender,27,78,79,1,80.0,72.0,72.0,75.0,74.0,75.0,2,3,15000000.0,Pedraza (Villarreal)
Arthur,Fiorentina,Brazil,Midfielder,26,78,79,2,65.0,65.0,79.0,84.0,71.0,66.0,3,4,16500000.0,Arthur (Fiorentina)
D. Lukébakio,Sevilla,Belgium,Midfielder,25,78,79,2,84.0,78.0,70.0,82.0,31.0,59.0,3,4,17000000.0,D. Lukébakio (Sevilla)
R. Orsolini,Bologna,Italy,Midfielder,26,78,79,2,79.0,75.0,74.0,82.0,39.0,65.0,4,4,16500000.0,R. Orsolini (Bologna)
M. Nzola,Fiorentina,Angola,Forward,26,78,79,1,89.0,75.0,60.0,75.0,29.0,82.0,4,3,17000000.0,M. Nzola (Fiorentina)
Vesga,Athletic Club,Spain,Midfielder,30,78,78,1,47.0,78.0,74.0,67.0,77.0,81.0,3,3,13500000.0,Vesga (Athletic Club)
Dante,Nice,Brazil,Defender,39,78,78,3,32.0,52.0,68.0,65.0,79.0,79.0,4,3,2500000.0,Dante (Nice)
Ó. Trejo,Rayo Vallecano,Argentina,Midfielder,35,78,78,2,67.0,76.0,78.0,82.0,70.0,76.0,4,3,6000000.0,Ó. Trejo (Rayo Vallecano)
E. Choupo-Moting,FC Bayern München,Cameroon,Forward,34,78,78,2,64.0,77.0,69.0,79.0,38.0,70.0,4,3,7000000.0,E. Choupo-Moting (FC Bayern München)
Guaita,Celta de Vigo,Spain,Goalkeeper,36,78,78,2,0.0,0.0,0.0,0.0,0.0,0.0,3,1,1600000.0,Guaita (Celta de Vigo)
M. Antonio,West Ham United,Jamaica,Forward,33,78,78,2,78.0,74.0,73.0,76.0,54.0,82.0,3,4,9000000.0,M. Antonio (West Ham United)
P. Groß,Brighton & Hove Albion,Germany,Midfielder,32,78,78,2,52.0,75.0,82.0,77.0,62.0,72.0,4,4,11000000.0,P. Groß (Brighton & Hove Albion)
S. El Shaarawy,Roma,Italy,Midfielder,30,78,78,3,86.0,75.0,75.0,79.0,49.0,63.0,3,4,13500000.0,S. El Shaarawy (Roma)
Alex Sandro,Juventus,Brazil,Defender,32,78,78,3,73.0,65.0,74.0,78.0,75.0,77.0,3,3,9500000.0,Alex Sandro (Juventus)
R. Pereyra,Udinese,Argentina,Midfielder,32,78,78,2,77.0,74.0,78.0,81.0,68.0,71.0,4,4,11000000.0,R. Pereyra (Udinese)
Aitor,Osasuna,Spain,Goalkeeper,32,78,78,1,0.0,0.0,0.0,0.0,0.0,0.0,2,1,7000000.0,Aitor (Osasuna)
Neto,AFC Bournemouth,Brazil,Goalkeeper,33,78,78,2,0.0,0.0,0.0,0.0,0.0,0.0,2,1,4600000.0,Neto (AFC Bournemouth)
F. Kainz,FC Köln,Austria,Midfielder,30,78,78,2,70.0,75.0,79.0,79.0,44.0,64.0,5,4,13500000.0,F. Kainz (FC Köln)
D. Lovren,Olympique Lyonnais,Croatia,Defender,33,78,78,3,55.0,40.0,60.0,62.0,79.0,78.0,4,2,6500000.0,D. Lovren (Olympique Lyonnais)
S. Aurier,Nottingham Forest,Côte d'Ivoire,Defender,30,78,78,2,69.0,62.0,74.0,74.0,76.0,74.0,3,3,12000000.0,S. Aurier (Nottingham Forest)
Dani Rodríguez,Mallorca,Spain,Midfielder,35,78,78,1,84.0,75.0,76.0,74.0,63.0,69.0,3,3,6000000.0,Dani Rodríguez (Mallorca)
Pablo Sarabia,Wolverhampton Wanderers,Spain,Midfielder,31,78,78,2,69.0,73.0,80.0,80.0,57.0,60.0,4,4,11500000.0,Pablo Sarabia (Wolverhampton Wanderers)
A. Marchesín,Celta de Vigo,Argentina,Goalkeeper,35,78,78,1,0.0,0.0,0.0,0.0,0.0,0.0,3,1,1600000.0,A. Marchesín (Celta de Vigo)
Ismaily,Lille,Brazil,Defender,33,78,78,2,80.0,64.0,73.0,78.0,73.0,75.0,2,4,7500000.0,Ismaily (Lille)
Gabriel Paulista,Valencia,Brazil,Defender,32,78,78,2,65.0,49.0,66.0,62.0,79.0,79.0,2,2,9000000.0,Gabriel Paulista (Valencia)
R. Freuler,Bologna,Switzerland,Midfielder,31,78,78,2,64.0,69.0,73.0,76.0,74.0,73.0,3,4,10000000.0,R. Freuler (Bologna)
Héctor Bellerín,Real Betis,Spain,Defender,28,78,78,3,81.0,51.0,70.0,76.0,74.0,64.0,2,3,12500000.0,Héctor Bellerín (Real Betis)
P. Gazzaniga,Girona,Argentina,Goalkeeper,31,78,78,1,0.0,0.0,0.0,0.0,0.0,0.0,3,1,7500000.0,P. Gazzaniga (Girona)
Fernando,Almería,Spain,Goalkeeper,33,78,78,1,0.0,0.0,0.0,0.0,0.0,0.0,2,1,4600000.0,Fernando (Almería)
J. Ward-Prowse,West Ham United,England,Midfielder,28,78,78,2,57.0,72.0,85.0,74.0,64.0,71.0,3,3,14000000.0,J. Ward-Prowse (West Ham United)
T. Stepanenko,Shakhtar Donetsk,Ukraine,Midfielder,33,78,78,1,65.0,62.0,71.0,68.0,76.0,79.0,3,3,7000000.0,T. Stepanenko (Shakhtar Donetsk)
Felipe,Nottingham Forest,Brazil,Defender,34,78,78,3,52.0,44.0,56.0,58.0,78.0,81.0,3,2,4600000.0,Felipe (Nottingham Forest)
S. Kolašinac,Atalanta,Bosnia and Herzegovina,Defender,30,78,78,2,69.0,63.0,67.0,68.0,76.0,84.0,2,2,11500000.0,S. Kolašinac (Atalanta)
J. Veltman,Brighton & Hove Albion,Netherlands,Defender,31,78,78,2,61.0,49.0,68.0,71.0,80.0,74.0,4,2,10000000.0,J. Veltman (Brighton & Hove Albion)
A. Belotti,Roma,Italy,Forward,29,78,78,3,73.0,76.0,58.0,76.0,38.0,82.0,5,3,14000000.0,A. Belotti (Roma)
A. Thomasson,Lens,France,Forward,29,78,78,2,69.0,74.0,78.0,80.0,65.0,70.0,4,4,14000000.0,A. Thomasson (Lens)
Rubén García,Osasuna,Spain,Midfielder,29,78,78,2,76.0,76.0,79.0,78.0,45.0,52.0,2,4,14000000.0,Rubén García (Osasuna)
P. Max,Eintracht Frankfurt,Germany,Defender,29,78,78,2,77.0,65.0,77.0,75.0,70.0,74.0,3,3,12500000.0,P. Max (Eintracht Frankfurt)
M. Lemina,Wolverhampton Wanderers,Gabon,Midfielder,29,78,78,2,68.0,67.0,75.0,75.0,75.0,77.0,4,3,12000000.0,M. Lemina (Wolverhampton Wanderers)
S. Azmoun,Roma,Iran,Forward,28,78,78,2,79.0,75.0,71.0,78.0,40.0,73.0,4,3,14500000.0,S. Azmoun (Roma)
G. Simeone,Napoli,Argentina,Forward,27,78,78,2,75.0,79.0,64.0,75.0,41.0,75.0,4,3,15000000.0,G. Simeone (Napoli)
M. Dahoud,Brighton & Hove Albion,Germany,Midfielder,27,78,78,2,67.0,68.0,77.0,83.0,66.0,68.0,4,4,15000000.0,M. Dahoud (Brighton & Hove Albion)
H. Hateboer,Atalanta,Netherlands,Defender,29,78,78,3,79.0,64.0,72.0,77.0,74.0,76.0,3,3,12500000.0,H. Hateboer (Atalanta)
Munir,Las Palmas,Morocco,Midfielder,27,78,78,1,75.0,78.0,77.0,80.0,35.0,62.0,3,4,15000000.0,Munir (Las Palmas)
M. Dúbravka,Newcastle United,Slovakia,Goalkeeper,34,78,78,2,0.0,0.0,0.0,0.0,0.0,0.0,2,1,2400000.0,M. Dúbravka (Newcastle United)
S. Benrahma,West Ham United,Algeria,Midfielder,27,78,78,2,74.0,75.0,75.0,82.0,40.0,57.0,4,4,15000000.0,S. Benrahma (West Ham United)
N. Keïta,Werder Bremen,Guinea,Midfielder,28,78,78,3,69.0,72.0,75.0,84.0,69.0,67.0,4,4,14000000.0,N. Keïta (Werder Bremen)
J. Gradit,Lens,France,Defender,30,78,78,1,71.0,29.0,63.0,69.0,78.0,79.0,2,2,11500000.0,J. Gradit (Lens)
Lee Jae Sung,FSV Mainz 05,Korea Republic,Midfielder,30,78,78,2,65.0,71.0,75.0,82.0,59.0,62.0,3,3,13500000.0,Lee Jae Sung (FSV Mainz 05)
R. Karsdorp,Roma,Netherlands,Midfielder,28,78,78,2,80.0,63.0,75.0,78.0,76.0,79.0,3,3,14000000.0,R. Karsdorp (Roma)
S. Becker,FC Union Berlin,Suriname,Forward,28,78,78,2,94.0,76.0,70.0,79.0,35.0,69.0,2,3,14500000.0,S. Becker (FC Union Berlin)
M. Wolf,Borussia Dortmund,Germany,Defender,28,78,78,2,81.0,71.0,73.0,75.0,72.0,79.0,4,3,12500000.0,M. Wolf (Borussia Dortmund)
Nélson Semedo,Wolverhampton Wanderers,Portugal,Defender,29,78,78,2,83.0,57.0,69.0,79.0,74.0,74.0,3,4,12500000.0,Nélson Semedo (Wolverhampton Wanderers)
R. Krunić,Milan,Bosnia and Herzegovina,Midfielder,29,78,78,1,67.0,72.0,77.0,78.0,74.0,73.0,3,3,13500000.0,R. Krunić (Milan)
S. Sensi,Inter,Italy,Midfielder,27,78,78,1,73.0,62.0,83.0,82.0,65.0,57.0,4,4,15000000.0,S. Sensi (Inter)
Gerson Armão,Internacional,Brazil,Defender,23,78,78,1,79.0,67.0,71.0,71.0,74.0,79.0,5,3,15000000.0,Gerson Armão (Internacional)
Wellington Sabrão,Flamengo,Brazil,Defender,35,78,78,1,92.0,56.0,68.0,73.0,72.0,70.0,3,2,4300000.0,Wellington Sabrão (Flamengo)
Zervandro,Internacional,Brazil,Defender,23,78,78,1,68.0,48.0,60.0,54.0,79.0,74.0,3,2,14000000.0,Zervandro (Internacional)
Pedrão Tofico,Flamengo,Brazil,Defender,27,78,78,1,58.0,29.0,63.0,58.0,77.0,85.0,3,2,13000000.0,Pedrão Tofico (Flamengo)
Hediselton,Bragantino,Brazil,Defender,23,78,78,1,78.0,71.0,71.0,76.0,74.0,74.0,3,4,15000000.0,Hediselton (Bragantino)
Vieirundinho,Santos,Brazil,Defender,35,78,78,1,59.0,39.0,53.0,57.0,80.0,82.0,2,2,3700000.0,Vieirundinho (Santos)
Albertinho Dutra,São Paulo,Brazil,Forward,31,78,78,1,81.0,72.0,81.0,80.0,23.0,50.0,3,4,11500000.0,Albertinho Dutra (São Paulo)
Guilson Paiva,Flamengo,Brazil,Midfielder,27,78,78,1,83.0,69.0,75.0,78.0,42.0,69.0,4,3,15000000.0,Guilson Paiva (Flamengo)
Arturo Inálcio,Flamengo,Brazil,Midfielder,23,78,78,1,83.0,72.0,75.0,78.0,52.0,48.0,3,2,16000000.0,Arturo Inálcio (Flamengo)
Fredditinho,Palmeiras,Brazil,Forward,35,78,78,1,73.0,80.0,63.0,74.0,39.0,77.0,1,2,6000000.0,Fredditinho (Palmeiras)
Jason Bardeira,Corinthians,Brazil,Forward,23,78,78,1,73.0,82.0,62.0,70.0,31.0,75.0,3,2,16500000.0,Jason Bardeira (Corinthians)
Jonatão Praz,Flamengo,Brazil,Forward,23,78,78,1,78.0,69.0,77.0,79.0,45.0,54.0,4,4,16000000.0,Jonatão Praz (Flamengo)
R. Malinovskyi,Genoa,Ukraine,Forward,30,78,78,3,74.0,79.0,80.0,78.0,64.0,80.0,4,4,14000000.0,R. Malinovskyi (Genoa)
J. Ito,Stade de Reims,Japan,Midfielder,30,78,78,2,88.0,70.0,73.0,78.0,58.0,68.0,4,4,13500000.0,J. Ito (Stade de Reims)
A. Barák,Fiorentina,Czech Republic,Midfielder,28,78,78,1,73.0,77.0,79.0,80.0,65.0,75.0,3,4,14000000.0,A. Barák (Fiorentina)
N. Maksimović,Getafe,Serbia,Midfielder,28,78,78,1,47.0,72.0,74.0,73.0,77.0,76.0,3,3,14000000.0,N. Maksimović (Getafe)
Junior Messias,Genoa,Brazil,Midfielder,32,78,78,1,82.0,73.0,73.0,81.0,49.0,60.0,3,3,11000000.0,Junior Messias (Genoa)
Luis Milla,Getafe,Spain,Midfielder,28,78,78,2,68.0,72.0,77.0,74.0,75.0,73.0,3,3,14000000.0,Luis Milla (Getafe)
V. Coufal,West Ham United,Czech Republic,Defender,30,78,78,2,65.0,56.0,72.0,73.0,77.0,80.0,3,3,12000000.0,V. Coufal (West Ham United)
A. Espino,Rayo Vallecano,Uruguay,Defender,31,78,78,2,87.0,63.0,68.0,73.0,75.0,82.0,3,3,10000000.0,A. Espino (Rayo Vallecano)
M. Uzuni,Granada,Albania,Forward,28,78,78,1,82.0,79.0,70.0,81.0,32.0,65.0,3,4,14500000.0,M. Uzuni (Granada)
A. Güler,Real Madrid,Turkey,Midfielder,18,77,88,1,72.0,70.0,80.0,81.0,52.0,50.0,3,4,22000000.0,A. Güler (Real Madrid)
Y. Moukoko,Borussia Dortmund,Germany,Forward,18,77,87,2,80.0,75.0,59.0,80.0,34.0,65.0,4,4,22500000.0,Y. Moukoko (Borussia Dortmund)
F. Parisi,Fiorentina,Italy,Defender,22,77,87,1,80.0,67.0,70.0,77.0,72.0,75.0,3,2,22500000.0,F. Parisi (Fiorentina)
N. Fagioli,Juventus,Italy,Midfielder,22,77,87,1,76.0,63.0,78.0,79.0,70.0,70.0,4,4,23500000.0,N. Fagioli (Juventus)
T. Baldanzi,Empoli,Italy,Midfielder,20,77,87,1,78.0,73.0,73.0,79.0,41.0,50.0,3,3,23000000.0,T. Baldanzi (Empoli)
A. Buongiorno,Torino,Italy,Defender,24,77,86,1,66.0,45.0,69.0,64.0,79.0,74.0,3,2,22000000.0,A. Buongiorno (Torino)
N. Rovella,Lazio,Italy,Midfielder,21,77,86,1,77.0,63.0,76.0,77.0,74.0,71.0,4,3,23500000.0,N. Rovella (Lazio)
D. Udogie,Tottenham Hotspur,Italy,Defender,20,77,86,1,88.0,63.0,68.0,76.0,70.0,77.0,3,3,22000000.0,D. Udogie (Tottenham Hotspur)
H. Elliott,Liverpool,England,Midfielder,20,77,85,1,75.0,64.0,75.0,81.0,46.0,52.0,4,4,23000000.0,H. Elliott (Liverpool)
J. Doku,Manchester City,Belgium,Midfielder,21,77,85,3,91.0,67.0,68.0,82.0,25.0,65.0,3,4,23500000.0,J. Doku (Manchester City)
A. Hložek,Bayer 04 Leverkusen,Czech Republic,Forward,20,77,85,1,76.0,77.0,73.0,77.0,31.0,79.0,4,3,23500000.0,A. Hložek (Bayer 04 Leverkusen)
K. Koné,Borussia Mönchengladbach,France,Midfielder,22,77,85,2,73.0,70.0,74.0,82.0,69.0,75.0,3,4,23500000.0,K. Koné (Borussia Mönchengladbach)
Riquelme,Atlético Madrid,Spain,Midfielder,23,77,85,1,78.0,75.0,74.0,80.0,38.0,50.0,3,3,23500000.0,Riquelme (Atlético Madrid)
N. Madueke,Chelsea,England,Forward,21,77,85,1,90.0,71.0,68.0,82.0,35.0,62.0,4,4,23500000.0,N. Madueke (Chelsea)
M. Thiaw,Milan,Germany,Defender,21,77,85,1,74.0,47.0,61.0,65.0,77.0,75.0,4,2,22000000.0,M. Thiaw (Milan)
Rodri,Real Betis,Spain,Midfielder,23,77,85,1,74.0,73.0,75.0,79.0,38.0,53.0,4,3,23500000.0,Rodri (Real Betis)
C. Lukeba,RB Leipzig,France,Defender,20,77,85,2,78.0,43.0,67.0,71.0,78.0,76.0,2,2,21500000.0,C. Lukeba (RB Leipzig)
Luiz Henrique,Real Betis,Brazil,Midfielder,22,77,85,1,83.0,70.0,69.0,81.0,53.0,65.0,4,4,23500000.0,Luiz Henrique (Real Betis)
M. Retegui,Genoa,Italy,Forward,24,77,84,1,74.0,77.0,64.0,70.0,36.0,77.0,3,3,21500000.0,M. Retegui (Genoa)
M. Shaparenko,Dynamo Kyiv,Ukraine,Midfielder,24,77,84,1,77.0,72.0,77.0,78.0,65.0,69.0,3,3,21000000.0,M. Shaparenko (Dynamo Kyiv)
E. Le Fée,Rennes,France,Midfielder,23,77,84,2,60.0,56.0,78.0,79.0,62.0,50.0,3,4,21000000.0,E. Le Fée (Rennes)
F. Nmecha,Borussia Dortmund,Germany,Midfielder,22,77,84,1,82.0,68.0,72.0,79.0,70.0,74.0,3,4,21500000.0,F. Nmecha (Borussia Dortmund)
Samuel Lino,Atlético Madrid,Brazil,Midfielder,23,77,84,1,82.0,70.0,69.0,78.0,32.0,65.0,3,3,21000000.0,Samuel Lino (Atlético Madrid)
L. Badé,Sevilla,France,Defender,23,77,84,1,55.0,45.0,56.0,63.0,77.0,77.0,3,2,19500000.0,L. Badé (Sevilla)
A. Adli,Bayer 04 Leverkusen,France,Forward,23,77,84,1,81.0,75.0,69.0,82.0,41.0,68.0,3,4,21500000.0,A. Adli (Bayer 04 Leverkusen)
Vanderson,Monaco,Brazil,Defender,22,77,84,2,78.0,62.0,74.0,76.0,72.0,71.0,3,3,20500000.0,Vanderson (Monaco)
Y. Diouf,Stade de Reims,France,Goalkeeper,23,77,83,1,0.0,0.0,0.0,0.0,0.0,0.0,3,1,13500000.0,Y. Diouf (Stade de Reims)
M. Gibbs-White,Nottingham Forest,England,Midfielder,23,77,83,1,75.0,72.0,75.0,79.0,57.0,69.0,2,4,16500000.0,M. Gibbs-White (Nottingham Forest)
N. Domínguez,Nottingham Forest,Argentina,Midfielder,25,77,83,1,75.0,66.0,71.0,76.0,72.0,77.0,5,3,15000000.0,N. Domínguez (Nottingham Forest)
Miranda,Real Betis,Spain,Defender,23,77,83,1,79.0,62.0,72.0,75.0,73.0,66.0,3,3,15500000.0,Miranda (Real Betis)
C. Jones,Liverpool,England,Midfielder,22,77,83,1,68.0,68.0,73.0,79.0,68.0,72.0,4,4,17000000.0,C. Jones (Liverpool)
J. Lindstrøm,Napoli,Denmark,Midfielder,23,77,83,2,86.0,73.0,70.0,81.0,43.0,64.0,3,4,16500000.0,J. Lindstrøm (Napoli)
Bryan Gil,Tottenham Hotspur,Spain,Forward,22,77,83,1,75.0,67.0,74.0,81.0,31.0,41.0,3,3,17000000.0,Bryan Gil (Tottenham Hotspur)
Thierry Correia,Valencia,Portugal,Defender,24,77,83,1,90.0,49.0,68.0,75.0,72.0,70.0,4,3,15500000.0,Thierry Correia (Valencia)
Fábio Vieira,Arsenal,Portugal,Midfielder,23,77,83,1,74.0,71.0,77.0,77.0,40.0,53.0,3,3,16500000.0,Fábio Vieira (Arsenal)
T. Adarabioyo,Fulham,England,Defender,25,77,82,1,73.0,31.0,57.0,62.0,77.0,77.0,3,2,14000000.0,T. Adarabioyo (Fulham)
C. Montes,Almería,Mexico,Defender,26,77,82,1,59.0,46.0,63.0,66.0,78.0,80.0,3,2,14000000.0,C. Montes (Almería)
L. Nmecha,VfL Wolfsburg,Germany,Forward,24,77,82,2,78.0,77.0,66.0,77.0,40.0,78.0,4,3,16000000.0,L. Nmecha (VfL Wolfsburg)
T. Chalobah,Chelsea,England,Defender,23,77,82,1,64.0,47.0,65.0,68.0,78.0,77.0,3,3,14500000.0,T. Chalobah (Chelsea)
J. Kluivert,AFC Bournemouth,Netherlands,Midfielder,24,77,82,1,88.0,73.0,71.0,79.0,38.0,63.0,4,4,16000000.0,J. Kluivert (AFC Bournemouth)
S. Bueno,Wolverhampton Wanderers,Uruguay,Defender,24,77,82,1,50.0,31.0,55.0,56.0,78.0,78.0,3,2,14500000.0,S. Bueno (Wolverhampton Wanderers)
O. Skipp,Tottenham Hotspur,England,Midfielder,22,77,82,1,64.0,47.0,68.0,71.0,75.0,71.0,3,2,15000000.0,O. Skipp (Tottenham Hotspur)
S. Diop,Nice,France,Midfielder,23,77,82,2,70.0,71.0,75.0,81.0,54.0,53.0,3,4,16000000.0,S. Diop (Nice)
M. Solomon,Tottenham Hotspur,Israel,Forward,23,77,82,1,83.0,72.0,75.0,81.0,43.0,58.0,4,4,16000000.0,M. Solomon (Tottenham Hotspur)
Éderson,Atalanta,Brazil,Midfielder,23,77,82,1,70.0,66.0,73.0,78.0,71.0,73.0,3,3,16000000.0,Éderson (Atalanta)
L. Jović,Milan,Serbia,Forward,25,77,81,1,70.0,76.0,68.0,76.0,29.0,71.0,5,3,15000000.0,L. Jović (Milan)
Dodô,Fiorentina,Brazil,Defender,24,77,81,1,87.0,59.0,73.0,78.0,71.0,72.0,3,3,14000000.0,Dodô (Fiorentina)
Pedro Neto,Wolverhampton Wanderers,Portugal,Midfielder,23,77,81,1,84.0,74.0,70.0,79.0,31.0,59.0,4,4,15000000.0,Pedro Neto (Wolverhampton Wanderers)
Unai Núñez,Celta de Vigo,Spain,Defender,26,77,81,1,69.0,24.0,51.0,51.0,77.0,78.0,2,2,13000000.0,Unai Núñez (Celta de Vigo)
P. Gueye,Olympique de Marseille,Senegal,Midfielder,24,77,81,1,61.0,59.0,71.0,69.0,75.0,77.0,3,2,15000000.0,P. Gueye (Olympique de Marseille)
Luís Maximiano,Almería,Portugal,Goalkeeper,24,77,81,1,0.0,0.0,0.0,0.0,0.0,0.0,2,1,12000000.0,Luís Maximiano (Almería)
T. Moffi,Nice,Nigeria,Forward,24,77,81,2,91.0,77.0,54.0,72.0,25.0,77.0,3,2,15500000.0,T. Moffi (Nice)
A. Theate,Rennes,Belgium,Defender,23,77,81,1,71.0,40.0,55.0,59.0,78.0,80.0,3,2,13500000.0,A. Theate (Rennes)
L. Montipò,Hellas Verona,Italy,Goalkeeper,27,77,80,1,0.0,0.0,0.0,0.0,0.0,0.0,3,1,10500000.0,L. Montipò (Hellas Verona)
M. Valjent,Mallorca,Slovakia,Defender,27,77,80,2,63.0,36.0,59.0,65.0,77.0,83.0,2,2,12000000.0,M. Valjent (Mallorca)
D. van de Beek,Manchester United,Netherlands,Midfielder,26,77,80,3,65.0,77.0,74.0,76.0,70.0,70.0,3,3,13500000.0,D. van de Beek (Manchester United)
D. Calvert-Lewin,Everton,England,Forward,26,77,80,2,78.0,75.0,64.0,72.0,39.0,76.0,3,3,14000000.0,D. Calvert-Lewin (Everton)
S. Posch,Bologna,Austria,Defender,26,77,80,2,78.0,29.0,58.0,46.0,81.0,75.0,3,2,12500000.0,S. Posch (Bologna)
M. Schwäbe,FC Köln,Germany,Goalkeeper,28,77,80,2,0.0,0.0,0.0,0.0,0.0,0.0,3,1,9500000.0,M. Schwäbe (FC Köln)
L. Tousart,FC Union Berlin,France,Midfielder,26,77,80,2,62.0,56.0,65.0,69.0,77.0,84.0,3,2,12500000.0,L. Tousart (FC Union Berlin)
L. Martínez Quarta,Fiorentina,Argentina,Defender,27,77,80,2,63.0,56.0,69.0,70.0,76.0,79.0,3,3,12000000.0,L. Martínez Quarta (Fiorentina)
T. Awoniyi,Nottingham Forest,Nigeria,Forward,25,77,80,1,77.0,76.0,59.0,70.0,32.0,81.0,2,3,14000000.0,T. Awoniyi (Nottingham Forest)
U. Sadiq,Real Sociedad,Nigeria,Forward,26,77,80,2,83.0,76.0,60.0,72.0,30.0,76.0,3,3,14000000.0,U. Sadiq (Real Sociedad)
Rafa Mir,Sevilla,Spain,Forward,26,77,80,2,78.0,77.0,66.0,72.0,45.0,79.0,3,3,14000000.0,Rafa Mir (Sevilla)
K. Itakura,Borussia Mönchengladbach,Japan,Defender,26,77,80,2,73.0,45.0,59.0,70.0,79.0,77.0,4,3,12000000.0,K. Itakura (Borussia Mönchengladbach)
J. Ikoné,Fiorentina,France,Forward,25,77,80,3,89.0,67.0,72.0,83.0,35.0,61.0,3,4,14000000.0,J. Ikoné (Fiorentina)
T. Hübers,FC Köln,Germany,Defender,26,77,80,2,76.0,40.0,56.0,59.0,79.0,75.0,4,2,12000000.0,T. Hübers (FC Köln)
C. Kouamé,Fiorentina,Côte d'Ivoire,Forward,25,77,80,1,82.0,72.0,68.0,77.0,40.0,73.0,4,3,14000000.0,C. Kouamé (Fiorentina)
Melendo,Granada,Spain,Midfielder,25,77,80,1,80.0,68.0,78.0,78.0,60.0,60.0,2,4,14000000.0,Melendo (Granada)
R. Faivre,Lorient,France,Midfielder,24,77,80,2,72.0,73.0,76.0,79.0,62.0,67.0,3,4,14500000.0,R. Faivre (Lorient)
C. Lenglet,Aston Villa,France,Defender,28,77,79,2,66.0,45.0,69.0,64.0,77.0,75.0,4,2,10500000.0,C. Lenglet (Aston Villa)
Y. Mina,Fiorentina,Colombia,Defender,28,77,79,2,37.0,54.0,58.0,57.0,77.0,73.0,3,2,10500000.0,Y. Mina (Fiorentina)
N. Elvedi,Borussia Mönchengladbach,Switzerland,Defender,26,77,79,2,69.0,39.0,64.0,66.0,78.0,78.0,3,2,11500000.0,N. Elvedi (Borussia Mönchengladbach)
N. Amiri,Bayer 04 Leverkusen,Germany,Midfielder,26,77,79,2,67.0,72.0,77.0,81.0,55.0,68.0,3,4,13000000.0,N. Amiri (Bayer 04 Leverkusen)
M. Niakhaté,Nottingham Forest,Senegal,Defender,27,77,79,2,75.0,42.0,63.0,65.0,78.0,77.0,3,2,11000000.0,M. Niakhaté (Nottingham Forest)
J. Ryerson,Borussia Dortmund,Norway,Defender,25,77,79,2,74.0,60.0,68.0,75.0,73.0,80.0,4,2,12000000.0,J. Ryerson (Borussia Dortmund)
M. Turner,Nottingham Forest,United States,Goalkeeper,29,77,79,1,0.0,0.0,0.0,0.0,0.0,0.0,2,1,8500000.0,M. Turner (Nottingham Forest)
Domingos Duarte,Getafe,Portugal,Defender,28,77,79,1,47.0,35.0,58.0,52.0,78.0,78.0,3,2,10500000.0,Domingos Duarte (Getafe)
M. Munetsi,Stade de Reims,Zimbabwe,Midfielder,27,77,79,2,68.0,69.0,69.0,70.0,73.0,80.0,3,3,11500000.0,M. Munetsi (Stade de Reims)
S. Kalajdžić,Wolverhampton Wanderers,Austria,Forward,25,77,79,2,55.0,75.0,68.0,72.0,46.0,71.0,3,3,13500000.0,S. Kalajdžić (Wolverhampton Wanderers)
Andreas Pereira,Fulham,Brazil,Midfielder,27,77,78,1,76.0,75.0,78.0,78.0,66.0,69.0,4,4,12000000.0,Andreas Pereira (Fulham)
R. Loftus-Cheek,Milan,England,Midfielder,27,77,78,1,65.0,68.0,75.0,78.0,67.0,75.0,3,4,12000000.0,R. Loftus-Cheek (Milan)
A. Miranchuk,Atalanta,Russia,Forward,27,77,78,1,72.0,72.0,76.0,80.0,31.0,61.0,2,3,12500000.0,A. Miranchuk (Atalanta)
G. Maripán,Monaco,Chile,Defender,29,77,78,2,32.0,42.0,58.0,53.0,78.0,79.0,2,2,9500000.0,G. Maripán (Monaco)
P. Billing,AFC Bournemouth,Denmark,Midfielder,27,77,78,1,59.0,78.0,73.0,75.0,71.0,81.0,3,3,12000000.0,P. Billing (AFC Bournemouth)
L. Boyé,Granada,Argentina,Forward,27,77,78,1,69.0,76.0,64.0,79.0,49.0,81.0,2,4,12500000.0,L. Boyé (Granada)
T. Castagne,Fulham,Belgium,Defender,27,77,78,1,73.0,56.0,71.0,75.0,74.0,71.0,3,3,11000000.0,T. Castagne (Fulham)
Guruzeta,Athletic Club,Spain,Forward,26,77,78,1,72.0,76.0,68.0,76.0,42.0,74.0,4,3,12500000.0,Guruzeta (Athletic Club)
Ç. Söyüncü,Atlético Madrid,Turkey,Defender,27,77,78,1,69.0,46.0,59.0,64.0,76.0,78.0,4,2,10500000.0,Ç. Söyüncü (Atlético Madrid)
K. Tsimikas,Liverpool,Greece,Defender,27,77,78,1,80.0,56.0,72.0,75.0,72.0,75.0,3,3,11000000.0,K. Tsimikas (Liverpool)
Gabriel Strefezza,Lecce,Brazil,Forward,26,77,78,1,82.0,68.0,75.0,79.0,29.0,50.0,3,3,12500000.0,Gabriel Strefezza (Lecce)
S. Lukić,Fulham,Serbia,Midfielder,26,77,78,1,59.0,68.0,77.0,78.0,68.0,72.0,3,3,12500000.0,S. Lukić (Fulham)
M. Gómez,Cádiz,Uruguay,Forward,26,77,78,1,63.0,78.0,68.0,72.0,32.0,82.0,3,3,12500000.0,M. Gómez (Cádiz)
De Frutos,Rayo Vallecano,Spain,Midfielder,26,77,78,1,83.0,72.0,74.0,78.0,41.0,64.0,4,4,12500000.0,De Frutos (Rayo Vallecano)
Pepe Reina,Villarreal,Spain,Goalkeeper,40,77,77,3,0.0,0.0,0.0,0.0,0.0,0.0,3,1,1200000.0,Pepe Reina (Villarreal)
J. Milner,Brighton & Hove Albion,England,Midfielder,37,77,77,2,53.0,70.0,79.0,76.0,76.0,75.0,4,3,3300000.0,J. Milner (Brighton & Hove Albion)
Raúl García,Athletic Club,Spain,Forward,36,77,77,2,33.0,80.0,81.0,75.0,59.0,83.0,3,3,3600000.0,Raúl García (Athletic Club)
Willian,Fulham,Brazil,Midfielder,34,77,77,3,72.0,77.0,77.0,81.0,49.0,55.0,4,4,4900000.0,Willian (Fulham)
C. Stuani,Girona,Uruguay,Forward,36,77,77,2,66.0,80.0,69.0,70.0,48.0,84.0,3,4,3600000.0,C. Stuani (Girona)
A. Budimir,Osasuna,Croatia,Forward,31,77,77,2,59.0,77.0,49.0,74.0,35.0,77.0,4,3,9000000.0,A. Budimir (Osasuna)
A. Cresswell,West Ham United,England,Defender,33,77,77,2,58.0,60.0,75.0,75.0,77.0,67.0,3,3,5500000.0,A. Cresswell (West Ham United)
Ł. Skorupski,Bologna,Poland,Goalkeeper,32,77,77,2,0.0,0.0,0.0,0.0,0.0,0.0,2,1,5000000.0,Ł. Skorupski (Bologna)
D. Blind,Girona,Netherlands,Defender,33,77,77,3,35.0,62.0,80.0,78.0,81.0,66.0,3,3,5000000.0,D. Blind (Girona)
Jaume Costa,Mallorca,Spain,Defender,35,77,77,1,70.0,61.0,70.0,72.0,76.0,68.0,3,3,3200000.0,Jaume Costa (Mallorca)
C. Trimmel,FC Union Berlin,Austria,Defender,36,77,77,2,70.0,65.0,74.0,68.0,75.0,81.0,3,3,2300000.0,C. Trimmel (FC Union Berlin)
I. Gueye,Everton,Senegal,Midfielder,33,77,77,2,61.0,60.0,66.0,72.0,80.0,70.0,3,3,5000000.0,I. Gueye (Everton)
C. Dawson,Wolverhampton Wanderers,England,Defender,33,77,77,2,44.0,47.0,59.0,55.0,80.0,76.0,2,2,5000000.0,C. Dawson (Wolverhampton Wanderers)
D. Ings,West Ham United,England,Forward,30,77,77,1,70.0,80.0,69.0,75.0,45.0,68.0,3,3,10500000.0,D. Ings (West Ham United)
Y. Rakitskyi,Shakhtar Donetsk,Ukraine,Defender,33,77,77,2,64.0,67.0,76.0,69.0,77.0,80.0,3,3,5000000.0,Y. Rakitskyi (Shakhtar Donetsk)
M. Ducksch,Werder Bremen,Germany,Forward,29,77,77,1,69.0,78.0,76.0,73.0,34.0,70.0,3,3,10500000.0,M. Ducksch (Werder Bremen)
F. Lejeune,Rayo Vallecano,France,Defender,32,77,77,2,48.0,57.0,63.0,64.0,77.0,70.0,3,2,7000000.0,F. Lejeune (Rayo Vallecano)
N. Redmond,Burnley,England,Midfielder,29,77,77,2,84.0,75.0,70.0,81.0,30.0,60.0,3,4,10500000.0,N. Redmond (Burnley)
D. D'Ambrosio,Monza,Italy,Defender,34,77,77,2,65.0,56.0,67.0,71.0,78.0,75.0,3,3,3400000.0,D. D'Ambrosio (Monza)
M. Riemann,VfL Bochum 1848,Germany,Goalkeeper,34,77,77,2,0.0,0.0,0.0,0.0,0.0,0.0,5,1,1800000.0,M. Riemann (VfL Bochum 1848)
J. Draxler,Paris Saint Germain,Germany,Forward,29,77,77,3,72.0,75.0,77.0,80.0,58.0,64.0,5,4,10500000.0,J. Draxler (Paris Saint Germain)
E. Dier,Tottenham Hotspur,England,Defender,29,77,77,2,51.0,63.0,68.0,63.0,76.0,81.0,2,2,9000000.0,E. Dier (Tottenham Hotspur)
G. Caprari,Monza,Italy,Forward,29,77,77,2,84.0,75.0,76.0,82.0,33.0,54.0,4,3,10500000.0,G. Caprari (Monza)
R. Knoche,FC Union Berlin,Germany,Defender,31,77,77,2,34.0,42.0,54.0,50.0,81.0,75.0,4,2,7000000.0,R. Knoche (FC Union Berlin)
I. Balliu,Rayo Vallecano,Albania,Defender,31,77,77,1,81.0,51.0,70.0,74.0,72.0,71.0,3,3,7500000.0,I. Balliu (Rayo Vallecano)
D. Suárez,Getafe,Uruguay,Defender,35,77,77,1,69.0,69.0,72.0,73.0,76.0,75.0,3,3,3200000.0,D. Suárez (Getafe)
C. Kramer,Borussia Mönchengladbach,Germany,Midfielder,32,77,77,2,48.0,52.0,71.0,72.0,75.0,75.0,3,3,7000000.0,C. Kramer (Borussia Mönchengladbach)
J. Blaswich,RB Leipzig,Germany,Goalkeeper,32,77,77,1,0.0,0.0,0.0,0.0,0.0,0.0,3,1,5000000.0,J. Blaswich (RB Leipzig)
B. Davies,Tottenham Hotspur,Wales,Defender,30,77,77,2,64.0,58.0,72.0,72.0,78.0,72.0,3,3,8500000.0,B. Davies (Tottenham Hotspur)
J. Ferri,Montpellier,France,Midfielder,31,77,77,2,53.0,65.0,76.0,74.0,70.0,75.0,2,3,7500000.0,J. Ferri (Montpellier)
A. Plea,Borussia Mönchengladbach,France,Midfielder,30,77,77,2,70.0,76.0,79.0,78.0,39.0,73.0,3,4,10000000.0,A. Plea (Borussia Mönchengladbach)
Y. Abdelhamid,Stade de Reims,Morocco,Defender,35,77,77,2,32.0,33.0,57.0,60.0,78.0,80.0,3,2,2800000.0,Y. Abdelhamid (Stade de Reims)
Manu Trigueros,Villarreal,Spain,Midfielder,31,77,77,2,45.0,73.0,78.0,74.0,72.0,64.0,4,4,8500000.0,Manu Trigueros (Villarreal)
M. Weiser,Werder Bremen,Germany,Defender,29,77,77,2,82.0,63.0,74.0,80.0,69.0,68.0,4,4,9500000.0,M. Weiser (Werder Bremen)
L. Paredes,Roma,Argentina,Midfielder,29,77,77,3,62.0,64.0,81.0,79.0,71.0,75.0,4,4,10500000.0,L. Paredes (Roma)
M. Keane,Everton,England,Defender,30,77,77,2,52.0,49.0,63.0,61.0,79.0,77.0,3,2,8500000.0,M. Keane (Everton)
A. Doucouré,Everton,Mali,Midfielder,30,77,77,2,66.0,76.0,70.0,75.0,76.0,80.0,3,3,10000000.0,A. Doucouré (Everton)
Lucas Torró,Osasuna,Spain,Midfielder,28,77,77,1,46.0,63.0,69.0,68.0,75.0,75.0,3,2,9500000.0,Lucas Torró (Osasuna)
B. Djimsiti,Atalanta,Albania,Defender,30,77,77,1,69.0,39.0,59.0,48.0,78.0,80.0,3,2,8500000.0,B. Djimsiti (Atalanta)
A. Januzaj,Sevilla,Belgium,Forward,28,77,77,2,76.0,71.0,77.0,82.0,30.0,58.0,4,4,10500000.0,A. Januzaj (Sevilla)
Clinton Mata,Olympique Lyonnais,Angola,Defender,30,77,77,1,81.0,61.0,68.0,74.0,75.0,78.0,3,3,9000000.0,Clinton Mata (Olympique Lyonnais)
D. Machís,Cádiz,Venezuela,Midfielder,30,77,77,2,86.0,76.0,72.0,82.0,38.0,67.0,4,4,10000000.0,D. Machís (Cádiz)
C. Nørgaard,Brentford,Denmark,Midfielder,29,77,77,1,57.0,60.0,69.0,69.0,76.0,79.0,3,3,9000000.0,C. Nørgaard (Brentford)
Emerson,West Ham United,Italy,Defender,28,77,77,2,76.0,63.0,75.0,78.0,73.0,64.0,2,3,9500000.0,Emerson (West Ham United)
D. Cataldi,Lazio,Italy,Midfielder,28,77,77,2,72.0,71.0,77.0,78.0,73.0,73.0,4,3,9500000.0,D. Cataldi (Lazio)
André Gomes,Everton,Portugal,Midfielder,29,77,77,2,45.0,67.0,76.0,75.0,72.0,76.0,4,4,9000000.0,André Gomes (Everton)
D. Kohr,FSV Mainz 05,Germany,Midfielder,29,77,77,2,83.0,63.0,63.0,71.0,78.0,82.0,3,3,9000000.0,D. Kohr (FSV Mainz 05)
Y. Gerhardt,VfL Wolfsburg,Germany,Midfielder,29,77,77,2,67.0,70.0,74.0,75.0,71.0,76.0,3,3,10500000.0,Y. Gerhardt (VfL Wolfsburg)
Diego Llorente,Roma,Spain,Defender,29,77,77,2,66.0,40.0,63.0,68.0,76.0,77.0,3,2,9000000.0,Diego Llorente (Roma)
J. Lerma,Crystal Palace,Colombia,Midfielder,28,77,77,1,68.0,67.0,68.0,72.0,76.0,79.0,4,3,9500000.0,J. Lerma (Crystal Palace)
J. Mojica,Osasuna,Colombia,Defender,30,77,77,1,88.0,65.0,73.0,72.0,72.0,70.0,2,3,9000000.0,J. Mojica (Osasuna)
J. Correa,Olympique de Marseille,Argentina,Forward,28,77,77,1,68.0,73.0,74.0,83.0,40.0,65.0,4,4,11000000.0,J. Correa (Olympique de Marseille)
S. Guirassy,VfB Stuttgart,Guinea,Forward,27,77,77,2,65.0,77.0,66.0,76.0,38.0,77.0,3,3,11500000.0,S. Guirassy (VfB Stuttgart)
A. Petagna,Cagliari,Italy,Forward,28,77,77,2,58.0,76.0,68.0,75.0,34.0,79.0,3,3,11000000.0,A. Petagna (Cagliari)
Y. Sabaly,Real Betis,Senegal,Defender,30,77,77,2,78.0,54.0,65.0,74.0,74.0,71.0,3,3,9000000.0,Y. Sabaly (Real Betis)
M. Sportiello,Milan,Italy,Goalkeeper,31,77,77,2,0.0,0.0,0.0,0.0,0.0,0.0,2,1,5500000.0,M. Sportiello (Milan)
I. Bebou,TSG Hoffenheim,Togo,Forward,29,77,77,2,87.0,75.0,68.0,79.0,34.0,64.0,3,4,10500000.0,I. Bebou (TSG Hoffenheim)
D. Djené,Getafe,Togo,Defender,31,77,77,2,68.0,38.0,61.0,62.0,78.0,77.0,4,2,7000000.0,D. Djené (Getafe)
G. Escalante,Cádiz,Argentina,Midfielder,30,77,77,1,60.0,73.0,74.0,74.0,75.0,74.0,3,3,10000000.0,G. Escalante (Cádiz)
B. Santamaria,Rennes,France,Midfielder,28,77,77,2,42.0,65.0,72.0,74.0,73.0,73.0,2,3,9500000.0,B. Santamaria (Rennes)
M. Vecino,Lazio,Uruguay,Midfielder,31,77,77,2,60.0,72.0,74.0,76.0,77.0,81.0,3,3,8500000.0,M. Vecino (Lazio)
Diego Rico,Getafe,Spain,Defender,30,77,77,1,73.0,55.0,73.0,71.0,76.0,74.0,2,2,9000000.0,Diego Rico (Getafe)
F. Cervi,Celta de Vigo,Argentina,Midfielder,29,77,77,1,88.0,67.0,72.0,80.0,55.0,53.0,3,4,10500000.0,F. Cervi (Celta de Vigo)
W. Weghorst,TSG Hoffenheim,Netherlands,Forward,30,77,77,2,56.0,76.0,61.0,68.0,58.0,88.0,3,2,10500000.0,W. Weghorst (TSG Hoffenheim)
J. Bamba,Celta de Vigo,France,Midfielder,27,77,77,2,83.0,73.0,73.0,79.0,39.0,67.0,4,4,11000000.0,J. Bamba (Celta de Vigo)
Pablo Fornals,West Ham United,Spain,Midfielder,27,77,77,2,64.0,71.0,78.0,77.0,69.0,71.0,3,4,11000000.0,Pablo Fornals (West Ham United)
F. Sotoca,Lens,France,Forward,32,77,77,1,73.0,75.0,74.0,73.0,50.0,81.0,3,3,8500000.0,F. Sotoca (Lens)
Leander Baia,Atlético Mineiro,Brazil,Defender,35,77,77,1,76.0,48.0,69.0,75.0,74.0,70.0,3,3,3200000.0,Leander Baia (Atlético Mineiro)
Enzo Chissano,Palmeiras,Brazil,Defender,31,77,77,1,79.0,62.0,71.0,70.0,74.0,69.0,3,2,7500000.0,Enzo Chissano (Palmeiras)
Claudio Coíntra,Palmeiras,Brazil,Midfielder,27,77,77,1,79.0,73.0,76.0,78.0,27.0,61.0,5,4,11000000.0,Claudio Coíntra (Palmeiras)
Wagner Laranjo,Palmeiras,Brazil,Midfielder,39,77,77,1,67.0,72.0,75.0,73.0,74.0,78.0,3,2,2100000.0,Wagner Laranjo (Palmeiras)
Andeson Trigo,Fluminense,Brazil,Defender,35,77,77,1,82.0,63.0,75.0,77.0,71.0,65.0,3,3,3200000.0,Andeson Trigo (Fluminense)
Jadsinho Mei,Flamengo,Brazil,Midfielder,27,77,77,1,58.0,61.0,65.0,58.0,72.0,80.0,3,2,10000000.0,Jadsinho Mei (Flamengo)
Rodrigo Vuarte,Atlético Mineiro,Brazil,Midfielder,31,77,77,1,65.0,65.0,70.0,63.0,76.0,77.0,3,2,7500000.0,Rodrigo Vuarte (Atlético Mineiro)
Victorio Jabim,Palmeiras,Brazil,Defender,27,77,77,1,79.0,54.0,71.0,73.0,75.0,64.0,3,3,10000000.0,Victorio Jabim (Palmeiras)
Murildo Kauê,Palmeiras,Brazil,Midfielder,23,77,77,1,81.0,63.0,72.0,75.0,37.0,70.0,3,3,12000000.0,Murildo Kauê (Palmeiras)
Sidney Pessinho,Internacional,Brazil,Midfielder,31,77,77,1,69.0,62.0,74.0,69.0,76.0,81.0,3,2,7500000.0,Sidney Pessinho (Internacional)
Y. Wissa,Brentford,Congo DR,Forward,26,77,77,1,85.0,77.0,69.0,78.0,29.0,70.0,3,3,11500000.0,Y. Wissa (Brentford)
J. Pavlenka,Werder Bremen,Czech Republic,Goalkeeper,31,77,77,2,0.0,0.0,0.0,0.0,0.0,0.0,3,1,5500000.0,J. Pavlenka (Werder Bremen)
J. Juranović,FC Union Berlin,Croatia,Defender,27,77,77,1,85.0,64.0,75.0,74.0,70.0,70.0,4,2,10000000.0,J. Juranović (FC Union Berlin)
R. Højlund,Manchester United,Denmark,Forward,20,76,89,1,85.0,75.0,55.0,74.0,29.0,78.0,3,3,18000000.0,R. Højlund (Manchester United)
S. Ricci,Torino,Italy,Midfielder,21,76,86,1,74.0,55.0,71.0,75.0,72.0,70.0,3,3,16000000.0,S. Ricci (Torino)
W. Singo,Monaco,Côte d'Ivoire,Defender,22,76,85,1,80.0,57.0,67.0,73.0,72.0,75.0,2,2,16000000.0,W. Singo (Monaco)
M. Gusto,Chelsea,France,Defender,20,76,85,1,88.0,49.0,68.0,75.0,68.0,73.0,3,3,15500000.0,M. Gusto (Chelsea)
O. Solet,Salzburg,France,Defender,23,76,84,1,81.0,43.0,57.0,67.0,75.0,85.0,4,2,15500000.0,O. Solet (Salzburg)
M. Lacroix,VfL Wolfsburg,France,Defender,23,76,84,2,84.0,33.0,55.0,67.0,77.0,77.0,2,2,15500000.0,M. Lacroix (VfL Wolfsburg)
N. Seiwald,RB Leipzig,Austria,Midfielder,22,76,84,1,73.0,62.0,74.0,74.0,73.0,74.0,3,2,17000000.0,N. Seiwald (RB Leipzig)
B. Barcola,Paris Saint Germain,France,Forward,20,76,84,1,84.0,73.0,71.0,77.0,31.0,62.0,3,3,16500000.0,B. Barcola (Paris Saint Germain)
João Gomes,Wolverhampton Wanderers,Brazil,Midfielder,22,76,84,1,69.0,64.0,71.0,73.0,76.0,73.0,3,3,16000000.0,João Gomes (Wolverhampton Wanderers)
A. Gomes,Lille,England,Midfielder,22,76,83,1,76.0,70.0,74.0,79.0,71.0,68.0,4,4,15000000.0,A. Gomes (Lille)
M. Damsgaard,Brentford,Denmark,Midfielder,22,76,83,2,81.0,69.0,71.0,81.0,55.0,65.0,3,4,15000000.0,M. Damsgaard (Brentford)
N. Okafor,Milan,Switzerland,Forward,23,76,83,1,91.0,74.0,69.0,77.0,31.0,74.0,4,4,15000000.0,N. Okafor (Milan)
L. Beltrán,Fiorentina,Argentina,Forward,22,76,83,1,75.0,76.0,68.0,76.0,46.0,79.0,3,3,15500000.0,L. Beltrán (Fiorentina)
O. Kossounou,Bayer 04 Leverkusen,Côte d'Ivoire,Defender,22,76,83,1,78.0,32.0,60.0,66.0,76.0,78.0,3,2,14000000.0,O. Kossounou (Bayer 04 Leverkusen)
N. Collins,Brentford,Republic of Ireland,Defender,22,76,83,1,67.0,30.0,55.0,62.0,77.0,76.0,3,2,14000000.0,N. Collins (Brentford)
B. Johnson,Tottenham Hotspur,Wales,Forward,22,76,83,1,89.0,74.0,67.0,77.0,41.0,59.0,4,3,15000000.0,B. Johnson (Tottenham Hotspur)
C. De Ketelaere,Atalanta,Belgium,Midfielder,22,76,83,1,72.0,73.0,75.0,78.0,57.0,72.0,3,4,15000000.0,C. De Ketelaere (Atalanta)
A. Truffert,Rennes,France,Defender,21,76,83,2,74.0,55.0,70.0,74.0,72.0,69.0,3,2,14500000.0,A. Truffert (Rennes)
A. Onana,Everton,Belgium,Midfielder,21,76,83,1,73.0,59.0,69.0,71.0,73.0,78.0,4,3,14500000.0,A. Onana (Everton)
Álex Baena,Villarreal,Spain,Midfielder,21,76,83,1,75.0,76.0,75.0,75.0,68.0,64.0,4,3,15000000.0,Álex Baena (Villarreal)
I. Ilić,Torino,Serbia,Midfielder,22,76,83,1,70.0,72.0,77.0,77.0,66.0,71.0,3,3,15000000.0,I. Ilić (Torino)
N. Zalewski,Roma,Poland,Midfielder,21,76,83,1,86.0,60.0,73.0,77.0,60.0,58.0,4,3,15000000.0,N. Zalewski (Roma)
N. Pérez,Udinese,Argentina,Defender,23,76,82,1,57.0,25.0,47.0,51.0,78.0,75.0,3,2,11000000.0,N. Pérez (Udinese)
L. Barreiro Martins,FSV Mainz 05,Luxembourg,Midfielder,23,76,82,2,68.0,61.0,69.0,80.0,73.0,64.0,3,3,12000000.0,L. Barreiro Martins (FSV Mainz 05)
A. Hickey,Brentford,Scotland,Defender,21,76,82,1,75.0,55.0,70.0,75.0,73.0,68.0,5,2,11500000.0,A. Hickey (Brentford)
T. Pobega,Milan,Italy,Midfielder,23,76,82,1,76.0,77.0,72.0,76.0,74.0,79.0,4,3,12000000.0,T. Pobega (Milan)
Tiago Djaló,Lille,Portugal,Defender,23,76,82,1,81.0,42.0,61.0,64.0,76.0,79.0,3,2,11000000.0,Tiago Djaló (Lille)
A. Ounahi,Olympique de Marseille,Morocco,Midfielder,23,76,82,1,64.0,63.0,72.0,78.0,64.0,69.0,3,3,12000000.0,A. Ounahi (Olympique de Marseille)
Danilo,Nottingham Forest,Brazil,Midfielder,22,76,82,1,70.0,62.0,68.0,69.0,73.0,70.0,3,2,11000000.0,Danilo (Nottingham Forest)
N. Dorsch,FC Augsburg,Germany,Midfielder,25,76,81,2,66.0,72.0,74.0,78.0,72.0,73.0,3,3,10000000.0,N. Dorsch (FC Augsburg)
E. Cömert,Nantes,Switzerland,Defender,25,76,81,1,73.0,49.0,63.0,57.0,76.0,78.0,4,2,10000000.0,E. Cömert (Nantes)
T. Mitchell,Crystal Palace,England,Defender,23,76,81,1,75.0,39.0,60.0,70.0,75.0,68.0,3,2,10500000.0,T. Mitchell (Crystal Palace)
Igor,Brighton & Hove Albion,Brazil,Defender,25,76,81,1,72.0,31.0,50.0,55.0,77.0,85.0,2,2,10000000.0,Igor (Brighton & Hove Albion)
S. Bornauw,VfL Wolfsburg,Belgium,Defender,24,76,81,2,77.0,45.0,59.0,55.0,76.0,78.0,3,2,10000000.0,S. Bornauw (VfL Wolfsburg)
L. Balerdi,Olympique de Marseille,Argentina,Defender,24,76,81,2,65.0,36.0,61.0,65.0,76.0,75.0,3,2,10000000.0,L. Balerdi (Olympique de Marseille)
D. McNeil,Everton,England,Midfielder,23,76,81,1,68.0,66.0,75.0,78.0,54.0,66.0,2,3,11500000.0,D. McNeil (Everton)
M. Salisu,Monaco,Ghana,Defender,24,76,81,1,68.0,36.0,50.0,53.0,77.0,79.0,3,2,10000000.0,M. Salisu (Monaco)
Adrià Pedrosa,Sevilla,Spain,Defender,25,76,81,1,90.0,60.0,69.0,78.0,69.0,73.0,3,3,10000000.0,Adrià Pedrosa (Sevilla)
R. Sottil,Fiorentina,Italy,Forward,24,76,81,1,89.0,66.0,69.0,78.0,34.0,52.0,3,4,11500000.0,R. Sottil (Fiorentina)
Álvaro Valles,Las Palmas,Spain,Goalkeeper,25,76,81,1,0.0,0.0,0.0,0.0,0.0,0.0,2,1,9000000.0,Álvaro Valles (Las Palmas)
A. Král,FC Union Berlin,Czech Republic,Midfielder,25,76,81,2,69.0,70.0,71.0,76.0,74.0,79.0,3,3,10000000.0,A. Král (FC Union Berlin)
Nuno Tavares,Nottingham Forest,Portugal,Defender,23,76,81,1,86.0,65.0,69.0,74.0,68.0,80.0,4,3,10500000.0,Nuno Tavares (Nottingham Forest)
A. Kalimuendo,Rennes,France,Forward,21,76,81,2,80.0,75.0,59.0,77.0,29.0,67.0,3,3,11500000.0,A. Kalimuendo (Rennes)
W. Omari,Rennes,France,Defender,23,76,81,1,65.0,34.0,58.0,62.0,77.0,73.0,3,2,10000000.0,W. Omari (Rennes)
Vitinha,Olympique de Marseille,Portugal,Forward,23,76,81,1,76.0,75.0,62.0,75.0,33.0,81.0,3,3,11500000.0,Vitinha (Olympique de Marseille)
A. Nübel,VfB Stuttgart,Germany,Goalkeeper,26,76,80,2,0.0,0.0,0.0,0.0,0.0,0.0,5,1,8000000.0,A. Nübel (VfB Stuttgart)
V. Milinković-Savić,Torino,Serbia,Goalkeeper,26,76,80,1,0.0,0.0,0.0,0.0,0.0,0.0,3,1,8000000.0,V. Milinković-Savić (Torino)
M. Svanberg,VfL Wolfsburg,Sweden,Midfielder,24,76,80,2,76.0,68.0,75.0,77.0,62.0,69.0,3,3,10500000.0,M. Svanberg (VfL Wolfsburg)
M. Wöber,Borussia Mönchengladbach,Austria,Defender,25,76,80,1,65.0,52.0,67.0,64.0,75.0,79.0,3,2,9500000.0,M. Wöber (Borussia Mönchengladbach)
Y. Herrera,Girona,Venezuela,Midfielder,25,76,80,1,60.0,72.0,72.0,74.0,76.0,76.0,3,3,10500000.0,Y. Herrera (Girona)
O. Mangala,Nottingham Forest,Belgium,Midfielder,25,76,80,2,63.0,54.0,72.0,82.0,71.0,72.0,3,3,10500000.0,O. Mangala (Nottingham Forest)
Diogo Leite,FC Union Berlin,Portugal,Defender,24,76,80,1,57.0,38.0,51.0,61.0,78.0,75.0,3,2,9500000.0,Diogo Leite (FC Union Berlin)
J. Brekalo,Fiorentina,Croatia,Forward,25,76,80,2,77.0,74.0,76.0,81.0,38.0,54.0,4,4,10500000.0,J. Brekalo (Fiorentina)
H. Aouar,Roma,Algeria,Midfielder,25,76,80,2,69.0,68.0,75.0,80.0,64.0,67.0,3,4,10500000.0,H. Aouar (Roma)
V. Janelt,Brentford,Germany,Midfielder,25,76,80,1,67.0,69.0,71.0,72.0,73.0,77.0,3,3,9500000.0,V. Janelt (Brentford)
W. McKennie,Juventus,United States,Midfielder,24,76,80,2,72.0,72.0,75.0,77.0,77.0,78.0,3,3,10500000.0,W. McKennie (Juventus)
A. Matusiwa,Stade de Reims,Netherlands,Midfielder,25,76,80,2,50.0,47.0,63.0,69.0,74.0,79.0,3,3,9500000.0,A. Matusiwa (Stade de Reims)
H. Traorè,AFC Bournemouth,Côte d'Ivoire,Midfielder,23,76,80,1,79.0,69.0,72.0,78.0,57.0,62.0,3,3,11000000.0,H. Traorè (AFC Bournemouth)
J. Wind,VfL Wolfsburg,Denmark,Forward,24,76,80,1,60.0,75.0,71.0,75.0,36.0,78.0,3,3,11000000.0,J. Wind (VfL Wolfsburg)
M. Kilman,Wolverhampton Wanderers,England,Defender,26,76,80,1,61.0,42.0,64.0,63.0,77.0,78.0,4,2,9000000.0,M. Kilman (Wolverhampton Wanderers)
Tuta,Eintracht Frankfurt,Brazil,Defender,23,76,80,2,75.0,49.0,63.0,70.0,75.0,78.0,2,2,9500000.0,Tuta (Eintracht Frankfurt)
A. Szalai,TSG Hoffenheim,Hungary,Defender,25,76,80,1,73.0,45.0,64.0,65.0,76.0,82.0,3,2,9500000.0,A. Szalai (TSG Hoffenheim)
F. Gatti,Juventus,Italy,Defender,25,76,80,1,66.0,35.0,50.0,59.0,78.0,76.0,3,2,9500000.0,F. Gatti (Juventus)
P. Gollini,Napoli,Italy,Goalkeeper,28,76,79,2,0.0,0.0,0.0,0.0,0.0,0.0,2,1,7000000.0,P. Gollini (Napoli)
V. Černý,VfL Wolfsburg,Czech Republic,Forward,25,76,79,1,89.0,70.0,67.0,79.0,38.0,64.0,3,3,10000000.0,V. Černý (VfL Wolfsburg)
D. Ćaleta-Car,Olympique Lyonnais,Croatia,Defender,26,76,79,2,56.0,39.0,58.0,60.0,76.0,80.0,3,2,8500000.0,D. Ćaleta-Car (Olympique Lyonnais)
R. Mandragora,Fiorentina,Italy,Midfielder,26,76,79,2,55.0,66.0,75.0,75.0,74.0,75.0,3,3,9500000.0,R. Mandragora (Fiorentina)
T. Kehrer,West Ham United,Germany,Defender,26,76,79,2,71.0,44.0,65.0,65.0,76.0,75.0,5,2,8500000.0,T. Kehrer (West Ham United)
M. Matviienko,Shakhtar Donetsk,Ukraine,Defender,27,76,79,1,77.0,48.0,67.0,69.0,77.0,74.0,3,2,8500000.0,M. Matviienko (Shakhtar Donetsk)
S. Serdar,Hellas Verona,Germany,Midfielder,26,76,79,2,68.0,71.0,71.0,79.0,73.0,77.0,3,4,9500000.0,S. Serdar (Hellas Verona)
M. Diakhaby,Valencia,Guinea,Defender,26,76,79,1,55.0,39.0,55.0,59.0,77.0,76.0,3,2,8500000.0,M. Diakhaby (Valencia)
R. Nicolaisen,Toulouse,Denmark,Defender,26,76,79,2,47.0,41.0,57.0,60.0,76.0,80.0,3,2,8500000.0,R. Nicolaisen (Toulouse)
I. Sarr,Olympique de Marseille,Senegal,Midfielder,25,76,79,1,94.0,76.0,66.0,79.0,22.0,68.0,2,4,10000000.0,I. Sarr (Olympique de Marseille)
R. Koch,Eintracht Frankfurt,Germany,Defender,26,76,79,2,61.0,38.0,60.0,64.0,78.0,74.0,4,2,8500000.0,R. Koch (Eintracht Frankfurt)
Carles Pérez,Celta de Vigo,Spain,Midfielder,25,76,79,1,80.0,74.0,70.0,80.0,37.0,63.0,2,4,10000000.0,Carles Pérez (Celta de Vigo)
D. Ljubičić,FC Köln,Austria,Midfielder,25,76,79,1,76.0,70.0,71.0,75.0,72.0,78.0,3,3,10000000.0,D. Ljubičić (FC Köln)
A. Bayındır,Manchester United,Turkey,Goalkeeper,25,76,79,1,0.0,0.0,0.0,0.0,0.0,0.0,2,1,7500000.0,A. Bayındır (Manchester United)
H. Boudaoui,Nice,Algeria,Midfielder,23,76,79,1,75.0,65.0,73.0,77.0,74.0,75.0,3,3,10000000.0,H. Boudaoui (Nice)
W. Falcone,Lecce,Italy,Goalkeeper,28,76,78,1,0.0,0.0,0.0,0.0,0.0,0.0,2,1,6500000.0,W. Falcone (Lecce)
R. Zentner,FSV Mainz 05,Germany,Goalkeeper,28,76,78,2,0.0,0.0,0.0,0.0,0.0,0.0,3,1,6500000.0,R. Zentner (FSV Mainz 05)
Z. Çelik,Roma,Turkey,Defender,26,76,78,2,75.0,59.0,69.0,70.0,73.0,78.0,3,3,8500000.0,Z. Çelik (Roma)
S. Spierings,Lens,Netherlands,Midfielder,27,76,78,1,56.0,66.0,68.0,70.0,76.0,75.0,3,3,8000000.0,S. Spierings (Lens)
J. Cullen,Burnley,Republic of Ireland,Midfielder,27,76,78,1,68.0,56.0,74.0,73.0,73.0,70.0,3,3,8000000.0,J. Cullen (Burnley)
A. Laïdouni,FC Union Berlin,Tunisia,Midfielder,26,76,78,1,71.0,60.0,67.0,74.0,70.0,79.0,2,3,8500000.0,A. Laïdouni (FC Union Berlin)
J. Mæhle,VfL Wolfsburg,Denmark,Defender,26,76,78,2,83.0,57.0,69.0,71.0,70.0,77.0,3,3,8500000.0,J. Mæhle (VfL Wolfsburg)
M. Senesi,AFC Bournemouth,Argentina,Defender,26,76,78,2,59.0,42.0,69.0,72.0,76.0,75.0,4,3,8000000.0,M. Senesi (AFC Bournemouth)
A. Caci,FSV Mainz 05,France,Defender,26,76,78,2,69.0,52.0,71.0,70.0,76.0,73.0,5,3,8500000.0,A. Caci (FSV Mainz 05)
O. Alderete,Getafe,Paraguay,Defender,26,76,78,1,63.0,56.0,58.0,64.0,78.0,77.0,3,2,8000000.0,O. Alderete (Getafe)
H. Reed,Fulham,England,Midfielder,28,76,77,1,68.0,60.0,72.0,71.0,72.0,75.0,3,3,7000000.0,H. Reed (Fulham)
M. Cornet,West Ham United,Côte d'Ivoire,Midfielder,26,76,77,2,85.0,75.0,70.0,76.0,67.0,72.0,4,3,9000000.0,M. Cornet (West Ham United)
K. Tete,Fulham,Netherlands,Defender,27,76,77,1,75.0,47.0,68.0,69.0,75.0,76.0,2,2,8000000.0,K. Tete (Fulham)
M. Targett,Newcastle United,England,Defender,27,76,77,1,66.0,47.0,72.0,72.0,75.0,68.0,2,3,8000000.0,M. Targett (Newcastle United)
J. Laporte,Lorient,France,Defender,29,76,77,2,37.0,29.0,46.0,51.0,77.0,83.0,3,2,7000000.0,J. Laporte (Lorient)
R. Holding,Crystal Palace,England,Defender,27,76,77,1,53.0,34.0,61.0,65.0,78.0,73.0,3,2,7500000.0,R. Holding (Crystal Palace)
F. Grillitsch,TSG Hoffenheim,Austria,Midfielder,27,76,77,2,64.0,60.0,76.0,75.0,73.0,66.0,3,3,7500000.0,F. Grillitsch (TSG Hoffenheim)
A. Robinson,Fulham,United States,Defender,25,76,77,1,87.0,45.0,68.0,76.0,70.0,76.0,3,3,8000000.0,A. Robinson (Fulham)
J. Harrison,Everton,England,Midfielder,26,76,77,1,80.0,70.0,70.0,79.0,49.0,69.0,3,4,9000000.0,J. Harrison (Everton)
A. Harit,Olympique de Marseille,Morocco,Midfielder,26,76,77,2,80.0,62.0,72.0,82.0,40.0,48.0,3,5,9000000.0,A. Harit (Olympique de Marseille)
Odriozola,Real Sociedad,Spain,Defender,27,76,77,1,80.0,55.0,69.0,74.0,72.0,65.0,3,3,8000000.0,Odriozola (Real Sociedad)
R. Sallai,SC Freiburg,Hungary,Midfielder,26,76,77,2,73.0,70.0,71.0,78.0,37.0,69.0,4,4,9000000.0,R. Sallai (SC Freiburg)
R. Marin,Empoli,Romania,Midfielder,27,76,77,1,71.0,74.0,77.0,75.0,69.0,73.0,4,4,8500000.0,R. Marin (Empoli)
Eric Curbelo,Las Palmas,Spain,Defender,29,76,77,1,84.0,38.0,66.0,67.0,76.0,81.0,5,2,7000000.0,Eric Curbelo (Las Palmas)
Gorosabel,Deportivo Alavés,Spain,Defender,26,76,77,1,74.0,46.0,70.0,72.0,74.0,67.0,2,2,8000000.0,Gorosabel (Deportivo Alavés)
I. Baba,Almería,Ghana,Midfielder,27,76,77,1,61.0,66.0,68.0,69.0,72.0,77.0,4,2,8500000.0,I. Baba (Almería)
A. Young,Everton,England,Defender,37,76,76,2,65.0,66.0,77.0,75.0,76.0,71.0,3,4,1700000.0,A. Young (Everton)
A. Guardado,Real Betis,Mexico,Midfielder,36,76,76,3,59.0,68.0,79.0,78.0,71.0,67.0,2,3,1500000.0,A. Guardado (Real Betis)
F. Forster,Tottenham Hotspur,England,Goalkeeper,35,76,76,2,0.0,0.0,0.0,0.0,0.0,0.0,5,1,825000.0,F. Forster (Tottenham Hotspur)
K. Gameiro,Strasbourg,France,Forward,36,76,76,3,79.0,77.0,73.0,75.0,41.0,65.0,4,3,2600000.0,K. Gameiro (Strasbourg)
A. Lallana,Brighton & Hove Albion,England,Midfielder,35,76,76,2,56.0,70.0,77.0,77.0,63.0,61.0,5,4,3100000.0,A. Lallana (Brighton & Hove Albion)
A. Ogbonna,West Ham United,Italy,Defender,35,76,76,2,40.0,40.0,59.0,59.0,79.0,67.0,3,2,2000000.0,A. Ogbonna (West Ham United)
D. Welbeck,Brighton & Hove Albion,England,Forward,32,76,76,2,68.0,73.0,70.0,76.0,42.0,71.0,3,3,6000000.0,D. Welbeck (Brighton & Hove Albion)
F. Caputo,Empoli,Italy,Forward,35,76,76,1,74.0,77.0,62.0,76.0,30.0,64.0,4,3,3200000.0,F. Caputo (Empoli)
Aridane,Rayo Vallecano,Spain,Defender,34,76,76,1,47.0,36.0,54.0,54.0,76.0,84.0,3,2,2400000.0,Aridane (Rayo Vallecano)
K. Vogt,TSG Hoffenheim,Germany,Defender,31,76,76,2,69.0,57.0,72.0,68.0,76.0,76.0,3,2,5000000.0,K. Vogt (TSG Hoffenheim)
G. Pezzella,Real Betis,Argentina,Defender,32,76,76,1,53.0,49.0,49.0,56.0,77.0,74.0,3,2,4900000.0,G. Pezzella (Real Betis)
Willian José,Real Betis,Brazil,Forward,31,76,76,2,63.0,77.0,65.0,71.0,39.0,80.0,4,4,6500000.0,Willian José (Real Betis)
M. Faraoni,Hellas Verona,Italy,Defender,31,76,76,1,76.0,72.0,74.0,75.0,70.0,72.0,4,3,5500000.0,M. Faraoni (Hellas Verona)
N. Höfler,SC Freiburg,Germany,Midfielder,33,76,76,2,57.0,47.0,66.0,68.0,77.0,76.0,3,2,3700000.0,N. Höfler (SC Freiburg)
M. Bizot,Brest,Netherlands,Goalkeeper,32,76,76,2,0.0,0.0,0.0,0.0,0.0,0.0,2,1,3700000.0,M. Bizot (Brest)
B. Lecomte,Montpellier,France,Goalkeeper,32,76,76,2,0.0,0.0,0.0,0.0,0.0,0.0,3,1,3700000.0,B. Lecomte (Montpellier)
J. Schlupp,Crystal Palace,Ghana,Midfielder,30,76,76,1,82.0,71.0,70.0,76.0,74.0,75.0,2,3,6500000.0,J. Schlupp (Crystal Palace)
R. Saponara,Hellas Verona,Italy,Midfielder,31,76,76,2,68.0,71.0,78.0,79.0,41.0,59.0,4,4,6000000.0,R. Saponara (Hellas Verona)
A. Mandi,Villarreal,Algeria,Defender,31,76,76,1,60.0,46.0,71.0,67.0,77.0,72.0,3,2,5000000.0,A. Mandi (Villarreal)
M. Haïdara,Lens,Mali,Defender,30,76,76,1,77.0,58.0,64.0,72.0,74.0,79.0,3,3,6500000.0,M. Haïdara (Lens)
T. Meunier,Borussia Dortmund,Belgium,Defender,31,76,76,3,68.0,74.0,72.0,71.0,74.0,82.0,4,3,5500000.0,T. Meunier (Borussia Dortmund)
J. Roussillon,FC Union Berlin,France,Defender,30,76,76,2,82.0,65.0,69.0,76.0,71.0,73.0,2,3,6500000.0,J. Roussillon (FC Union Berlin)
W. Boly,Nottingham Forest,Côte d'Ivoire,Defender,32,76,76,1,53.0,36.0,60.0,58.0,76.0,77.0,4,2,4900000.0,W. Boly (Nottingham Forest)
D. Klaassen,Inter,Netherlands,Midfielder,30,76,76,2,61.0,78.0,72.0,72.0,71.0,77.0,3,3,7000000.0,D. Klaassen (Inter)
B. De Cordova-Reid,Fulham,Jamaica,Midfielder,30,76,76,1,75.0,72.0,71.0,77.0,59.0,65.0,3,3,7000000.0,B. De Cordova-Reid (Fulham)
J. Brooks,TSG Hoffenheim,United States,Defender,30,76,76,2,56.0,40.0,57.0,61.0,77.0,76.0,3,2,6000000.0,J. Brooks (TSG Hoffenheim)
R. Jiménez,Fulham,Mexico,Forward,32,76,76,3,66.0,77.0,75.0,74.0,45.0,78.0,4,3,6000000.0,R. Jiménez (Fulham)
Ruiz de Galarreta,Athletic Club,Spain,Midfielder,29,76,76,1,67.0,62.0,71.0,73.0,71.0,70.0,3,3,7500000.0,Ruiz de Galarreta (Athletic Club)
Alberto Moreno,Villarreal,Spain,Defender,30,76,76,2,79.0,69.0,73.0,76.0,71.0,68.0,2,3,6500000.0,Alberto Moreno (Villarreal)
M. De Sciglio,Juventus,Italy,Defender,30,76,76,2,66.0,46.0,70.0,74.0,76.0,69.0,4,3,6500000.0,M. De Sciglio (Juventus)
S. Johnstone,Crystal Palace,England,Goalkeeper,30,76,76,2,0.0,0.0,0.0,0.0,0.0,0.0,3,1,5000000.0,S. Johnstone (Crystal Palace)
J. Murphy,Newcastle United,England,Forward,28,76,76,1,83.0,68.0,70.0,78.0,62.0,64.0,4,3,7500000.0,J. Murphy (Newcastle United)
Patric,Lazio,Spain,Defender,30,76,76,1,68.0,53.0,69.0,71.0,77.0,73.0,3,2,6000000.0,Patric (Lazio)
Pablo Marí,Monza,Spain,Defender,29,76,76,2,59.0,40.0,51.0,54.0,77.0,75.0,3,2,6500000.0,Pablo Marí (Monza)
Y. Poulsen,RB Leipzig,Denmark,Forward,29,76,76,2,74.0,71.0,67.0,73.0,56.0,81.0,3,3,7500000.0,Y. Poulsen (RB Leipzig)
J. Gastien,Clermont,France,Midfielder,35,76,76,2,42.0,63.0,68.0,71.0,72.0,75.0,3,2,2100000.0,J. Gastien (Clermont)
Jonny,Wolverhampton Wanderers,Spain,Defender,29,76,76,2,68.0,54.0,69.0,74.0,75.0,67.0,3,3,6500000.0,Jonny (Wolverhampton Wanderers)
K. Mbabu,FC Augsburg,Switzerland,Defender,28,76,76,2,84.0,51.0,67.0,71.0,72.0,80.0,3,3,7000000.0,K. Mbabu (FC Augsburg)
E. Hysaj,Lazio,Albania,Defender,29,76,76,2,75.0,51.0,66.0,73.0,73.0,70.0,3,3,6500000.0,E. Hysaj (Lazio)
M. Sanson,Nice,France,Midfielder,28,76,76,2,67.0,73.0,77.0,76.0,70.0,70.0,4,4,7500000.0,M. Sanson (Nice)
R. Khedira,FC Union Berlin,Germany,Midfielder,29,76,76,2,60.0,43.0,58.0,61.0,79.0,83.0,3,2,6500000.0,R. Khedira (FC Union Berlin)
D. Lazović,Hellas Verona,Serbia,Midfielder,32,76,76,1,77.0,72.0,73.0,77.0,64.0,62.0,4,3,6000000.0,D. Lazović (Hellas Verona)
L. Abergel,Lorient,France,Midfielder,30,76,76,1,66.0,50.0,69.0,73.0,72.0,75.0,3,3,6500000.0,L. Abergel (Lorient)
A. Iwobi,Fulham,Nigeria,Midfielder,27,76,76,2,74.0,64.0,73.0,78.0,56.0,74.0,3,4,8000000.0,A. Iwobi (Fulham)
Adama Traoré,Fulham,Spain,Forward,27,76,76,1,93.0,65.0,66.0,83.0,39.0,81.0,2,4,8000000.0,Adama Traoré (Fulham)
S. Widmer,FSV Mainz 05,Switzerland,Defender,30,76,76,2,77.0,62.0,71.0,73.0,71.0,78.0,3,3,6500000.0,S. Widmer (FSV Mainz 05)
Dani García,Athletic Club,Spain,Midfielder,33,76,76,1,38.0,63.0,71.0,70.0,76.0,82.0,3,3,4600000.0,Dani García (Athletic Club)
Danilo,VfL Bochum 1848,Brazil,Defender,31,76,76,2,72.0,59.0,67.0,78.0,74.0,70.0,3,3,5500000.0,Danilo (VfL Bochum 1848)
Embarba,Almería,Spain,Midfielder,31,76,76,2,76.0,75.0,75.0,75.0,43.0,69.0,4,4,6000000.0,Embarba (Almería)
D. Machado,Lens,Colombia,Defender,29,76,76,1,82.0,63.0,68.0,75.0,68.0,72.0,3,2,6500000.0,D. Machado (Lens)
F. Honorat,Borussia Mönchengladbach,France,Midfielder,26,76,76,2,79.0,75.0,71.0,76.0,47.0,60.0,3,4,8000000.0,F. Honorat (Borussia Mönchengladbach)
R. Borré,Werder Bremen,Colombia,Forward,27,76,76,2,76.0,75.0,74.0,77.0,45.0,76.0,3,3,8000000.0,R. Borré (Werder Bremen)
R. Aguilar,Lens,France,Defender,30,76,76,2,73.0,53.0,70.0,75.0,72.0,76.0,2,3,6500000.0,R. Aguilar (Lens)
Hwang Hee Chan,Wolverhampton Wanderers,Korea Republic,Midfielder,27,76,76,1,81.0,75.0,70.0,77.0,39.0,72.0,4,4,8000000.0,Hwang Hee Chan (Wolverhampton Wanderers)
A. Fulgini,Lens,France,Forward,26,76,76,2,71.0,70.0,76.0,79.0,69.0,74.0,4,4,8000000.0,A. Fulgini (Lens)
F. Guilbert,Strasbourg,France,Defender,28,76,76,2,72.0,47.0,68.0,71.0,73.0,75.0,3,3,7000000.0,F. Guilbert (Strasbourg)
G. Prömel,TSG Hoffenheim,Germany,Midfielder,28,76,76,2,67.0,71.0,69.0,74.0,75.0,81.0,4,3,7500000.0,G. Prömel (TSG Hoffenheim)
K. Onisiwo,FSV Mainz 05,Austria,Forward,31,76,76,2,78.0,73.0,64.0,73.0,51.0,84.0,3,3,6500000.0,K. Onisiwo (FSV Mainz 05)
M. Jensen,Brentford,Denmark,Midfielder,27,76,76,1,62.0,64.0,77.0,74.0,69.0,73.0,4,3,8000000.0,M. Jensen (Brentford)
P. Lees-Melou,Brest,France,Midfielder,30,76,76,2,62.0,72.0,77.0,75.0,69.0,75.0,4,3,7000000.0,P. Lees-Melou (Brest)
Lúcio Corteijo,América Mineiro,Brazil,Defender,35,76,76,1,77.0,45.0,66.0,64.0,74.0,73.0,3,2,2300000.0,Lúcio Corteijo (América Mineiro)
Antonaldinho,Atlético Mineiro,Brazil,Defender,35,76,76,1,68.0,36.0,56.0,60.0,79.0,80.0,3,2,2000000.0,Antonaldinho (Atlético Mineiro)
Cris Laranjeiros,Athletico Paranaense,Brazil,Defender,31,76,76,1,70.0,54.0,61.0,64.0,75.0,82.0,3,2,5000000.0,Cris Laranjeiros (Athletico Paranaense)
Fred Aníbão,Athletico Paranaense,Brazil,Goalkeeper,31,76,76,1,0.0,0.0,0.0,0.0,0.0,0.0,2,1,4000000.0,Fred Aníbão (Athletico Paranaense)
Pierrino Faria,Santos,Brazil,Goalkeeper,39,76,76,1,0.0,0.0,0.0,0.0,0.0,0.0,2,1,825000.0,Pierrino Faria (Santos)
Nicolás Filhei,Palmeiras,Brazil,Midfielder,27,76,76,1,72.0,69.0,76.0,76.0,57.0,45.0,4,3,8000000.0,Nicolás Filhei (Palmeiras)
Rubem Esteiro,Palmeiras,Brazil,Midfielder,35,76,76,1,76.0,65.0,73.0,76.0,54.0,61.0,4,3,3100000.0,Rubem Esteiro (Palmeiras)
David Seijalbo,Atlético Mineiro,Brazil,Midfielder,27,76,76,1,65.0,53.0,63.0,63.0,74.0,82.0,2,2,7000000.0,David Seijalbo (Atlético Mineiro)
Jairzinho Aníbal,Bragantino,Brazil,Midfielder,31,76,76,1,67.0,62.0,66.0,65.0,74.0,78.0,3,2,5000000.0,Jairzinho Aníbal (Bragantino)
Simão Acunha,Atlético Mineiro,Brazil,Midfielder,35,76,76,1,77.0,68.0,77.0,77.0,36.0,62.0,2,4,3100000.0,Simão Acunha (Atlético Mineiro)
Adilson Edrada,Santos,Brazil,Midfielder,31,76,76,1,77.0,71.0,70.0,80.0,32.0,55.0,3,3,6000000.0,Adilson Edrada (Santos)
Rafael Cachoira,Bragantino,Brazil,Defender,23,76,76,1,53.0,40.0,58.0,59.0,77.0,78.0,3,2,7500000.0,Rafael Cachoira (Bragantino)
Nacho Vidal,Osasuna,Spain,Defender,28,76,76,1,75.0,56.0,69.0,70.0,73.0,65.0,3,3,7000000.0,Nacho Vidal (Osasuna)
Aitor Ruibal,Real Betis,Spain,Defender,27,76,76,1,84.0,72.0,70.0,75.0,72.0,68.0,3,3,7000000.0,Aitor Ruibal (Real Betis)
Óscar Valentín,Rayo Vallecano,Spain,Midfielder,28,76,76,1,65.0,47.0,65.0,64.0,75.0,76.0,3,2,6500000.0,Óscar Valentín (Rayo Vallecano)
V. Buyalskyi,Dynamo Kyiv,Ukraine,Midfielder,30,76,76,1,75.0,69.0,72.0,79.0,69.0,55.0,4,3,7000000.0,V. Buyalskyi (Dynamo Kyiv)
Alejandro Garnacho,Manchester United,Argentina,Forward,19,75,88,1,84.0,69.0,65.0,77.0,33.0,58.0,4,3,13500000.0,Alejandro Garnacho (Manchester United)
F. Miretti,Juventus,Italy,Midfielder,19,75,88,1,77.0,60.0,75.0,78.0,66.0,72.0,4,3,13500000.0,F. Miretti (Juventus)
W. Zaïre-Emery,Paris Saint Germain,France,Midfielder,17,75,88,1,75.0,62.0,72.0,76.0,72.0,71.0,3,3,13000000.0,W. Zaïre-Emery (Paris Saint Germain)
R. Cherki,Olympique Lyonnais,France,Midfielder,19,75,86,2,69.0,67.0,72.0,83.0,21.0,61.0,5,5,12000000.0,R. Cherki (Olympique Lyonnais)
A. Zakharyan,Real Sociedad,Russia,Forward,20,75,86,1,80.0,70.0,77.0,74.0,53.0,60.0,4,3,12500000.0,A. Zakharyan (Real Sociedad)
G. Scalvini,Atalanta,Italy,Defender,19,75,86,1,55.0,31.0,51.0,55.0,78.0,71.0,3,2,11500000.0,G. Scalvini (Atalanta)
F. Chaïbi,Eintracht Frankfurt,Algeria,Midfielder,20,75,86,1,73.0,67.0,73.0,73.0,68.0,71.0,3,3,12500000.0,F. Chaïbi (Eintracht Frankfurt)
E. Loiodice,Las Palmas,France,Midfielder,22,75,85,1,66.0,64.0,70.0,77.0,69.0,67.0,3,3,12500000.0,E. Loiodice (Las Palmas)
M. Greenwood,Getafe,England,Midfielder,21,75,85,1,82.0,78.0,70.0,77.0,39.0,60.0,5,4,12500000.0,M. Greenwood (Getafe)
M. Mudryk,Chelsea,Ukraine,Forward,22,75,85,1,91.0,66.0,68.0,79.0,44.0,58.0,4,4,12500000.0,M. Mudryk (Chelsea)
Sergio Camello,Rayo Vallecano,Spain,Forward,22,75,85,1,70.0,76.0,66.0,77.0,28.0,57.0,4,4,12500000.0,Sergio Camello (Rayo Vallecano)
B. Verbruggen,Brighton & Hove Albion,Netherlands,Goalkeeper,20,75,85,1,0.0,0.0,0.0,0.0,0.0,0.0,3,1,10500000.0,B. Verbruggen (Brighton & Hove Albion)
H. Sudakov,Shakhtar Donetsk,Ukraine,Midfielder,20,75,85,1,75.0,72.0,71.0,74.0,52.0,64.0,5,3,12500000.0,H. Sudakov (Shakhtar Donetsk)
B. Šeško,RB Leipzig,Slovenia,Forward,20,75,85,1,81.0,74.0,60.0,73.0,42.0,77.0,3,3,12500000.0,B. Šeško (RB Leipzig)
M. Kerkez,AFC Bournemouth,Hungary,Defender,19,75,85,1,82.0,53.0,66.0,73.0,69.0,74.0,3,3,11500000.0,M. Kerkez (AFC Bournemouth)
Moleiro,Las Palmas,Spain,Midfielder,19,75,85,1,79.0,65.0,71.0,78.0,46.0,61.0,3,3,12000000.0,Moleiro (Las Palmas)
A. Veliz,Tottenham Hotspur,Argentina,Forward,19,75,85,1,71.0,74.0,54.0,70.0,25.0,73.0,3,3,12000000.0,A. Veliz (Tottenham Hotspur)
Lázaro,Almería,Brazil,Midfielder,21,75,85,1,79.0,71.0,69.0,75.0,43.0,61.0,3,4,12500000.0,Lázaro (Almería)
A. Gordon,Newcastle United,England,Forward,22,75,84,1,88.0,69.0,72.0,75.0,37.0,62.0,3,3,12500000.0,A. Gordon (Newcastle United)
Barrenetxea,Real Sociedad,Spain,Forward,21,75,84,1,78.0,71.0,65.0,80.0,24.0,46.0,4,3,12500000.0,Barrenetxea (Real Sociedad)
T. Dallinga,Toulouse,Netherlands,Forward,22,75,84,1,73.0,75.0,63.0,69.0,27.0,66.0,4,2,12500000.0,T. Dallinga (Toulouse)
J. Kamiński,VfL Wolfsburg,Poland,Forward,21,75,84,1,85.0,67.0,67.0,78.0,47.0,58.0,3,3,12500000.0,J. Kamiński (VfL Wolfsburg)
A. Bondarenko,Shakhtar Donetsk,Ukraine,Midfielder,22,75,84,1,75.0,70.0,66.0,76.0,61.0,62.0,2,3,12500000.0,A. Bondarenko (Shakhtar Donetsk)
Víctor Chust,Cádiz,Spain,Defender,23,75,84,1,68.0,30.0,52.0,54.0,76.0,67.0,5,2,11500000.0,Víctor Chust (Cádiz)
A. Ahmedhodžić,Sheffield United,Bosnia and Herzegovina,Defender,24,75,83,1,78.0,41.0,60.0,63.0,74.0,78.0,3,2,11500000.0,A. Ahmedhodžić (Sheffield United)
K. Nakamura,Stade de Reims,Japan,Midfielder,22,75,83,1,76.0,74.0,71.0,75.0,41.0,71.0,3,4,12500000.0,K. Nakamura (Stade de Reims)
Hugo Guillamón,Valencia,Spain,Midfielder,23,75,83,1,55.0,53.0,69.0,64.0,75.0,70.0,4,2,12000000.0,Hugo Guillamón (Valencia)
S. Koita,Salzburg,Mali,Forward,23,75,83,1,93.0,74.0,69.0,77.0,35.0,74.0,4,3,12500000.0,S. Koita (Salzburg)
S. Pavlović,Salzburg,Serbia,Defender,22,75,83,1,67.0,43.0,50.0,64.0,74.0,83.0,3,2,12000000.0,S. Pavlović (Salzburg)
A. Broja,Chelsea,Albania,Forward,21,75,83,1,74.0,74.0,54.0,75.0,30.0,76.0,3,3,12500000.0,A. Broja (Chelsea)
I. Hien,Hellas Verona,Sweden,Defender,24,75,83,1,73.0,37.0,49.0,56.0,75.0,78.0,3,2,11500000.0,I. Hien (Hellas Verona)
Copete,Mallorca,Spain,Defender,23,75,83,1,57.0,33.0,54.0,57.0,77.0,70.0,2,2,11500000.0,Copete (Mallorca)
Saúl Coco,Las Palmas,Equatorial Guinea,Defender,24,75,83,1,83.0,48.0,56.0,60.0,76.0,78.0,3,2,11500000.0,Saúl Coco (Las Palmas)
S. Sazonov,Torino,Georgia,Defender,21,75,83,1,68.0,40.0,58.0,61.0,75.0,77.0,3,2,12000000.0,S. Sazonov (Torino)
A. Murić,Burnley,Kosovo,Goalkeeper,24,75,82,1,0.0,0.0,0.0,0.0,0.0,0.0,2,1,9500000.0,A. Murić (Burnley)
R. Aït-Nouri,Wolverhampton Wanderers,France,Defender,22,75,82,1,80.0,53.0,70.0,77.0,71.0,65.0,3,3,11000000.0,R. Aït-Nouri (Wolverhampton Wanderers)
J. Beyer,Burnley,Germany,Defender,23,75,82,1,74.0,34.0,62.0,70.0,75.0,75.0,3,2,10500000.0,J. Beyer (Burnley)
M. Kovář,Bayer 04 Leverkusen,Czech Republic,Goalkeeper,23,75,82,1,0.0,0.0,0.0,0.0,0.0,0.0,4,1,9500000.0,M. Kovář (Bayer 04 Leverkusen)
J. Bijol,Udinese,Slovenia,Defender,24,75,82,1,65.0,59.0,65.0,61.0,75.0,78.0,3,2,10500000.0,J. Bijol (Udinese)
Eric García,Girona,Spain,Defender,22,75,82,2,62.0,44.0,69.0,67.0,76.0,71.0,3,2,10500000.0,Eric García (Girona)
B. Diakité,Lille,France,Defender,22,75,82,1,76.0,41.0,63.0,70.0,73.0,74.0,3,2,11000000.0,B. Diakité (Lille)
J. Doig,Hellas Verona,Scotland,Defender,21,75,82,1,82.0,63.0,68.0,71.0,68.0,75.0,4,3,11000000.0,J. Doig (Hellas Verona)
Vinicius Souza,Sheffield United,Brazil,Midfielder,24,75,82,1,66.0,49.0,61.0,67.0,76.0,81.0,3,2,10500000.0,Vinicius Souza (Sheffield United)
O. Kabak,TSG Hoffenheim,Turkey,Defender,23,75,81,2,63.0,37.0,59.0,66.0,74.0,80.0,3,2,8000000.0,O. Kabak (TSG Hoffenheim)
L. Ferguson,Bologna,Scotland,Midfielder,23,75,81,1,75.0,74.0,71.0,75.0,68.0,81.0,4,3,9000000.0,L. Ferguson (Bologna)
Z. Aboukhlal,Toulouse,Morocco,Midfielder,23,75,81,1,85.0,72.0,69.0,75.0,41.0,76.0,5,4,9000000.0,Z. Aboukhlal (Toulouse)
J. Stanišić,Bayer 04 Leverkusen,Croatia,Defender,23,75,81,1,78.0,39.0,60.0,66.0,76.0,72.0,4,2,8500000.0,J. Stanišić (Bayer 04 Leverkusen)
A. Stach,TSG Hoffenheim,Germany,Midfielder,24,75,81,2,72.0,67.0,74.0,71.0,74.0,79.0,5,2,9000000.0,A. Stach (TSG Hoffenheim)
H. Ekitike,Paris Saint Germain,France,Forward,21,75,81,1,72.0,75.0,60.0,75.0,25.0,69.0,3,3,9000000.0,H. Ekitike (Paris Saint Germain)
A. Knauff,Eintracht Frankfurt,Germany,Midfielder,21,75,81,2,86.0,63.0,69.0,77.0,51.0,60.0,3,3,9000000.0,A. Knauff (Eintracht Frankfurt)
M. Rodák,Fulham,Slovakia,Goalkeeper,26,75,80,1,0.0,0.0,0.0,0.0,0.0,0.0,3,1,6500000.0,M. Rodák (Fulham)
K. Ajer,Brentford,Norway,Defender,25,75,80,1,66.0,56.0,61.0,70.0,74.0,81.0,3,3,7500000.0,K. Ajer (Brentford)
H. Ito,VfB Stuttgart,Japan,Defender,24,75,80,2,81.0,56.0,67.0,68.0,76.0,74.0,3,2,7500000.0,H. Ito (VfB Stuttgart)
D. Geiger,TSG Hoffenheim,Germany,Midfielder,25,75,80,2,46.0,53.0,76.0,79.0,63.0,62.0,3,3,7500000.0,D. Geiger (TSG Hoffenheim)
R. Yates,Nottingham Forest,England,Midfielder,25,75,80,1,60.0,59.0,62.0,65.0,74.0,84.0,3,2,7500000.0,R. Yates (Nottingham Forest)
R. Sessegnon,Tottenham Hotspur,England,Defender,23,75,80,1,78.0,64.0,72.0,76.0,70.0,65.0,3,4,8000000.0,R. Sessegnon (Tottenham Hotspur)
E. Nketiah,Arsenal,England,Forward,24,75,80,1,79.0,73.0,57.0,77.0,25.0,64.0,3,3,8500000.0,E. Nketiah (Arsenal)
A. Maier,FC Augsburg,Germany,Midfielder,24,75,80,1,68.0,62.0,75.0,76.0,69.0,74.0,3,3,8500000.0,A. Maier (FC Augsburg)
K. Diatta,Monaco,Senegal,Midfielder,24,75,80,1,91.0,69.0,66.0,78.0,47.0,67.0,4,4,8500000.0,K. Diatta (Monaco)
Óscar,Getafe,Spain,Midfielder,25,75,80,1,57.0,75.0,76.0,75.0,56.0,55.0,3,3,8000000.0,Óscar (Getafe)
E. Zhegrova,Lille,Kosovo,Midfielder,24,75,80,1,80.0,67.0,69.0,79.0,25.0,61.0,2,4,8500000.0,E. Zhegrova (Lille)
C. Hudson-Odoi,Nottingham Forest,England,Forward,22,75,80,2,78.0,67.0,73.0,79.0,48.0,59.0,3,4,8500000.0,C. Hudson-Odoi (Nottingham Forest)
T. Lamptey,Brighton & Hove Albion,Ghana,Defender,22,75,80,1,85.0,44.0,66.0,77.0,70.0,51.0,3,2,8000000.0,T. Lamptey (Brighton & Hove Albion)
L. Suárez,Almería,Colombia,Forward,25,75,80,2,84.0,77.0,64.0,71.0,40.0,77.0,4,3,8500000.0,L. Suárez (Almería)
T. Čvančara,Borussia Mönchengladbach,Czech Republic,Forward,22,75,80,1,76.0,73.0,66.0,72.0,25.0,77.0,3,2,8500000.0,T. Čvančara (Borussia Mönchengladbach)
J. Dina Ebimbe,Eintracht Frankfurt,France,Midfielder,22,75,80,1,83.0,60.0,71.0,75.0,69.0,76.0,3,3,8500000.0,J. Dina Ebimbe (Eintracht Frankfurt)
Y. Ndayishimiye,Nice,Burundi,Defender,24,75,80,1,71.0,49.0,64.0,72.0,75.0,78.0,3,2,7500000.0,Y. Ndayishimiye (Nice)
O. Marmoush,Eintracht Frankfurt,Egypt,Forward,24,75,80,1,85.0,74.0,63.0,80.0,30.0,68.0,3,4,8500000.0,O. Marmoush (Eintracht Frankfurt)
S. Lovrič,Udinese,Slovenia,Midfielder,25,75,79,1,57.0,64.0,74.0,72.0,69.0,71.0,3,3,8000000.0,S. Lovrič (Udinese)
S. Berge,Burnley,Norway,Midfielder,25,75,79,1,63.0,65.0,73.0,73.0,74.0,85.0,3,3,8000000.0,S. Berge (Burnley)
F. Uduokhai,FC Augsburg,Germany,Defender,25,75,79,2,67.0,39.0,53.0,59.0,76.0,75.0,3,2,7000000.0,F. Uduokhai (FC Augsburg)
J. Bellegarde,Wolverhampton Wanderers,France,Midfielder,25,75,79,2,77.0,62.0,72.0,77.0,70.0,72.0,3,3,8000000.0,J. Bellegarde (Wolverhampton Wanderers)
Marc Roca,Real Betis,Spain,Midfielder,26,75,79,1,56.0,62.0,74.0,73.0,68.0,68.0,3,3,7000000.0,Marc Roca (Real Betis)
G. Maggiore,Salernitana,Italy,Midfielder,25,75,79,1,71.0,61.0,70.0,73.0,72.0,72.0,3,3,8000000.0,G. Maggiore (Salernitana)
M. Tavernier,AFC Bournemouth,England,Midfielder,24,75,79,1,78.0,72.0,71.0,77.0,59.0,62.0,3,3,8000000.0,M. Tavernier (AFC Bournemouth)
E. Dennis,Nottingham Forest,Nigeria,Forward,25,75,79,1,85.0,74.0,62.0,76.0,38.0,69.0,3,4,8000000.0,E. Dennis (Nottingham Forest)
J. Chabot,FC Köln,Germany,Defender,25,75,79,1,49.0,28.0,43.0,48.0,77.0,80.0,2,2,7000000.0,J. Chabot (FC Köln)
U. Račić,Sassuolo,Serbia,Midfielder,25,75,79,1,64.0,73.0,74.0,73.0,76.0,81.0,4,3,8000000.0,U. Račić (Sassuolo)
V. Mykolenko,Everton,Ukraine,Defender,24,75,79,1,76.0,45.0,64.0,61.0,73.0,62.0,2,2,7500000.0,V. Mykolenko (Everton)
M. Kumbulla,Roma,Albania,Defender,23,75,79,1,47.0,32.0,53.0,56.0,77.0,75.0,3,2,7000000.0,M. Kumbulla (Roma)
I. Grbić,Atlético Madrid,Croatia,Goalkeeper,27,75,79,1,0.0,0.0,0.0,0.0,0.0,0.0,3,1,6000000.0,I. Grbić (Atlético Madrid)
E. Agbadou,Stade de Reims,Côte d'Ivoire,Defender,26,75,79,1,64.0,47.0,50.0,59.0,74.0,82.0,3,2,7000000.0,E. Agbadou (Stade de Reims)
Pedro Chirivella,Nantes,Spain,Midfielder,26,75,78,2,55.0,54.0,71.0,73.0,69.0,70.0,3,3,6500000.0,Pedro Chirivella (Nantes)
D. Solanke,AFC Bournemouth,England,Forward,25,75,78,1,72.0,74.0,64.0,73.0,28.0,79.0,3,3,7500000.0,D. Solanke (AFC Bournemouth)
A. Hanche-Olsen,FSV Mainz 05,Norway,Defender,26,75,78,1,73.0,38.0,55.0,63.0,75.0,81.0,3,2,6500000.0,A. Hanche-Olsen (FSV Mainz 05)
S. Amallah,Valencia,Morocco,Midfielder,26,75,78,1,67.0,76.0,75.0,75.0,65.0,76.0,3,3,7500000.0,S. Amallah (Valencia)
W. Anton,VfB Stuttgart,Germany,Defender,26,75,78,2,67.0,46.0,59.0,65.0,75.0,82.0,3,3,6500000.0,W. Anton (VfB Stuttgart)
R. Perraud,Nice,France,Defender,25,75,78,1,70.0,72.0,73.0,75.0,72.0,72.0,2,3,7000000.0,R. Perraud (Nice)
O. Edouard,Crystal Palace,France,Forward,25,75,78,1,76.0,74.0,68.0,78.0,45.0,73.0,4,4,7500000.0,O. Edouard (Crystal Palace)
J. Lotomba,Nice,Switzerland,Defender,24,75,78,1,78.0,48.0,65.0,72.0,71.0,68.0,4,2,7000000.0,J. Lotomba (Nice)
P. Rosario,Nice,Netherlands,Midfielder,26,75,78,1,61.0,64.0,68.0,73.0,74.0,79.0,3,3,6500000.0,P. Rosario (Nice)
Aarón,Genoa,Spain,Defender,26,75,78,1,61.0,54.0,73.0,76.0,73.0,67.0,3,3,7000000.0,Aarón (Genoa)
E. Demirović,FC Augsburg,Bosnia and Herzegovina,Midfielder,25,75,78,2,72.0,76.0,70.0,76.0,41.0,75.0,3,3,7500000.0,E. Demirović (FC Augsburg)
B. Soumaré,Sevilla,France,Midfielder,24,75,78,1,67.0,56.0,73.0,74.0,70.0,77.0,3,3,7000000.0,B. Soumaré (Sevilla)
Jovane Cabral,Salernitana,Cape Verde Islands,Midfielder,25,75,78,1,81.0,74.0,71.0,76.0,38.0,70.0,4,4,7500000.0,Jovane Cabral (Salernitana)
Iago,FC Augsburg,Brazil,Defender,26,75,78,2,80.0,58.0,69.0,73.0,71.0,70.0,2,3,7000000.0,Iago (FC Augsburg)
Matheus Henrique,Sassuolo,Brazil,Midfielder,25,75,78,1,73.0,60.0,76.0,79.0,57.0,63.0,4,3,7500000.0,Matheus Henrique (Sassuolo)
M. Friedrich,Borussia Mönchengladbach,Germany,Defender,27,75,77,1,62.0,41.0,57.0,51.0,78.0,73.0,3,2,6000000.0,M. Friedrich (Borussia Mönchengladbach)
B. Godfrey,Everton,England,Defender,25,75,77,2,82.0,44.0,60.0,65.0,74.0,78.0,3,2,6000000.0,B. Godfrey (Everton)
R. Kristensen,Roma,Denmark,Defender,25,75,77,1,69.0,67.0,67.0,70.0,73.0,77.0,4,3,6500000.0,R. Kristensen (Roma)
G. Hamer,Sheffield United,Netherlands,Midfielder,26,75,77,1,69.0,70.0,76.0,72.0,73.0,77.0,3,3,7000000.0,G. Hamer (Sheffield United)
J. Mateta,Crystal Palace,France,Forward,26,75,77,1,69.0,73.0,57.0,72.0,34.0,78.0,4,3,7000000.0,J. Mateta (Crystal Palace)
A. Claude-Maurice,Nice,France,Midfielder,25,75,77,2,80.0,72.0,72.0,80.0,69.0,66.0,3,4,7000000.0,A. Claude-Maurice (Nice)
K. Jakić,Eintracht Frankfurt,Croatia,Midfielder,26,75,77,1,68.0,61.0,65.0,69.0,72.0,81.0,3,2,6000000.0,K. Jakić (Eintracht Frankfurt)
F. Baschirotto,Lecce,Italy,Defender,26,75,77,1,74.0,53.0,60.0,55.0,75.0,86.0,3,2,6000000.0,F. Baschirotto (Lecce)
D. Alli,Everton,England,Midfielder,27,75,76,3,65.0,76.0,75.0,76.0,65.0,71.0,3,4,6500000.0,D. Alli (Everton)
D. Rugani,Juventus,Italy,Defender,28,75,76,2,53.0,40.0,55.0,61.0,78.0,69.0,3,2,5500000.0,D. Rugani (Juventus)
N. Bentaleb,Lille,Algeria,Midfielder,28,75,76,2,48.0,72.0,74.0,79.0,69.0,73.0,2,4,5500000.0,N. Bentaleb (Lille)
J. Brownhill,Burnley,England,Midfielder,27,75,76,1,69.0,70.0,72.0,74.0,75.0,77.0,3,3,6500000.0,J. Brownhill (Burnley)
H. Wilson,Fulham,Wales,Midfielder,26,75,76,1,73.0,77.0,75.0,76.0,43.0,58.0,2,3,6500000.0,H. Wilson (Fulham)
Walace,Udinese,Brazil,Midfielder,28,75,76,1,66.0,66.0,68.0,70.0,72.0,76.0,3,3,5500000.0,Walace (Udinese)
J. Boga,Nice,Côte d'Ivoire,Midfielder,26,75,76,1,84.0,70.0,71.0,81.0,37.0,63.0,3,4,6500000.0,J. Boga (Nice)
C. Roberts,Burnley,Wales,Defender,27,75,76,1,78.0,61.0,71.0,72.0,69.0,74.0,4,3,6000000.0,C. Roberts (Burnley)
Kike Barja,Osasuna,Spain,Midfielder,26,75,76,1,77.0,67.0,69.0,76.0,35.0,60.0,3,3,6500000.0,Kike Barja (Osasuna)
M. Eggestein,SC Freiburg,Germany,Midfielder,26,75,76,2,59.0,63.0,70.0,73.0,72.0,75.0,4,3,6000000.0,M. Eggestein (SC Freiburg)
Rubén Duarte,Deportivo Alavés,Spain,Defender,27,75,76,1,64.0,38.0,66.0,68.0,76.0,70.0,2,3,6000000.0,Rubén Duarte (Deportivo Alavés)
N. Nández,Cagliari,Uruguay,Midfielder,27,75,76,2,85.0,63.0,71.0,79.0,69.0,80.0,2,3,6500000.0,N. Nández (Cagliari)
Aurélio Buta,Eintracht Frankfurt,Portugal,Midfielder,26,75,76,1,80.0,60.0,69.0,77.0,67.0,67.0,4,4,6500000.0,Aurélio Buta (Eintracht Frankfurt)
D. Samassékou,TSG Hoffenheim,Mali,Midfielder,27,75,76,2,65.0,49.0,64.0,72.0,75.0,73.0,3,3,6000000.0,D. Samassékou (TSG Hoffenheim)
Mama Baldé,Olympique Lyonnais,Guinea Bissau,Forward,27,75,76,1,89.0,74.0,67.0,73.0,50.0,78.0,3,3,6500000.0,Mama Baldé (Olympique Lyonnais)
M. Richter,FSV Mainz 05,Germany,Midfielder,25,75,76,2,73.0,74.0,68.0,79.0,48.0,62.0,4,4,6500000.0,M. Richter (FSV Mainz 05)
N. Tenaglia,Deportivo Alavés,Argentina,Defender,27,75,76,1,71.0,43.0,65.0,72.0,74.0,80.0,3,3,6000000.0,N. Tenaglia (Deportivo Alavés)
N. Radonjić,Torino,Serbia,Forward,27,75,76,1,88.0,74.0,69.0,74.0,30.0,61.0,4,3,6500000.0,N. Radonjić (Torino)
D. Kyereh,SC Freiburg,Ghana,Midfielder,27,75,76,1,80.0,72.0,66.0,81.0,24.0,61.0,3,5,6500000.0,D. Kyereh (SC Freiburg)
D. Undav,VfB Stuttgart,Germany,Forward,26,75,76,1,67.0,79.0,70.0,74.0,32.0,72.0,5,3,6500000.0,D. Undav (VfB Stuttgart)
G. Bushchan,Dynamo Kyiv,Ukraine,Goalkeeper,29,75,76,1,0.0,0.0,0.0,0.0,0.0,0.0,3,1,4300000.0,G. Bushchan (Dynamo Kyiv)
Negredo,Cádiz,Spain,Forward,37,75,75,3,50.0,79.0,64.0,70.0,36.0,75.0,2,3,1900000.0,Negredo (Cádiz)
Falcao,Rayo Vallecano,Colombia,Forward,37,75,75,3,47.0,77.0,67.0,74.0,41.0,66.0,4,3,1900000.0,Falcao (Rayo Vallecano)
J. Evans,Manchester United,Northern Ireland,Defender,35,75,75,2,37.0,32.0,60.0,58.0,78.0,69.0,4,2,1500000.0,J. Evans (Manchester United)
S. Coleman,Everton,Republic of Ireland,Defender,34,75,75,2,61.0,65.0,72.0,74.0,76.0,70.0,3,3,2100000.0,S. Coleman (Everton)
Víctor Díaz,Granada,Spain,Defender,35,75,75,1,69.0,56.0,68.0,65.0,75.0,76.0,3,2,1500000.0,Víctor Díaz (Granada)
José Callejón,Granada,Spain,Midfielder,36,75,75,3,75.0,72.0,75.0,75.0,49.0,61.0,4,3,1800000.0,José Callejón (Granada)
C. Kouyaté,Nottingham Forest,Senegal,Midfielder,33,75,75,2,57.0,64.0,63.0,67.0,75.0,81.0,3,3,2800000.0,C. Kouyaté (Nottingham Forest)
C. Wood,Nottingham Forest,New Zealand,Forward,31,75,75,1,54.0,76.0,60.0,69.0,40.0,78.0,3,2,4800000.0,C. Wood (Nottingham Forest)
W. Foderingham,Sheffield United,England,Goalkeeper,32,75,75,1,0.0,0.0,0.0,0.0,0.0,0.0,3,1,2800000.0,W. Foderingham (Sheffield United)
R. Rodríguez,Torino,Switzerland,Defender,30,75,75,2,69.0,67.0,75.0,75.0,76.0,74.0,3,3,4600000.0,R. Rodríguez (Torino)
A. Yarmolenko,Dynamo Kyiv,Ukraine,Midfielder,33,75,75,3,57.0,78.0,76.0,76.0,42.0,72.0,2,4,3500000.0,A. Yarmolenko (Dynamo Kyiv)
S. Bell,FSV Mainz 05,Germany,Defender,31,75,75,2,44.0,38.0,54.0,49.0,78.0,76.0,2,2,3800000.0,S. Bell (FSV Mainz 05)
Álex Fernández,Cádiz,Spain,Midfielder,30,75,75,2,49.0,70.0,80.0,73.0,67.0,63.0,4,3,5500000.0,Álex Fernández (Cádiz)
A. Losilla,VfL Bochum 1848,France,Midfielder,37,75,75,1,51.0,59.0,67.0,71.0,73.0,76.0,3,3,1100000.0,A. Losilla (VfL Bochum 1848)
N. Pallois,Nantes,France,Defender,35,75,75,2,35.0,54.0,60.0,60.0,75.0,82.0,2,2,1500000.0,N. Pallois (Nantes)
M. Uth,FC Köln,Germany,Midfielder,31,75,75,2,67.0,77.0,74.0,76.0,40.0,62.0,3,3,4700000.0,M. Uth (FC Köln)
Juan Jesus,Napoli,Brazil,Defender,32,75,75,2,66.0,33.0,51.0,60.0,78.0,73.0,3,2,3600000.0,Juan Jesus (Napoli)
M. Doherty,Wolverhampton Wanderers,Republic of Ireland,Defender,31,75,75,1,68.0,65.0,71.0,72.0,73.0,74.0,4,3,4100000.0,M. Doherty (Wolverhampton Wanderers)
N. Sansone,Lecce,Italy,Midfielder,31,75,75,2,77.0,71.0,71.0,80.0,44.0,53.0,3,4,4700000.0,N. Sansone (Lecce)
J. Gouweleeuw,FC Augsburg,Netherlands,Defender,31,75,75,2,66.0,58.0,66.0,64.0,77.0,75.0,2,2,3800000.0,J. Gouweleeuw (FC Augsburg)
D. Demme,Napoli,Germany,Midfielder,31,75,75,2,53.0,47.0,74.0,75.0,71.0,71.0,4,3,3900000.0,D. Demme (Napoli)
J. Lascelles,Newcastle United,England,Defender,29,75,75,2,41.0,35.0,49.0,51.0,75.0,75.0,3,2,4700000.0,J. Lascelles (Newcastle United)
A. Florenzi,Milan,Italy,Defender,32,75,75,3,73.0,76.0,78.0,78.0,74.0,56.0,4,3,3900000.0,A. Florenzi (Milan)
P. Kadeřábek,TSG Hoffenheim,Czech Republic,Defender,31,75,75,2,72.0,45.0,70.0,70.0,72.0,76.0,2,3,4100000.0,P. Kadeřábek (TSG Hoffenheim)
K. Stöger,VfL Bochum 1848,Austria,Midfielder,29,75,75,2,58.0,66.0,78.0,74.0,60.0,63.0,3,3,5500000.0,K. Stöger (VfL Bochum 1848)
Portu,Girona,Spain,Midfielder,31,75,75,1,81.0,74.0,72.0,75.0,56.0,76.0,4,3,4700000.0,Portu (Girona)
Denis Suárez,Villarreal,Spain,Midfielder,29,75,75,2,63.0,71.0,78.0,78.0,64.0,54.0,3,3,5500000.0,Denis Suárez (Villarreal)
J. Akpa Akpro,Monza,Côte d'Ivoire,Midfielder,30,75,75,1,77.0,67.0,71.0,78.0,72.0,77.0,4,3,5500000.0,J. Akpa Akpro (Monza)
Luís Hernández,Cádiz,Spain,Defender,34,75,75,2,62.0,50.0,64.0,65.0,74.0,78.0,4,2,1800000.0,Luís Hernández (Cádiz)
A. Cragno,Sassuolo,Italy,Goalkeeper,29,75,75,1,0.0,0.0,0.0,0.0,0.0,0.0,3,1,3800000.0,A. Cragno (Sassuolo)
Léo Baptistão,Almería,Brazil,Midfielder,30,75,75,2,77.0,73.0,70.0,75.0,33.0,69.0,2,4,5500000.0,Léo Baptistão (Almería)
S. Prcić,Strasbourg,Bosnia and Herzegovina,Midfielder,29,75,75,1,50.0,60.0,74.0,74.0,71.0,72.0,4,3,4800000.0,S. Prcić (Strasbourg)
Juan Cruz,Osasuna,Spain,Defender,30,75,75,1,73.0,40.0,62.0,64.0,73.0,73.0,3,2,4800000.0,Juan Cruz (Osasuna)
P. Hofmann,VfL Bochum 1848,Germany,Forward,30,75,75,1,52.0,74.0,55.0,65.0,38.0,83.0,2,2,5500000.0,P. Hofmann (VfL Bochum 1848)
R. Olsen,Aston Villa,Sweden,Goalkeeper,33,75,75,1,0.0,0.0,0.0,0.0,0.0,0.0,2,1,1800000.0,R. Olsen (Aston Villa)
B. Traoré,Aston Villa,Burkina Faso,Midfielder,27,75,75,2,76.0,72.0,72.0,81.0,45.0,62.0,1,4,6000000.0,B. Traoré (Aston Villa)
L. Kübler,SC Freiburg,Germany,Defender,30,75,75,2,78.0,47.0,60.0,68.0,73.0,75.0,2,2,4800000.0,L. Kübler (SC Freiburg)
C. Jullien,Montpellier,France,Defender,30,75,75,2,61.0,50.0,62.0,56.0,74.0,78.0,3,2,4600000.0,C. Jullien (Montpellier)
Omar Mascarell,Mallorca,Spain,Midfielder,30,75,75,1,53.0,64.0,71.0,74.0,72.0,71.0,5,3,5500000.0,Omar Mascarell (Mallorca)
M. Schuhen,Darmstadt 98,Germany,Goalkeeper,30,75,75,1,0.0,0.0,0.0,0.0,0.0,0.0,3,1,3700000.0,M. Schuhen (Darmstadt 98)
Samu Castillejo,Sassuolo,Spain,Forward,28,75,75,2,79.0,67.0,73.0,80.0,45.0,57.0,2,4,5500000.0,Samu Castillejo (Sassuolo)
Rubén Peña,Osasuna,Spain,Defender,31,75,75,1,72.0,69.0,70.0,73.0,72.0,65.0,3,4,4100000.0,Rubén Peña (Osasuna)
G. Lapadula,Cagliari,Peru,Forward,33,75,75,2,74.0,73.0,60.0,74.0,39.0,73.0,4,3,3600000.0,G. Lapadula (Cagliari)
M. Elneny,Arsenal,Egypt,Midfielder,30,75,75,1,52.0,63.0,71.0,70.0,72.0,70.0,3,3,4700000.0,M. Elneny (Arsenal)
J. Haberer,FC Union Berlin,Germany,Midfielder,29,75,75,2,63.0,67.0,72.0,75.0,63.0,71.0,3,3,5500000.0,J. Haberer (FC Union Berlin)
L. Dendoncker,Aston Villa,Belgium,Midfielder,28,75,75,2,61.0,69.0,75.0,70.0,76.0,80.0,4,2,5500000.0,L. Dendoncker (Aston Villa)
D. Origi,Nottingham Forest,Belgium,Forward,28,75,75,2,75.0,74.0,67.0,74.0,27.0,72.0,4,4,6000000.0,D. Origi (Nottingham Forest)
T. Kleindienst,Heidenheim,Germany,Forward,27,75,75,1,67.0,76.0,57.0,66.0,33.0,83.0,5,2,6000000.0,T. Kleindienst (Heidenheim)
L. Alario,Eintracht Frankfurt,Argentina,Forward,30,75,75,2,66.0,76.0,58.0,72.0,29.0,74.0,3,3,5500000.0,L. Alario (Eintracht Frankfurt)
Unai García,Osasuna,Spain,Defender,30,75,75,1,60.0,42.0,62.0,57.0,77.0,75.0,3,2,4600000.0,Unai García (Osasuna)
P. Mwene,FSV Mainz 05,Austria,Defender,29,75,75,1,79.0,50.0,66.0,74.0,68.0,70.0,4,3,4900000.0,P. Mwene (FSV Mainz 05)
J. Palomino,Atalanta,Argentina,Defender,33,75,75,2,40.0,32.0,54.0,57.0,75.0,83.0,3,2,2700000.0,J. Palomino (Atalanta)
Sandro,Las Palmas,Spain,Forward,27,75,75,1,80.0,76.0,67.0,75.0,31.0,62.0,4,3,6000000.0,Sandro (Las Palmas)
E. Gyasi,Empoli,Ghana,Midfielder,29,75,75,1,82.0,63.0,66.0,75.0,44.0,73.0,3,3,5500000.0,E. Gyasi (Empoli)
D. Kuzyaev,Le Havre,Russia,Midfielder,30,75,75,1,78.0,66.0,74.0,75.0,72.0,66.0,3,3,5500000.0,D. Kuzyaev (Le Havre)
S. Lainer,Borussia Mönchengladbach,Austria,Defender,30,75,75,2,72.0,62.0,67.0,69.0,74.0,78.0,3,2,4800000.0,S. Lainer (Borussia Mönchengladbach)
Luis Rioja,Deportivo Alavés,Spain,Midfielder,29,75,75,1,77.0,74.0,70.0,77.0,37.0,51.0,4,3,5500000.0,Luis Rioja (Deportivo Alavés)
C. Larin,Mallorca,Canada,Forward,28,75,75,1,71.0,75.0,65.0,69.0,28.0,78.0,4,3,6000000.0,C. Larin (Mallorca)
Gelson Martins,Monaco,Portugal,Midfielder,28,75,75,3,86.0,70.0,68.0,79.0,51.0,57.0,3,4,5500000.0,Gelson Martins (Monaco)
Kevin,Celta de Vigo,Spain,Defender,30,75,75,1,66.0,53.0,67.0,66.0,73.0,66.0,3,3,4800000.0,Kevin (Celta de Vigo)
Raíllo,Mallorca,Spain,Defender,31,75,75,1,44.0,36.0,55.0,55.0,76.0,77.0,3,2,3800000.0,Raíllo (Mallorca)
Fali,Cádiz,Spain,Defender,29,75,75,1,46.0,53.0,68.0,59.0,74.0,87.0,3,2,4700000.0,Fali (Cádiz)
Rubén Alcaraz,Cádiz,Spain,Midfielder,32,75,75,2,51.0,73.0,76.0,71.0,74.0,81.0,4,3,4400000.0,Rubén Alcaraz (Cádiz)
F. Sacko,Montpellier,Mali,Defender,28,75,75,1,92.0,45.0,62.0,72.0,69.0,73.0,3,3,5000000.0,F. Sacko (Montpellier)
Simão Donatinho,Corinthians,Brazil,Goalkeeper,27,75,75,1,0.0,0.0,0.0,0.0,0.0,0.0,2,1,4300000.0,Simão Donatinho (Corinthians)
Enaldo Praz,Corinthians,Brazil,Defender,39,75,75,1,70.0,49.0,68.0,65.0,74.0,71.0,3,2,1200000.0,Enaldo Praz (Corinthians)
Walexinton,Athletico Paranaense,Brazil,Goalkeeper,31,75,75,1,0.0,0.0,0.0,0.0,0.0,0.0,3,1,3000000.0,Walexinton (Athletico Paranaense)
Estevão Candeira,Flamengo,Brazil,Defender,27,75,75,1,77.0,59.0,70.0,69.0,70.0,68.0,4,2,5500000.0,Estevão Candeira (Flamengo)
Leo Vimieiro,São Paulo,Brazil,Defender,27,75,75,1,73.0,52.0,66.0,70.0,74.0,71.0,3,2,5500000.0,Leo Vimieiro (São Paulo)
Kaíquão Castro,Fluminense,Brazil,Goalkeeper,27,75,75,1,0.0,0.0,0.0,0.0,0.0,0.0,2,1,4300000.0,Kaíquão Castro (Fluminense)
Danisco Fachini,Flamengo,Brazil,Midfielder,35,75,75,1,66.0,44.0,67.0,69.0,74.0,70.0,3,2,1600000.0,Danisco Fachini (Flamengo)
Joshuando Sá,Santos,Brazil,Defender,27,75,75,1,73.0,44.0,64.0,65.0,75.0,74.0,3,2,5500000.0,Joshuando Sá (Santos)
Rubens Freitosa,Athletico Paranaense,Brazil,Midfielder,39,75,75,1,64.0,64.0,73.0,71.0,68.0,76.0,4,2,1800000.0,Rubens Freitosa (Athletico Paranaense)
Duirval Diniz,Athletico Paranaense,Brazil,Defender,27,75,75,1,53.0,47.0,55.0,52.0,77.0,74.0,3,2,5000000.0,Duirval Diniz (Athletico Paranaense)
Pascoal Muscato,Santos,Brazil,Midfielder,31,75,75,1,58.0,68.0,69.0,70.0,73.0,76.0,4,2,3900000.0,Pascoal Muscato (Santos)
Elildo Petri,Palmeiras,Brazil,Midfielder,27,75,75,1,73.0,68.0,75.0,77.0,29.0,69.0,4,3,6000000.0,Elildo Petri (Palmeiras)
Formosandrinho,Atlético Mineiro,Brazil,Forward,31,75,75,1,77.0,77.0,60.0,73.0,24.0,61.0,3,3,4800000.0,Formosandrinho (Atlético Mineiro)
Z. Steffen,Manchester City,United States,Goalkeeper,28,75,75,1,0.0,0.0,0.0,0.0,0.0,0.0,3,1,4000000.0,Z. Steffen (Manchester City)
Elieser Baldeiro,Flamengo,Brazil,Defender,27,75,75,1,75.0,56.0,60.0,64.0,76.0,76.0,3,2,5000000.0,Elieser Baldeiro (Flamengo)
M. Bülter,TSG Hoffenheim,Germany,Midfielder,30,75,75,1,82.0,76.0,68.0,73.0,48.0,77.0,3,3,5500000.0,M. Bülter (TSG Hoffenheim)
Vinícius,Fulham,Brazil,Forward,28,75,75,2,71.0,76.0,61.0,72.0,41.0,79.0,3,3,6000000.0,Vinícius (Fulham)
S. Weissman,Granada,Israel,Forward,27,75,75,1,71.0,78.0,64.0,68.0,38.0,73.0,4,3,6000000.0,S. Weissman (Granada)
E. Ferguson,Brighton & Hove Albion,Republic of Ireland,Forward,18,74,86,1,72.0,74.0,61.0,70.0,21.0,70.0,3,3,10000000.0,E. Ferguson (Brighton & Hove Albion)
Fábio Carvalho,RB Leipzig,Portugal,Midfielder,20,74,85,1,78.0,68.0,68.0,77.0,45.0,51.0,4,3,9500000.0,Fábio Carvalho (RB Leipzig)
E. Bove,Roma,Italy,Midfielder,21,74,85,1,65.0,68.0,67.0,74.0,74.0,72.0,3,2,9500000.0,E. Bove (Roma)
Pablo Barrios,Atlético Madrid,Spain,Midfielder,20,74,85,1,76.0,68.0,70.0,74.0,68.0,61.0,3,3,9000000.0,Pablo Barrios (Atlético Madrid)
Y. Bisseck,Inter,Germany,Defender,22,74,84,1,72.0,49.0,60.0,68.0,73.0,81.0,3,2,9000000.0,Y. Bisseck (Inter)
A. Diallo,Manchester United,Côte d'Ivoire,Forward,20,74,84,1,85.0,71.0,63.0,79.0,25.0,51.0,4,4,9500000.0,A. Diallo (Manchester United)
W. Pacho,Eintracht Frankfurt,Ecuador,Defender,21,74,84,1,83.0,32.0,56.0,59.0,73.0,79.0,2,2,9000000.0,W. Pacho (Eintracht Frankfurt)
E. Martel,FC Köln,Germany,Midfielder,21,74,84,1,63.0,51.0,60.0,69.0,75.0,80.0,3,2,9000000.0,E. Martel (FC Köln)
L. Sučić,Salzburg,Croatia,Midfielder,20,74,84,1,76.0,73.0,74.0,74.0,49.0,66.0,3,3,9500000.0,L. Sučić (Salzburg)
F. Rieder,Rennes,Switzerland,Midfielder,21,74,84,1,74.0,69.0,71.0,75.0,51.0,63.0,3,3,9500000.0,F. Rieder (Rennes)
Miguel Gutiérrez,Girona,Spain,Defender,21,74,84,1,77.0,53.0,70.0,74.0,69.0,65.0,3,2,9000000.0,Miguel Gutiérrez (Girona)
L. Colwill,Chelsea,England,Defender,20,74,84,1,72.0,34.0,62.0,68.0,74.0,74.0,3,2,8500000.0,L. Colwill (Chelsea)
K. Asllani,Inter,Albania,Midfielder,21,74,84,1,66.0,61.0,73.0,73.0,69.0,61.0,3,2,9500000.0,K. Asllani (Inter)
N. Cambiaghi,Empoli,Italy,Forward,22,74,84,1,81.0,73.0,62.0,76.0,38.0,72.0,3,3,9500000.0,N. Cambiaghi (Empoli)
Sergio Gómez,Manchester City,Spain,Defender,22,74,83,1,69.0,70.0,75.0,77.0,69.0,65.0,3,4,9000000.0,Sergio Gómez (Manchester City)
D. Popov,Dynamo Kyiv,Ukraine,Defender,24,74,83,1,63.0,38.0,48.0,57.0,74.0,74.0,4,2,8500000.0,D. Popov (Dynamo Kyiv)
I. Maatsen,Chelsea,Netherlands,Defender,21,74,83,1,83.0,58.0,68.0,75.0,68.0,64.0,4,2,9000000.0,I. Maatsen (Chelsea)
Y. Musah,Milan,United States,Midfielder,20,74,83,1,84.0,68.0,71.0,76.0,69.0,72.0,3,4,9000000.0,Y. Musah (Milan)
A. Cambiaso,Juventus,Italy,Defender,23,74,83,1,75.0,54.0,70.0,74.0,69.0,60.0,4,2,9000000.0,A. Cambiaso (Juventus)
A. Zaroury,Burnley,Morocco,Midfielder,22,74,83,1,84.0,68.0,68.0,76.0,27.0,61.0,5,4,9500000.0,A. Zaroury (Burnley)
T. Livramento,Newcastle United,England,Defender,20,74,83,1,78.0,47.0,65.0,73.0,71.0,62.0,4,2,9000000.0,T. Livramento (Newcastle United)
Z. Amdouni,Burnley,Switzerland,Forward,22,74,83,1,72.0,74.0,69.0,76.0,46.0,70.0,4,3,9500000.0,Z. Amdouni (Burnley)
A. Prass,Sturm Graz,Austria,Midfielder,22,74,83,1,73.0,65.0,73.0,75.0,69.0,75.0,3,3,9500000.0,A. Prass (Sturm Graz)
J. Kiwior,Arsenal,Poland,Defender,23,74,83,1,67.0,37.0,59.0,61.0,75.0,77.0,3,2,8500000.0,J. Kiwior (Arsenal)
A. Diouf,Lens,France,Midfielder,20,74,83,1,74.0,66.0,69.0,76.0,66.0,75.0,3,3,9000000.0,A. Diouf (Lens)
N. Krstović,Lecce,Montenegro,Forward,23,74,83,1,69.0,74.0,54.0,70.0,26.0,74.0,4,2,9500000.0,N. Krstović (Lecce)
C. Bassey,Fulham,Nigeria,Defender,23,74,82,1,83.0,44.0,62.0,66.0,73.0,86.0,3,2,8500000.0,C. Bassey (Fulham)
J. Burkardt,FSV Mainz 05,Germany,Forward,22,74,82,1,79.0,73.0,67.0,77.0,43.0,75.0,3,3,9500000.0,J. Burkardt (FSV Mainz 05)
L. Traoré,Shakhtar Donetsk,Burkina Faso,Forward,22,74,82,1,78.0,72.0,57.0,69.0,30.0,77.0,3,3,9500000.0,L. Traoré (Shakhtar Donetsk)
B. Aaronson,FC Union Berlin,United States,Midfielder,22,74,82,1,77.0,66.0,70.0,79.0,54.0,62.0,3,3,9500000.0,B. Aaronson (FC Union Berlin)
G. Isaksen,Lazio,Denmark,Forward,22,74,82,1,89.0,70.0,65.0,77.0,40.0,51.0,3,3,9500000.0,G. Isaksen (Lazio)
T. Krauß,FSV Mainz 05,Germany,Midfielder,22,74,82,1,76.0,66.0,66.0,73.0,71.0,75.0,3,2,9000000.0,T. Krauß (FSV Mainz 05)
Manu Sánchez,Celta de Vigo,Spain,Defender,22,74,82,1,73.0,44.0,62.0,68.0,72.0,60.0,3,3,9000000.0,Manu Sánchez (Celta de Vigo)
A. Rouault,VfB Stuttgart,France,Defender,22,74,82,1,54.0,30.0,60.0,56.0,75.0,73.0,3,2,9000000.0,A. Rouault (VfB Stuttgart)
Raúl García,Osasuna,Spain,Forward,22,74,82,1,70.0,74.0,62.0,71.0,25.0,68.0,3,3,9500000.0,Raúl García (Osasuna)
Samú Costa,Mallorca,Portugal,Midfielder,22,74,82,1,62.0,63.0,67.0,68.0,70.0,73.0,2,2,9000000.0,Samú Costa (Mallorca)
Tiago Tomás,VfL Wolfsburg,Portugal,Forward,21,74,82,1,88.0,70.0,58.0,77.0,39.0,69.0,3,4,9500000.0,Tiago Tomás (VfL Wolfsburg)
M. Estève,Montpellier,France,Defender,21,74,82,1,65.0,33.0,52.0,54.0,74.0,77.0,3,2,9000000.0,M. Estève (Montpellier)
J. Lucumí,Bologna,Colombia,Defender,25,74,81,1,68.0,28.0,59.0,63.0,73.0,79.0,3,2,7500000.0,J. Lucumí (Bologna)
R. Nelson,Arsenal,England,Forward,23,74,81,1,86.0,66.0,69.0,78.0,36.0,55.0,3,4,8500000.0,R. Nelson (Arsenal)
T. Weah,Juventus,United States,Midfielder,23,74,81,2,85.0,70.0,67.0,75.0,63.0,70.0,3,3,8500000.0,T. Weah (Juventus)
N. Williams,Nottingham Forest,Wales,Defender,22,74,81,1,74.0,46.0,67.0,72.0,69.0,63.0,3,2,8000000.0,N. Williams (Nottingham Forest)
A. Lunin,Real Madrid,Ukraine,Goalkeeper,24,74,81,1,0.0,0.0,0.0,0.0,0.0,0.0,3,1,7000000.0,A. Lunin (Real Madrid)
N. Moro,Bologna,Croatia,Midfielder,25,74,81,1,68.0,71.0,73.0,73.0,69.0,77.0,5,3,7500000.0,N. Moro (Bologna)
V. Boniface,Bayer 04 Leverkusen,Nigeria,Forward,22,74,81,1,74.0,74.0,62.0,71.0,37.0,81.0,3,3,8500000.0,V. Boniface (Bayer 04 Leverkusen)
A. Colpani,Monza,Italy,Midfielder,24,74,81,1,76.0,64.0,74.0,75.0,64.0,64.0,2,3,8500000.0,A. Colpani (Monza)
Toti Gomes,Wolverhampton Wanderers,Portugal,Defender,24,74,81,1,76.0,47.0,63.0,63.0,74.0,75.0,3,2,8000000.0,Toti Gomes (Wolverhampton Wanderers)
Terrats,Villarreal,Spain,Midfielder,22,74,81,1,57.0,64.0,69.0,70.0,71.0,71.0,3,3,8500000.0,Terrats (Villarreal)
I. Ndiaye,Olympique de Marseille,Senegal,Forward,23,74,81,1,84.0,74.0,64.0,80.0,37.0,66.0,3,4,8500000.0,I. Ndiaye (Olympique de Marseille)
T. Douvikas,Celta de Vigo,Greece,Forward,23,74,81,1,81.0,72.0,62.0,73.0,34.0,73.0,4,3,8500000.0,T. Douvikas (Celta de Vigo)
S. Beukema,Bologna,Netherlands,Defender,24,74,81,1,59.0,55.0,58.0,62.0,75.0,74.0,3,2,8000000.0,S. Beukema (Bologna)
Đ. Petrović,Chelsea,Serbia,Goalkeeper,23,74,81,1,0.0,0.0,0.0,0.0,0.0,0.0,2,1,7000000.0,Đ. Petrović (Chelsea)
Jeffinho,Olympique Lyonnais,Brazil,Forward,23,74,81,1,87.0,55.0,66.0,80.0,35.0,47.0,3,5,8500000.0,Jeffinho (Olympique Lyonnais)
B. Brereton Díaz,Villarreal,Chile,Midfielder,24,74,80,1,83.0,73.0,66.0,74.0,41.0,78.0,3,3,6500000.0,B. Brereton Díaz (Villarreal)
J. Tanganga,FC Augsburg,England,Defender,24,74,80,1,73.0,33.0,63.0,70.0,75.0,77.0,3,2,6000000.0,J. Tanganga (FC Augsburg)
S. Birindelli,Monza,Italy,Defender,23,74,80,1,82.0,52.0,65.0,71.0,70.0,66.0,4,3,6000000.0,S. Birindelli (Monza)
N. Tella,Bayer 04 Leverkusen,England,Midfielder,23,74,80,1,88.0,69.0,65.0,76.0,33.0,58.0,3,3,6500000.0,N. Tella (Bayer 04 Leverkusen)
J. Moder,Brighton & Hove Albion,Poland,Midfielder,24,74,80,1,64.0,70.0,74.0,72.0,69.0,72.0,5,3,6500000.0,J. Moder (Brighton & Hove Albion)
B. Johnson,West Ham United,England,Defender,23,74,80,1,75.0,38.0,62.0,67.0,73.0,71.0,4,2,6000000.0,B. Johnson (West Ham United)
A. Sambi Lokonga,Luton Town,Belgium,Midfielder,23,74,80,1,66.0,58.0,74.0,77.0,68.0,68.0,3,3,6000000.0,A. Sambi Lokonga (Luton Town)
F. Gattoni,Sevilla,Argentina,Defender,24,74,80,1,71.0,60.0,59.0,64.0,75.0,75.0,4,2,6000000.0,F. Gattoni (Sevilla)
J. Scally,Borussia Mönchengladbach,United States,Defender,20,74,80,1,81.0,43.0,63.0,71.0,71.0,72.0,3,2,6000000.0,J. Scally (Borussia Mönchengladbach)
M. Pedersen,Sassuolo,Norway,Defender,23,74,80,1,90.0,49.0,68.0,72.0,66.0,70.0,4,3,6000000.0,M. Pedersen (Sassuolo)
Silas,VfB Stuttgart,Congo DR,Midfielder,24,74,80,1,87.0,70.0,61.0,80.0,52.0,67.0,2,5,6500000.0,Silas (VfB Stuttgart)
Iván Martín,Girona,Spain,Midfielder,24,74,80,1,74.0,71.0,74.0,77.0,59.0,52.0,3,3,6500000.0,Iván Martín (Girona)
J. Chotard,Montpellier,France,Midfielder,21,74,80,2,66.0,54.0,72.0,74.0,71.0,68.0,4,3,6000000.0,J. Chotard (Montpellier)
David Costa,Lens,Portugal,Forward,22,74,80,1,72.0,68.0,67.0,81.0,33.0,43.0,3,3,7000000.0,David Costa (Lens)
Mingueza,Celta de Vigo,Spain,Defender,24,74,80,1,74.0,35.0,65.0,64.0,72.0,74.0,3,2,6000000.0,Mingueza (Celta de Vigo)
Sergi Cardona,Las Palmas,Spain,Defender,23,74,80,1,80.0,42.0,60.0,63.0,73.0,69.0,3,2,6000000.0,Sergi Cardona (Las Palmas)
R. Oxford,FC Augsburg,England,Defender,24,74,79,1,65.0,33.0,54.0,61.0,75.0,76.0,3,2,6000000.0,R. Oxford (FC Augsburg)
Akieme,Almería,Spain,Defender,25,74,79,1,78.0,44.0,60.0,70.0,70.0,69.0,3,3,6000000.0,Akieme (Almería)
Aleñá,Getafe,Spain,Midfielder,25,74,79,1,67.0,67.0,74.0,73.0,59.0,60.0,2,4,6000000.0,Aleñá (Getafe)
C. Zesiger,VfL Wolfsburg,Switzerland,Defender,25,74,79,1,62.0,45.0,57.0,61.0,72.0,81.0,3,2,5500000.0,C. Zesiger (VfL Wolfsburg)
D. Zagadou,VfB Stuttgart,France,Defender,24,74,79,2,58.0,34.0,60.0,50.0,74.0,80.0,3,2,6000000.0,D. Zagadou (VfB Stuttgart)
M. Bakker,Atalanta,Netherlands,Defender,23,74,79,1,82.0,54.0,65.0,70.0,72.0,77.0,2,2,6000000.0,M. Bakker (Atalanta)
Brenner,Udinese,Brazil,Forward,23,74,79,1,79.0,71.0,64.0,77.0,32.0,57.0,3,3,6500000.0,Brenner (Udinese)
M. Jenz,VfL Wolfsburg,Germany,Defender,24,74,79,1,69.0,29.0,50.0,55.0,72.0,81.0,3,2,6000000.0,M. Jenz (VfL Wolfsburg)
P. Pfeiffer,FC Augsburg,Germany,Defender,23,74,79,1,72.0,35.0,47.0,57.0,74.0,81.0,5,2,6000000.0,P. Pfeiffer (FC Augsburg)
L. Maina,FC Köln,Germany,Midfielder,24,74,79,1,86.0,62.0,68.0,76.0,29.0,55.0,4,3,6500000.0,L. Maina (FC Köln)
Hugo Duro,Valencia,Spain,Forward,23,74,79,1,73.0,74.0,65.0,72.0,44.0,68.0,4,3,6500000.0,Hugo Duro (Valencia)
R. Giles,Luton Town,England,Defender,23,74,79,1,89.0,57.0,73.0,73.0,62.0,65.0,2,3,6000000.0,R. Giles (Luton Town)
M. Talbi,Lorient,Tunisia,Defender,25,74,79,1,60.0,30.0,42.0,57.0,75.0,77.0,3,2,5500000.0,M. Talbi (Lorient)
N. Capaldo,Salzburg,Argentina,Midfielder,24,74,79,1,76.0,69.0,71.0,74.0,69.0,78.0,2,3,6500000.0,N. Capaldo (Salzburg)
C. Richards,Crystal Palace,United States,Defender,23,74,79,1,71.0,27.0,58.0,55.0,74.0,71.0,4,2,6000000.0,C. Richards (Crystal Palace)
M. Bard,Nice,France,Defender,22,74,79,1,75.0,52.0,67.0,74.0,70.0,70.0,3,3,6000000.0,M. Bard (Nice)
Vallejo,Granada,Spain,Defender,26,74,78,1,66.0,42.0,56.0,64.0,76.0,64.0,3,2,5000000.0,Vallejo (Granada)
M. Sarr,Chelsea,France,Defender,24,74,78,1,66.0,52.0,69.0,65.0,75.0,74.0,2,2,5500000.0,M. Sarr (Chelsea)
A. Pinamonti,Sassuolo,Italy,Forward,24,74,78,1,74.0,76.0,53.0,71.0,27.0,73.0,3,3,6000000.0,A. Pinamonti (Sassuolo)
Dani Cárdenas,Rayo Vallecano,Spain,Goalkeeper,26,74,78,1,0.0,0.0,0.0,0.0,0.0,0.0,3,1,4500000.0,Dani Cárdenas (Rayo Vallecano)
M. Friedl,Werder Bremen,Austria,Defender,25,74,78,1,73.0,42.0,61.0,67.0,75.0,75.0,2,2,5500000.0,M. Friedl (Werder Bremen)
N. Bajrami,Sassuolo,Albania,Midfielder,24,74,78,1,74.0,68.0,72.0,76.0,59.0,66.0,4,3,6000000.0,N. Bajrami (Sassuolo)
M. Pongračić,Lecce,Croatia,Defender,25,74,78,1,65.0,26.0,52.0,63.0,73.0,75.0,3,2,5500000.0,M. Pongračić (Lecce)
N. Cozza,VfL Wolfsburg,France,Defender,24,74,78,1,74.0,41.0,61.0,70.0,75.0,68.0,3,2,5500000.0,N. Cozza (VfL Wolfsburg)
M. Bayo,Le Havre,Guinea,Forward,25,74,78,1,68.0,75.0,60.0,73.0,26.0,63.0,2,3,6000000.0,M. Bayo (Le Havre)
P. Jaeckel,FC Union Berlin,Germany,Defender,24,74,78,1,63.0,33.0,52.0,52.0,76.0,75.0,3,2,5500000.0,P. Jaeckel (FC Union Berlin)
L. Pellegrini,Lazio,Italy,Defender,24,74,78,1,75.0,54.0,66.0,75.0,71.0,61.0,4,3,5500000.0,L. Pellegrini (Lazio)
A. Pieper,Werder Bremen,Germany,Defender,25,74,78,1,66.0,32.0,52.0,52.0,77.0,75.0,3,2,5500000.0,A. Pieper (Werder Bremen)
S. Diomandé,Olympique Lyonnais,Côte d'Ivoire,Defender,22,74,78,1,66.0,46.0,61.0,58.0,73.0,76.0,3,2,5500000.0,S. Diomandé (Olympique Lyonnais)
Rubén Blanco,Olympique de Marseille,Spain,Goalkeeper,27,74,77,1,0.0,0.0,0.0,0.0,0.0,0.0,3,1,4100000.0,Rubén Blanco (Olympique de Marseille)
Aarón,Las Palmas,Spain,Goalkeeper,27,74,77,1,0.0,0.0,0.0,0.0,0.0,0.0,3,1,4100000.0,Aarón (Las Palmas)
S. Luperto,Empoli,Italy,Defender,26,74,77,1,64.0,58.0,62.0,64.0,76.0,71.0,3,2,4900000.0,S. Luperto (Empoli)
M. Mittelstädt,VfB Stuttgart,Germany,Defender,26,74,77,2,76.0,61.0,67.0,73.0,70.0,67.0,3,3,5000000.0,M. Mittelstädt (VfB Stuttgart)
L. Coulibaly,Salernitana,Mali,Midfielder,27,74,77,1,70.0,58.0,67.0,72.0,74.0,77.0,3,3,4900000.0,L. Coulibaly (Salernitana)
I. Sissoko,Strasbourg,France,Midfielder,25,74,77,1,59.0,60.0,70.0,68.0,72.0,84.0,4,3,5500000.0,I. Sissoko (Strasbourg)
Dany Mota,Monza,Portugal,Forward,25,74,77,1,79.0,73.0,66.0,77.0,31.0,65.0,3,3,5500000.0,Dany Mota (Monza)
A. Nordin,Montpellier,France,Midfielder,25,74,77,1,82.0,70.0,70.0,75.0,37.0,58.0,4,3,5500000.0,A. Nordin (Montpellier)
R. Vargas,FC Augsburg,Switzerland,Midfielder,24,74,77,2,84.0,69.0,66.0,78.0,54.0,64.0,4,4,6000000.0,R. Vargas (FC Augsburg)
G. Nyamsi,Strasbourg,France,Defender,26,74,77,1,40.0,33.0,51.0,56.0,74.0,81.0,2,2,4900000.0,G. Nyamsi (Strasbourg)
E. Rexhbeçaj,FC Augsburg,Kosovo,Midfielder,25,74,77,1,66.0,66.0,71.0,74.0,68.0,73.0,3,3,5500000.0,E. Rexhbeçaj (FC Augsburg)
J. Beste,Heidenheim,Germany,Midfielder,24,74,77,1,84.0,67.0,70.0,74.0,60.0,64.0,3,3,6000000.0,J. Beste (Heidenheim)
Ander Guevara,Deportivo Alavés,Spain,Midfielder,25,74,77,1,46.0,63.0,72.0,71.0,72.0,69.0,3,3,5500000.0,Ander Guevara (Deportivo Alavés)
M. Erlić,Sassuolo,Croatia,Defender,25,74,77,1,63.0,34.0,49.0,52.0,74.0,74.0,2,2,5000000.0,M. Erlić (Sassuolo)
Aihen Muñoz,Real Sociedad,Spain,Defender,25,74,77,1,77.0,54.0,69.0,73.0,72.0,70.0,3,3,5000000.0,Aihen Muñoz (Real Sociedad)
M. Mohamed,Nantes,Egypt,Forward,25,74,77,2,74.0,74.0,57.0,69.0,37.0,79.0,5,3,5500000.0,M. Mohamed (Nantes)
K. Akpoguma,TSG Hoffenheim,Nigeria,Defender,28,74,76,2,77.0,48.0,59.0,70.0,75.0,74.0,4,3,4200000.0,K. Akpoguma (TSG Hoffenheim)
C. Starfelt,Celta de Vigo,Sweden,Defender,28,74,76,1,75.0,31.0,53.0,68.0,74.0,76.0,3,2,4200000.0,C. Starfelt (Celta de Vigo)
L. Cook,AFC Bournemouth,England,Midfielder,26,74,76,1,59.0,63.0,74.0,77.0,66.0,66.0,4,3,5000000.0,L. Cook (AFC Bournemouth)
M. Bader,Darmstadt 98,Germany,Defender,26,74,76,1,70.0,39.0,62.0,71.0,68.0,69.0,3,3,4800000.0,M. Bader (Darmstadt 98)
P. Hatzidiakos,Cagliari,Greece,Defender,26,74,76,1,73.0,53.0,65.0,68.0,73.0,75.0,3,2,4600000.0,P. Hatzidiakos (Cagliari)
T. Davies,Sheffield United,England,Midfielder,25,74,76,1,62.0,64.0,73.0,74.0,69.0,69.0,3,3,5500000.0,T. Davies (Sheffield United)
J. Worrall,Nottingham Forest,England,Defender,26,74,76,1,50.0,25.0,51.0,45.0,75.0,76.0,2,2,4600000.0,J. Worrall (Nottingham Forest)
J. Stage,Werder Bremen,Denmark,Midfielder,26,74,76,1,73.0,65.0,70.0,72.0,72.0,81.0,3,3,5000000.0,J. Stage (Werder Bremen)
R. Kouamé,Cádiz,Mali,Midfielder,26,74,76,1,68.0,56.0,69.0,74.0,70.0,80.0,1,3,5000000.0,R. Kouamé (Cádiz)
T. Bašić,Lazio,Croatia,Midfielder,26,74,76,1,54.0,66.0,75.0,73.0,72.0,76.0,3,3,5000000.0,T. Bašić (Lazio)
Sergio Rico,Paris Saint Germain,Spain,Goalkeeper,29,74,75,2,0.0,0.0,0.0,0.0,0.0,0.0,3,1,3200000.0,Sergio Rico (Paris Saint Germain)
N. Maupay,Brentford,France,Forward,26,74,75,1,69.0,76.0,67.0,71.0,41.0,72.0,3,3,5000000.0,N. Maupay (Brentford)
T. Strakosha,Brentford,Albania,Goalkeeper,28,74,75,1,0.0,0.0,0.0,0.0,0.0,0.0,2,1,3300000.0,T. Strakosha (Brentford)
N. Stark,Werder Bremen,Germany,Defender,28,74,75,2,72.0,50.0,62.0,66.0,74.0,76.0,3,2,4000000.0,N. Stark (Werder Bremen)
R. Skov,TSG Hoffenheim,Denmark,Defender,27,74,75,1,74.0,77.0,76.0,74.0,66.0,69.0,3,3,4400000.0,R. Skov (TSG Hoffenheim)
P. Mainka,Heidenheim,Germany,Defender,28,74,75,1,54.0,40.0,51.0,53.0,76.0,81.0,3,2,4000000.0,P. Mainka (Heidenheim)
L. Waldschmidt,FC Köln,Germany,Forward,27,74,75,2,68.0,77.0,69.0,76.0,29.0,61.0,3,3,4900000.0,L. Waldschmidt (FC Köln)
D. Brooks,AFC Bournemouth,Wales,Midfielder,25,74,75,1,66.0,71.0,75.0,78.0,48.0,58.0,3,4,5000000.0,D. Brooks (AFC Bournemouth)
M. Diaw,Clermont,Senegal,Goalkeeper,30,74,75,1,0.0,0.0,0.0,0.0,0.0,0.0,2,1,3200000.0,M. Diaw (Clermont)
J. Riedewald,Crystal Palace,Netherlands,Midfielder,26,74,75,1,58.0,56.0,74.0,69.0,73.0,68.0,2,3,4400000.0,J. Riedewald (Crystal Palace)
Unai López,Rayo Vallecano,Spain,Midfielder,27,74,75,1,70.0,70.0,77.0,76.0,67.0,68.0,3,3,4300000.0,Unai López (Rayo Vallecano)
M. Thorsby,Genoa,Norway,Midfielder,27,74,75,2,64.0,63.0,70.0,72.0,75.0,81.0,3,2,4800000.0,M. Thorsby (Genoa)
B. Manuel,Burnley,Belgium,Midfielder,26,74,75,1,87.0,70.0,69.0,78.0,35.0,63.0,4,4,5000000.0,B. Manuel (Burnley)
T. Ebuehi,Empoli,Nigeria,Defender,27,74,75,1,87.0,51.0,60.0,72.0,69.0,72.0,3,2,4400000.0,T. Ebuehi (Empoli)
J. Gorenc Stanković,Sturm Graz,Slovenia,Midfielder,27,74,75,1,45.0,46.0,59.0,66.0,75.0,82.0,3,2,4300000.0,J. Gorenc Stanković (Sturm Graz)
Borja Mayoral,Getafe,Spain,Forward,26,74,75,2,64.0,74.0,67.0,74.0,38.0,65.0,4,3,5000000.0,Borja Mayoral (Getafe)
A. Ounas,Lille,Algeria,Midfielder,26,74,75,2,83.0,66.0,70.0,79.0,44.0,63.0,4,4,5000000.0,A. Ounas (Lille)
A. Guðmundsson,Genoa,Iceland,Forward,26,74,75,1,84.0,73.0,68.0,78.0,36.0,71.0,4,3,5000000.0,A. Guðmundsson (Genoa)
Chris Ramos,Cádiz,Spain,Forward,26,74,75,1,81.0,73.0,63.0,72.0,35.0,67.0,2,3,5000000.0,Chris Ramos (Cádiz)
Neto Borges,Clermont,Brazil,Defender,26,74,75,1,70.0,50.0,65.0,72.0,69.0,80.0,3,3,4500000.0,Neto Borges (Clermont)
Carlos Neva,Granada,Spain,Defender,27,74,75,1,77.0,52.0,62.0,70.0,71.0,68.0,2,3,4400000.0,Carlos Neva (Granada)
Bebé,Rayo Vallecano,Cape Verde Islands,Midfielder,32,74,74,1,82.0,78.0,71.0,72.0,41.0,85.0,4,3,3300000.0,Bebé (Rayo Vallecano)
Zanka,Brentford,Denmark,Defender,33,74,74,1,53.0,39.0,58.0,57.0,74.0,78.0,2,2,2000000.0,Zanka (Brentford)
O. Norwood,Sheffield United,Northern Ireland,Midfielder,32,74,74,1,48.0,66.0,77.0,67.0,68.0,63.0,3,2,2800000.0,O. Norwood (Sheffield United)
J. Ward,Crystal Palace,England,Defender,33,74,74,1,51.0,52.0,68.0,66.0,77.0,70.0,3,3,2200000.0,J. Ward (Crystal Palace)
S. Ulreich,FC Bayern München,Germany,Goalkeeper,34,74,74,2,0.0,0.0,0.0,0.0,0.0,0.0,2,1,725000.0,S. Ulreich (FC Bayern München)
Kiko Femenía,Villarreal,Spain,Defender,32,74,74,1,73.0,56.0,70.0,72.0,71.0,67.0,3,3,2900000.0,Kiko Femenía (Villarreal)
N. Clyne,Crystal Palace,England,Defender,32,74,74,2,63.0,60.0,70.0,71.0,74.0,64.0,2,3,2900000.0,N. Clyne (Crystal Palace)
A. Smith,AFC Bournemouth,England,Defender,32,74,74,1,64.0,60.0,70.0,70.0,73.0,71.0,3,3,2900000.0,A. Smith (AFC Bournemouth)
Kike García,Deportivo Alavés,Spain,Forward,33,74,74,1,54.0,75.0,64.0,72.0,44.0,72.0,4,3,2700000.0,Kike García (Deportivo Alavés)
M. Gonalons,Clermont,France,Midfielder,34,74,74,3,40.0,61.0,70.0,67.0,73.0,66.0,4,3,1400000.0,M. Gonalons (Clermont)
V. Le Goff,Lorient,France,Defender,33,74,74,1,67.0,60.0,67.0,70.0,71.0,71.0,3,3,2200000.0,V. Le Goff (Lorient)
Borja García,Girona,Spain,Midfielder,32,74,74,1,72.0,70.0,74.0,75.0,60.0,65.0,3,3,3300000.0,Borja García (Girona)
W. Khazri,Montpellier,Tunisia,Forward,32,74,74,2,67.0,78.0,75.0,76.0,43.0,70.0,4,4,3400000.0,W. Khazri (Montpellier)
T. Cairney,Fulham,Scotland,Midfielder,32,74,74,1,56.0,72.0,77.0,75.0,62.0,65.0,2,3,3300000.0,T. Cairney (Fulham)
J. Ayew,Crystal Palace,Ghana,Forward,31,74,74,2,74.0,72.0,69.0,77.0,55.0,73.0,3,4,3500000.0,J. Ayew (Crystal Palace)
N. Mendy,Lens,Senegal,Midfielder,31,74,74,1,57.0,54.0,69.0,75.0,73.0,65.0,3,3,3000000.0,N. Mendy (Lens)
R. Barkley,Luton Town,England,Midfielder,29,74,74,2,67.0,72.0,73.0,75.0,56.0,70.0,5,4,4100000.0,R. Barkley (Luton Town)
L. Caldirola,Monza,Italy,Defender,32,74,74,2,43.0,42.0,63.0,60.0,76.0,69.0,3,2,2700000.0,L. Caldirola (Monza)
R. Žulj,LASK Linz,Austria,Midfielder,31,74,74,1,60.0,75.0,76.0,73.0,40.0,73.0,3,3,3500000.0,R. Žulj (LASK Linz)
D. da Costa,FSV Mainz 05,Germany,Defender,29,74,74,2,78.0,56.0,65.0,69.0,71.0,81.0,3,3,3700000.0,D. da Costa (FSV Mainz 05)
D. Foulquier,Valencia,France,Defender,30,74,74,1,74.0,60.0,64.0,67.0,73.0,76.0,3,3,3600000.0,D. Foulquier (Valencia)
J. Egan,Sheffield United,Republic of Ireland,Defender,30,74,74,1,64.0,46.0,54.0,61.0,73.0,78.0,3,2,3500000.0,J. Egan (Sheffield United)
M. Nastasić,Mallorca,Serbia,Defender,30,74,74,1,61.0,36.0,62.0,56.0,74.0,73.0,2,2,3500000.0,M. Nastasić (Mallorca)
C. Chambers,Aston Villa,England,Defender,28,74,74,2,62.0,56.0,70.0,68.0,75.0,70.0,3,2,3600000.0,C. Chambers (Aston Villa)
W. Hughes,Crystal Palace,England,Midfielder,28,74,74,1,48.0,63.0,77.0,74.0,68.0,61.0,3,4,4200000.0,W. Hughes (Crystal Palace)
T. Foket,Stade de Reims,Belgium,Defender,28,74,74,1,70.0,57.0,68.0,71.0,72.0,72.0,3,3,3800000.0,T. Foket (Stade de Reims)
A. Duncan,Fiorentina,Ghana,Midfielder,30,74,74,2,72.0,64.0,72.0,74.0,76.0,81.0,3,3,4000000.0,A. Duncan (Fiorentina)
Rubén Sobrino,Cádiz,Spain,Midfielder,31,74,74,1,75.0,74.0,71.0,76.0,37.0,63.0,4,3,3500000.0,Rubén Sobrino (Cádiz)
S. Mitrović,Getafe,Serbia,Defender,33,74,74,1,32.0,34.0,54.0,53.0,74.0,81.0,5,2,2000000.0,S. Mitrović (Getafe)
T. Lockyer,Luton Town,Wales,Defender,28,74,74,1,64.0,36.0,54.0,61.0,74.0,79.0,4,2,3600000.0,T. Lockyer (Luton Town)
K. Linetty,Torino,Poland,Midfielder,28,74,74,2,63.0,63.0,71.0,75.0,72.0,68.0,3,3,4200000.0,K. Linetty (Torino)
R. Gagliardini,Monza,Italy,Midfielder,29,74,74,2,47.0,63.0,70.0,71.0,75.0,71.0,3,3,3600000.0,R. Gagliardini (Monza)
W. Saïd,Lens,France,Forward,28,74,74,1,72.0,74.0,67.0,77.0,30.0,58.0,3,4,4300000.0,W. Saïd (Lens)
A. Tameze,Torino,France,Midfielder,29,74,74,1,78.0,64.0,68.0,77.0,74.0,77.0,3,3,4100000.0,A. Tameze (Torino)
Puertas,Granada,Spain,Midfielder,31,74,74,1,76.0,72.0,71.0,73.0,43.0,74.0,3,3,3500000.0,Puertas (Granada)
R. Christie,AFC Bournemouth,Scotland,Midfielder,28,74,74,1,77.0,71.0,72.0,75.0,65.0,75.0,4,3,4200000.0,R. Christie (AFC Bournemouth)
A. Izzo,Monza,Italy,Defender,31,74,74,2,56.0,33.0,47.0,65.0,75.0,75.0,4,2,2900000.0,A. Izzo (Monza)
M. Philipp,SC Freiburg,Germany,Forward,29,74,74,2,77.0,75.0,69.0,77.0,42.0,59.0,4,3,4200000.0,M. Philipp (SC Freiburg)
M. Simon,Nantes,Nigeria,Midfielder,27,74,74,2,88.0,68.0,68.0,78.0,33.0,61.0,4,4,4500000.0,M. Simon (Nantes)
Zaldúa,Cádiz,Spain,Defender,31,74,74,1,62.0,37.0,66.0,65.0,73.0,73.0,3,2,3100000.0,Zaldúa (Cádiz)
Iza Carcelén,Cádiz,Spain,Defender,30,74,74,1,76.0,58.0,70.0,70.0,69.0,70.0,3,3,3600000.0,Iza Carcelén (Cádiz)
H. Kamara,Udinese,Côte d'Ivoire,Defender,29,74,74,1,84.0,59.0,67.0,73.0,67.0,76.0,3,3,3700000.0,H. Kamara (Udinese)
O. Duda,Hellas Verona,Slovakia,Midfielder,28,74,74,2,69.0,72.0,73.0,78.0,61.0,62.0,4,4,4200000.0,O. Duda (Hellas Verona)
B. Schmitz,FC Köln,Germany,Defender,28,74,74,2,61.0,50.0,71.0,70.0,75.0,74.0,4,2,3800000.0,B. Schmitz (FC Köln)
M. Nakamba,Luton Town,Zimbabwe,Midfielder,29,74,74,1,59.0,49.0,62.0,71.0,74.0,75.0,2,3,3600000.0,M. Nakamba (Luton Town)
A. Zedadka,Lille,Algeria,Defender,28,74,74,1,80.0,55.0,65.0,72.0,67.0,66.0,3,3,3800000.0,A. Zedadka (Lille)
I. Ordets,VfL Bochum 1848,Ukraine,Defender,30,74,74,1,63.0,53.0,49.0,46.0,75.0,82.0,3,2,3500000.0,I. Ordets (VfL Bochum 1848)
Lekue,Athletic Club,Spain,Defender,30,74,74,1,81.0,62.0,68.0,70.0,69.0,73.0,3,3,3600000.0,Lekue (Athletic Club)
T. Minamino,Monaco,Japan,Midfielder,28,74,74,1,76.0,73.0,69.0,79.0,38.0,61.0,4,3,4200000.0,T. Minamino (Monaco)
Melero,Almería,Spain,Midfielder,29,74,74,1,49.0,75.0,73.0,70.0,70.0,74.0,3,3,4100000.0,Melero (Almería)
Toni Villa,Girona,Spain,Midfielder,28,74,74,1,74.0,65.0,73.0,77.0,53.0,48.0,4,4,4200000.0,Toni Villa (Girona)
Enzo Marteiro,Flamengo,Brazil,Goalkeeper,31,74,74,1,0.0,0.0,0.0,0.0,0.0,0.0,3,1,2200000.0,Enzo Marteiro (Flamengo)
Vinicius Cardenha,Fluminense,Brazil,Defender,31,74,74,1,73.0,49.0,60.0,68.0,71.0,70.0,3,2,3100000.0,Vinicius Cardenha (Fluminense)
Osvaldo Lodeiro,Bragantino,Brazil,Defender,23,74,74,1,73.0,49.0,53.0,54.0,75.0,71.0,3,2,4200000.0,Osvaldo Lodeiro (Bragantino)
Mauri Borgho,São Paulo,Brazil,Defender,31,74,74,1,76.0,63.0,71.0,70.0,72.0,67.0,4,2,3100000.0,Mauri Borgho (São Paulo)
Caio Nunson,Fortaleza,Brazil,Defender,23,74,74,1,59.0,50.0,61.0,59.0,73.0,77.0,3,2,4200000.0,Caio Nunson (Fortaleza)
Eltildo Correia,Atlético Mineiro,Brazil,Defender,31,74,74,1,56.0,50.0,61.0,51.0,76.0,74.0,3,2,2900000.0,Eltildo Correia (Atlético Mineiro)
Claudiano Sobrino,Botafogo,Brazil,Midfielder,27,74,74,1,73.0,57.0,74.0,72.0,70.0,75.0,4,2,4000000.0,Claudiano Sobrino (Botafogo)
Douglas Carvalheira,Flamengo,Brazil,Defender,35,74,74,1,90.0,40.0,61.0,71.0,69.0,69.0,2,2,1300000.0,Douglas Carvalheira (Flamengo)
Edval Anton,Fortaleza,Brazil,Midfielder,31,74,74,1,70.0,56.0,71.0,72.0,72.0,69.0,3,2,3000000.0,Edval Anton (Fortaleza)
Dani Rochelinhas,Athletico Paranaense,Brazil,Midfielder,31,74,74,1,76.0,63.0,72.0,76.0,34.0,59.0,3,4,3500000.0,Dani Rochelinhas (Athletico Paranaense)
Meirelinson,Corinthians,Brazil,Defender,31,74,74,1,71.0,45.0,66.0,72.0,75.0,71.0,2,2,2900000.0,Meirelinson (Corinthians)
Adrian Scitto,Botafogo,Brazil,Goalkeeper,31,74,74,1,0.0,0.0,0.0,0.0,0.0,0.0,3,1,2200000.0,Adrian Scitto (Botafogo)
Lino Essier,São Paulo,Brazil,Defender,31,74,74,1,67.0,45.0,68.0,66.0,73.0,80.0,1,2,2900000.0,Lino Essier (São Paulo)
Gérson Damesio,Flamengo,Brazil,Defender,31,74,74,1,51.0,42.0,49.0,57.0,76.0,75.0,3,2,2900000.0,Gérson Damesio (Flamengo)
Germano Cuba,Palmeiras,Brazil,Defender,27,74,74,1,88.0,68.0,68.0,76.0,67.0,57.0,3,3,4100000.0,Germano Cuba (Palmeiras)
Michael Dimeira,São Paulo,Brazil,Midfielder,31,74,74,1,86.0,64.0,71.0,78.0,39.0,52.0,3,3,3500000.0,Michael Dimeira (São Paulo)
Kaimo Lima,Fluminense,Brazil,Defender,27,74,74,1,74.0,63.0,69.0,68.0,75.0,70.0,3,2,3900000.0,Kaimo Lima (Fluminense)
Ailtio Coelho,São Paulo,Brazil,Midfielder,31,74,74,1,82.0,72.0,71.0,74.0,38.0,62.0,3,3,3500000.0,Ailtio Coelho (São Paulo)
Edercinho Sepa,Botafogo,Brazil,Midfielder,23,74,74,1,72.0,72.0,65.0,67.0,74.0,72.0,3,2,4300000.0,Edercinho Sepa (Botafogo)
Murilo Sancha,América Mineiro,Brazil,Midfielder,35,74,74,1,78.0,67.0,69.0,73.0,66.0,71.0,3,3,1700000.0,Murilo Sancha (América Mineiro)
Elias Fontoira,Internacional,Brazil,Midfielder,27,74,74,1,69.0,69.0,74.0,73.0,73.0,69.0,3,2,4000000.0,Elias Fontoira (Internacional)
Diegildo Ramos,Flamengo,Brazil,Forward,31,74,74,1,30.0,79.0,67.0,67.0,28.0,72.0,3,2,3600000.0,Diegildo Ramos (Flamengo)
José Mirazar,Botafogo,Brazil,Midfielder,27,74,74,1,72.0,65.0,76.0,76.0,35.0,65.0,3,3,4500000.0,José Mirazar (Botafogo)
Roni Gameira,Athletico Paranaense,Brazil,Forward,31,74,74,1,80.0,75.0,58.0,73.0,29.0,63.0,3,3,3600000.0,Roni Gameira (Athletico Paranaense)
Nicholas Aldair,Fluminense,Brazil,Forward,31,74,74,1,67.0,75.0,68.0,72.0,38.0,78.0,3,3,3600000.0,Nicholas Aldair (Fluminense)
Benjamin Meseira,Athletico Paranaense,Brazil,Defender,27,74,74,1,79.0,45.0,61.0,69.0,69.0,74.0,3,3,4100000.0,Benjamin Meseira (Athletico Paranaense)
Iván Alejo,Cádiz,Spain,Midfielder,28,74,74,1,80.0,72.0,72.0,76.0,46.0,67.0,3,4,4200000.0,Iván Alejo (Cádiz)
T. Henry,Hellas Verona,France,Forward,28,74,74,1,57.0,74.0,64.0,66.0,39.0,78.0,3,2,4300000.0,T. Henry (Hellas Verona)
T. Asano,VfL Bochum 1848,Japan,Midfielder,28,74,74,2,90.0,68.0,62.0,78.0,32.0,68.0,4,3,4200000.0,T. Asano (VfL Bochum 1848)
Mardial Cunha,Fortaleza,Brazil,Defender,23,74,74,1,74.0,41.0,60.0,53.0,77.0,66.0,3,2,4200000.0,Mardial Cunha (Fortaleza)
L. Höler,SC Freiburg,Germany,Forward,28,74,74,2,63.0,74.0,51.0,63.0,51.0,81.0,2,2,4300000.0,L. Höler (SC Freiburg)
Jorge Praceira,Palmeiras,Brazil,Defender,31,74,74,1,66.0,40.0,56.0,61.0,76.0,74.0,3,2,2900000.0,Jorge Praceira (Palmeiras)
Douglas Armeira,Palmeiras,Brazil,Defender,31,74,74,1,72.0,57.0,63.0,69.0,72.0,74.0,3,3,3100000.0,Douglas Armeira (Palmeiras)
Roberto Soira,Goiás,Brazil,Defender,27,74,74,1,55.0,45.0,52.0,63.0,74.0,73.0,2,2,3900000.0,Roberto Soira (Goiás)
D. Brašanac,Osasuna,Serbia,Midfielder,31,74,74,1,50.0,70.0,72.0,71.0,72.0,71.0,3,3,3500000.0,D. Brašanac (Osasuna)
Guridi,Deportivo Alavés,Spain,Midfielder,28,74,74,1,63.0,66.0,70.0,76.0,62.0,56.0,3,3,4200000.0,Guridi (Deportivo Alavés)
M. Okugawa,FC Augsburg,Japan,Midfielder,27,74,74,1,79.0,65.0,69.0,77.0,43.0,45.0,4,4,4500000.0,M. Okugawa (FC Augsburg)
A. Meyer,Borussia Dortmund,Germany,Goalkeeper,32,74,74,1,0.0,0.0,0.0,0.0,0.0,0.0,3,1,2100000.0,A. Meyer (Borussia Dortmund)
K. Behrens,FC Union Berlin,Germany,Forward,32,74,74,1,69.0,73.0,51.0,66.0,41.0,86.0,3,2,3400000.0,K. Behrens (FC Union Berlin)
P. Ciss,Rayo Vallecano,Senegal,Midfielder,29,74,74,1,62.0,56.0,61.0,63.0,72.0,84.0,3,2,3600000.0,P. Ciss (Rayo Vallecano)
R. Lavia,Chelsea,Belgium,Midfielder,19,73,86,1,70.0,42.0,66.0,75.0,72.0,74.0,3,3,7000000.0,R. Lavia (Chelsea)
R. Lewis,Manchester City,England,Defender,18,73,86,1,74.0,43.0,67.0,72.0,70.0,59.0,3,3,7000000.0,R. Lewis (Manchester City)
O. Gloukh,Salzburg,Israel,Midfielder,19,73,84,1,75.0,68.0,70.0,80.0,36.0,49.0,4,4,6500000.0,O. Gloukh (Salzburg)
João Pedro,Brighton & Hove Albion,Brazil,Forward,21,73,83,1,77.0,70.0,62.0,76.0,25.0,60.0,4,3,7000000.0,João Pedro (Brighton & Hove Albion)
T. Nianzou,Sevilla,France,Defender,21,73,83,1,60.0,37.0,55.0,63.0,72.0,75.0,3,2,6500000.0,T. Nianzou (Sevilla)
I. Kaboré,Luton Town,Burkina Faso,Defender,22,73,83,1,87.0,39.0,63.0,72.0,65.0,74.0,3,2,6500000.0,I. Kaboré (Luton Town)
L. Ugochukwu,Chelsea,France,Midfielder,19,73,83,1,66.0,59.0,69.0,73.0,72.0,76.0,3,3,6500000.0,L. Ugochukwu (Chelsea)
L. Gourna-Douath,Salzburg,France,Midfielder,19,73,83,1,76.0,52.0,65.0,71.0,70.0,76.0,3,2,6000000.0,L. Gourna-Douath (Salzburg)
A. Dedić,Salzburg,Bosnia and Herzegovina,Defender,20,73,83,1,83.0,58.0,67.0,71.0,66.0,73.0,3,3,6500000.0,A. Dedić (Salzburg)
Agirrezabala,Athletic Club,Spain,Goalkeeper,22,73,83,1,0.0,0.0,0.0,0.0,0.0,0.0,3,1,6000000.0,Agirrezabala (Athletic Club)
A. Ezzalzouli,Real Betis,Morocco,Midfielder,21,73,83,1,81.0,70.0,66.0,79.0,27.0,47.0,3,4,7000000.0,A. Ezzalzouli (Real Betis)
L. Østigård,Napoli,Norway,Defender,23,73,82,1,68.0,37.0,50.0,61.0,71.0,81.0,3,2,6500000.0,L. Østigård (Napoli)
J. Larsen,Celta de Vigo,Norway,Forward,23,73,82,1,77.0,72.0,56.0,67.0,32.0,82.0,3,3,7000000.0,J. Larsen (Celta de Vigo)
Y. Adli,Milan,France,Midfielder,22,73,82,1,64.0,68.0,75.0,74.0,67.0,67.0,3,3,7000000.0,Y. Adli (Milan)
J. Zirkzee,Bologna,Netherlands,Forward,22,73,82,1,68.0,74.0,63.0,75.0,20.0,70.0,3,3,7000000.0,J. Zirkzee (Bologna)
A. Vranckx,VfL Wolfsburg,Belgium,Midfielder,20,73,82,1,61.0,65.0,70.0,77.0,63.0,76.0,5,3,6500000.0,A. Vranckx (VfL Wolfsburg)
Fábio Silva,Wolverhampton Wanderers,Portugal,Forward,20,73,82,1,74.0,73.0,58.0,74.0,31.0,72.0,3,4,6500000.0,Fábio Silva (Wolverhampton Wanderers)
A. Elanga,Nottingham Forest,Sweden,Forward,21,73,82,1,87.0,66.0,64.0,73.0,38.0,58.0,3,3,7000000.0,A. Elanga (Nottingham Forest)
Aimar Oroz,Osasuna,Spain,Midfielder,21,73,82,1,68.0,74.0,70.0,74.0,57.0,64.0,3,3,7000000.0,Aimar Oroz (Osasuna)
S. Adingra,Brighton & Hove Albion,Côte d'Ivoire,Midfielder,21,73,82,1,85.0,69.0,66.0,77.0,29.0,51.0,3,3,7000000.0,S. Adingra (Brighton & Hove Albion)
Q. Merlin,Nantes,France,Defender,21,73,82,1,71.0,59.0,73.0,76.0,67.0,56.0,2,3,6500000.0,Q. Merlin (Nantes)
Antonio Blanco,Deportivo Alavés,Spain,Midfielder,22,73,82,1,53.0,57.0,68.0,67.0,69.0,61.0,3,3,6500000.0,Antonio Blanco (Deportivo Alavés)
L. Ramazani,Almería,Belgium,Midfielder,22,73,81,2,87.0,67.0,64.0,77.0,33.0,56.0,4,3,7000000.0,L. Ramazani (Almería)
C. Ngonge,Hellas Verona,Belgium,Forward,23,73,81,1,85.0,71.0,64.0,75.0,35.0,67.0,3,4,7000000.0,C. Ngonge (Hellas Verona)
I. Zabarnyi,AFC Bournemouth,Ukraine,Defender,20,73,81,1,63.0,36.0,57.0,58.0,75.0,70.0,2,2,6000000.0,I. Zabarnyi (AFC Bournemouth)
M. Bułka,Nice,Poland,Goalkeeper,23,73,80,1,0.0,0.0,0.0,0.0,0.0,0.0,2,1,5000000.0,M. Bułka (Nice)
M. Gabbia,Villarreal,Italy,Defender,23,73,80,1,53.0,35.0,49.0,57.0,76.0,75.0,3,2,5500000.0,M. Gabbia (Villarreal)
C. Kelleher,Liverpool,Republic of Ireland,Goalkeeper,24,73,80,1,0.0,0.0,0.0,0.0,0.0,0.0,3,1,5000000.0,C. Kelleher (Liverpool)
Álex Centelles,Almería,Spain,Defender,23,73,80,1,76.0,52.0,66.0,70.0,68.0,75.0,3,3,6000000.0,Álex Centelles (Almería)
M. Bauer,FC Augsburg,Germany,Defender,23,73,80,1,54.0,26.0,48.0,52.0,75.0,73.0,3,2,5500000.0,M. Bauer (FC Augsburg)
Iñaki Peña,FC Barcelona,Spain,Goalkeeper,24,73,80,1,0.0,0.0,0.0,0.0,0.0,0.0,3,1,5000000.0,Iñaki Peña (FC Barcelona)
Valery,Girona,Spain,Midfielder,23,73,80,1,87.0,63.0,66.0,74.0,66.0,67.0,3,3,6000000.0,Valery (Girona)
M. Bidstrup,Salzburg,Denmark,Midfielder,22,73,80,1,69.0,54.0,67.0,70.0,71.0,75.0,3,3,6000000.0,M. Bidstrup (Salzburg)
D. Zima,Torino,Czech Republic,Defender,22,73,80,1,73.0,38.0,54.0,63.0,75.0,75.0,3,2,5500000.0,D. Zima (Torino)
L. Samardžić,Udinese,Serbia,Midfielder,21,73,80,1,70.0,70.0,71.0,76.0,57.0,64.0,3,3,6000000.0,L. Samardžić (Udinese)
L. Netz,Borussia Mönchengladbach,Germany,Defender,20,73,80,1,79.0,47.0,66.0,70.0,70.0,62.0,3,2,5500000.0,L. Netz (Borussia Mönchengladbach)
E. Matazo,Monaco,Belgium,Midfielder,21,73,80,1,67.0,58.0,70.0,75.0,67.0,76.0,3,3,6000000.0,E. Matazo (Monaco)
A. Trusty,Sheffield United,United States,Defender,24,73,79,1,79.0,47.0,56.0,62.0,71.0,82.0,3,2,4400000.0,A. Trusty (Sheffield United)
G. Gudmundsson,Lille,Sweden,Defender,24,73,79,1,85.0,64.0,67.0,71.0,67.0,70.0,3,3,4500000.0,G. Gudmundsson (Lille)
Jorge Cuenca,Villarreal,Spain,Defender,23,73,79,1,57.0,37.0,59.0,53.0,75.0,66.0,3,2,4400000.0,Jorge Cuenca (Villarreal)
R. Schmid,Werder Bremen,Austria,Midfielder,23,73,79,1,78.0,64.0,69.0,79.0,51.0,55.0,3,3,4800000.0,R. Schmid (Werder Bremen)
M. Boadu,Monaco,Netherlands,Forward,22,73,79,1,85.0,73.0,62.0,74.0,28.0,64.0,5,3,4900000.0,M. Boadu (Monaco)
Manu Morlanes,Mallorca,Spain,Midfielder,24,73,79,1,67.0,64.0,74.0,73.0,69.0,67.0,3,3,4400000.0,Manu Morlanes (Mallorca)
J. Vagnoman,VfB Stuttgart,Germany,Defender,22,73,79,2,79.0,58.0,68.0,72.0,68.0,80.0,4,3,4600000.0,J. Vagnoman (VfB Stuttgart)
F. Dahmen,FC Augsburg,Germany,Goalkeeper,25,73,79,1,0.0,0.0,0.0,0.0,0.0,0.0,3,1,3800000.0,F. Dahmen (FC Augsburg)
J. Cajuste,Napoli,Sweden,Midfielder,23,73,79,1,72.0,62.0,69.0,74.0,68.0,76.0,4,3,4400000.0,J. Cajuste (Napoli)
J. Bogle,Sheffield United,England,Defender,22,73,79,1,81.0,55.0,67.0,73.0,68.0,68.0,3,3,4600000.0,J. Bogle (Sheffield United)
A. Stiller,VfB Stuttgart,Germany,Midfielder,22,73,79,1,60.0,56.0,74.0,73.0,68.0,66.0,3,3,4900000.0,A. Stiller (VfB Stuttgart)
F. Daniliuc,Salernitana,Austria,Defender,22,73,79,1,54.0,42.0,61.0,60.0,74.0,74.0,4,2,4400000.0,F. Daniliuc (Salernitana)
K. Piątkowski,Salzburg,Poland,Defender,23,73,79,1,83.0,47.0,65.0,69.0,71.0,81.0,4,2,4400000.0,K. Piątkowski (Salzburg)
I. Jakobs,Monaco,Senegal,Defender,23,73,79,1,85.0,59.0,61.0,73.0,66.0,69.0,3,3,4500000.0,I. Jakobs (Monaco)
H. Ekdal,Burnley,Sweden,Defender,24,73,79,1,64.0,33.0,52.0,63.0,73.0,75.0,2,2,4400000.0,H. Ekdal (Burnley)
J. Lepenant,Olympique Lyonnais,France,Midfielder,20,73,79,1,70.0,56.0,67.0,71.0,69.0,70.0,3,3,4300000.0,J. Lepenant (Olympique Lyonnais)
C. Archer,Sheffield United,England,Forward,21,73,79,1,78.0,71.0,58.0,74.0,25.0,68.0,4,3,4900000.0,C. Archer (Sheffield United)
D. Lopy,Almería,Senegal,Midfielder,21,73,79,1,64.0,61.0,70.0,73.0,69.0,73.0,3,2,4500000.0,D. Lopy (Almería)
B. Dieng,Lorient,Senegal,Forward,23,73,79,1,81.0,75.0,60.0,71.0,33.0,62.0,3,3,4900000.0,B. Dieng (Lorient)
Alexsandro Ribeiro,Lille,Brazil,Defender,23,73,79,1,60.0,31.0,50.0,52.0,73.0,75.0,3,2,4400000.0,Alexsandro Ribeiro (Lille)
Villalibre,Athletic Club,Spain,Forward,25,73,78,1,73.0,72.0,56.0,70.0,39.0,81.0,3,3,4500000.0,Villalibre (Athletic Club)
Iván Villar,Celta de Vigo,Spain,Goalkeeper,25,73,78,1,0.0,0.0,0.0,0.0,0.0,0.0,2,1,3600000.0,Iván Villar (Celta de Vigo)
I. Hagi,Deportivo Alavés,Romania,Midfielder,24,73,78,1,62.0,72.0,74.0,74.0,36.0,61.0,5,4,4600000.0,I. Hagi (Deportivo Alavés)
J. Larsen,Burnley,Denmark,Forward,24,73,78,1,83.0,72.0,69.0,73.0,55.0,66.0,4,3,4700000.0,J. Larsen (Burnley)
D. Bertaud,Montpellier,France,Goalkeeper,25,73,78,1,0.0,0.0,0.0,0.0,0.0,0.0,3,1,3600000.0,D. Bertaud (Montpellier)
Pedro Pereira,Monza,Portugal,Defender,25,73,78,1,75.0,39.0,65.0,71.0,69.0,66.0,2,3,4200000.0,Pedro Pereira (Monza)
S. Hefti,Genoa,Switzerland,Defender,25,73,78,1,78.0,49.0,63.0,65.0,67.0,80.0,3,2,4200000.0,S. Hefti (Genoa)
J. Dasilva,Brentford,England,Midfielder,24,73,78,1,75.0,71.0,72.0,74.0,64.0,74.0,3,3,4600000.0,J. Dasilva (Brentford)
L. Kelly,AFC Bournemouth,England,Defender,24,73,78,1,70.0,40.0,62.0,67.0,73.0,74.0,3,3,4200000.0,L. Kelly (AFC Bournemouth)
Toni Lato,Mallorca,Spain,Defender,25,73,78,1,74.0,56.0,71.0,71.0,68.0,60.0,4,3,4200000.0,Toni Lato (Mallorca)
O. Christensen,Fiorentina,Denmark,Goalkeeper,24,73,78,1,0.0,0.0,0.0,0.0,0.0,0.0,2,1,3700000.0,O. Christensen (Fiorentina)
M. Aarons,AFC Bournemouth,England,Defender,23,73,78,1,81.0,42.0,62.0,73.0,69.0,74.0,3,3,4300000.0,M. Aarons (AFC Bournemouth)
M. Payero,Udinese,Argentina,Midfielder,24,73,78,1,74.0,63.0,73.0,76.0,63.0,72.0,2,3,4600000.0,M. Payero (Udinese)
Fernando,Salzburg,Brazil,Forward,24,73,78,1,88.0,74.0,66.0,78.0,37.0,64.0,3,4,4700000.0,Fernando (Salzburg)
R. Bellanova,Torino,Italy,Defender,23,73,78,1,86.0,32.0,61.0,68.0,67.0,71.0,3,2,4300000.0,R. Bellanova (Torino)
Zarraga,Udinese,Spain,Midfielder,24,73,78,1,78.0,66.0,72.0,74.0,61.0,67.0,3,3,4600000.0,Zarraga (Udinese)
J. Makengo,Lorient,France,Midfielder,25,73,77,1,63.0,66.0,72.0,73.0,73.0,70.0,3,3,4200000.0,J. Makengo (Lorient)
R. Pierre-Gabriel,Nantes,France,Defender,25,73,77,1,73.0,48.0,62.0,69.0,71.0,71.0,3,3,3900000.0,R. Pierre-Gabriel (Nantes)
Y. Karamoh,Torino,France,Forward,24,73,77,1,77.0,68.0,68.0,76.0,31.0,60.0,4,4,4400000.0,Y. Karamoh (Torino)
E. Mašović,VfL Bochum 1848,Serbia,Defender,24,73,77,1,70.0,33.0,49.0,56.0,75.0,71.0,3,2,3900000.0,E. Mašović (VfL Bochum 1848)
F. Onyeka,Brentford,Nigeria,Midfielder,25,73,77,1,79.0,59.0,64.0,71.0,71.0,76.0,3,3,3800000.0,F. Onyeka (Brentford)
C. Führich,VfB Stuttgart,Germany,Midfielder,25,73,77,1,82.0,67.0,69.0,78.0,53.0,59.0,4,4,4200000.0,C. Führich (VfB Stuttgart)
K. Thorstvedt,Sassuolo,Norway,Midfielder,24,73,77,1,63.0,72.0,69.0,72.0,66.0,81.0,4,3,4300000.0,K. Thorstvedt (Sassuolo)
L. Perrin,Strasbourg,France,Defender,24,73,77,1,44.0,35.0,55.0,59.0,76.0,71.0,2,2,3900000.0,L. Perrin (Strasbourg)
L. Thomas,Sheffield United,England,Defender,22,73,77,1,75.0,42.0,64.0,69.0,71.0,69.0,2,2,4100000.0,L. Thomas (Sheffield United)
S. Lynen,Werder Bremen,Belgium,Midfielder,24,73,77,1,54.0,62.0,71.0,66.0,69.0,76.0,3,2,4000000.0,S. Lynen (Werder Bremen)
D. Kownacki,Werder Bremen,Poland,Forward,26,73,76,1,76.0,74.0,64.0,73.0,34.0,68.0,3,3,4000000.0,D. Kownacki (Werder Bremen)
Sivera,Deportivo Alavés,Spain,Goalkeeper,26,73,76,1,0.0,0.0,0.0,0.0,0.0,0.0,3,1,3100000.0,Sivera (Deportivo Alavés)
S. McKenna,Nottingham Forest,Scotland,Defender,26,73,76,1,51.0,32.0,46.0,51.0,72.0,80.0,3,2,3500000.0,S. McKenna (Nottingham Forest)
M. Mehlem,Darmstadt 98,Germany,Midfielder,25,73,76,1,69.0,65.0,69.0,76.0,51.0,61.0,3,3,4000000.0,M. Mehlem (Darmstadt 98)
L. de la Torre,Celta de Vigo,United States,Midfielder,25,73,76,1,64.0,60.0,72.0,74.0,59.0,62.0,3,3,4000000.0,L. de la Torre (Celta de Vigo)
F. Maouassa,Lens,France,Midfielder,24,73,76,1,77.0,64.0,71.0,75.0,69.0,74.0,2,3,4200000.0,F. Maouassa (Lens)
Kike Pérez,Rayo Vallecano,Spain,Midfielder,26,73,76,1,60.0,64.0,71.0,77.0,59.0,54.0,3,3,4000000.0,Kike Pérez (Rayo Vallecano)
M. Aebischer,Bologna,Switzerland,Midfielder,26,73,76,1,70.0,65.0,73.0,73.0,65.0,74.0,4,3,4000000.0,M. Aebischer (Bologna)
G. Kalulu,Lorient,Congo DR,Defender,25,73,76,1,81.0,40.0,57.0,69.0,72.0,76.0,3,2,3700000.0,G. Kalulu (Lorient)
Rogério,VfL Wolfsburg,Brazil,Defender,25,73,76,1,74.0,53.0,68.0,75.0,70.0,58.0,3,3,3700000.0,Rogério (VfL Wolfsburg)
G. Magnani,Hellas Verona,Italy,Defender,27,73,76,1,69.0,37.0,45.0,50.0,74.0,73.0,3,2,3500000.0,G. Magnani (Hellas Verona)
H. Magnetti,Brest,France,Midfielder,25,73,76,1,45.0,49.0,67.0,72.0,68.0,75.0,3,3,3600000.0,H. Magnetti (Brest)
B. Kouyaté,Montpellier,Mali,Defender,26,73,76,1,63.0,36.0,50.0,58.0,73.0,76.0,4,2,3500000.0,B. Kouyaté (Montpellier)
Douglas Augusto,Nantes,Brazil,Midfielder,26,73,76,1,73.0,69.0,69.0,70.0,69.0,78.0,3,2,4000000.0,Douglas Augusto (Nantes)
J. Okumu,Stade de Reims,Kenya,Defender,26,73,76,1,78.0,41.0,56.0,62.0,73.0,77.0,3,2,3500000.0,J. Okumu (Stade de Reims)
J. Le Douaron,Brest,France,Forward,25,73,76,1,67.0,72.0,66.0,72.0,49.0,74.0,2,3,4100000.0,J. Le Douaron (Brest)
P. Dawidowicz,Hellas Verona,Poland,Defender,28,73,75,1,59.0,48.0,62.0,63.0,73.0,76.0,4,2,3100000.0,P. Dawidowicz (Hellas Verona)
B. Chardonnet,Brest,France,Defender,28,73,75,1,48.0,45.0,54.0,59.0,74.0,75.0,3,2,3100000.0,B. Chardonnet (Brest)
A. Schlager,Salzburg,Austria,Goalkeeper,27,73,75,1,0.0,0.0,0.0,0.0,0.0,0.0,3,1,2800000.0,A. Schlager (Salzburg)
E. Fernandes,FSV Mainz 05,Switzerland,Defender,27,73,75,1,71.0,65.0,71.0,73.0,76.0,69.0,4,2,3200000.0,E. Fernandes (FSV Mainz 05)
O. Aina,Nottingham Forest,Nigeria,Defender,26,73,75,1,81.0,60.0,66.0,73.0,67.0,74.0,4,3,3500000.0,O. Aina (Nottingham Forest)
G. Pezzella,Empoli,Italy,Defender,25,73,75,1,73.0,57.0,67.0,70.0,68.0,74.0,3,3,3500000.0,G. Pezzella (Empoli)
Y. Yazıcı,Lille,Turkey,Forward,26,73,75,1,65.0,73.0,74.0,74.0,46.0,67.0,4,3,3800000.0,Y. Yazıcı (Lille)
I. Ganago,Nantes,Cameroon,Forward,24,73,75,1,81.0,73.0,61.0,74.0,34.0,68.0,3,3,4000000.0,I. Ganago (Nantes)
A. Tosin,Lorient,Benin,Forward,25,73,75,1,89.0,73.0,61.0,72.0,38.0,75.0,4,3,3900000.0,A. Tosin (Lorient)
M. Viña,Sassuolo,Uruguay,Defender,25,73,75,1,77.0,62.0,69.0,74.0,68.0,66.0,3,3,3500000.0,M. Viña (Sassuolo)
T. Kaminski,Luton Town,Belgium,Goalkeeper,30,73,74,1,0.0,0.0,0.0,0.0,0.0,0.0,3,1,2300000.0,T. Kaminski (Luton Town)
D. Bentley,Wolverhampton Wanderers,England,Goalkeeper,29,73,74,1,0.0,0.0,0.0,0.0,0.0,0.0,3,1,2300000.0,D. Bentley (Wolverhampton Wanderers)
J. Castelletto,Nantes,Cameroon,Defender,28,73,74,2,66.0,30.0,51.0,61.0,74.0,75.0,2,2,2900000.0,J. Castelletto (Nantes)
G. Gallon,Rennes,France,Goalkeeper,30,73,74,1,0.0,0.0,0.0,0.0,0.0,0.0,2,1,2300000.0,G. Gallon (Rennes)
Carlos Fernández,Real Sociedad,Spain,Forward,27,73,74,1,67.0,75.0,64.0,73.0,27.0,67.0,4,3,3600000.0,Carlos Fernández (Real Sociedad)
M. Veljković,Werder Bremen,Serbia,Defender,27,73,74,1,36.0,33.0,53.0,59.0,74.0,74.0,3,2,3100000.0,M. Veljković (Werder Bremen)
I. Success,Udinese,Nigeria,Forward,27,73,74,1,70.0,71.0,66.0,75.0,38.0,67.0,3,3,3600000.0,I. Success (Udinese)
J. Siebatcheu,Borussia Mönchengladbach,United States,Forward,27,73,74,1,64.0,72.0,60.0,70.0,35.0,75.0,3,3,3600000.0,J. Siebatcheu (Borussia Mönchengladbach)
M. Udol,Metz,France,Defender,27,73,74,1,72.0,51.0,65.0,72.0,71.0,74.0,3,2,3200000.0,M. Udol (Metz)
F. Centonze,Nantes,France,Defender,27,73,74,1,77.0,51.0,67.0,69.0,69.0,77.0,2,2,3200000.0,F. Centonze (Nantes)
A. Karazor,VfB Stuttgart,Germany,Midfielder,26,73,74,1,51.0,36.0,61.0,62.0,76.0,72.0,3,2,3200000.0,A. Karazor (VfB Stuttgart)
M. Ristić,Celta de Vigo,Serbia,Defender,27,73,74,1,75.0,64.0,66.0,73.0,67.0,68.0,3,3,3200000.0,M. Ristić (Celta de Vigo)
S. Moutoussamy,Nantes,Congo DR,Midfielder,26,73,74,1,69.0,58.0,69.0,74.0,72.0,75.0,3,3,3600000.0,S. Moutoussamy (Nantes)
Y. Atal,Nice,Algeria,Defender,27,73,74,2,86.0,67.0,70.0,76.0,69.0,66.0,5,4,3200000.0,Y. Atal (Nice)
Y. Magnin,Clermont,France,Midfielder,26,73,74,1,65.0,57.0,63.0,68.0,70.0,69.0,3,3,3200000.0,Y. Magnin (Clermont)
G. Kyriakopoulos,Monza,Greece,Defender,27,73,74,1,67.0,49.0,64.0,71.0,71.0,68.0,2,2,3200000.0,G. Kyriakopoulos (Monza)
B. Costil,Salernitana,France,Goalkeeper,35,73,73,2,0.0,0.0,0.0,0.0,0.0,0.0,3,1,350000.0,B. Costil (Salernitana)
J. Cork,Burnley,England,Midfielder,34,73,73,2,40.0,60.0,69.0,68.0,72.0,75.0,4,3,1000000.0,J. Cork (Burnley)
J. Rodriguez,Burnley,England,Forward,33,73,73,2,63.0,76.0,68.0,72.0,42.0,66.0,4,3,1900000.0,J. Rodriguez (Burnley)
W. Hennessey,Nottingham Forest,Wales,Goalkeeper,36,73,73,1,0.0,0.0,0.0,0.0,0.0,0.0,3,1,350000.0,W. Hennessey (Nottingham Forest)
L. De Silvestri,Bologna,Italy,Defender,35,73,73,2,70.0,66.0,71.0,70.0,70.0,75.0,3,3,925000.0,L. De Silvestri (Bologna)
T. Krul,Luton Town,Netherlands,Goalkeeper,35,73,73,2,0.0,0.0,0.0,0.0,0.0,0.0,2,1,350000.0,T. Krul (Luton Town)
M. Mancosu,Cagliari,Italy,Midfielder,34,73,73,1,60.0,73.0,75.0,73.0,42.0,62.0,4,3,1400000.0,M. Mancosu (Cagliari)
A. Oukidja,Metz,Algeria,Goalkeeper,34,73,73,2,0.0,0.0,0.0,0.0,0.0,0.0,3,1,525000.0,A. Oukidja (Metz)
M. Hasebe,Eintracht Frankfurt,Japan,Defender,39,73,73,2,50.0,51.0,72.0,70.0,77.0,59.0,3,3,550000.0,M. Hasebe (Eintracht Frankfurt)
M. Sakho,Montpellier,France,Defender,33,73,73,3,35.0,35.0,63.0,55.0,72.0,80.0,2,2,1500000.0,M. Sakho (Montpellier)
M. Sissoko,Nantes,France,Midfielder,33,73,73,2,63.0,62.0,73.0,73.0,70.0,81.0,3,3,1900000.0,M. Sissoko (Nantes)
C. Basham,Sheffield United,England,Defender,34,73,73,1,52.0,43.0,60.0,62.0,73.0,74.0,2,2,1000000.0,C. Basham (Sheffield United)
I. Traoré,Metz,Côte d'Ivoire,Defender,36,73,73,1,35.0,45.0,58.0,50.0,73.0,84.0,2,2,550000.0,I. Traoré (Metz)
B. Espinosa,Girona,Colombia,Defender,33,73,73,1,36.0,44.0,59.0,50.0,73.0,75.0,3,2,1500000.0,B. Espinosa (Girona)
K. Strootman,Genoa,Netherlands,Midfielder,33,73,73,3,45.0,67.0,72.0,70.0,71.0,76.0,3,2,1900000.0,K. Strootman (Genoa)
M. Gulde,SC Freiburg,Germany,Defender,32,73,73,1,64.0,40.0,51.0,58.0,75.0,71.0,2,2,2000000.0,M. Gulde (SC Freiburg)
L. Sepe,Lazio,Italy,Goalkeeper,32,73,73,1,0.0,0.0,0.0,0.0,0.0,0.0,2,1,1500000.0,L. Sepe (Lazio)
J. Guðmundsson,Burnley,Iceland,Midfielder,32,73,73,1,65.0,71.0,75.0,73.0,61.0,67.0,4,4,2400000.0,J. Guðmundsson (Burnley)
G. Burgstaller,Rapid Wien,Austria,Forward,34,73,73,1,53.0,75.0,67.0,70.0,39.0,82.0,5,3,1500000.0,G. Burgstaller (Rapid Wien)
Juan Carlos,Girona,Spain,Goalkeeper,35,73,73,1,0.0,0.0,0.0,0.0,0.0,0.0,3,1,350000.0,Juan Carlos (Girona)
T. Ream,Fulham,United States,Defender,35,73,73,1,52.0,44.0,69.0,68.0,76.0,70.0,3,2,800000.0,T. Ream (Fulham)
P. Pervan,VfL Wolfsburg,Austria,Goalkeeper,35,73,73,1,0.0,0.0,0.0,0.0,0.0,0.0,4,1,350000.0,P. Pervan (VfL Wolfsburg)
A. Soumaoro,Bologna,France,Defender,31,73,73,1,52.0,37.0,50.0,54.0,72.0,78.0,3,2,2100000.0,A. Soumaoro (Bologna)
Cédric,Arsenal,Portugal,Defender,31,73,73,2,65.0,61.0,70.0,74.0,73.0,62.0,4,3,2200000.0,Cédric (Arsenal)
L. Kurzawa,Paris Saint Germain,France,Defender,30,73,73,2,66.0,65.0,72.0,75.0,72.0,67.0,3,3,2600000.0,L. Kurzawa (Paris Saint Germain)
G. Defrel,Sassuolo,France,Forward,32,73,73,2,78.0,73.0,66.0,76.0,33.0,51.0,3,3,2500000.0,G. Defrel (Sassuolo)
K. Müller,Heidenheim,Germany,Goalkeeper,32,73,73,1,0.0,0.0,0.0,0.0,0.0,0.0,3,1,1500000.0,K. Müller (Heidenheim)
L. Bittencourt,Werder Bremen,Germany,Midfielder,29,73,73,2,73.0,68.0,71.0,81.0,57.0,60.0,4,3,3000000.0,L. Bittencourt (Werder Bremen)
K. Djidji,Torino,Côte d'Ivoire,Defender,30,73,73,1,63.0,32.0,53.0,60.0,74.0,70.0,3,2,2500000.0,K. Djidji (Torino)
P. Dummett,Newcastle United,Wales,Defender,31,73,73,1,54.0,40.0,63.0,66.0,75.0,67.0,2,2,2100000.0,P. Dummett (Newcastle United)
C. Taylor,Burnley,England,Defender,29,73,73,1,68.0,52.0,68.0,70.0,73.0,77.0,2,3,2500000.0,C. Taylor (Burnley)
B. Mendy,Lorient,France,Defender,28,73,73,2,72.0,53.0,74.0,73.0,73.0,67.0,3,3,2800000.0,B. Mendy (Lorient)
F. Thauvin,Udinese,France,Midfielder,30,73,73,1,69.0,74.0,72.0,77.0,46.0,67.0,3,4,2900000.0,F. Thauvin (Udinese)
R. Fredericks,AFC Bournemouth,England,Defender,30,73,73,1,90.0,49.0,64.0,70.0,68.0,67.0,3,3,2600000.0,R. Fredericks (AFC Bournemouth)
A. Lozano,Getafe,Honduras,Forward,30,73,73,1,78.0,73.0,66.0,71.0,36.0,75.0,3,3,3000000.0,A. Lozano (Getafe)
E. Krafth,Newcastle United,Sweden,Defender,28,73,73,1,61.0,58.0,68.0,70.0,75.0,67.0,3,3,2800000.0,E. Krafth (Newcastle United)
Roger Martí,Cádiz,Spain,Forward,32,73,73,2,73.0,74.0,62.0,72.0,41.0,71.0,3,3,2500000.0,Roger Martí (Cádiz)
C. Hérelle,Metz,France,Defender,30,73,73,1,50.0,48.0,61.0,61.0,73.0,73.0,2,2,2500000.0,C. Hérelle (Metz)
F. Holland,Darmstadt 98,Germany,Defender,32,73,73,1,64.0,48.0,66.0,71.0,72.0,70.0,2,3,2100000.0,F. Holland (Darmstadt 98)
F. Mollet,Nantes,France,Midfielder,31,73,73,2,68.0,73.0,75.0,75.0,51.0,62.0,4,3,2500000.0,F. Mollet (Nantes)
M. Desler,Toulouse,Denmark,Defender,28,73,73,1,74.0,60.0,67.0,69.0,67.0,69.0,2,2,2800000.0,M. Desler (Toulouse)
C. Lenz,RB Leipzig,Germany,Defender,28,73,73,1,70.0,42.0,67.0,69.0,72.0,70.0,3,3,2800000.0,C. Lenz (RB Leipzig)
I. Sylla,Montpellier,Guinea,Defender,29,73,73,1,70.0,61.0,68.0,68.0,68.0,73.0,2,3,2700000.0,I. Sylla (Montpellier)
D. Selke,FC Köln,Germany,Forward,28,73,73,1,73.0,72.0,54.0,69.0,37.0,78.0,3,3,3100000.0,D. Selke (FC Köln)
J. Cabot,Lens,France,Defender,29,73,73,1,87.0,66.0,66.0,77.0,62.0,60.0,3,3,2700000.0,J. Cabot (Lens)
J. Rothwell,AFC Bournemouth,England,Midfielder,28,73,73,1,77.0,66.0,73.0,75.0,61.0,66.0,4,3,3000000.0,J. Rothwell (AFC Bournemouth)
E. Sobol,Strasbourg,Ukraine,Defender,28,73,73,1,75.0,64.0,67.0,70.0,69.0,73.0,2,2,2800000.0,E. Sobol (Strasbourg)
Gumbau,Granada,Spain,Midfielder,28,73,73,1,53.0,67.0,75.0,68.0,72.0,68.0,3,3,3000000.0,Gumbau (Granada)
Gonçalo Paciência,VfL Bochum 1848,Portugal,Forward,28,73,73,1,42.0,75.0,59.0,75.0,33.0,77.0,4,4,3100000.0,Gonçalo Paciência (VfL Bochum 1848)
K. Moore,AFC Bournemouth,Wales,Forward,30,73,73,1,65.0,70.0,56.0,66.0,46.0,80.0,3,3,3000000.0,K. Moore (AFC Bournemouth)
Henrique,Olympique Lyonnais,Brazil,Defender,29,73,73,1,76.0,45.0,63.0,71.0,70.0,65.0,3,3,2700000.0,Henrique (Olympique Lyonnais)
T. Bakayoko,Lorient,France,Midfielder,28,73,73,2,46.0,48.0,65.0,67.0,72.0,80.0,3,3,2700000.0,T. Bakayoko (Lorient)
J. Aholou,Strasbourg,Côte d'Ivoire,Midfielder,29,73,73,2,60.0,63.0,71.0,71.0,73.0,77.0,3,3,3000000.0,J. Aholou (Strasbourg)
L. Mazzitelli,Frosinone,Italy,Midfielder,27,73,73,1,53.0,62.0,73.0,71.0,64.0,70.0,4,3,3200000.0,L. Mazzitelli (Frosinone)
Mariano,Sevilla,Dominican Republic,Forward,29,73,73,1,72.0,74.0,61.0,70.0,45.0,76.0,4,3,3000000.0,Mariano (Sevilla)
Mata,Getafe,Spain,Forward,34,73,73,1,62.0,73.0,62.0,71.0,31.0,72.0,3,3,1500000.0,Mata (Getafe)
L. Paqarada,FC Köln,Kosovo,Defender,28,73,73,1,75.0,47.0,71.0,71.0,66.0,70.0,3,3,2800000.0,L. Paqarada (FC Köln)
M. Wittek,VfL Bochum 1848,Germany,Defender,27,73,73,1,78.0,67.0,68.0,72.0,66.0,73.0,3,3,2900000.0,M. Wittek (VfL Bochum 1848)
A. Masina,Udinese,Morocco,Defender,29,73,73,1,68.0,42.0,66.0,68.0,73.0,69.0,3,3,2500000.0,A. Masina (Udinese)
J. Jankto,Cagliari,Czech Republic,Midfielder,27,73,73,2,74.0,70.0,71.0,73.0,66.0,65.0,3,3,3200000.0,J. Jankto (Cagliari)
Jaim Abra,Goiás,Brazil,Goalkeeper,31,73,73,1,0.0,0.0,0.0,0.0,0.0,0.0,3,1,1600000.0,Jaim Abra (Goiás)
Freder Cabral,Atlético Mineiro,Brazil,Goalkeeper,31,73,73,1,0.0,0.0,0.0,0.0,0.0,0.0,2,1,1600000.0,Freder Cabral (Atlético Mineiro)
Otávio Cairinho,Palmeiras,Brazil,Defender,31,73,73,1,58.0,50.0,58.0,53.0,75.0,73.0,3,2,2100000.0,Otávio Cairinho (Palmeiras)
Lúcio Anselmão,São Paulo,Brazil,Midfielder,31,73,73,1,75.0,65.0,69.0,70.0,66.0,76.0,3,2,2500000.0,Lúcio Anselmão (São Paulo)
Caio Chissano,São Paulo,Brazil,Defender,35,73,73,1,75.0,39.0,65.0,70.0,71.0,63.0,3,2,925000.0,Caio Chissano (São Paulo)
Paulson Junqueira,Corinthians,Brazil,Defender,27,73,73,1,77.0,48.0,61.0,69.0,69.0,70.0,3,2,2900000.0,Paulson Junqueira (Corinthians)
Juliano Mascarinhas,Botafogo,Brazil,Midfielder,27,73,73,1,63.0,53.0,65.0,64.0,73.0,75.0,2,2,2900000.0,Juliano Mascarinhas (Botafogo)
Nicolás Formido,Internacional,Brazil,Midfielder,23,73,73,1,68.0,65.0,75.0,74.0,34.0,68.0,4,4,3500000.0,Nicolás Formido (Internacional)
Guto Costinho,Palmeiras,Brazil,Defender,35,73,73,1,62.0,37.0,56.0,61.0,74.0,74.0,3,2,800000.0,Guto Costinho (Palmeiras)
Michel Cruceiro,Flamengo,Brazil,Midfielder,31,73,73,1,60.0,64.0,68.0,64.0,71.0,79.0,3,2,2100000.0,Michel Cruceiro (Flamengo)
Emu Teixeira,América Mineiro,Brazil,Defender,39,73,73,1,66.0,36.0,55.0,54.0,72.0,78.0,2,2,550000.0,Emu Teixeira (América Mineiro)
Jonas Damasto,Athletico Paranaense,Brazil,Defender,27,73,73,1,78.0,45.0,59.0,62.0,70.0,61.0,2,2,2900000.0,Jonas Damasto (Athletico Paranaense)
Jeffmeirson,Bragantino,Brazil,Defender,31,73,73,1,72.0,50.0,69.0,60.0,72.0,75.0,3,2,2200000.0,Jeffmeirson (Bragantino)
Tramontinaldo,Athletico Paranaense,Brazil,Defender,27,73,73,1,66.0,50.0,70.0,67.0,72.0,60.0,3,2,2900000.0,Tramontinaldo (Athletico Paranaense)
Neviano Neves,Corinthians,Brazil,Midfielder,23,73,73,1,63.0,71.0,73.0,72.0,61.0,67.0,3,2,3500000.0,Neviano Neves (Corinthians)
Silvosinho,Santos,Brazil,Defender,27,73,73,1,65.0,54.0,64.0,64.0,70.0,70.0,3,2,2900000.0,Silvosinho (Santos)
Pavelinho Serra,América Mineiro,Brazil,Defender,31,73,73,1,35.0,47.0,49.0,51.0,74.0,70.0,3,2,2100000.0,Pavelinho Serra (América Mineiro)
Enaldo Toxeto,Botafogo,Brazil,Defender,39,73,73,1,67.0,54.0,58.0,64.0,73.0,75.0,3,2,550000.0,Enaldo Toxeto (Botafogo)
Fabrio Farinha,Internacional,Brazil,Midfielder,31,73,73,1,72.0,62.0,75.0,77.0,43.0,58.0,3,4,2500000.0,Fabrio Farinha (Internacional)
Sandelas Júnior,Santos,Brazil,Midfielder,31,73,73,1,61.0,53.0,65.0,64.0,71.0,75.0,3,2,2100000.0,Sandelas Júnior (Santos)
Darinho Carioca,São Paulo,Brazil,Forward,27,73,73,1,64.0,76.0,52.0,67.0,25.0,59.0,4,2,3300000.0,Darinho Carioca (São Paulo)
Luis Couprins,Athletico Paranaense,Brazil,Midfielder,23,73,73,1,71.0,65.0,66.0,62.0,74.0,69.0,3,2,3100000.0,Luis Couprins (Athletico Paranaense)
Nuno Lisareda,Corinthians,Brazil,Forward,23,73,73,1,78.0,74.0,60.0,73.0,29.0,60.0,3,2,3600000.0,Nuno Lisareda (Corinthians)
Claudinho Vair,São Paulo,Brazil,Forward,35,73,73,1,79.0,63.0,71.0,74.0,49.0,62.0,3,3,1200000.0,Claudinho Vair (São Paulo)
Marlon Nideiro,Flamengo,Brazil,Midfielder,27,73,73,1,77.0,63.0,71.0,77.0,32.0,50.0,3,4,3200000.0,Marlon Nideiro (Flamengo)
Fabri Arnoia,Flamengo,Brazil,Forward,31,73,73,1,80.0,65.0,67.0,73.0,27.0,59.0,3,4,2500000.0,Fabri Arnoia (Flamengo)
T. Kadewere,Olympique Lyonnais,Zimbabwe,Forward,27,73,73,1,74.0,73.0,67.0,74.0,38.0,67.0,3,3,3300000.0,T. Kadewere (Olympique Lyonnais)
R. Del Castillo,Brest,France,Forward,27,73,73,2,72.0,68.0,73.0,77.0,40.0,64.0,3,3,3200000.0,R. Del Castillo (Brest)
A. Ndiaye,Mallorca,Senegal,Midfielder,26,73,73,1,91.0,68.0,66.0,75.0,49.0,64.0,4,4,3300000.0,A. Ndiaye (Mallorca)
Vágner Corraldo,Athletico Paranaense,Brazil,Defender,23,73,73,1,72.0,59.0,63.0,69.0,71.0,63.0,3,3,3200000.0,Vágner Corraldo (Athletico Paranaense)
A. Sedlar,Deportivo Alavés,Serbia,Defender,31,73,73,1,46.0,43.0,51.0,51.0,74.0,77.0,3,2,2100000.0,A. Sedlar (Deportivo Alavés)
Enzo Merques,Internacional,Brazil,Defender,27,73,73,1,72.0,64.0,70.0,73.0,67.0,74.0,4,3,2900000.0,Enzo Merques (Internacional)
Nildo Reisão,Atlético Mineiro,Brazil,Midfielder,27,73,73,1,52.0,41.0,61.0,47.0,73.0,85.0,3,2,2900000.0,Nildo Reisão (Atlético Mineiro)
O. Zubkov,Shakhtar Donetsk,Ukraine,Midfielder,26,73,73,1,83.0,71.0,66.0,72.0,20.0,57.0,4,4,3300000.0,O. Zubkov (Shakhtar Donetsk)
O. Karavaev,Dynamo Kyiv,Ukraine,Defender,31,73,73,1,77.0,55.0,70.0,71.0,65.0,64.0,4,3,2200000.0,O. Karavaev (Dynamo Kyiv)
P. Förster,VfL Bochum 1848,Germany,Midfielder,28,73,73,1,69.0,70.0,72.0,71.0,62.0,79.0,3,3,3100000.0,P. Förster (VfL Bochum 1848)
Wilson Manafá,Granada,Portugal,Defender,28,73,73,1,84.0,58.0,67.0,72.0,69.0,66.0,4,3,2800000.0,Wilson Manafá (Granada)
C. Antwi-Adjei,VfL Bochum 1848,Ghana,Midfielder,29,73,73,1,87.0,63.0,64.0,75.0,30.0,54.0,3,3,3000000.0,C. Antwi-Adjei (VfL Bochum 1848)
C. Zimmermann,Darmstadt 98,Germany,Defender,30,73,73,1,51.0,30.0,44.0,46.0,74.0,77.0,3,2,2500000.0,C. Zimmermann (Darmstadt 98)
P. Mazzocchi,Salernitana,Italy,Midfielder,27,73,73,1,79.0,61.0,71.0,72.0,68.0,71.0,3,3,3200000.0,P. Mazzocchi (Salernitana)
T. Augello,Cagliari,Italy,Defender,28,73,73,1,76.0,52.0,67.0,71.0,68.0,62.0,2,3,2800000.0,T. Augello (Cagliari)
Pejiño,Las Palmas,Spain,Midfielder,26,73,73,1,92.0,74.0,68.0,74.0,36.0,60.0,3,4,3300000.0,Pejiño (Las Palmas)
E. Nuamah,Olympique Lyonnais,Ghana,Forward,19,72,86,1,90.0,65.0,58.0,77.0,24.0,60.0,3,4,5500000.0,E. Nuamah (Olympique Lyonnais)
Stefan Bajcetic,Liverpool,Spain,Midfielder,18,72,86,1,69.0,52.0,66.0,72.0,69.0,65.0,3,3,5000000.0,Stefan Bajcetic (Liverpool)
E. Ben Seghir,Monaco,France,Forward,18,72,85,1,77.0,73.0,63.0,75.0,28.0,56.0,3,3,5500000.0,E. Ben Seghir (Monaco)
J. Branthwaite,Everton,England,Defender,21,72,84,1,70.0,34.0,48.0,55.0,72.0,71.0,5,2,5500000.0,J. Branthwaite (Everton)
G. Simeone,Deportivo Alavés,Argentina,Forward,20,72,84,1,83.0,69.0,58.0,70.0,26.0,80.0,3,3,5500000.0,G. Simeone (Deportivo Alavés)
E. Caprile,Empoli,Italy,Goalkeeper,21,72,84,1,0.0,0.0,0.0,0.0,0.0,0.0,3,1,5000000.0,E. Caprile (Empoli)
A. Scott,AFC Bournemouth,England,Midfielder,19,72,84,1,74.0,62.0,71.0,76.0,63.0,68.0,3,3,5500000.0,A. Scott (AFC Bournemouth)
A. Pelmard,Clermont,France,Defender,23,72,83,1,81.0,35.0,61.0,71.0,71.0,76.0,4,2,4900000.0,A. Pelmard (Clermont)
M. Cho,Real Sociedad,France,Forward,19,72,83,1,80.0,69.0,64.0,76.0,26.0,56.0,3,3,5000000.0,M. Cho (Real Sociedad)
L. Colombo,Monza,Italy,Forward,21,72,83,1,67.0,74.0,51.0,68.0,29.0,74.0,3,2,5500000.0,L. Colombo (Monza)
K. Sildillia,SC Freiburg,France,Defender,21,72,83,1,71.0,30.0,58.0,64.0,73.0,71.0,3,2,5000000.0,K. Sildillia (SC Freiburg)
Y. Chermiti,Everton,Portugal,Forward,19,72,83,1,70.0,69.0,55.0,68.0,33.0,72.0,3,2,5000000.0,Y. Chermiti (Everton)
A. Engels,FC Augsburg,Belgium,Midfielder,19,72,83,1,68.0,64.0,73.0,74.0,63.0,71.0,3,3,5000000.0,A. Engels (FC Augsburg)
Natan,Napoli,Brazil,Defender,22,72,83,1,63.0,33.0,47.0,50.0,74.0,74.0,2,2,4900000.0,Natan (Napoli)
S. van den Berg,FSV Mainz 05,Netherlands,Defender,21,72,82,1,66.0,34.0,62.0,64.0,72.0,73.0,3,2,4900000.0,S. van den Berg (FSV Mainz 05)
J. Garner,Everton,England,Midfielder,22,72,82,1,66.0,63.0,72.0,68.0,68.0,70.0,3,3,5000000.0,J. Garner (Everton)
M. Daramy,Stade de Reims,Denmark,Forward,21,72,82,1,86.0,64.0,64.0,76.0,26.0,69.0,3,4,5500000.0,M. Daramy (Stade de Reims)
E. Anderson,Newcastle United,Scotland,Midfielder,20,72,82,1,73.0,65.0,70.0,77.0,63.0,73.0,4,3,5000000.0,E. Anderson (Newcastle United)
N. Patterson,Everton,Scotland,Defender,21,72,82,1,77.0,46.0,61.0,69.0,70.0,71.0,3,2,5000000.0,N. Patterson (Everton)
Yan Couto,Girona,Brazil,Midfielder,21,72,82,1,81.0,56.0,66.0,75.0,63.0,59.0,3,3,5500000.0,Yan Couto (Girona)
M. Kjaergaard,Salzburg,Denmark,Midfielder,20,72,82,1,75.0,70.0,71.0,72.0,63.0,75.0,3,3,5000000.0,M. Kjaergaard (Salzburg)
K. Schade,Brentford,Germany,Forward,21,72,82,1,94.0,64.0,59.0,72.0,29.0,64.0,3,3,5500000.0,K. Schade (Brentford)
Hugo Bueno,Wolverhampton Wanderers,Spain,Defender,20,72,82,1,77.0,53.0,71.0,77.0,65.0,65.0,3,3,4900000.0,Hugo Bueno (Wolverhampton Wanderers)
C. Okoli,Frosinone,Italy,Defender,21,72,82,1,54.0,30.0,46.0,54.0,72.0,78.0,2,2,4900000.0,C. Okoli (Frosinone)
M. Cancellieri,Empoli,Italy,Midfielder,20,72,82,1,81.0,69.0,69.0,77.0,38.0,63.0,3,4,5000000.0,M. Cancellieri (Empoli)
Mika Mármol,Las Palmas,Spain,Defender,22,72,82,1,74.0,38.0,61.0,66.0,72.0,65.0,3,2,4900000.0,Mika Mármol (Las Palmas)
M. Frendrup,Genoa,Denmark,Midfielder,22,72,81,1,80.0,56.0,64.0,72.0,67.0,77.0,2,2,5000000.0,M. Frendrup (Genoa)
V. Gendrey,Lecce,France,Defender,23,72,81,1,81.0,33.0,54.0,67.0,67.0,75.0,2,2,5000000.0,V. Gendrey (Lecce)
J. Leweling,VfB Stuttgart,Germany,Forward,22,72,81,1,83.0,70.0,61.0,77.0,33.0,71.0,4,4,5500000.0,J. Leweling (VfB Stuttgart)
S. Turati,Frosinone,Italy,Goalkeeper,21,72,81,1,0.0,0.0,0.0,0.0,0.0,0.0,2,1,4600000.0,S. Turati (Frosinone)
J. Thielmann,FC Köln,Germany,Midfielder,21,72,81,1,81.0,69.0,66.0,72.0,45.0,66.0,3,3,5500000.0,J. Thielmann (FC Köln)
P. Sarr,Tottenham Hotspur,Senegal,Midfielder,20,72,81,1,67.0,63.0,68.0,73.0,67.0,66.0,3,2,5000000.0,P. Sarr (Tottenham Hotspur)
A. Al Dakhil,Burnley,Belgium,Defender,21,72,81,1,72.0,27.0,51.0,62.0,72.0,73.0,3,2,4900000.0,A. Al Dakhil (Burnley)
Abner,Real Betis,Brazil,Defender,23,72,81,1,80.0,51.0,72.0,71.0,66.0,62.0,2,2,5000000.0,Abner (Real Betis)
M. Viti,Sassuolo,Italy,Defender,21,72,81,1,70.0,35.0,50.0,53.0,74.0,71.0,3,2,4900000.0,M. Viti (Sassuolo)
M. Satriano,Brest,Uruguay,Forward,22,72,81,1,64.0,72.0,56.0,71.0,32.0,68.0,3,3,5500000.0,M. Satriano (Brest)
D. Ouattara,AFC Bournemouth,Burkina Faso,Midfielder,21,72,81,1,83.0,68.0,63.0,75.0,43.0,57.0,5,4,5500000.0,D. Ouattara (AFC Bournemouth)
G. Álvarez,Getafe,Uruguay,Defender,23,72,81,1,70.0,25.0,56.0,61.0,73.0,71.0,3,2,5000000.0,G. Álvarez (Getafe)
D. Beljo,FC Augsburg,Croatia,Forward,21,72,81,1,61.0,72.0,49.0,68.0,31.0,73.0,4,3,5500000.0,D. Beljo (FC Augsburg)
Dotor,Celta de Vigo,Spain,Midfielder,22,72,81,1,57.0,61.0,65.0,71.0,66.0,63.0,3,3,5000000.0,Dotor (Celta de Vigo)
D. Peretz,FC Bayern München,Israel,Goalkeeper,22,72,81,1,0.0,0.0,0.0,0.0,0.0,0.0,3,1,4600000.0,D. Peretz (FC Bayern München)
K. Lewis-Potter,Brentford,England,Forward,22,72,80,1,77.0,67.0,64.0,75.0,36.0,62.0,4,3,5500000.0,K. Lewis-Potter (Brentford)
B. Gilmour,Brighton & Hove Albion,Scotland,Midfielder,22,72,80,1,60.0,55.0,70.0,73.0,67.0,55.0,3,3,5000000.0,B. Gilmour (Brighton & Hove Albion)
E. Holm,Atalanta,Sweden,Defender,23,72,80,1,85.0,60.0,61.0,66.0,63.0,85.0,3,3,5000000.0,E. Holm (Atalanta)
Robert Navarro,Cádiz,Spain,Midfielder,21,72,80,1,74.0,67.0,68.0,74.0,34.0,63.0,3,4,5500000.0,Robert Navarro (Cádiz)
A. Seidu,Clermont,Ghana,Defender,23,72,80,1,59.0,37.0,60.0,67.0,75.0,58.0,3,2,4900000.0,A. Seidu (Clermont)
C. Özkacar,Valencia,Turkey,Defender,22,72,80,1,60.0,36.0,57.0,62.0,72.0,77.0,3,2,4900000.0,C. Özkacar (Valencia)
A. Álvarez Martínez,Sassuolo,Uruguay,Forward,22,72,80,1,69.0,72.0,61.0,68.0,36.0,68.0,3,2,5500000.0,A. Álvarez Martínez (Sassuolo)
V. Kristiansen,Bologna,Denmark,Defender,20,72,80,1,74.0,55.0,63.0,72.0,68.0,75.0,3,3,4900000.0,V. Kristiansen (Bologna)
C. Wooh,Rennes,Cameroon,Defender,21,72,80,1,68.0,45.0,57.0,61.0,71.0,75.0,3,2,4900000.0,C. Wooh (Rennes)
K. Doumbia,Brest,Mali,Midfielder,20,72,80,1,70.0,64.0,69.0,74.0,57.0,59.0,3,3,5000000.0,K. Doumbia (Brest)
L. Lucca,Udinese,Italy,Forward,22,72,80,1,64.0,72.0,59.0,63.0,32.0,80.0,3,2,5500000.0,L. Lucca (Udinese)
Álex Pozo,Almería,Spain,Defender,24,72,79,1,73.0,68.0,67.0,74.0,67.0,44.0,3,3,4500000.0,Álex Pozo (Almería)
J. Ponceau,Lorient,France,Midfielder,22,72,79,1,76.0,58.0,68.0,76.0,55.0,59.0,3,3,4800000.0,J. Ponceau (Lorient)
S. van Hooijdonk,Bologna,Netherlands,Forward,23,72,79,1,72.0,74.0,57.0,65.0,27.0,73.0,4,3,4700000.0,S. van Hooijdonk (Bologna)
A. Schäfer,FC Union Berlin,Hungary,Midfielder,24,72,79,1,72.0,61.0,67.0,73.0,64.0,64.0,4,3,4700000.0,A. Schäfer (FC Union Berlin)
L. Brassier,Brest,France,Defender,23,72,79,1,69.0,36.0,62.0,67.0,73.0,74.0,2,2,4400000.0,L. Brassier (Brest)
B. Brahimi,Brest,Algeria,Midfielder,23,72,79,1,76.0,70.0,68.0,74.0,29.0,69.0,3,3,4700000.0,B. Brahimi (Brest)
F. Jörgensen,Villarreal,Denmark,Goalkeeper,21,72,79,1,0.0,0.0,0.0,0.0,0.0,0.0,2,1,4100000.0,F. Jörgensen (Villarreal)
I. Moriba,RB Leipzig,Guinea,Midfielder,20,72,79,1,68.0,71.0,63.0,74.0,64.0,65.0,4,4,4600000.0,I. Moriba (RB Leipzig)
B. Locko,Brest,France,Defender,21,72,79,1,73.0,51.0,62.0,69.0,69.0,69.0,2,2,4500000.0,B. Locko (Brest)
D. O'Shea,Burnley,Republic of Ireland,Defender,24,72,78,1,61.0,33.0,55.0,57.0,73.0,74.0,3,2,3400000.0,D. O'Shea (Burnley)
A. Dossena,Cagliari,Italy,Defender,24,72,78,1,53.0,32.0,47.0,53.0,73.0,76.0,3,2,3400000.0,A. Dossena (Cagliari)
Jordi Mboula,Hellas Verona,Spain,Midfielder,24,72,78,1,87.0,69.0,63.0,75.0,32.0,66.0,4,3,3700000.0,Jordi Mboula (Hellas Verona)
S. Nsoki,TSG Hoffenheim,France,Defender,24,72,78,1,77.0,38.0,62.0,67.0,72.0,78.0,2,2,3400000.0,S. Nsoki (TSG Hoffenheim)
C. Klarer,Darmstadt 98,Austria,Defender,23,72,78,1,63.0,36.0,50.0,54.0,73.0,72.0,3,2,3400000.0,C. Klarer (Darmstadt 98)
P. Akouokou,Olympique Lyonnais,Côte d'Ivoire,Midfielder,25,72,78,1,56.0,56.0,68.0,70.0,71.0,63.0,2,2,3300000.0,P. Akouokou (Olympique Lyonnais)
V. Bondar,Shakhtar Donetsk,Ukraine,Defender,24,72,78,1,71.0,32.0,51.0,53.0,74.0,73.0,2,2,3400000.0,V. Bondar (Shakhtar Donetsk)
P. Osterhage,VfL Bochum 1848,Germany,Midfielder,23,72,78,1,76.0,54.0,66.0,72.0,70.0,72.0,3,3,3400000.0,P. Osterhage (VfL Bochum 1848)
A. Doughty,Luton Town,England,Defender,23,72,78,1,83.0,49.0,65.0,69.0,63.0,65.0,3,2,3500000.0,A. Doughty (Luton Town)
B. Ocampo,Cádiz,Uruguay,Midfielder,24,72,78,1,83.0,67.0,69.0,75.0,47.0,62.0,3,4,3700000.0,B. Ocampo (Cádiz)
A. Makoumbou,Cagliari,Congo,Midfielder,24,72,78,1,75.0,55.0,65.0,75.0,68.0,77.0,3,3,3400000.0,A. Makoumbou (Cagliari)
Jorge Meré,Cádiz,Spain,Defender,26,72,77,1,68.0,38.0,53.0,64.0,73.0,72.0,3,2,3100000.0,Jorge Meré (Cádiz)
E. Adebayo,Luton Town,England,Forward,25,72,77,1,74.0,71.0,50.0,69.0,45.0,80.0,3,3,3500000.0,E. Adebayo (Luton Town)
M. Leitsch,FSV Mainz 05,Germany,Defender,25,72,77,1,79.0,37.0,57.0,58.0,74.0,68.0,2,2,3100000.0,M. Leitsch (FSV Mainz 05)
H. Delcroix,Burnley,Belgium,Defender,24,72,77,1,70.0,33.0,61.0,62.0,72.0,70.0,2,2,3200000.0,H. Delcroix (Burnley)
L. Ranieri,Fiorentina,Italy,Defender,24,72,77,1,73.0,41.0,59.0,67.0,74.0,65.0,3,2,3200000.0,L. Ranieri (Fiorentina)
A. Terzić,Salzburg,Serbia,Defender,23,72,77,1,74.0,45.0,59.0,70.0,68.0,62.0,2,2,3300000.0,A. Terzić (Salzburg)
M. Guilavogui,Lens,Guinea,Forward,25,72,77,1,80.0,70.0,66.0,70.0,32.0,70.0,2,3,3500000.0,M. Guilavogui (Lens)
Juan Iglesias,Getafe,Spain,Defender,24,72,77,1,70.0,37.0,60.0,64.0,70.0,68.0,4,3,3300000.0,Juan Iglesias (Getafe)
W. Cheddira,Frosinone,Morocco,Forward,25,72,77,1,86.0,71.0,64.0,68.0,40.0,76.0,4,3,3500000.0,W. Cheddira (Frosinone)
T. Fosu-Mensah,Bayer 04 Leverkusen,Netherlands,Defender,25,72,76,1,74.0,60.0,64.0,65.0,73.0,76.0,3,3,3000000.0,T. Fosu-Mensah (Bayer 04 Leverkusen)
S. Van der Heyden,Mallorca,Belgium,Defender,25,72,76,1,58.0,34.0,57.0,53.0,73.0,74.0,3,2,2900000.0,S. Van der Heyden (Mallorca)
F. Müller,SC Freiburg,Germany,Goalkeeper,25,72,76,2,0.0,0.0,0.0,0.0,0.0,0.0,4,1,2600000.0,F. Müller (SC Freiburg)
Y. Maleh,Empoli,Morocco,Midfielder,24,72,76,1,66.0,65.0,73.0,73.0,66.0,67.0,3,3,3300000.0,Y. Maleh (Empoli)
Jeong Woo Yeong,VfB Stuttgart,Korea Republic,Midfielder,23,72,76,1,77.0,62.0,67.0,78.0,36.0,63.0,4,4,3400000.0,Jeong Woo Yeong (VfB Stuttgart)
P. Köhn,Monaco,Switzerland,Goalkeeper,25,72,76,1,0.0,0.0,0.0,0.0,0.0,0.0,2,1,2600000.0,P. Köhn (Monaco)
Josep Martínez,Genoa,Spain,Goalkeeper,25,72,76,1,0.0,0.0,0.0,0.0,0.0,0.0,3,1,2600000.0,Josep Martínez (Genoa)
M. Camara,Brest,France,Midfielder,25,72,76,1,59.0,58.0,68.0,71.0,73.0,75.0,3,3,3200000.0,M. Camara (Brest)
L. Kilian,FC Köln,Germany,Defender,23,72,76,1,69.0,39.0,56.0,54.0,72.0,77.0,3,2,3000000.0,L. Kilian (FC Köln)
D. Boloca,Sassuolo,Romania,Midfielder,24,72,76,1,64.0,58.0,69.0,71.0,52.0,74.0,3,3,3300000.0,D. Boloca (Sassuolo)
M. Lowe,Sheffield United,England,Defender,26,72,75,1,80.0,46.0,63.0,73.0,69.0,67.0,3,3,2800000.0,M. Lowe (Sheffield United)
San Emeterio,Cádiz,Spain,Midfielder,26,72,75,1,54.0,67.0,67.0,67.0,72.0,76.0,3,2,3000000.0,San Emeterio (Cádiz)
M. Wieteska,Cagliari,Poland,Defender,26,72,75,1,57.0,37.0,48.0,56.0,73.0,76.0,3,2,2700000.0,M. Wieteska (Cagliari)
S. Bastoni,Empoli,Italy,Midfielder,26,72,75,1,68.0,58.0,71.0,72.0,69.0,69.0,2,3,3000000.0,S. Bastoni (Empoli)
Ó. Estupiñán,Metz,Colombia,Forward,26,72,75,1,68.0,72.0,52.0,68.0,33.0,79.0,3,3,3100000.0,Ó. Estupiñán (Metz)
G. Suazo,Toulouse,Chile,Defender,25,72,75,1,72.0,59.0,67.0,71.0,66.0,75.0,2,3,2900000.0,G. Suazo (Toulouse)
J. Duverne,Nantes,France,Defender,25,72,75,1,59.0,38.0,62.0,69.0,75.0,74.0,3,3,2900000.0,J. Duverne (Nantes)
B. Radunović,Cagliari,Serbia,Goalkeeper,27,72,75,1,0.0,0.0,0.0,0.0,0.0,0.0,3,1,2300000.0,B. Radunović (Cagliari)
P. Tietz,FC Augsburg,Germany,Forward,25,72,75,1,68.0,72.0,56.0,67.0,33.0,76.0,3,2,3100000.0,P. Tietz (FC Augsburg)
Pol Lirola,Frosinone,Spain,Defender,25,72,75,1,72.0,62.0,69.0,69.0,67.0,69.0,3,3,2900000.0,Pol Lirola (Frosinone)
I. Cardona,FC Augsburg,France,Forward,25,72,75,1,84.0,72.0,66.0,72.0,26.0,62.0,3,3,3100000.0,I. Cardona (FC Augsburg)
F. Ballo-Touré,Fulham,Senegal,Defender,26,72,75,1,83.0,51.0,67.0,71.0,67.0,71.0,2,3,2800000.0,F. Ballo-Touré (Fulham)
T. De Smet,Stade de Reims,Belgium,Defender,25,72,75,1,68.0,52.0,64.0,67.0,68.0,73.0,3,2,2900000.0,T. De Smet (Stade de Reims)
R. Hack,Borussia Mönchengladbach,Germany,Midfielder,24,72,75,1,81.0,65.0,65.0,75.0,33.0,52.0,4,4,3200000.0,R. Hack (Borussia Mönchengladbach)
A. Harroui,Frosinone,Morocco,Midfielder,25,72,75,1,73.0,68.0,70.0,74.0,67.0,75.0,5,3,2800000.0,A. Harroui (Frosinone)
K. Schlotterbeck,VfL Bochum 1848,Germany,Defender,26,72,75,1,53.0,27.0,51.0,54.0,74.0,75.0,3,2,2700000.0,K. Schlotterbeck (VfL Bochum 1848)
V. Shepelev,Dynamo Kyiv,Ukraine,Midfielder,26,72,75,1,64.0,63.0,64.0,69.0,65.0,62.0,3,3,3000000.0,V. Shepelev (Dynamo Kyiv)
S. Nicholson,Clermont,Jamaica,Forward,26,72,75,1,68.0,75.0,58.0,66.0,24.0,77.0,4,3,3100000.0,S. Nicholson (Clermont)
M. Grüll,Rapid Wien,Austria,Midfielder,24,72,75,1,86.0,70.0,65.0,74.0,32.0,67.0,4,4,3200000.0,M. Grüll (Rapid Wien)
J. Justvan,TSG Hoffenheim,Germany,Midfielder,25,72,75,1,84.0,55.0,70.0,74.0,53.0,52.0,3,3,3100000.0,J. Justvan (TSG Hoffenheim)
O. Tymchyk,Dynamo Kyiv,Ukraine,Defender,26,72,75,1,87.0,41.0,64.0,63.0,69.0,53.0,3,2,2800000.0,O. Tymchyk (Dynamo Kyiv)
A. Ismajli,Empoli,Albania,Defender,26,72,75,1,71.0,30.0,49.0,61.0,75.0,66.0,3,2,2700000.0,A. Ismajli (Empoli)
K. Hause,Aston Villa,England,Defender,27,72,74,1,59.0,44.0,58.0,58.0,71.0,74.0,2,2,2500000.0,K. Hause (Aston Villa)
E. Horvath,Nottingham Forest,United States,Goalkeeper,28,72,74,1,0.0,0.0,0.0,0.0,0.0,0.0,3,1,2000000.0,E. Horvath (Nottingham Forest)
A. Maitland-Niles,Olympique Lyonnais,England,Midfielder,25,72,74,2,77.0,61.0,69.0,73.0,68.0,67.0,3,4,2900000.0,A. Maitland-Niles (Olympique Lyonnais)
David Gil,Cádiz,Spain,Goalkeeper,29,72,74,1,0.0,0.0,0.0,0.0,0.0,0.0,2,1,1900000.0,David Gil (Cádiz)
M. Caufriez,Clermont,Belgium,Defender,26,72,74,1,56.0,30.0,57.0,56.0,73.0,73.0,3,2,2600000.0,M. Caufriez (Clermont)
I. Radu,AFC Bournemouth,Romania,Goalkeeper,26,72,74,1,0.0,0.0,0.0,0.0,0.0,0.0,2,1,2200000.0,I. Radu (AFC Bournemouth)
K. Günter,Hellas Verona,Germany,Defender,28,72,73,1,62.0,46.0,60.0,62.0,74.0,69.0,3,2,2200000.0,K. Günter (Hellas Verona)
V. Lazaro,Torino,Austria,Defender,27,72,73,2,74.0,69.0,73.0,74.0,64.0,66.0,3,4,2500000.0,V. Lazaro (Torino)
José Pozo,Rayo Vallecano,Spain,Midfielder,27,72,73,1,73.0,72.0,70.0,74.0,61.0,59.0,4,3,2700000.0,José Pozo (Rayo Vallecano)
O. McBurnie,Sheffield United,Scotland,Forward,27,72,73,1,54.0,71.0,58.0,68.0,33.0,78.0,3,3,2700000.0,O. McBurnie (Sheffield United)
G. Wüthrich,Sturm Graz,Switzerland,Defender,28,72,73,1,48.0,35.0,51.0,53.0,71.0,81.0,3,2,2200000.0,G. Wüthrich (Sturm Graz)
A. Desmas,Le Havre,France,Goalkeeper,29,72,73,1,0.0,0.0,0.0,0.0,0.0,0.0,2,1,1800000.0,A. Desmas (Le Havre)
M. Pedersen,FC Augsburg,Denmark,Defender,26,72,73,1,83.0,52.0,65.0,73.0,66.0,66.0,3,3,2500000.0,M. Pedersen (FC Augsburg)
José Machín,Monza,Equatorial Guinea,Midfielder,26,72,73,1,64.0,64.0,70.0,72.0,62.0,66.0,3,3,2700000.0,José Machín (Monza)
M. Pereira Lage,Brest,Portugal,Forward,26,72,73,1,71.0,71.0,73.0,73.0,61.0,64.0,3,4,2800000.0,M. Pereira Lage (Brest)
R. Oudin,Lecce,France,Forward,26,72,73,1,70.0,70.0,71.0,73.0,33.0,65.0,3,3,2800000.0,R. Oudin (Lecce)
R. Yaremchuk,Valencia,Ukraine,Forward,27,72,73,1,73.0,71.0,68.0,67.0,44.0,73.0,3,2,2700000.0,R. Yaremchuk (Valencia)
M. Sarkaria,Sturm Graz,Austria,Forward,26,72,73,1,80.0,72.0,71.0,74.0,36.0,71.0,3,3,2800000.0,M. Sarkaria (Sturm Graz)
Antonio Sánchez,Mallorca,Spain,Midfielder,26,72,73,1,74.0,66.0,72.0,71.0,65.0,73.0,3,3,2800000.0,Antonio Sánchez (Mallorca)
J. Leca,Lens,France,Goalkeeper,37,72,72,2,0.0,0.0,0.0,0.0,0.0,0.0,3,1,250000.0,J. Leca (Lens)
T. Heaton,Manchester United,England,Goalkeeper,37,72,72,1,0.0,0.0,0.0,0.0,0.0,0.0,3,1,250000.0,T. Heaton (Manchester United)
A. Ulmer,Salzburg,Austria,Defender,37,72,72,1,67.0,62.0,69.0,72.0,70.0,68.0,3,3,525000.0,A. Ulmer (Salzburg)
D. Randolph,AFC Bournemouth,Republic of Ireland,Goalkeeper,36,72,72,1,0.0,0.0,0.0,0.0,0.0,0.0,3,1,250000.0,D. Randolph (AFC Bournemouth)
J. Tomkins,Crystal Palace,England,Defender,34,72,72,1,33.0,32.0,56.0,49.0,74.0,65.0,3,2,750000.0,J. Tomkins (Crystal Palace)
V. Mannone,Lille,Italy,Goalkeeper,35,72,72,1,0.0,0.0,0.0,0.0,0.0,0.0,3,1,250000.0,V. Mannone (Lille)
M. Ritchie,Newcastle United,Scotland,Midfielder,33,72,72,1,58.0,71.0,74.0,74.0,67.0,62.0,4,3,1500000.0,M. Ritchie (Newcastle United)
C. Pinsoglio,Juventus,Italy,Goalkeeper,33,72,72,1,0.0,0.0,0.0,0.0,0.0,0.0,2,1,750000.0,C. Pinsoglio (Juventus)
Alberto Perea,Granada,Spain,Midfielder,32,72,72,1,71.0,70.0,69.0,76.0,35.0,59.0,3,3,1900000.0,Alberto Perea (Granada)
M. Destro,Empoli,Italy,Forward,32,72,72,2,66.0,73.0,60.0,70.0,29.0,57.0,3,4,1900000.0,M. Destro (Empoli)
Adrián,Liverpool,Spain,Goalkeeper,36,72,72,1,0.0,0.0,0.0,0.0,0.0,0.0,2,1,250000.0,Adrián (Liverpool)
J. Martin,Brest,France,Midfielder,33,72,72,2,46.0,65.0,74.0,71.0,69.0,68.0,4,3,1200000.0,J. Martin (Brest)
C. Gamboa,VfL Bochum 1848,Costa Rica,Defender,33,72,72,1,87.0,47.0,65.0,71.0,68.0,70.0,2,3,1200000.0,C. Gamboa (VfL Bochum 1848)
E. Rashani,Clermont,Kosovo,Forward,30,72,72,1,80.0,66.0,65.0,72.0,39.0,66.0,4,4,2300000.0,E. Rashani (Clermont)
J. Robinson,Sheffield United,England,Defender,29,72,72,1,69.0,41.0,60.0,61.0,72.0,74.0,3,2,2000000.0,J. Robinson (Sheffield United)
B. Bereszyński,Empoli,Poland,Defender,30,72,72,1,79.0,56.0,64.0,69.0,67.0,73.0,3,3,2000000.0,B. Bereszyński (Empoli)
Pedro Obiang,Sassuolo,Equatorial Guinea,Midfielder,31,72,72,2,53.0,59.0,70.0,70.0,71.0,70.0,3,3,1600000.0,Pedro Obiang (Sassuolo)
M. Esser,VfL Bochum 1848,Germany,Goalkeeper,35,72,72,1,0.0,0.0,0.0,0.0,0.0,0.0,3,1,250000.0,M. Esser (VfL Bochum 1848)
T. Koubek,FC Augsburg,Czech Republic,Goalkeeper,30,72,72,2,0.0,0.0,0.0,0.0,0.0,0.0,2,1,1600000.0,T. Koubek (FC Augsburg)
M. Badelj,Genoa,Croatia,Midfielder,34,72,72,2,52.0,61.0,71.0,70.0,69.0,72.0,4,3,800000.0,M. Badelj (Genoa)
T. Delaine,Strasbourg,France,Defender,31,72,72,1,81.0,50.0,69.0,71.0,66.0,72.0,5,3,1700000.0,T. Delaine (Strasbourg)
L. Karius,Newcastle United,Germany,Goalkeeper,30,72,72,2,0.0,0.0,0.0,0.0,0.0,0.0,3,1,1600000.0,L. Karius (Newcastle United)
K. Lala,Brest,France,Defender,31,72,72,1,73.0,61.0,71.0,70.0,69.0,71.0,3,3,1700000.0,K. Lala (Brest)
A. Jung,Werder Bremen,Germany,Defender,31,72,72,1,63.0,62.0,66.0,66.0,73.0,77.0,3,3,1700000.0,A. Jung (Werder Bremen)
C. Lykogiannis,Bologna,Greece,Defender,29,72,72,1,81.0,68.0,67.0,67.0,68.0,73.0,3,2,2100000.0,C. Lykogiannis (Bologna)
R. Haps,Genoa,Suriname,Defender,30,72,72,1,85.0,63.0,65.0,73.0,65.0,70.0,3,3,2000000.0,R. Haps (Genoa)
Manquillo,Newcastle United,Spain,Defender,29,72,72,2,63.0,45.0,63.0,71.0,73.0,61.0,3,3,2100000.0,Manquillo (Newcastle United)
Ivan Cavaleiro,Lille,Portugal,Midfielder,29,72,72,1,82.0,70.0,66.0,73.0,37.0,73.0,3,4,2300000.0,Ivan Cavaleiro (Lille)
L. Garritano,Frosinone,Italy,Midfielder,29,72,72,1,86.0,67.0,68.0,74.0,55.0,59.0,3,4,2300000.0,L. Garritano (Frosinone)
S. Michel,FC Augsburg,Germany,Forward,32,72,72,1,72.0,73.0,66.0,74.0,34.0,72.0,3,3,1900000.0,S. Michel (FC Augsburg)
C. Morris,Luton Town,England,Forward,27,72,72,1,75.0,71.0,55.0,67.0,32.0,75.0,4,3,2500000.0,C. Morris (Luton Town)
J. Toljan,Sassuolo,Germany,Defender,28,72,72,2,82.0,42.0,63.0,69.0,65.0,66.0,4,3,2100000.0,J. Toljan (Sassuolo)
D. Sinkgraven,Las Palmas,Netherlands,Defender,27,72,72,2,74.0,60.0,72.0,74.0,68.0,61.0,3,3,2300000.0,D. Sinkgraven (Las Palmas)
G. Haraguchi,VfB Stuttgart,Japan,Midfielder,32,72,72,2,73.0,64.0,70.0,76.0,44.0,51.0,4,4,1900000.0,G. Haraguchi (VfB Stuttgart)
J. Amavi,Brest,France,Defender,29,72,72,1,72.0,61.0,66.0,69.0,69.0,71.0,5,3,2100000.0,J. Amavi (Brest)
N. Gyömbér,Salernitana,Slovakia,Defender,30,72,72,1,58.0,31.0,43.0,50.0,74.0,71.0,3,2,1900000.0,N. Gyömbér (Salernitana)
A. Grassi,Empoli,Italy,Midfielder,28,72,72,1,57.0,63.0,70.0,73.0,67.0,63.0,3,2,2300000.0,A. Grassi (Empoli)
L. Venuti,Lecce,Italy,Defender,28,72,72,1,70.0,26.0,61.0,67.0,68.0,63.0,4,2,2100000.0,L. Venuti (Lecce)
Jaume,Valencia,Spain,Goalkeeper,32,72,72,1,0.0,0.0,0.0,0.0,0.0,0.0,3,1,1200000.0,Jaume (Valencia)
O. Mfulu,Las Palmas,Congo DR,Midfielder,29,72,72,1,76.0,54.0,62.0,69.0,70.0,79.0,3,2,2000000.0,O. Mfulu (Las Palmas)
P. Michorl,LASK Linz,Austria,Midfielder,28,72,72,1,67.0,66.0,75.0,71.0,64.0,67.0,2,3,2300000.0,P. Michorl (LASK Linz)
G. Kyei,Clermont,France,Forward,27,72,72,2,62.0,70.0,54.0,70.0,27.0,80.0,3,3,2500000.0,G. Kyei (Clermont)
Sergi Canós,Valencia,Spain,Midfielder,26,72,72,1,71.0,69.0,69.0,75.0,60.0,69.0,3,3,2600000.0,Sergi Canós (Valencia)
G. Ferrari,Sassuolo,Italy,Defender,31,72,72,1,45.0,28.0,42.0,50.0,73.0,77.0,3,2,1600000.0,G. Ferrari (Sassuolo)
S. Mounié,Brest,Benin,Forward,28,72,72,2,50.0,73.0,63.0,68.0,45.0,79.0,3,2,2400000.0,S. Mounié (Brest)
M. Busch,Heidenheim,Germany,Defender,28,72,72,1,84.0,53.0,62.0,68.0,65.0,75.0,3,2,2100000.0,M. Busch (Heidenheim)
Merquelanz,Real Sociedad,Spain,Forward,28,72,72,1,69.0,75.0,74.0,72.0,45.0,64.0,3,3,2400000.0,Merquelanz (Real Sociedad)
M. Vojvoda,Torino,Kosovo,Midfielder,28,72,72,1,71.0,54.0,72.0,72.0,68.0,70.0,4,3,2400000.0,M. Vojvoda (Torino)
Sergi Guardiola,Cádiz,Spain,Forward,32,72,72,1,70.0,72.0,62.0,72.0,30.0,75.0,2,3,1900000.0,Sergi Guardiola (Cádiz)
G. Pereiro,Cagliari,Uruguay,Midfielder,28,72,72,2,73.0,72.0,71.0,75.0,40.0,68.0,3,3,2400000.0,G. Pereiro (Cagliari)
Sacramentinho,Atlético Mineiro,Brazil,Goalkeeper,39,72,72,1,0.0,0.0,0.0,0.0,0.0,0.0,2,1,250000.0,Sacramentinho (Atlético Mineiro)
Heitor Gesse,Atlético Mineiro,Brazil,Defender,27,72,72,1,78.0,55.0,66.0,64.0,69.0,61.0,2,2,2300000.0,Heitor Gesse (Atlético Mineiro)
Túlio Changas,Palmeiras,Brazil,Goalkeeper,27,72,72,1,0.0,0.0,0.0,0.0,0.0,0.0,3,1,1800000.0,Túlio Changas (Palmeiras)
Alam Araújo,Botafogo,Brazil,Defender,31,72,72,1,73.0,51.0,64.0,67.0,72.0,68.0,3,2,1700000.0,Alam Araújo (Botafogo)
Fabiano Sonta,Fluminense,Brazil,Defender,31,72,72,1,46.0,41.0,56.0,53.0,74.0,71.0,3,2,1600000.0,Fabiano Sonta (Fluminense)
Ailton Valpaços,São Paulo,Brazil,Defender,31,72,72,1,64.0,58.0,60.0,63.0,71.0,76.0,3,2,1600000.0,Ailton Valpaços (São Paulo)
Guto Milazar,Flamengo,Brazil,Defender,31,72,72,1,73.0,40.0,61.0,64.0,70.0,58.0,3,2,1700000.0,Guto Milazar (Flamengo)
Tião Couteira,Athletico Paranaense,Brazil,Midfielder,23,72,72,1,74.0,62.0,72.0,74.0,42.0,51.0,4,4,2700000.0,Tião Couteira (Athletico Paranaense)
Kauã Abranches,Fortaleza,Brazil,Midfielder,27,72,72,1,84.0,64.0,67.0,73.0,51.0,62.0,4,3,2500000.0,Kauã Abranches (Fortaleza)
Gustavo Lobateiro,Internacional,Brazil,Midfielder,23,72,72,1,77.0,65.0,68.0,72.0,33.0,61.0,5,3,2700000.0,Gustavo Lobateiro (Internacional)
Evandro Rochedo,Atlético Mineiro,Brazil,Forward,27,72,72,1,55.0,75.0,60.0,70.0,36.0,65.0,4,3,2500000.0,Evandro Rochedo (Atlético Mineiro)
André Milazisco,São Paulo,Brazil,Goalkeeper,27,72,72,1,0.0,0.0,0.0,0.0,0.0,0.0,1,1,1800000.0,André Milazisco (São Paulo)
Alminho Boas,Atlético Mineiro,Brazil,Midfielder,27,72,72,1,60.0,39.0,62.0,66.0,69.0,76.0,3,2,2200000.0,Alminho Boas (Atlético Mineiro)
Flávio Rebeilo,Santos,Brazil,Defender,31,72,72,1,79.0,44.0,61.0,71.0,68.0,61.0,3,3,1700000.0,Flávio Rebeilo (Santos)
Tony Muttinho,Fortaleza,Brazil,Defender,27,72,72,1,69.0,48.0,64.0,64.0,70.0,73.0,3,2,2300000.0,Tony Muttinho (Fortaleza)
Jenaro Kaio,Botafogo,Brazil,Midfielder,39,72,72,1,81.0,71.0,71.0,75.0,44.0,59.0,5,3,750000.0,Jenaro Kaio (Botafogo)
Édundo Oliveira,Bragantino,Brazil,Defender,31,72,72,1,56.0,46.0,59.0,51.0,73.0,75.0,2,2,1600000.0,Édundo Oliveira (Bragantino)
Igor Madinha,São Paulo,Brazil,Midfielder,27,72,72,1,94.0,61.0,63.0,73.0,27.0,58.0,3,3,2500000.0,Igor Madinha (São Paulo)
Timo Triano,Corinthians,Brazil,Midfielder,27,72,72,1,48.0,46.0,67.0,64.0,74.0,67.0,3,2,2200000.0,Timo Triano (Corinthians)
Calegarcinho,Fortaleza,Brazil,Forward,39,72,72,1,66.0,70.0,62.0,65.0,25.0,71.0,3,4,800000.0,Calegarcinho (Fortaleza)
Leordinho Paes,Santos,Brazil,Midfielder,23,72,72,1,69.0,64.0,73.0,73.0,43.0,54.0,3,3,2700000.0,Leordinho Paes (Santos)
Alam Basteirinho,Santos,Brazil,Midfielder,31,72,72,1,62.0,65.0,72.0,73.0,36.0,53.0,4,3,1900000.0,Alam Basteirinho (Santos)
Fábio Melitinho,Fluminense,Brazil,Midfielder,27,72,72,1,46.0,73.0,75.0,75.0,24.0,55.0,5,3,2500000.0,Fábio Melitinho (Fluminense)
Dersan Dinis,Palmeiras,Brazil,Forward,31,72,72,1,78.0,66.0,69.0,67.0,52.0,69.0,3,3,1900000.0,Dersan Dinis (Palmeiras)
Hélton Celanova,Internacional,Brazil,Forward,31,72,72,1,53.0,76.0,60.0,67.0,22.0,73.0,3,3,2000000.0,Hélton Celanova (Internacional)
Gérson Noalha,Palmeiras,Brazil,Forward,31,72,72,1,76.0,76.0,58.0,75.0,31.0,68.0,3,4,2000000.0,Gérson Noalha (Palmeiras)
Jadson Vidigal,Botafogo,Brazil,Forward,31,72,72,1,77.0,76.0,57.0,64.0,23.0,58.0,3,2,2000000.0,Jadson Vidigal (Botafogo)
Vicemte Tófoli,Bragantino,Brazil,Forward,27,72,72,1,79.0,71.0,63.0,75.0,36.0,48.0,2,3,2500000.0,Vicemte Tófoli (Bragantino)
Leandro Vivenço,Bragantino,Brazil,Forward,23,72,72,1,75.0,76.0,59.0,75.0,30.0,61.0,3,3,2700000.0,Leandro Vivenço (Bragantino)
João Bruinheira,América Mineiro,Brazil,Goalkeeper,35,72,72,1,0.0,0.0,0.0,0.0,0.0,0.0,1,1,250000.0,João Bruinheira (América Mineiro)
Hugo Rubiães,Fluminense,Brazil,Midfielder,27,72,72,1,67.0,61.0,61.0,69.0,75.0,67.0,3,2,2200000.0,Hugo Rubiães (Fluminense)
O. El Hajjam,Le Havre,Morocco,Defender,32,72,72,1,69.0,45.0,65.0,68.0,72.0,75.0,3,3,1600000.0,O. El Hajjam (Le Havre)
F. Stojković,LASK Linz,Montenegro,Defender,30,72,72,1,70.0,42.0,67.0,66.0,69.0,79.0,3,2,2000000.0,F. Stojković (LASK Linz)
Y. Salmier,Le Havre,France,Defender,30,72,72,1,35.0,28.0,53.0,55.0,72.0,80.0,3,2,1900000.0,Y. Salmier (Le Havre)
João Bardinho,América Mineiro,Brazil,Defender,27,72,72,1,71.0,58.0,71.0,73.0,68.0,62.0,4,3,2300000.0,João Bardinho (América Mineiro)
M. Murillo,Olympique de Marseille,Panama,Defender,27,72,72,1,82.0,57.0,66.0,68.0,67.0,73.0,3,3,2300000.0,M. Murillo (Olympique de Marseille)
E. Shomurodov,Cagliari,Uzbekistan,Forward,28,72,72,1,78.0,71.0,63.0,73.0,39.0,70.0,4,3,2400000.0,E. Shomurodov (Cagliari)
J. Bynoe-Gittens,Borussia Dortmund,England,Midfielder,18,71,86,1,88.0,59.0,58.0,80.0,24.0,52.0,3,4,4400000.0,J. Bynoe-Gittens (Borussia Dortmund)
M. Tel,FC Bayern München,France,Forward,18,71,86,1,76.0,74.0,62.0,75.0,26.0,60.0,4,4,4400000.0,M. Tel (FC Bayern München)
D. Doué,Rennes,France,Midfielder,18,71,86,1,77.0,66.0,65.0,76.0,33.0,55.0,3,4,4400000.0,D. Doué (Rennes)
M. Soulé,Frosinone,Argentina,Forward,20,71,85,1,75.0,63.0,71.0,78.0,36.0,43.0,4,4,4500000.0,M. Soulé (Frosinone)
Sávio,Girona,Brazil,Midfielder,19,71,85,1,81.0,63.0,66.0,72.0,30.0,47.0,2,4,4400000.0,Sávio (Girona)
S. Iling-Junior,Juventus,England,Midfielder,19,71,85,1,79.0,60.0,69.0,75.0,37.0,55.0,4,3,4400000.0,S. Iling-Junior (Juventus)
J. Trafford,Burnley,England,Goalkeeper,20,71,84,1,0.0,0.0,0.0,0.0,0.0,0.0,2,1,4000000.0,J. Trafford (Burnley)
L. Costa,Toulouse,Cape Verde Islands,Defender,22,71,83,1,48.0,32.0,49.0,47.0,72.0,74.0,2,2,4300000.0,L. Costa (Toulouse)
Pacheco,Real Sociedad,Spain,Defender,22,71,83,1,52.0,22.0,51.0,49.0,71.0,69.0,3,2,4300000.0,Pacheco (Real Sociedad)
L. Pirola,Salernitana,Italy,Defender,21,71,83,1,64.0,42.0,52.0,58.0,72.0,68.0,3,2,4300000.0,L. Pirola (Salernitana)
M. Perrone,Las Palmas,Argentina,Midfielder,20,71,83,1,66.0,54.0,66.0,74.0,67.0,62.0,3,2,4500000.0,M. Perrone (Las Palmas)
S. Kumbedi,Olympique Lyonnais,France,Defender,18,71,83,1,82.0,42.0,62.0,72.0,65.0,62.0,3,2,4200000.0,S. Kumbedi (Olympique Lyonnais)
F. Pellistri,Manchester United,Uruguay,Forward,21,71,82,1,81.0,64.0,65.0,75.0,33.0,63.0,3,3,4200000.0,F. Pellistri (Manchester United)
B. Soppy,Torino,France,Defender,21,71,82,1,78.0,50.0,64.0,68.0,65.0,74.0,3,2,4000000.0,B. Soppy (Torino)
M. John,TSG Hoffenheim,Germany,Defender,21,71,82,1,74.0,53.0,69.0,72.0,63.0,57.0,3,2,4000000.0,M. John (TSG Hoffenheim)
Jesús Vázquez,Valencia,Spain,Defender,20,71,82,1,72.0,50.0,65.0,68.0,68.0,63.0,2,2,3900000.0,Jesús Vázquez (Valencia)
Kaio Jorge,Frosinone,Brazil,Forward,21,71,82,1,70.0,70.0,59.0,76.0,25.0,60.0,3,3,4200000.0,Kaio Jorge (Frosinone)
Ilias,Villarreal,Spain,Forward,19,71,82,1,71.0,67.0,66.0,73.0,21.0,45.0,4,4,4000000.0,Ilias (Villarreal)
A. Zanoli,Napoli,Italy,Defender,22,71,82,1,73.0,40.0,62.0,69.0,68.0,70.0,3,2,4000000.0,A. Zanoli (Napoli)
L. Yoro,Lille,France,Defender,17,71,82,1,58.0,40.0,56.0,58.0,72.0,66.0,3,2,3600000.0,L. Yoro (Lille)
L. Cacace,Empoli,New Zealand,Defender,22,71,81,1,75.0,62.0,65.0,69.0,67.0,77.0,4,3,4000000.0,L. Cacace (Empoli)
M. Diarra,Toulouse,Mali,Defender,22,71,81,1,67.0,32.0,57.0,62.0,71.0,73.0,2,2,4000000.0,M. Diarra (Toulouse)
R. Calafiori,Bologna,Italy,Defender,21,71,81,1,69.0,48.0,58.0,69.0,68.0,79.0,3,3,4000000.0,R. Calafiori (Bologna)
D. Ndoye,Bologna,Switzerland,Midfielder,22,71,81,1,81.0,65.0,64.0,73.0,45.0,66.0,3,3,4200000.0,D. Ndoye (Bologna)
Arribas,Almería,Spain,Midfielder,21,71,81,1,62.0,73.0,65.0,74.0,32.0,50.0,3,3,4200000.0,Arribas (Almería)
Diego López,Valencia,Spain,Midfielder,21,71,81,1,74.0,67.0,67.0,70.0,34.0,52.0,4,3,4200000.0,Diego López (Valencia)
Marquinhos,Nantes,Brazil,Forward,20,71,81,1,79.0,61.0,64.0,75.0,33.0,56.0,3,3,4100000.0,Marquinhos (Nantes)
Tiago Santos,Lille,Portugal,Defender,20,71,81,1,81.0,44.0,64.0,74.0,66.0,55.0,3,3,3900000.0,Tiago Santos (Lille)
L. Banda,Lecce,Zambia,Forward,22,71,81,1,89.0,64.0,60.0,76.0,30.0,44.0,2,3,4200000.0,L. Banda (Lecce)
H. Massengo,Burnley,France,Midfielder,21,71,80,1,70.0,48.0,66.0,74.0,69.0,66.0,3,3,4000000.0,H. Massengo (Burnley)
L. Agoumé,Inter,France,Midfielder,21,71,80,1,61.0,54.0,68.0,72.0,67.0,70.0,3,3,4000000.0,L. Agoumé (Inter)
B. Teixeira,Sturm Graz,Cape Verde Islands,Forward,22,71,80,1,82.0,69.0,65.0,76.0,48.0,70.0,3,4,4200000.0,B. Teixeira (Sturm Graz)
E. Millot,VfB Stuttgart,France,Midfielder,20,71,80,1,73.0,63.0,69.0,76.0,54.0,45.0,3,4,4100000.0,E. Millot (VfB Stuttgart)
N. Mbuku,FC Augsburg,France,Forward,21,71,80,1,77.0,65.0,70.0,77.0,35.0,54.0,2,4,4200000.0,N. Mbuku (FC Augsburg)
N. Nkounkou,Eintracht Frankfurt,France,Defender,22,71,80,1,82.0,44.0,62.0,68.0,65.0,73.0,2,3,4000000.0,N. Nkounkou (Eintracht Frankfurt)
E. Touré,Atalanta,Mali,Forward,21,71,80,1,70.0,71.0,61.0,70.0,23.0,65.0,3,3,4200000.0,E. Touré (Atalanta)
M. Lovato,Salernitana,Italy,Defender,23,71,80,1,69.0,30.0,52.0,60.0,72.0,71.0,3,2,3900000.0,M. Lovato (Salernitana)
A. Martegani,Salernitana,Argentina,Midfielder,23,71,80,1,70.0,69.0,69.0,74.0,50.0,62.0,3,4,4200000.0,A. Martegani (Salernitana)
A. Sangante,Le Havre,Senegal,Defender,21,71,80,1,58.0,33.0,56.0,57.0,71.0,75.0,3,2,3900000.0,A. Sangante (Le Havre)
J. Rak-Sakyi,Crystal Palace,England,Forward,20,71,80,1,84.0,66.0,63.0,75.0,24.0,53.0,4,3,4100000.0,J. Rak-Sakyi (Crystal Palace)
Pubill,Almería,Spain,Defender,20,71,80,1,75.0,56.0,61.0,66.0,66.0,78.0,3,2,3900000.0,Pubill (Almería)
D. Coppola,Hellas Verona,Italy,Defender,19,71,80,1,60.0,40.0,55.0,51.0,72.0,69.0,3,2,3800000.0,D. Coppola (Hellas Verona)
H. Smolčić,Eintracht Frankfurt,Croatia,Defender,22,71,80,1,68.0,28.0,46.0,58.0,72.0,73.0,3,2,3900000.0,H. Smolčić (Eintracht Frankfurt)
E. Ebosse,Udinese,Cameroon,Defender,24,71,79,1,67.0,35.0,56.0,64.0,72.0,73.0,3,2,3900000.0,E. Ebosse (Udinese)
Chumi,Almería,Spain,Defender,24,71,79,1,48.0,36.0,51.0,57.0,71.0,68.0,3,2,3900000.0,Chumi (Almería)
A. Gallo,Lecce,Italy,Defender,23,71,79,1,81.0,50.0,66.0,68.0,63.0,68.0,2,2,4000000.0,A. Gallo (Lecce)
G. Gaetano,Napoli,Italy,Midfielder,23,71,79,1,61.0,71.0,69.0,71.0,49.0,58.0,3,3,4200000.0,G. Gaetano (Napoli)
N. Ngoumou,Borussia Mönchengladbach,France,Midfielder,23,71,79,1,88.0,65.0,64.0,69.0,33.0,60.0,2,3,4200000.0,N. Ngoumou (Borussia Mönchengladbach)
M. Cham,Clermont,Austria,Midfielder,22,71,79,1,76.0,67.0,65.0,72.0,26.0,47.0,3,3,4200000.0,M. Cham (Clermont)
O. Syrota,Dynamo Kyiv,Ukraine,Defender,23,71,79,1,69.0,27.0,42.0,49.0,73.0,74.0,3,2,3900000.0,O. Syrota (Dynamo Kyiv)
Lucas Pires,Cádiz,Brazil,Defender,22,71,79,1,71.0,41.0,62.0,60.0,67.0,64.0,3,3,4000000.0,Lucas Pires (Cádiz)
E. Bohinen,Salernitana,Norway,Midfielder,24,71,78,1,65.0,62.0,71.0,72.0,68.0,69.0,3,3,3700000.0,E. Bohinen (Salernitana)
Miguel Rubio,Granada,Spain,Defender,25,71,78,1,45.0,29.0,46.0,45.0,70.0,68.0,3,2,3400000.0,Miguel Rubio (Granada)
Vitinho,Burnley,Brazil,Defender,23,71,78,1,83.0,45.0,64.0,73.0,65.0,67.0,4,3,3600000.0,Vitinho (Burnley)
V. Supriaha,Dynamo Kyiv,Ukraine,Forward,23,71,78,1,85.0,70.0,51.0,71.0,19.0,51.0,3,3,3800000.0,V. Supriaha (Dynamo Kyiv)
Mateu Morey,Borussia Dortmund,Spain,Defender,23,71,78,1,71.0,46.0,67.0,75.0,68.0,56.0,3,3,3600000.0,Mateu Morey (Borussia Dortmund)
Ricard,Granada,Spain,Defender,23,71,78,1,76.0,57.0,60.0,67.0,65.0,58.0,3,3,3600000.0,Ricard (Granada)
J. Ngankam,Eintracht Frankfurt,Germany,Forward,22,71,78,1,85.0,70.0,61.0,72.0,27.0,73.0,4,3,3800000.0,J. Ngankam (Eintracht Frankfurt)
J. van Hecke,Brighton & Hove Albion,Netherlands,Defender,23,71,78,1,57.0,45.0,56.0,61.0,72.0,72.0,3,2,3500000.0,J. van Hecke (Brighton & Hove Albion)
M. Svilar,Roma,Serbia,Goalkeeper,23,71,77,1,0.0,0.0,0.0,0.0,0.0,0.0,3,1,2400000.0,M. Svilar (Roma)
J. Hauge,Eintracht Frankfurt,Norway,Midfielder,23,71,77,1,78.0,67.0,65.0,74.0,40.0,61.0,3,4,3000000.0,J. Hauge (Eintracht Frankfurt)
A. Zerbin,Napoli,Italy,Forward,24,71,77,1,73.0,67.0,67.0,74.0,36.0,65.0,3,3,3000000.0,A. Zerbin (Napoli)
C. Cásseres Jr,Toulouse,Venezuela,Midfielder,23,71,77,1,77.0,60.0,65.0,71.0,71.0,75.0,4,3,2700000.0,C. Cásseres Jr (Toulouse)
Álex Domínguez,Toulouse,Spain,Goalkeeper,24,71,77,1,0.0,0.0,0.0,0.0,0.0,0.0,2,1,2400000.0,Álex Domínguez (Toulouse)
M. Kaufmann,FC Union Berlin,Denmark,Forward,22,71,77,1,85.0,69.0,54.0,66.0,25.0,70.0,3,3,3000000.0,M. Kaufmann (FC Union Berlin)
D. Bradarić,Salernitana,Croatia,Defender,23,71,77,1,77.0,55.0,65.0,69.0,68.0,66.0,3,3,2800000.0,D. Bradarić (Salernitana)
M. Pieringer,Heidenheim,Germany,Forward,23,71,77,1,66.0,69.0,56.0,67.0,30.0,75.0,3,3,3000000.0,M. Pieringer (Heidenheim)
T. Chong,Luton Town,Netherlands,Midfielder,23,71,76,1,81.0,63.0,67.0,71.0,50.0,63.0,3,4,2800000.0,T. Chong (Luton Town)
M. Hongla,Hellas Verona,Cameroon,Midfielder,25,71,76,1,74.0,69.0,68.0,74.0,65.0,76.0,3,4,2700000.0,M. Hongla (Hellas Verona)
A. Barkok,FSV Mainz 05,Morocco,Midfielder,25,71,76,1,70.0,69.0,66.0,77.0,55.0,66.0,3,4,2800000.0,A. Barkok (FSV Mainz 05)
H. Wolf,Borussia Mönchengladbach,Austria,Midfielder,24,71,76,1,77.0,68.0,67.0,73.0,36.0,68.0,3,3,2800000.0,H. Wolf (Borussia Mönchengladbach)
K. Kouao,Metz,Côte d'Ivoire,Defender,25,71,76,1,77.0,39.0,55.0,69.0,67.0,71.0,3,2,2600000.0,K. Kouao (Metz)
N. Kühn,Rapid Wien,Germany,Midfielder,23,71,76,1,92.0,61.0,63.0,75.0,24.0,50.0,3,3,2800000.0,N. Kühn (Rapid Wien)
J. Deminguet,Strasbourg,France,Midfielder,25,71,76,1,73.0,63.0,71.0,73.0,62.0,74.0,3,3,2700000.0,J. Deminguet (Strasbourg)
Gonzalo Villar,Granada,Spain,Midfielder,25,71,76,1,51.0,57.0,71.0,75.0,66.0,66.0,3,4,2700000.0,Gonzalo Villar (Granada)
D. Schnegg,Sturm Graz,Austria,Defender,24,71,76,1,74.0,56.0,64.0,67.0,68.0,77.0,3,2,2600000.0,D. Schnegg (Sturm Graz)
R. Nteka,Rayo Vallecano,France,Forward,25,71,76,1,72.0,70.0,64.0,71.0,54.0,83.0,3,3,2800000.0,R. Nteka (Rayo Vallecano)
Y. Keitel,SC Freiburg,Germany,Midfielder,23,71,76,1,65.0,48.0,63.0,66.0,69.0,73.0,4,2,2600000.0,Y. Keitel (SC Freiburg)
K. Fischer,VfL Wolfsburg,Germany,Defender,22,71,76,1,76.0,38.0,64.0,68.0,66.0,70.0,4,2,2700000.0,K. Fischer (VfL Wolfsburg)
Fali Candé,Metz,Guinea Bissau,Defender,25,71,76,1,80.0,50.0,62.0,65.0,72.0,77.0,2,2,2500000.0,Fali Candé (Metz)
Pep Chavarría,Rayo Vallecano,Spain,Defender,25,71,76,1,83.0,49.0,64.0,67.0,64.0,75.0,2,3,2600000.0,Pep Chavarría (Rayo Vallecano)
G. Caso,Frosinone,Italy,Forward,24,71,76,1,82.0,68.0,63.0,75.0,27.0,50.0,4,3,2800000.0,G. Caso (Frosinone)
D. Greif,Mallorca,Slovakia,Goalkeeper,26,71,76,1,0.0,0.0,0.0,0.0,0.0,0.0,3,1,2200000.0,D. Greif (Mallorca)
D. Riznyk,Shakhtar Donetsk,Ukraine,Goalkeeper,24,71,76,1,0.0,0.0,0.0,0.0,0.0,0.0,3,1,2300000.0,D. Riznyk (Shakhtar Donetsk)
M. Folorunsho,Hellas Verona,Italy,Midfielder,25,71,76,1,72.0,68.0,68.0,71.0,53.0,79.0,3,3,2700000.0,M. Folorunsho (Hellas Verona)
K. Davis,Udinese,England,Forward,25,71,75,1,68.0,69.0,54.0,71.0,43.0,83.0,2,3,2600000.0,K. Davis (Udinese)
N. Schmidt,Toulouse,Germany,Midfielder,25,71,75,1,63.0,70.0,73.0,74.0,53.0,66.0,5,3,2600000.0,N. Schmidt (Toulouse)
A. Touba,Lecce,Algeria,Defender,25,71,75,1,74.0,53.0,63.0,65.0,68.0,82.0,3,2,2300000.0,A. Touba (Lecce)
M. Roerslev,Brentford,Denmark,Defender,24,71,75,1,69.0,45.0,65.0,67.0,65.0,69.0,3,3,2500000.0,M. Roerslev (Brentford)
B. Franjić,Darmstadt 98,Croatia,Midfielder,23,71,75,1,75.0,50.0,62.0,65.0,69.0,77.0,3,2,2400000.0,B. Franjić (Darmstadt 98)
Ruan,Sassuolo,Brazil,Defender,24,71,75,1,63.0,29.0,44.0,59.0,73.0,65.0,2,2,2400000.0,Ruan (Sassuolo)
T. Horvat,Sturm Graz,Slovenia,Midfielder,24,71,75,1,71.0,67.0,71.0,73.0,51.0,66.0,3,3,2700000.0,T. Horvat (Sturm Graz)
A. Blin,Lecce,France,Midfielder,26,71,74,1,37.0,53.0,63.0,63.0,68.0,77.0,3,2,2200000.0,A. Blin (Lecce)
F. Bonazzoli,Hellas Verona,Italy,Forward,26,71,74,1,70.0,72.0,62.0,72.0,28.0,60.0,2,3,2500000.0,F. Bonazzoli (Hellas Verona)
B. Innocent,Lorient,Nigeria,Midfielder,27,71,74,1,72.0,43.0,57.0,68.0,68.0,84.0,2,3,2200000.0,B. Innocent (Lorient)
B. Boutobba,Clermont,France,Midfielder,24,71,74,1,75.0,69.0,69.0,76.0,22.0,41.0,4,4,2600000.0,B. Boutobba (Clermont)
M. Andersen,Luton Town,Denmark,Defender,25,71,74,1,47.0,34.0,45.0,50.0,70.0,82.0,4,2,2200000.0,M. Andersen (Luton Town)
Wiliam Santinho,Fluminense,Brazil,Goalkeeper,27,71,74,1,0.0,0.0,0.0,0.0,0.0,0.0,2,1,1800000.0,Wiliam Santinho (Fluminense)
C. Mepham,AFC Bournemouth,Wales,Defender,25,71,74,1,56.0,37.0,55.0,60.0,72.0,72.0,3,2,2200000.0,C. Mepham (AFC Bournemouth)
H. Mendes,Almería,Guinea Bissau,Defender,25,71,74,1,72.0,42.0,61.0,64.0,70.0,72.0,3,2,2300000.0,H. Mendes (Almería)
F. Jensen,FC Augsburg,Finland,Midfielder,25,71,74,1,74.0,68.0,68.0,73.0,51.0,69.0,3,3,2500000.0,F. Jensen (FC Augsburg)
C. Operi,Le Havre,Côte d'Ivoire,Defender,26,71,74,1,77.0,53.0,64.0,69.0,65.0,71.0,3,2,2300000.0,C. Operi (Le Havre)
H. Maïga,Metz,Côte d'Ivoire,Midfielder,27,71,74,1,59.0,54.0,65.0,68.0,68.0,81.0,3,2,2200000.0,H. Maïga (Metz)
A. Dønnum,Toulouse,Norway,Midfielder,25,71,74,1,81.0,62.0,65.0,75.0,52.0,70.0,3,4,2500000.0,A. Dønnum (Toulouse)
B. Manu,Darmstadt 98,Ghana,Forward,26,71,74,1,90.0,67.0,63.0,77.0,37.0,70.0,4,4,2500000.0,B. Manu (Darmstadt 98)
L. Maloney,Heidenheim,Germany,Midfielder,23,71,74,1,59.0,44.0,56.0,60.0,71.0,84.0,3,2,2300000.0,L. Maloney (Heidenheim)
S. Scuffet,Cagliari,Italy,Goalkeeper,27,71,73,1,0.0,0.0,0.0,0.0,0.0,0.0,2,1,1700000.0,S. Scuffet (Cagliari)
G. Lloris,Le Havre,France,Defender,27,71,73,1,40.0,36.0,52.0,55.0,72.0,75.0,3,2,2000000.0,G. Lloris (Le Havre)
B. Tetteh,Metz,Ghana,Forward,25,71,73,1,77.0,68.0,59.0,70.0,30.0,79.0,3,3,2400000.0,B. Tetteh (Metz)
Bernardo,VfL Bochum 1848,Brazil,Defender,28,71,73,1,71.0,53.0,62.0,68.0,71.0,73.0,3,3,1900000.0,Bernardo (VfL Bochum 1848)
R. Gumny,FC Augsburg,Poland,Defender,25,71,73,1,76.0,42.0,60.0,69.0,67.0,69.0,2,2,2200000.0,R. Gumny (FC Augsburg)
K. Bonifazi,Bologna,Italy,Defender,27,71,73,1,47.0,35.0,52.0,56.0,72.0,65.0,5,2,2000000.0,K. Bonifazi (Bologna)
D. Bronn,Salernitana,Tunisia,Defender,28,71,73,1,61.0,61.0,66.0,62.0,71.0,75.0,3,2,1900000.0,D. Bronn (Salernitana)
A. Gomis,Lorient,Senegal,Goalkeeper,29,71,72,1,0.0,0.0,0.0,0.0,0.0,0.0,3,1,1400000.0,A. Gomis (Lorient)
S. Horvath,LASK Linz,Austria,Midfielder,26,71,72,1,83.0,69.0,70.0,74.0,48.0,58.0,4,3,2200000.0,S. Horvath (LASK Linz)
J. Sambia,Salernitana,France,Defender,26,71,72,1,72.0,68.0,70.0,70.0,67.0,68.0,4,3,2000000.0,J. Sambia (Salernitana)
V. Sierro,Toulouse,Switzerland,Midfielder,27,71,72,1,62.0,61.0,72.0,69.0,66.0,73.0,2,3,2100000.0,V. Sierro (Toulouse)
J. Föhrenbach,Heidenheim,Germany,Defender,27,71,72,1,74.0,39.0,57.0,63.0,69.0,75.0,2,2,2000000.0,J. Föhrenbach (Heidenheim)
A. Hrustić,Hellas Verona,Australia,Midfielder,26,71,72,1,67.0,69.0,73.0,72.0,57.0,67.0,2,3,2200000.0,A. Hrustić (Hellas Verona)
O. Kiteishvili,Sturm Graz,Georgia,Midfielder,27,71,72,1,72.0,67.0,69.0,74.0,67.0,57.0,5,3,2200000.0,O. Kiteishvili (Sturm Graz)
Kirian,Las Palmas,Spain,Midfielder,27,71,72,1,63.0,61.0,69.0,73.0,58.0,70.0,3,3,2100000.0,Kirian (Las Palmas)
M. Al Tamari,Montpellier,Jordan,Midfielder,26,71,72,1,82.0,65.0,63.0,78.0,37.0,56.0,4,3,2200000.0,M. Al Tamari (Montpellier)
A. Mirante,Milan,Italy,Goalkeeper,39,71,71,2,0.0,0.0,0.0,0.0,0.0,0.0,2,1,210000.0,A. Mirante (Milan)
D. Padelli,Udinese,Italy,Goalkeeper,37,71,71,2,0.0,0.0,0.0,0.0,0.0,0.0,2,1,210000.0,D. Padelli (Udinese)
N. Viola,Cagliari,Italy,Midfielder,33,71,71,1,57.0,69.0,76.0,73.0,59.0,65.0,2,3,1200000.0,N. Viola (Cagliari)
F. Fazio,Salernitana,Argentina,Defender,36,71,71,3,32.0,40.0,53.0,52.0,72.0,67.0,3,2,325000.0,F. Fazio (Salernitana)
Raúl Fernández,Granada,Spain,Goalkeeper,35,71,71,1,0.0,0.0,0.0,0.0,0.0,0.0,2,1,210000.0,Raúl Fernández (Granada)
J. Steele,Brighton & Hove Albion,England,Goalkeeper,32,71,71,1,0.0,0.0,0.0,0.0,0.0,0.0,3,1,925000.0,J. Steele (Brighton & Hove Albion)
J. Fleck,Sheffield United,Scotland,Midfielder,31,71,71,1,62.0,69.0,73.0,73.0,66.0,71.0,2,3,1500000.0,J. Fleck (Sheffield United)
E. Berisha,Empoli,Albania,Goalkeeper,34,71,71,2,0.0,0.0,0.0,0.0,0.0,0.0,2,1,325000.0,E. Berisha (Empoli)
C. Kabasele,Udinese,Belgium,Defender,32,71,71,1,59.0,50.0,51.0,59.0,71.0,73.0,3,2,1200000.0,C. Kabasele (Udinese)
T. Jantschke,Borussia Mönchengladbach,Germany,Defender,33,71,71,2,49.0,41.0,62.0,64.0,73.0,66.0,2,2,900000.0,T. Jantschke (Borussia Mönchengladbach)
Juanpe,Girona,Spain,Defender,32,71,71,1,51.0,37.0,55.0,48.0,70.0,77.0,3,2,1200000.0,Juanpe (Girona)
M. Đurić,Hellas Verona,Bosnia and Herzegovina,Forward,33,71,71,1,40.0,71.0,55.0,61.0,32.0,83.0,4,2,1200000.0,M. Đurić (Hellas Verona)
P. Herrmann,Borussia Mönchengladbach,Germany,Midfielder,32,71,71,2,71.0,72.0,70.0,72.0,34.0,59.0,3,3,1500000.0,P. Herrmann (Borussia Mönchengladbach)
T. Kempe,Darmstadt 98,Germany,Midfielder,34,71,71,1,61.0,73.0,76.0,72.0,55.0,68.0,3,3,875000.0,T. Kempe (Darmstadt 98)
Vitolo,Atlético Madrid,Spain,Midfielder,33,71,71,2,69.0,72.0,69.0,71.0,40.0,68.0,4,3,1200000.0,Vitolo (Atlético Madrid)
G. Baldock,Sheffield United,Greece,Defender,30,71,71,1,75.0,47.0,63.0,69.0,66.0,72.0,3,3,1600000.0,G. Baldock (Sheffield United)
L. Tonelli,Empoli,Italy,Defender,33,71,71,2,50.0,31.0,43.0,58.0,74.0,62.0,3,2,900000.0,L. Tonelli (Empoli)
J. Clark,Luton Town,England,Midfielder,29,71,71,1,71.0,63.0,71.0,73.0,64.0,66.0,4,3,1800000.0,J. Clark (Luton Town)
Abdón Prats,Mallorca,Spain,Forward,30,71,71,1,63.0,73.0,60.0,71.0,29.0,66.0,3,3,1800000.0,Abdón Prats (Mallorca)
B. Sarr,FC Bayern München,Senegal,Defender,31,71,71,2,70.0,69.0,72.0,74.0,66.0,66.0,3,3,1400000.0,B. Sarr (FC Bayern München)
Álvaro Lemos,Las Palmas,Spain,Defender,30,71,71,1,83.0,64.0,64.0,70.0,63.0,80.0,3,3,1600000.0,Álvaro Lemos (Las Palmas)
H. Toffolo,Nottingham Forest,England,Defender,27,71,71,1,73.0,52.0,63.0,65.0,66.0,70.0,2,3,1800000.0,H. Toffolo (Nottingham Forest)
D. Heintz,FC Köln,Germany,Defender,29,71,71,2,54.0,37.0,60.0,58.0,71.0,77.0,3,2,1600000.0,D. Heintz (FC Köln)
A. Bell,Luton Town,Jamaica,Defender,29,71,71,1,77.0,50.0,60.0,67.0,69.0,71.0,3,3,1600000.0,A. Bell (Luton Town)
P. Mpanzu,Luton Town,Congo DR,Midfielder,29,71,71,1,79.0,63.0,66.0,73.0,69.0,82.0,3,3,1800000.0,P. Mpanzu (Luton Town)
B. Osborn,Sheffield United,England,Defender,28,71,71,1,71.0,65.0,70.0,72.0,64.0,61.0,3,3,1700000.0,B. Osborn (Sheffield United)
E. Goldaniga,Cagliari,Italy,Defender,29,71,71,1,53.0,33.0,49.0,55.0,72.0,73.0,3,2,1600000.0,E. Goldaniga (Cagliari)
F. Bredlow,VfB Stuttgart,Germany,Goalkeeper,28,71,71,1,0.0,0.0,0.0,0.0,0.0,0.0,4,1,1300000.0,F. Bredlow (VfB Stuttgart)
T. Goiginger,LASK Linz,Austria,Midfielder,30,71,71,1,77.0,69.0,68.0,69.0,35.0,61.0,3,4,1800000.0,T. Goiginger (LASK Linz)
M. Bani,Genoa,Italy,Defender,29,71,71,1,54.0,19.0,42.0,53.0,73.0,72.0,3,2,1600000.0,M. Bani (Genoa)
K. Ehizibue,Udinese,Nigeria,Defender,28,71,71,1,88.0,57.0,62.0,69.0,65.0,76.0,2,3,1700000.0,K. Ehizibue (Udinese)
M. Coco,Nantes,France,Midfielder,27,71,71,1,79.0,66.0,67.0,72.0,56.0,58.0,3,3,2000000.0,M. Coco (Nantes)
T. Skarke,Darmstadt 98,Germany,Midfielder,26,71,71,1,85.0,68.0,60.0,73.0,45.0,55.0,3,3,2000000.0,T. Skarke (Darmstadt 98)
Jorge Carvallinho,América Mineiro,Brazil,Defender,27,71,71,1,59.0,54.0,58.0,55.0,71.0,75.0,3,2,1700000.0,Jorge Carvallinho (América Mineiro)
Alex das Freitas,América Mineiro,Brazil,Midfielder,23,71,71,1,66.0,55.0,59.0,66.0,72.0,70.0,3,2,1900000.0,Alex das Freitas (América Mineiro)
Antonaldo Vaz,Palmeiras,Brazil,Defender,23,71,71,1,71.0,38.0,62.0,65.0,68.0,68.0,3,2,2000000.0,Antonaldo Vaz (Palmeiras)
Clayton Fildeiras,Goiás,Brazil,Midfielder,27,71,71,1,72.0,68.0,69.0,73.0,46.0,72.0,4,3,2000000.0,Clayton Fildeiras (Goiás)
Carleto Costinha,Fluminense,Brazil,Midfielder,31,71,71,1,82.0,63.0,71.0,73.0,38.0,54.0,4,3,1600000.0,Carleto Costinha (Fluminense)
Mauro Riboas,Bragantino,Brazil,Midfielder,31,71,71,1,66.0,61.0,70.0,73.0,39.0,54.0,3,3,1600000.0,Mauro Riboas (Bragantino)
Thiago Alminxa,Bragantino,Brazil,Forward,31,71,71,1,82.0,67.0,62.0,72.0,25.0,64.0,4,3,1600000.0,Thiago Alminxa (Bragantino)
Ailton Cardenhas,Santos,Brazil,Goalkeeper,23,71,71,1,0.0,0.0,0.0,0.0,0.0,0.0,3,1,1600000.0,Ailton Cardenhas (Santos)
Eminho Moringa,Corinthians,Brazil,Defender,35,71,71,1,63.0,50.0,62.0,61.0,71.0,78.0,3,2,500000.0,Eminho Moringa (Corinthians)
Wagner Orsinho,Fluminense,Brazil,Defender,23,71,71,1,77.0,57.0,68.0,64.0,68.0,59.0,3,2,2000000.0,Wagner Orsinho (Fluminense)
Luisinho Conradi,Fortaleza,Brazil,Defender,23,71,71,1,69.0,56.0,66.0,74.0,68.0,70.0,3,3,2000000.0,Luisinho Conradi (Fortaleza)
Germano Monico,Corinthians,Brazil,Midfielder,35,71,71,1,57.0,69.0,73.0,70.0,64.0,66.0,3,2,750000.0,Germano Monico (Corinthians)
Diogo Parrela,Internacional,Brazil,Defender,27,71,71,1,75.0,44.0,68.0,59.0,68.0,76.0,3,2,1800000.0,Diogo Parrela (Internacional)
Bernardo Motinho,Fortaleza,Brazil,Defender,31,71,71,1,72.0,52.0,66.0,66.0,69.0,63.0,3,2,1400000.0,Bernardo Motinho (Fortaleza)
Eltson Marques,Internacional,Brazil,Defender,31,71,71,1,40.0,43.0,43.0,49.0,70.0,72.0,3,2,1300000.0,Eltson Marques (Internacional)
Allison Sireo,Goiás,Brazil,Defender,23,71,71,1,75.0,35.0,42.0,41.0,72.0,72.0,3,2,1900000.0,Allison Sireo (Goiás)
Vanderleiton,Santos,Brazil,Defender,23,71,71,1,62.0,46.0,57.0,57.0,72.0,68.0,3,2,1900000.0,Vanderleiton (Santos)
Lourival Dinisco,Fortaleza,Brazil,Defender,23,71,71,1,61.0,52.0,53.0,49.0,71.0,74.0,3,2,1900000.0,Lourival Dinisco (Fortaleza)
Dinei Peixo,Corinthians,Brazil,Forward,27,71,71,1,73.0,66.0,69.0,73.0,58.0,75.0,4,3,2000000.0,Dinei Peixo (Corinthians)
Pedrildo Rocha,Corinthians,Brazil,Forward,31,71,71,1,77.0,71.0,66.0,75.0,43.0,63.0,3,3,1600000.0,Pedrildo Rocha (Corinthians)
Jessé Ledeiro,Bragantino,Brazil,Midfielder,23,71,71,1,69.0,63.0,73.0,72.0,37.0,55.0,3,3,2200000.0,Jessé Ledeiro (Bragantino)
Raphael Paneira,Botafogo,Brazil,Midfielder,23,71,71,1,56.0,62.0,68.0,75.0,36.0,61.0,4,4,2200000.0,Raphael Paneira (Botafogo)
Adrián Burnabão,América Mineiro,Brazil,Midfielder,27,71,71,1,62.0,65.0,74.0,75.0,24.0,60.0,4,4,2000000.0,Adrián Burnabão (América Mineiro)
Gus Outomouro,Internacional,Brazil,Forward,27,71,71,1,71.0,72.0,68.0,73.0,28.0,62.0,3,3,2000000.0,Gus Outomouro (Internacional)
Paulão Junqueiras,Botafogo,Brazil,Forward,23,71,71,1,38.0,77.0,51.0,62.0,27.0,73.0,4,3,2200000.0,Paulão Junqueiras (Botafogo)
Rafanilton Vilela,São Paulo,Brazil,Forward,35,71,71,1,82.0,63.0,60.0,73.0,25.0,63.0,5,3,800000.0,Rafanilton Vilela (São Paulo)
Nathael Silbeira,Botafogo,Brazil,Goalkeeper,27,71,71,1,0.0,0.0,0.0,0.0,0.0,0.0,2,1,1400000.0,Nathael Silbeira (Botafogo)
Eduardo Fonseira,Corinthians,Brazil,Goalkeeper,23,71,71,1,0.0,0.0,0.0,0.0,0.0,0.0,3,1,1600000.0,Eduardo Fonseira (Corinthians)
Rômulo Calsede,São Paulo,Brazil,Forward,23,71,71,1,72.0,72.0,60.0,67.0,32.0,69.0,3,3,2200000.0,Rômulo Calsede (São Paulo)
M. Rog,Cagliari,Croatia,Midfielder,27,71,71,2,69.0,68.0,70.0,75.0,66.0,69.0,3,3,2000000.0,M. Rog (Cagliari)
Marc Cardona,Las Palmas,Spain,Forward,27,71,71,1,79.0,69.0,62.0,70.0,27.0,69.0,3,3,2000000.0,Marc Cardona (Las Palmas)
A. Bamba,Nantes,France,Midfielder,29,71,71,1,84.0,61.0,65.0,73.0,40.0,61.0,3,4,1800000.0,A. Bamba (Nantes)
G. González,Mallorca,Uruguay,Defender,28,71,71,1,72.0,43.0,60.0,63.0,67.0,71.0,3,3,1700000.0,G. González (Mallorca)
Alex Suárez,Las Palmas,Spain,Defender,30,71,71,1,75.0,36.0,60.0,62.0,70.0,75.0,3,2,1600000.0,Alex Suárez (Las Palmas)
G. Restes,Toulouse,France,Goalkeeper,18,70,87,1,0.0,0.0,0.0,0.0,0.0,0.0,3,1,3600000.0,G. Restes (Toulouse)
Pablo Torre,Girona,Spain,Midfielder,20,70,85,1,71.0,60.0,73.0,69.0,45.0,53.0,4,4,3800000.0,Pablo Torre (Girona)
A. Sylla,Strasbourg,Côte d'Ivoire,Defender,20,70,84,1,70.0,30.0,54.0,69.0,67.0,77.0,3,2,3600000.0,A. Sylla (Strasbourg)
M. Prati,Cagliari,Italy,Midfielder,19,70,84,1,65.0,60.0,70.0,68.0,66.0,67.0,3,3,3600000.0,M. Prati (Cagliari)
Andrey Santos,Nottingham Forest,Brazil,Midfielder,19,70,84,1,75.0,56.0,66.0,73.0,62.0,68.0,3,3,3800000.0,Andrey Santos (Nottingham Forest)
I. Doukouré,Strasbourg,France,Defender,19,70,83,1,61.0,28.0,52.0,59.0,71.0,68.0,2,2,3500000.0,I. Doukouré (Strasbourg)
R. Drăgușin,Genoa,Romania,Defender,21,70,83,1,74.0,37.0,47.0,58.0,71.0,73.0,3,2,3700000.0,R. Drăgușin (Genoa)
H. Haraldsson,Lille,Iceland,Forward,20,70,83,1,76.0,65.0,67.0,74.0,58.0,69.0,4,3,3900000.0,H. Haraldsson (Lille)
Javi Guerra,Valencia,Spain,Midfielder,20,70,83,1,57.0,61.0,68.0,69.0,68.0,59.0,4,3,3800000.0,Javi Guerra (Valencia)
L. Stergiou,VfB Stuttgart,Switzerland,Defender,21,70,82,1,84.0,32.0,54.0,52.0,70.0,77.0,3,2,3700000.0,L. Stergiou (VfB Stuttgart)
J. Enciso,Brighton & Hove Albion,Paraguay,Midfielder,19,70,82,1,76.0,70.0,64.0,74.0,32.0,48.0,3,3,3800000.0,J. Enciso (Brighton & Hove Albion)
I. Touré,Lorient,France,Defender,20,70,82,1,66.0,30.0,50.0,55.0,67.0,83.0,3,2,3600000.0,I. Touré (Lorient)
Arnau Tenas,Paris Saint Germain,Spain,Goalkeeper,22,70,82,1,0.0,0.0,0.0,0.0,0.0,0.0,2,1,3400000.0,Arnau Tenas (Paris Saint Germain)
A. Ramsey,Burnley,England,Midfielder,20,70,82,1,73.0,63.0,67.0,72.0,50.0,60.0,3,4,3800000.0,A. Ramsey (Burnley)
Álvaro Fernández,Granada,Spain,Defender,20,70,82,1,77.0,54.0,73.0,74.0,60.0,66.0,4,3,3700000.0,Álvaro Fernández (Granada)
I. Sulemana,Cagliari,Ghana,Midfielder,20,70,82,1,75.0,60.0,63.0,67.0,68.0,71.0,3,2,3600000.0,I. Sulemana (Cagliari)
César Gelabert,Toulouse,Spain,Midfielder,22,70,81,1,74.0,64.0,66.0,71.0,53.0,57.0,4,3,3600000.0,César Gelabert (Toulouse)
N. Hedl,Rapid Wien,Austria,Goalkeeper,22,70,81,1,0.0,0.0,0.0,0.0,0.0,0.0,1,1,3100000.0,N. Hedl (Rapid Wien)
A. Omobamidele,Nottingham Forest,Republic of Ireland,Defender,21,70,81,1,73.0,27.0,49.0,57.0,70.0,75.0,3,2,3300000.0,A. Omobamidele (Nottingham Forest)
A. Jasic,Wolfsberger AC,Austria,Defender,20,70,81,1,75.0,59.0,64.0,67.0,64.0,70.0,3,3,3300000.0,A. Jasic (Wolfsberger AC)
N. Atubolu,SC Freiburg,Germany,Goalkeeper,21,70,81,1,0.0,0.0,0.0,0.0,0.0,0.0,3,1,3100000.0,N. Atubolu (SC Freiburg)
F. Terracciano,Hellas Verona,Italy,Midfielder,20,70,81,1,81.0,60.0,68.0,70.0,63.0,66.0,4,3,3500000.0,F. Terracciano (Hellas Verona)
J. Araujo,Las Palmas,Mexico,Defender,21,70,80,1,80.0,33.0,61.0,68.0,65.0,70.0,2,2,3400000.0,J. Araujo (Las Palmas)
M. Beier,TSG Hoffenheim,Germany,Forward,20,70,80,1,90.0,68.0,61.0,71.0,25.0,57.0,3,3,3500000.0,M. Beier (TSG Hoffenheim)
Reinier,Frosinone,Brazil,Forward,21,70,80,1,68.0,67.0,65.0,76.0,42.0,65.0,4,4,3600000.0,Reinier (Frosinone)
A. Carboni,Monza,Italy,Defender,22,70,80,1,64.0,36.0,55.0,62.0,71.0,69.0,2,2,3300000.0,A. Carboni (Monza)
C. Matsima,Monaco,France,Defender,21,70,80,1,73.0,34.0,48.0,55.0,69.0,70.0,3,2,3300000.0,C. Matsima (Monaco)
I. Miramón,Lille,Argentina,Midfielder,20,70,80,1,69.0,57.0,63.0,68.0,67.0,75.0,2,3,3300000.0,I. Miramón (Lille)
Kaiky,Almería,Brazil,Defender,19,70,80,1,70.0,31.0,49.0,67.0,71.0,64.0,2,2,3200000.0,Kaiky (Almería)
M. Fall,FC Barcelona,Senegal,Defender,21,70,80,1,68.0,34.0,48.0,57.0,70.0,74.0,2,2,3300000.0,M. Fall (FC Barcelona)
J. McAtee,Sheffield United,England,Midfielder,20,70,80,1,72.0,63.0,66.0,73.0,41.0,60.0,3,3,3500000.0,J. McAtee (Sheffield United)
J. Mwanga,Strasbourg,France,Defender,20,70,80,1,68.0,45.0,59.0,63.0,70.0,72.0,3,2,3300000.0,J. Mwanga (Strasbourg)
Latasa,Getafe,Spain,Forward,22,70,80,1,64.0,70.0,50.0,63.0,21.0,65.0,2,2,3600000.0,Latasa (Getafe)
Juan Cruz,Real Betis,Spain,Midfielder,23,70,79,1,78.0,67.0,67.0,75.0,32.0,42.0,3,3,3500000.0,Juan Cruz (Real Betis)
J. Vásquez,Genoa,Mexico,Defender,24,70,79,1,63.0,32.0,57.0,55.0,72.0,73.0,2,2,3300000.0,J. Vásquez (Genoa)
A. Abqar,Deportivo Alavés,Morocco,Defender,24,70,79,1,47.0,31.0,49.0,53.0,71.0,65.0,3,2,3300000.0,A. Abqar (Deportivo Alavés)
D. Yongwa,Lorient,Cameroon,Defender,22,70,79,1,84.0,40.0,59.0,67.0,64.0,70.0,3,3,3400000.0,D. Yongwa (Lorient)
J. Adamu,SC Freiburg,Austria,Forward,22,70,79,1,81.0,69.0,52.0,68.0,22.0,68.0,3,3,3600000.0,J. Adamu (SC Freiburg)
Aitor Paredes,Athletic Club,Spain,Defender,23,70,79,1,63.0,31.0,47.0,52.0,70.0,67.0,3,2,3300000.0,Aitor Paredes (Athletic Club)
Imanol,Athletic Club,Spain,Defender,22,70,79,1,67.0,47.0,66.0,65.0,68.0,55.0,2,2,3400000.0,Imanol (Athletic Club)
B. Amione,Hellas Verona,Argentina,Defender,21,70,79,1,64.0,36.0,52.0,49.0,68.0,81.0,2,2,3300000.0,B. Amione (Hellas Verona)
A. Semenyo,AFC Bournemouth,Ghana,Forward,23,70,78,1,82.0,68.0,59.0,70.0,22.0,72.0,4,3,3600000.0,A. Semenyo (AFC Bournemouth)
S. Walukiewicz,Empoli,Poland,Defender,23,70,78,1,59.0,38.0,49.0,59.0,71.0,74.0,2,2,3300000.0,S. Walukiewicz (Empoli)
G. Biancone,Nottingham Forest,France,Defender,23,70,78,1,64.0,45.0,62.0,65.0,69.0,72.0,4,3,3300000.0,G. Biancone (Nottingham Forest)
A. Beka Beka,Nice,France,Midfielder,22,70,78,1,74.0,57.0,63.0,71.0,67.0,71.0,3,2,3400000.0,A. Beka Beka (Nice)
A. Sarr,VfL Wolfsburg,Sweden,Forward,22,70,78,1,91.0,67.0,58.0,69.0,25.0,68.0,3,3,3600000.0,A. Sarr (VfL Wolfsburg)
E. Guessand,Nice,France,Forward,22,70,78,1,76.0,69.0,55.0,68.0,25.0,69.0,3,3,3600000.0,E. Guessand (Nice)
N. Ahamada,Crystal Palace,France,Midfielder,21,70,78,1,66.0,61.0,65.0,75.0,61.0,62.0,3,2,3600000.0,N. Ahamada (Crystal Palace)
T. Breithaupt,FC Augsburg,Germany,Midfielder,21,70,78,1,49.0,41.0,60.0,58.0,69.0,71.0,3,2,3400000.0,T. Breithaupt (FC Augsburg)
Carlos Domínguez,Celta de Vigo,Spain,Defender,22,70,78,1,66.0,28.0,52.0,51.0,71.0,62.0,3,2,3300000.0,Carlos Domínguez (Celta de Vigo)
N. Petrović,Granada,Serbia,Midfielder,23,70,78,1,58.0,51.0,66.0,62.0,66.0,75.0,3,2,3300000.0,N. Petrović (Granada)
G. Osho,Luton Town,England,Defender,24,70,77,1,72.0,30.0,54.0,62.0,70.0,74.0,3,2,3000000.0,G. Osho (Luton Town)
R. Majecki,Monaco,Poland,Goalkeeper,23,70,77,1,0.0,0.0,0.0,0.0,0.0,0.0,3,1,2700000.0,R. Majecki (Monaco)
A. Mumin,Rayo Vallecano,Ghana,Defender,25,70,77,1,77.0,36.0,57.0,63.0,69.0,74.0,4,3,2900000.0,A. Mumin (Rayo Vallecano)
D. Genreau,Toulouse,Australia,Midfielder,24,70,77,1,63.0,62.0,67.0,68.0,64.0,66.0,3,3,3200000.0,D. Genreau (Toulouse)
I. Koné,Almería,Mali,Forward,24,70,77,1,77.0,69.0,52.0,67.0,31.0,79.0,2,2,3200000.0,I. Koné (Almería)
F. Agu,Werder Bremen,Germany,Defender,23,70,77,1,83.0,47.0,61.0,74.0,62.0,58.0,3,3,3000000.0,F. Agu (Werder Bremen)
F. Becker,TSG Hoffenheim,Germany,Midfielder,23,70,77,1,69.0,55.0,67.0,75.0,58.0,60.0,3,3,3200000.0,F. Becker (TSG Hoffenheim)
A. Vogliacco,Genoa,Italy,Defender,24,70,77,1,70.0,36.0,52.0,55.0,71.0,69.0,3,2,3000000.0,A. Vogliacco (Genoa)
R. Carstensen,FC Köln,Denmark,Defender,22,70,77,1,80.0,48.0,63.0,68.0,63.0,70.0,3,3,3100000.0,R. Carstensen (FC Köln)
K. Yeboah,Montpellier,Italy,Forward,23,70,77,1,88.0,67.0,56.0,71.0,24.0,68.0,3,3,3200000.0,K. Yeboah (Montpellier)
J. Zemura,Udinese,Zimbabwe,Defender,23,70,77,1,76.0,39.0,59.0,67.0,64.0,61.0,3,2,3000000.0,J. Zemura (Udinese)
R. Khadra,Stade de Reims,Germany,Midfielder,21,70,77,1,81.0,65.0,65.0,73.0,42.0,63.0,3,3,3200000.0,R. Khadra (Stade de Reims)
J. Asoro,Metz,Sweden,Midfielder,24,70,76,1,91.0,66.0,59.0,71.0,21.0,71.0,3,3,2500000.0,J. Asoro (Metz)
L. Daschner,VfL Bochum 1848,Germany,Forward,24,70,76,1,70.0,69.0,65.0,73.0,47.0,66.0,4,3,2500000.0,L. Daschner (VfL Bochum 1848)
O. Deman,Werder Bremen,Belgium,Midfielder,23,70,76,1,76.0,63.0,68.0,69.0,65.0,71.0,3,3,2500000.0,O. Deman (Werder Bremen)
G. Zappa,Cagliari,Italy,Defender,23,70,76,1,80.0,53.0,60.0,67.0,65.0,72.0,2,2,2400000.0,G. Zappa (Cagliari)
M. Okoye,Udinese,Nigeria,Goalkeeper,23,70,76,1,0.0,0.0,0.0,0.0,0.0,0.0,3,1,2000000.0,M. Okoye (Udinese)
M. Maglica,Darmstadt 98,Croatia,Defender,24,70,76,1,38.0,50.0,46.0,44.0,68.0,82.0,3,2,2300000.0,M. Maglica (Darmstadt 98)
F. Magri,Toulouse,France,Forward,23,70,76,1,76.0,71.0,58.0,70.0,21.0,63.0,3,2,2500000.0,F. Magri (Toulouse)
M. Usor,LASK Linz,Nigeria,Midfielder,21,70,76,1,85.0,65.0,64.0,73.0,38.0,62.0,2,3,2600000.0,M. Usor (LASK Linz)
M. Mbaye,Cádiz,Senegal,Defender,25,70,76,1,54.0,29.0,57.0,46.0,71.0,68.0,4,2,2200000.0,M. Mbaye (Cádiz)
W. Faríñez,Lens,Venezuela,Goalkeeper,25,70,75,1,0.0,0.0,0.0,0.0,0.0,0.0,3,1,1900000.0,W. Faríñez (Lens)
A. Jallow,Metz,Gambia,Midfielder,24,70,75,1,78.0,66.0,66.0,74.0,34.0,46.0,3,3,2400000.0,A. Jallow (Metz)
D. Fitz,Austria Wien,Austria,Midfielder,24,70,75,1,73.0,67.0,71.0,69.0,33.0,54.0,3,4,2400000.0,D. Fitz (Austria Wien)
K. Sessa,Heidenheim,Germany,Midfielder,22,70,75,1,82.0,58.0,67.0,72.0,61.0,59.0,3,3,2400000.0,K. Sessa (Heidenheim)
Fuzato,Getafe,Brazil,Goalkeeper,25,70,75,1,0.0,0.0,0.0,0.0,0.0,0.0,3,1,1900000.0,Fuzato (Getafe)
Javi Hernández,Cádiz,Spain,Defender,25,70,75,1,67.0,50.0,64.0,65.0,69.0,71.0,2,3,2200000.0,Javi Hernández (Cádiz)
M. Busi,Stade de Reims,Belgium,Defender,23,70,75,1,70.0,49.0,63.0,68.0,67.0,66.0,3,2,2200000.0,M. Busi (Stade de Reims)
T. Siersleben,Heidenheim,Germany,Defender,23,70,75,1,52.0,33.0,48.0,55.0,71.0,71.0,2,2,2200000.0,T. Siersleben (Heidenheim)
V. Dubinchak,Dynamo Kyiv,Ukraine,Defender,25,70,75,1,77.0,45.0,69.0,70.0,67.0,56.0,3,3,2200000.0,V. Dubinchak (Dynamo Kyiv)
André Ferreira,Granada,Portugal,Goalkeeper,27,70,74,1,0.0,0.0,0.0,0.0,0.0,0.0,2,1,1700000.0,André Ferreira (Granada)
J. Schöppner,Heidenheim,Germany,Midfielder,24,70,74,1,64.0,57.0,63.0,62.0,68.0,80.0,3,2,2100000.0,J. Schöppner (Heidenheim)
R. Burke,Luton Town,England,Defender,26,70,73,1,67.0,36.0,54.0,61.0,71.0,71.0,3,2,1800000.0,R. Burke (Luton Town)
F. Passlack,VfL Bochum 1848,Germany,Midfielder,25,70,73,1,69.0,62.0,67.0,71.0,66.0,72.0,4,3,2100000.0,F. Passlack (VfL Bochum 1848)
B. Gimber,Heidenheim,Germany,Midfielder,26,70,73,1,65.0,48.0,59.0,56.0,71.0,78.0,3,2,1900000.0,B. Gimber (Heidenheim)
M. Koné,LASK Linz,Senegal,Forward,26,70,73,1,89.0,67.0,58.0,72.0,32.0,69.0,3,3,2100000.0,M. Koné (LASK Linz)
S. Baptiste,Brentford,Grenada,Midfielder,25,70,73,1,70.0,58.0,67.0,75.0,68.0,69.0,4,3,2100000.0,S. Baptiste (Brentford)
N. Maraš,Deportivo Alavés,Serbia,Defender,27,70,73,1,64.0,37.0,50.0,55.0,70.0,76.0,2,2,1800000.0,N. Maraš (Deportivo Alavés)
A. Dovbyk,Girona,Ukraine,Forward,26,70,73,1,74.0,67.0,55.0,64.0,28.0,73.0,4,3,2100000.0,A. Dovbyk (Girona)
C. Benavídez,Deportivo Alavés,Uruguay,Midfielder,25,70,73,1,67.0,44.0,63.0,64.0,71.0,72.0,3,2,1900000.0,C. Benavídez (Deportivo Alavés)
J. Gazibegović,Sturm Graz,Bosnia and Herzegovina,Defender,23,70,73,1,77.0,43.0,63.0,68.0,64.0,71.0,4,2,2000000.0,J. Gazibegović (Sturm Graz)
J. Le Cardinal,Brest,France,Defender,25,70,73,1,67.0,31.0,61.0,64.0,67.0,71.0,2,2,1900000.0,J. Le Cardinal (Brest)
P. Galdames,Genoa,Chile,Midfielder,26,70,72,1,76.0,60.0,70.0,72.0,61.0,69.0,3,3,2000000.0,P. Galdames (Genoa)
F. Jagiełło,Genoa,Poland,Midfielder,25,70,72,1,73.0,70.0,69.0,71.0,53.0,63.0,2,3,2000000.0,F. Jagiełło (Genoa)
S. Bastien,Burnley,Congo DR,Midfielder,26,70,72,1,72.0,66.0,70.0,73.0,62.0,69.0,3,3,2000000.0,S. Bastien (Burnley)
D. Baumgartner,Wolfsberger AC,Austria,Defender,26,70,72,1,68.0,35.0,52.0,52.0,70.0,74.0,2,2,1700000.0,D. Baumgartner (Wolfsberger AC)
C. Ogbene,Luton Town,Republic of Ireland,Forward,26,70,72,1,91.0,65.0,63.0,71.0,57.0,74.0,4,3,2000000.0,C. Ogbene (Luton Town)
R. Descamps,Nantes,France,Goalkeeper,27,70,72,1,0.0,0.0,0.0,0.0,0.0,0.0,3,1,1500000.0,R. Descamps (Nantes)
T. Kongolo,Rapid Wien,Netherlands,Defender,29,70,71,1,60.0,42.0,59.0,63.0,70.0,69.0,4,2,1500000.0,T. Kongolo (Rapid Wien)
K. Adams Nuhu,TSG Hoffenheim,Ghana,Defender,28,70,71,1,62.0,42.0,55.0,55.0,67.0,82.0,2,2,1500000.0,K. Adams Nuhu (TSG Hoffenheim)
V. Kovalenko,Empoli,Ukraine,Midfielder,27,70,71,1,68.0,70.0,70.0,73.0,57.0,71.0,4,3,1800000.0,V. Kovalenko (Empoli)
M. Honsak,Darmstadt 98,Austria,Midfielder,26,70,71,1,86.0,64.0,62.0,70.0,50.0,71.0,4,3,1900000.0,M. Honsak (Darmstadt 98)
Igor Silva,Lorient,Brazil,Defender,26,70,71,1,75.0,54.0,63.0,72.0,66.0,64.0,2,3,1700000.0,Igor Silva (Lorient)
Sergio Ruiz,Granada,Spain,Midfielder,28,70,71,1,62.0,62.0,64.0,68.0,66.0,71.0,3,2,1500000.0,Sergio Ruiz (Granada)
Alkain,Deportivo Alavés,Spain,Midfielder,26,70,71,1,79.0,70.0,61.0,74.0,26.0,54.0,3,3,1900000.0,Alkain (Deportivo Alavés)
D. Chyhrynskyi,Shakhtar Donetsk,Ukraine,Defender,36,70,70,2,39.0,39.0,59.0,44.0,73.0,64.0,3,2,275000.0,D. Chyhrynskyi (Shakhtar Donetsk)
T. Sippel,Borussia Mönchengladbach,Germany,Goalkeeper,35,70,70,1,0.0,0.0,0.0,0.0,0.0,0.0,2,1,180000.0,T. Sippel (Borussia Mönchengladbach)
L. Négo,Le Havre,Hungary,Defender,32,70,70,1,80.0,67.0,68.0,69.0,63.0,66.0,3,3,1100000.0,L. Négo (Le Havre)
S. Ilsanker,Genoa,Austria,Defender,34,70,70,1,52.0,53.0,50.0,50.0,70.0,78.0,3,2,525000.0,S. Ilsanker (Genoa)
Ignasi Miquel,Granada,Spain,Defender,30,70,70,1,53.0,35.0,56.0,59.0,70.0,72.0,3,2,1300000.0,Ignasi Miquel (Granada)
M. Bourabia,Frosinone,Morocco,Midfielder,31,70,70,1,58.0,60.0,69.0,70.0,65.0,64.0,3,3,1300000.0,M. Bourabia (Frosinone)
S. Romagnoli,Frosinone,Italy,Defender,33,70,70,1,55.0,40.0,47.0,55.0,70.0,77.0,2,2,750000.0,S. Romagnoli (Frosinone)
Diego Mariño,Almería,Spain,Goalkeeper,33,70,70,1,0.0,0.0,0.0,0.0,0.0,0.0,2,1,525000.0,Diego Mariño (Almería)
D. Batz,FSV Mainz 05,Germany,Goalkeeper,32,70,70,1,0.0,0.0,0.0,0.0,0.0,0.0,2,1,800000.0,D. Batz (FSV Mainz 05)
A. Davies,Sheffield United,Wales,Goalkeeper,30,70,70,1,0.0,0.0,0.0,0.0,0.0,0.0,3,1,1100000.0,A. Davies (Sheffield United)
F. Ogier,Clermont,France,Defender,34,70,70,1,31.0,34.0,41.0,52.0,72.0,74.0,3,2,525000.0,F. Ogier (Clermont)
M. Colin,Metz,France,Defender,31,70,70,1,70.0,43.0,63.0,65.0,68.0,72.0,4,3,1200000.0,M. Colin (Metz)
T. Chandler,Eintracht Frankfurt,United States,Midfielder,33,70,70,2,46.0,69.0,72.0,68.0,72.0,76.0,4,2,1000000.0,T. Chandler (Eintracht Frankfurt)
A. Schwolow,FC Union Berlin,Germany,Goalkeeper,31,70,70,2,0.0,0.0,0.0,0.0,0.0,0.0,3,1,850000.0,A. Schwolow (FC Union Berlin)
M. Bettinelli,Chelsea,England,Goalkeeper,31,70,70,1,0.0,0.0,0.0,0.0,0.0,0.0,3,1,850000.0,M. Bettinelli (Chelsea)
B. Uphoff,SC Freiburg,Germany,Goalkeeper,29,70,70,1,0.0,0.0,0.0,0.0,0.0,0.0,2,1,1100000.0,B. Uphoff (SC Freiburg)
S. Sabelli,Genoa,Italy,Defender,30,70,70,1,74.0,39.0,59.0,61.0,66.0,69.0,3,3,1400000.0,S. Sabelli (Genoa)
P. Ziereis,LASK Linz,Germany,Defender,30,70,70,1,61.0,24.0,57.0,57.0,70.0,75.0,3,2,1300000.0,P. Ziereis (LASK Linz)
E. Marcondes,AFC Bournemouth,Denmark,Midfielder,28,70,70,1,72.0,68.0,68.0,71.0,42.0,65.0,3,3,1600000.0,E. Marcondes (AFC Bournemouth)
José Mari,Cádiz,Spain,Midfielder,35,70,70,1,55.0,59.0,66.0,63.0,67.0,66.0,3,2,450000.0,José Mari (Cádiz)
F. Angileri,Getafe,Argentina,Defender,29,70,70,1,77.0,71.0,69.0,69.0,65.0,80.0,3,3,1400000.0,F. Angileri (Getafe)
S. Adamyan,FC Köln,Armenia,Forward,30,70,70,1,79.0,70.0,63.0,72.0,34.0,69.0,3,4,1600000.0,S. Adamyan (FC Köln)
R. Di Gennaro,Inter,Italy,Goalkeeper,29,70,70,1,0.0,0.0,0.0,0.0,0.0,0.0,2,1,1100000.0,R. Di Gennaro (Inter)
M. Caldara,Milan,Italy,Defender,29,70,70,2,49.0,34.0,46.0,62.0,70.0,71.0,3,2,1300000.0,M. Caldara (Milan)
Paulo Azzi,Cagliari,Brazil,Defender,28,70,70,1,82.0,65.0,65.0,73.0,62.0,72.0,3,3,1400000.0,Paulo Azzi (Cagliari)
F. Diédhiou,Granada,Senegal,Forward,30,70,70,1,61.0,69.0,48.0,67.0,31.0,73.0,3,3,1600000.0,F. Diédhiou (Granada)
R. Renner,LASK Linz,Austria,Defender,29,70,70,1,81.0,61.0,64.0,67.0,63.0,68.0,3,3,1400000.0,R. Renner (LASK Linz)
A. Gruber,Austria Wien,Austria,Midfielder,28,70,70,1,79.0,68.0,66.0,70.0,34.0,63.0,3,3,1600000.0,A. Gruber (Austria Wien)
Vítor Angulho,Fortaleza,Brazil,Goalkeeper,27,70,70,1,0.0,0.0,0.0,0.0,0.0,0.0,2,1,1200000.0,Vítor Angulho (Fortaleza)
Carvamelinho,Botafogo,Brazil,Defender,27,70,70,1,68.0,55.0,69.0,58.0,67.0,64.0,3,2,1500000.0,Carvamelinho (Botafogo)
Claytinho Branco,Santos,Brazil,Defender,27,70,70,1,64.0,52.0,63.0,58.0,72.0,65.0,3,2,1500000.0,Claytinho Branco (Santos)
Paolinho Leima,Atlético Mineiro,Brazil,Defender,23,70,70,1,75.0,50.0,65.0,69.0,63.0,72.0,3,2,1700000.0,Paolinho Leima (Atlético Mineiro)
Marlinito Dias,Fortaleza,Brazil,Midfielder,27,70,70,1,56.0,44.0,64.0,57.0,66.0,73.0,3,2,1500000.0,Marlinito Dias (Fortaleza)
Heltinho Melo,Athletico Paranaense,Brazil,Midfielder,27,70,70,1,78.0,54.0,71.0,74.0,48.0,55.0,3,3,1700000.0,Heltinho Melo (Athletico Paranaense)
Eltildo Bessa,Fortaleza,Brazil,Forward,27,70,70,1,86.0,68.0,56.0,76.0,31.0,44.0,3,3,1700000.0,Eltildo Bessa (Fortaleza)
Arthur Silbeira,Santos,Brazil,Forward,27,70,70,1,64.0,73.0,59.0,68.0,29.0,59.0,3,3,1700000.0,Arthur Silbeira (Santos)
Jonaldo Monteiro,Fortaleza,Brazil,Defender,23,70,70,1,74.0,51.0,66.0,61.0,64.0,72.0,3,2,1700000.0,Jonaldo Monteiro (Fortaleza)
Luildo Simões,Corinthians,Brazil,Midfielder,23,70,70,1,71.0,70.0,69.0,69.0,46.0,61.0,3,3,1800000.0,Luildo Simões (Corinthians)
Césario Limberg,São Paulo,Brazil,Defender,27,70,70,1,56.0,50.0,57.0,49.0,70.0,73.0,3,2,1500000.0,Césario Limberg (São Paulo)
Nuno Moldeiro,Corinthians,Brazil,Midfielder,27,70,70,1,82.0,61.0,65.0,72.0,37.0,63.0,3,3,1700000.0,Nuno Moldeiro (Corinthians)
Natinho Mestres,São Paulo,Brazil,Midfielder,31,70,70,1,77.0,64.0,65.0,72.0,34.0,53.0,3,3,1300000.0,Natinho Mestres (São Paulo)
Ansel Barni,Fortaleza,Brazil,Midfielder,23,70,70,1,63.0,54.0,65.0,62.0,70.0,72.0,3,2,1600000.0,Ansel Barni (Fortaleza)
Leôncio Lobeiro,Flamengo,Brazil,Forward,23,70,70,1,83.0,64.0,64.0,74.0,31.0,64.0,3,3,1800000.0,Leôncio Lobeiro (Flamengo)
Tiago Pombeira,Atlético Mineiro,Brazil,Midfielder,23,70,70,1,74.0,64.0,68.0,73.0,32.0,47.0,3,3,1800000.0,Tiago Pombeira (Atlético Mineiro)
Patricio Alagoano,Fortaleza,Brazil,Midfielder,27,70,70,1,79.0,59.0,70.0,72.0,32.0,63.0,3,3,1700000.0,Patricio Alagoano (Fortaleza)
Saberto Botelho,Athletico Paranaense,Brazil,Midfielder,23,70,70,1,65.0,51.0,54.0,58.0,72.0,78.0,3,2,1600000.0,Saberto Botelho (Athletico Paranaense)
José Arnáiz,Osasuna,Spain,Midfielder,28,70,70,1,80.0,72.0,61.0,73.0,40.0,68.0,4,4,1600000.0,José Arnáiz (Osasuna)
Vitor Marlão,Fortaleza,Brazil,Defender,27,70,70,1,66.0,45.0,61.0,54.0,70.0,62.0,3,2,1500000.0,Vitor Marlão (Fortaleza)
Jairo Farnias,Internacional,Brazil,Goalkeeper,23,70,70,1,0.0,0.0,0.0,0.0,0.0,0.0,3,1,1400000.0,Jairo Farnias (Internacional)
J. Müller,Darmstadt 98,Germany,Defender,29,70,70,1,60.0,36.0,49.0,52.0,70.0,71.0,3,2,1300000.0,J. Müller (Darmstadt 98)
M. Bero,VfL Bochum 1848,Slovakia,Midfielder,27,70,70,1,68.0,71.0,69.0,71.0,67.0,83.0,3,3,1700000.0,M. Bero (VfL Bochum 1848)
N. Dovedan,Heidenheim,Austria,Forward,28,70,70,1,80.0,66.0,67.0,74.0,34.0,59.0,4,3,1600000.0,N. Dovedan (Heidenheim)
Benito,Las Palmas,Spain,Defender,27,70,70,1,86.0,65.0,65.0,70.0,63.0,67.0,3,3,1500000.0,Benito (Las Palmas)
Vinicius Trieiro,América Mineiro,Brazil,Defender,31,70,70,1,71.0,44.0,63.0,68.0,66.0,68.0,3,3,1200000.0,Vinicius Trieiro (América Mineiro)
Jailson Oliva,Atlético Mineiro,Brazil,Defender,31,70,70,1,81.0,38.0,58.0,69.0,67.0,57.0,3,3,1200000.0,Jailson Oliva (Atlético Mineiro)
Luan Sendeiro,Internacional,Brazil,Midfielder,31,70,70,1,67.0,56.0,71.0,61.0,68.0,69.0,3,2,1100000.0,Luan Sendeiro (Internacional)
Lourival Rodeiro,São Paulo,Brazil,Midfielder,31,70,70,1,69.0,58.0,62.0,69.0,64.0,58.0,3,2,1300000.0,Lourival Rodeiro (São Paulo)
Martin Cordeia,Internacional,Brazil,Midfielder,27,70,70,1,48.0,70.0,74.0,70.0,36.0,63.0,3,3,1700000.0,Martin Cordeia (Internacional)
Marlion Rolim,Bragantino,Brazil,Midfielder,31,70,70,1,67.0,66.0,65.0,69.0,49.0,55.0,3,3,1300000.0,Marlion Rolim (Bragantino)
Túlio Sandoiro,Goiás,Brazil,Forward,27,70,70,1,64.0,71.0,62.0,73.0,33.0,72.0,3,4,1700000.0,Túlio Sandoiro (Goiás)
S. Kaba,Las Palmas,Guinea,Forward,28,70,70,1,63.0,68.0,59.0,66.0,31.0,80.0,3,3,1600000.0,S. Kaba (Las Palmas)
J. Allevinah,Clermont,Gabon,Midfielder,28,70,70,1,82.0,69.0,63.0,72.0,42.0,48.0,4,3,1600000.0,J. Allevinah (Clermont)
Ângelo,Strasbourg,Brazil,Forward,18,69,86,1,89.0,56.0,65.0,73.0,27.0,47.0,2,4,3500000.0,Ângelo (Strasbourg)
L. Romero,Milan,Argentina,Forward,18,69,84,1,77.0,61.0,65.0,74.0,53.0,55.0,4,3,3200000.0,L. Romero (Milan)
C. Bradley,Liverpool,Northern Ireland,Defender,19,69,83,1,80.0,50.0,60.0,66.0,61.0,69.0,3,2,3200000.0,C. Bradley (Liverpool)
Joan González,Lecce,Spain,Midfielder,21,69,83,1,66.0,61.0,69.0,68.0,53.0,76.0,3,3,3400000.0,Joan González (Lecce)
K. Paredes,VfL Wolfsburg,United States,Forward,20,69,82,1,80.0,56.0,63.0,75.0,53.0,46.0,3,3,3400000.0,K. Paredes (VfL Wolfsburg)
F. Buonanotte,Brighton & Hove Albion,Argentina,Midfielder,18,69,82,1,74.0,63.0,66.0,71.0,25.0,50.0,3,3,3200000.0,F. Buonanotte (Brighton & Hove Albion)
G. Fabbian,Bologna,Italy,Midfielder,20,69,82,1,71.0,64.0,67.0,72.0,58.0,63.0,3,3,3300000.0,G. Fabbian (Bologna)
C. Baleba,Brighton & Hove Albion,Cameroon,Midfielder,19,69,82,1,77.0,51.0,63.0,72.0,65.0,70.0,2,2,3300000.0,C. Baleba (Brighton & Hove Albion)
Arthur,Bayer 04 Leverkusen,Brazil,Defender,20,69,82,1,72.0,40.0,62.0,65.0,63.0,57.0,3,3,3200000.0,Arthur (Bayer 04 Leverkusen)
D. Bakwa,Strasbourg,France,Forward,20,69,81,1,86.0,62.0,62.0,71.0,30.0,62.0,3,3,3400000.0,D. Bakwa (Strasbourg)
J. Hadjam,Nantes,Algeria,Defender,20,69,81,1,76.0,52.0,61.0,68.0,63.0,72.0,3,3,3200000.0,J. Hadjam (Nantes)
Carmona,Getafe,Spain,Defender,21,69,81,1,73.0,62.0,61.0,66.0,65.0,68.0,3,2,3300000.0,Carmona (Getafe)
M. Abline,Nantes,France,Forward,20,69,81,1,77.0,70.0,55.0,72.0,23.0,55.0,3,3,3400000.0,M. Abline (Nantes)
I. Cissoko,Toulouse,Netherlands,Midfielder,20,69,81,1,79.0,60.0,63.0,70.0,32.0,56.0,4,4,3400000.0,I. Cissoko (Toulouse)
S. Alvero,Olympique Lyonnais,France,Midfielder,21,69,81,1,59.0,52.0,63.0,67.0,64.0,80.0,3,3,3200000.0,S. Alvero (Olympique Lyonnais)
Arnau Puigmal,Almería,Spain,Midfielder,22,69,80,1,67.0,63.0,69.0,70.0,57.0,51.0,4,3,3100000.0,Arnau Puigmal (Almería)
T. Doyle,Wolverhampton Wanderers,England,Midfielder,21,69,80,1,65.0,65.0,70.0,70.0,60.0,67.0,4,3,3100000.0,T. Doyle (Wolverhampton Wanderers)
M. Ruggeri,Atalanta,Italy,Defender,20,69,80,1,61.0,49.0,63.0,66.0,67.0,63.0,3,2,2900000.0,M. Ruggeri (Atalanta)
A. Richardson,Stade de Reims,Morocco,Midfielder,21,69,80,1,71.0,58.0,65.0,70.0,64.0,73.0,3,3,3100000.0,A. Richardson (Stade de Reims)
Rodrigo Muniz,Fulham,Brazil,Forward,22,69,80,1,70.0,69.0,55.0,67.0,33.0,71.0,3,3,3200000.0,Rodrigo Muniz (Fulham)
T. Le Bris,Lorient,France,Midfielder,20,69,80,1,63.0,51.0,70.0,70.0,63.0,48.0,3,3,3100000.0,T. Le Bris (Lorient)
D. Huseinbašić,FC Köln,Germany,Midfielder,21,69,80,1,65.0,62.0,62.0,69.0,61.0,71.0,3,2,3100000.0,D. Huseinbašić (FC Köln)
Fran Pérez,Valencia,Spain,Midfielder,20,69,80,1,67.0,66.0,65.0,70.0,32.0,43.0,4,4,3100000.0,Fran Pérez (Valencia)
V. Vanat,Dynamo Kyiv,Ukraine,Forward,21,69,80,1,79.0,68.0,55.0,66.0,24.0,60.0,4,2,3200000.0,V. Vanat (Dynamo Kyiv)
M. Pellegrino,Milan,Argentina,Defender,20,69,80,1,64.0,39.0,52.0,52.0,70.0,73.0,2,2,2900000.0,M. Pellegrino (Milan)
F. Ranocchia,Empoli,Italy,Midfielder,22,69,79,1,65.0,59.0,71.0,71.0,61.0,71.0,4,3,3100000.0,F. Ranocchia (Empoli)
R. Piccoli,Lecce,Italy,Forward,22,69,79,1,72.0,68.0,50.0,63.0,34.0,66.0,3,2,3200000.0,R. Piccoli (Lecce)
M. Sahi,Strasbourg,Mali,Forward,21,69,79,1,74.0,71.0,58.0,70.0,28.0,58.0,5,3,3200000.0,M. Sahi (Strasbourg)
W. Swedberg,Celta de Vigo,Sweden,Midfielder,19,69,79,1,71.0,65.0,66.0,70.0,59.0,60.0,3,3,3000000.0,W. Swedberg (Celta de Vigo)
J. Mvuka,Lorient,Norway,Midfielder,20,69,79,1,89.0,57.0,59.0,74.0,41.0,46.0,3,4,3100000.0,J. Mvuka (Lorient)
Torrente,Granada,Spain,Defender,21,69,79,1,57.0,31.0,52.0,47.0,70.0,68.0,3,2,2900000.0,Torrente (Granada)
B. Bouanani,Nice,Algeria,Forward,18,69,79,1,71.0,64.0,68.0,71.0,31.0,50.0,3,3,2900000.0,B. Bouanani (Nice)
C. Ikwuemesi,Salernitana,Nigeria,Forward,21,69,79,1,79.0,68.0,60.0,68.0,37.0,75.0,3,3,3200000.0,C. Ikwuemesi (Salernitana)
E. Botheim,Salernitana,Norway,Forward,23,69,78,1,71.0,67.0,58.0,67.0,38.0,72.0,3,3,3100000.0,E. Botheim (Salernitana)
L. Foster,Burnley,South Africa,Forward,22,69,78,1,81.0,68.0,57.0,67.0,35.0,70.0,3,3,3200000.0,L. Foster (Burnley)
S. Mulattieri,Sassuolo,Italy,Forward,22,69,78,1,71.0,69.0,60.0,68.0,37.0,64.0,4,2,3200000.0,S. Mulattieri (Sassuolo)
J. Christensen,FC Köln,Denmark,Midfielder,22,69,78,1,69.0,56.0,68.0,70.0,67.0,70.0,3,3,3100000.0,J. Christensen (FC Köln)
R. Ndiaye,Le Havre,France,Midfielder,21,69,78,1,73.0,53.0,64.0,68.0,65.0,72.0,3,2,3000000.0,R. Ndiaye (Le Havre)
M. Braunöder,Austria Wien,Austria,Midfielder,21,69,78,1,78.0,48.0,69.0,72.0,62.0,62.0,3,3,3100000.0,M. Braunöder (Austria Wien)
Marvin,Las Palmas,Spain,Midfielder,23,69,78,1,86.0,61.0,60.0,69.0,60.0,67.0,4,4,3100000.0,Marvin (Las Palmas)
S. Sow,Strasbourg,Guinea,Defender,20,69,78,1,63.0,41.0,54.0,60.0,69.0,67.0,3,2,2900000.0,S. Sow (Strasbourg)
L. Assignon,Rennes,France,Defender,23,69,78,1,75.0,42.0,60.0,70.0,66.0,60.0,3,2,3000000.0,L. Assignon (Rennes)
Y. Kallon,Hellas Verona,Sierra Leone,Forward,22,69,78,1,85.0,67.0,61.0,73.0,22.0,61.0,3,3,3200000.0,Y. Kallon (Hellas Verona)
B. Meïté,Olympique de Marseille,Côte d'Ivoire,Defender,22,69,78,1,57.0,33.0,39.0,45.0,71.0,68.0,3,2,2900000.0,B. Meïté (Olympique de Marseille)
F. Alidou,FC Köln,Germany,Midfielder,21,69,78,1,85.0,59.0,60.0,73.0,28.0,58.0,3,4,3100000.0,F. Alidou (FC Köln)
A. Obert,Cagliari,Slovakia,Defender,20,69,78,1,68.0,41.0,61.0,65.0,70.0,66.0,2,2,2900000.0,A. Obert (Cagliari)
Luizão,West Ham United,Brazil,Defender,21,69,78,1,59.0,38.0,49.0,52.0,69.0,71.0,2,2,2900000.0,Luizão (West Ham United)
Unai Gómez,Athletic Club,Spain,Midfielder,20,69,78,1,65.0,55.0,61.0,71.0,32.0,58.0,3,3,3100000.0,Unai Gómez (Athletic Club)
N. Katterbach,FC Köln,Germany,Defender,22,69,77,1,71.0,40.0,57.0,72.0,66.0,58.0,2,3,3000000.0,N. Katterbach (FC Köln)
Y. Larouci,Sheffield United,France,Defender,22,69,77,1,73.0,47.0,59.0,69.0,65.0,64.0,2,2,3000000.0,Y. Larouci (Sheffield United)
I. Kébé,Girona,Mali,Midfielder,22,69,77,1,58.0,61.0,63.0,66.0,65.0,77.0,3,2,3100000.0,I. Kébé (Girona)
N. Kasanwirjo,Rapid Wien,Netherlands,Defender,21,69,77,1,80.0,42.0,54.0,58.0,69.0,75.0,3,2,3000000.0,N. Kasanwirjo (Rapid Wien)
D. Čolina,FC Augsburg,Croatia,Defender,22,69,77,1,78.0,40.0,52.0,64.0,67.0,54.0,2,2,3000000.0,D. Čolina (FC Augsburg)
N. Weißhaupt,SC Freiburg,Germany,Midfielder,21,69,77,1,75.0,59.0,64.0,72.0,32.0,46.0,3,3,3100000.0,N. Weißhaupt (SC Freiburg)
N. Nartey,VfB Stuttgart,Denmark,Midfielder,23,69,76,1,72.0,49.0,67.0,74.0,66.0,70.0,3,3,2800000.0,N. Nartey (VfB Stuttgart)
Areso,Osasuna,Spain,Defender,23,69,76,1,70.0,30.0,63.0,67.0,64.0,66.0,2,2,2700000.0,Areso (Osasuna)
Nolaskoain,Athletic Club,Spain,Midfielder,24,69,76,1,49.0,59.0,63.0,66.0,69.0,70.0,3,2,2600000.0,Nolaskoain (Athletic Club)
M. Obafemi,Burnley,Republic of Ireland,Forward,22,69,76,1,81.0,68.0,56.0,70.0,23.0,64.0,3,2,2900000.0,M. Obafemi (Burnley)
F. Hornby,Darmstadt 98,Scotland,Forward,23,69,76,1,61.0,69.0,55.0,60.0,25.0,78.0,2,2,2800000.0,F. Hornby (Darmstadt 98)
Álex Sola,Deportivo Alavés,Spain,Defender,24,69,76,1,71.0,59.0,60.0,71.0,62.0,74.0,4,3,2700000.0,Álex Sola (Deportivo Alavés)
M. Aké,Udinese,France,Midfielder,22,69,76,1,77.0,63.0,63.0,73.0,39.0,55.0,3,3,2800000.0,M. Aké (Udinese)
D. Churlinov,Burnley,North Macedonia,Midfielder,22,69,76,1,82.0,66.0,62.0,72.0,51.0,56.0,3,3,2800000.0,D. Churlinov (Burnley)
B. Hollerbach,FC Union Berlin,Germany,Forward,22,69,76,1,85.0,69.0,59.0,70.0,27.0,71.0,4,3,2900000.0,B. Hollerbach (FC Union Berlin)
M. Ljubičić,LASK Linz,Croatia,Forward,21,69,76,1,77.0,70.0,55.0,67.0,24.0,70.0,4,3,2900000.0,M. Ljubičić (LASK Linz)
A. Dari,Brest,Morocco,Defender,24,69,76,1,59.0,31.0,49.0,51.0,71.0,69.0,3,2,2600000.0,A. Dari (Brest)
N. Mantl,Salzburg,Germany,Goalkeeper,23,69,75,1,0.0,0.0,0.0,0.0,0.0,0.0,3,1,1800000.0,N. Mantl (Salzburg)
T. Sainte-Luce,Montpellier,France,Defender,24,69,75,1,74.0,47.0,59.0,68.0,65.0,60.0,2,3,2100000.0,T. Sainte-Luce (Montpellier)
Cristian Rivero,Valencia,Spain,Goalkeeper,25,69,75,1,0.0,0.0,0.0,0.0,0.0,0.0,3,1,1700000.0,Cristian Rivero (Valencia)
C. Sabaly,Metz,Senegal,Midfielder,24,69,75,1,84.0,61.0,62.0,71.0,20.0,42.0,3,3,2200000.0,C. Sabaly (Metz)
J. Auer,Rapid Wien,Austria,Defender,22,69,75,1,77.0,56.0,63.0,65.0,63.0,67.0,3,2,2100000.0,J. Auer (Rapid Wien)
D. Lavalée,Sturm Graz,Belgium,Defender,26,69,74,1,61.0,29.0,61.0,64.0,67.0,71.0,2,2,1800000.0,D. Lavalée (Sturm Graz)
G. Kastanos,Salernitana,Cyprus,Forward,25,69,74,1,67.0,64.0,68.0,73.0,39.0,63.0,3,3,2100000.0,G. Kastanos (Salernitana)
R. Norrington-Davies,Sheffield United,Wales,Defender,24,69,74,1,73.0,43.0,60.0,64.0,65.0,67.0,2,2,2000000.0,R. Norrington-Davies (Sheffield United)
A. Irving,Austria Klagenfurt,Scotland,Midfielder,23,69,74,1,56.0,68.0,70.0,67.0,62.0,72.0,2,3,2100000.0,A. Irving (Austria Klagenfurt)
T. Isherwood,Darmstadt 98,Sweden,Defender,25,69,74,1,48.0,33.0,45.0,45.0,69.0,84.0,3,2,1800000.0,T. Isherwood (Darmstadt 98)
N. Alioui,Le Havre,France,Forward,24,69,74,1,70.0,69.0,65.0,73.0,27.0,58.0,4,4,2100000.0,N. Alioui (Le Havre)
A. Rațiu,Rayo Vallecano,Romania,Defender,25,69,74,1,72.0,56.0,64.0,66.0,67.0,66.0,3,2,1900000.0,A. Rațiu (Rayo Vallecano)
F. Nürnberger,Darmstadt 98,Germany,Midfielder,23,69,74,1,73.0,61.0,64.0,73.0,65.0,64.0,3,3,2100000.0,F. Nürnberger (Darmstadt 98)
A. Dante,Sturm Graz,Mali,Defender,22,69,74,1,82.0,52.0,57.0,69.0,64.0,70.0,3,2,2000000.0,A. Dante (Sturm Graz)
D. Affengruber,Sturm Graz,Austria,Defender,22,69,74,1,73.0,41.0,51.0,55.0,69.0,73.0,3,2,1900000.0,D. Affengruber (Sturm Graz)
S. Tigges,FC Köln,Germany,Forward,24,69,73,1,61.0,68.0,57.0,57.0,45.0,82.0,3,2,2000000.0,S. Tigges (FC Köln)
J. Handl,Austria Wien,Austria,Defender,25,69,73,1,56.0,30.0,44.0,45.0,68.0,78.0,4,2,1700000.0,J. Handl (Austria Wien)
A. Müller,Darmstadt 98,Germany,Midfielder,22,69,73,1,66.0,59.0,69.0,69.0,65.0,59.0,2,2,1900000.0,A. Müller (Darmstadt 98)
K. N'Doram,Metz,France,Midfielder,27,69,72,1,61.0,49.0,59.0,66.0,67.0,76.0,2,2,1600000.0,K. N'Doram (Metz)
J. Brown,Luton Town,Scotland,Forward,25,69,72,1,75.0,69.0,62.0,69.0,48.0,72.0,3,3,1900000.0,J. Brown (Luton Town)
T. Plavotic,Austria Wien,Croatia,Defender,26,69,72,1,44.0,29.0,46.0,43.0,67.0,82.0,3,2,1600000.0,T. Plavotic (Austria Wien)
D. Limnios,FC Köln,Greece,Midfielder,25,69,72,1,74.0,66.0,64.0,72.0,39.0,58.0,3,3,1800000.0,D. Limnios (FC Köln)
Fabio González,Las Palmas,Spain,Midfielder,26,69,72,1,59.0,59.0,62.0,68.0,67.0,68.0,3,2,1600000.0,Fabio González (Las Palmas)
B. Kutlu,Genoa,Turkey,Midfielder,25,69,72,1,78.0,61.0,61.0,67.0,70.0,77.0,2,2,1800000.0,B. Kutlu (Genoa)
A. Rebbach,Deportivo Alavés,Algeria,Midfielder,24,69,72,1,66.0,70.0,66.0,70.0,36.0,67.0,3,3,1900000.0,A. Rebbach (Deportivo Alavés)
N. Rapp,Werder Bremen,Germany,Midfielder,26,69,71,1,54.0,42.0,56.0,59.0,69.0,72.0,3,2,1500000.0,N. Rapp (Werder Bremen)
Y. Ramadani,Lecce,Albania,Midfielder,27,69,71,1,61.0,58.0,60.0,64.0,68.0,75.0,4,2,1500000.0,Y. Ramadani (Lecce)
M. Kwarteng,VfL Bochum 1848,Germany,Midfielder,25,69,71,1,76.0,70.0,62.0,72.0,30.0,49.0,3,4,1700000.0,M. Kwarteng (VfL Bochum 1848)
N. Leali,Genoa,Italy,Goalkeeper,30,69,70,1,0.0,0.0,0.0,0.0,0.0,0.0,2,1,1000000.0,N. Leali (Genoa)
Adão Salvadaldo,Athletico Paranaense,Brazil,Forward,27,69,70,1,72.0,73.0,51.0,75.0,26.0,51.0,5,3,1600000.0,Adão Salvadaldo (Athletico Paranaense)
Q. Boisgard,Lorient,France,Midfielder,26,69,70,1,56.0,63.0,71.0,70.0,56.0,71.0,4,3,1600000.0,Q. Boisgard (Lorient)
L. Mothiba,Strasbourg,South Africa,Forward,27,69,70,2,63.0,70.0,60.0,69.0,27.0,65.0,3,3,1600000.0,L. Mothiba (Strasbourg)
A. Grbić,Lorient,Austria,Forward,26,69,70,1,66.0,71.0,54.0,65.0,31.0,73.0,4,2,1700000.0,A. Grbić (Lorient)
N. Wimmer,Austria Klagenfurt,Austria,Defender,28,69,70,1,51.0,45.0,51.0,59.0,69.0,78.0,3,2,1300000.0,N. Wimmer (Austria Klagenfurt)
G. Pegolo,Sassuolo,Italy,Goalkeeper,42,69,69,1,0.0,0.0,0.0,0.0,0.0,0.0,2,1,150000.0,G. Pegolo (Sassuolo)
R. Riou,Olympique Lyonnais,France,Goalkeeper,35,69,69,2,0.0,0.0,0.0,0.0,0.0,0.0,1,1,150000.0,R. Riou (Olympique Lyonnais)
N. Theuerkauf,Heidenheim,Germany,Midfielder,36,69,69,1,54.0,56.0,63.0,63.0,68.0,77.0,3,2,275000.0,N. Theuerkauf (Heidenheim)
Ø. Nyland,Sevilla,Norway,Goalkeeper,32,69,69,1,0.0,0.0,0.0,0.0,0.0,0.0,4,1,700000.0,Ø. Nyland (Sevilla)
C. Groß,Werder Bremen,Germany,Midfielder,34,69,69,1,58.0,53.0,61.0,63.0,69.0,71.0,3,2,475000.0,C. Groß (Werder Bremen)
T. Schick,Rapid Wien,Austria,Defender,33,69,69,1,66.0,64.0,68.0,67.0,65.0,68.0,4,3,725000.0,T. Schick (Rapid Wien)
D. Thomalla,Heidenheim,Germany,Midfielder,30,69,69,1,63.0,68.0,65.0,69.0,38.0,67.0,3,2,1300000.0,D. Thomalla (Heidenheim)
J. Schmid,Austria Lustenau,France,Defender,33,69,69,2,57.0,64.0,75.0,72.0,67.0,69.0,3,3,725000.0,J. Schmid (Austria Lustenau)
L. Pavoletti,Cagliari,Italy,Forward,34,69,69,2,58.0,68.0,52.0,61.0,38.0,73.0,3,2,675000.0,L. Pavoletti (Cagliari)
C. Woodrow,Luton Town,England,Forward,28,69,69,1,66.0,71.0,59.0,68.0,30.0,69.0,4,3,1400000.0,C. Woodrow (Luton Town)
F. Schnellhardt,Darmstadt 98,Germany,Midfielder,29,69,69,1,52.0,64.0,69.0,71.0,59.0,69.0,2,3,1400000.0,F. Schnellhardt (Darmstadt 98)
J. Bela,Clermont,Angola,Forward,30,69,69,1,87.0,67.0,62.0,71.0,45.0,62.0,4,4,1300000.0,J. Bela (Clermont)
L. Zingerle,RB Leipzig,Germany,Goalkeeper,29,69,69,1,0.0,0.0,0.0,0.0,0.0,0.0,3,1,950000.0,L. Zingerle (RB Leipzig)
Javi Muñoz,Las Palmas,Spain,Midfielder,28,69,69,1,69.0,63.0,68.0,70.0,62.0,69.0,4,3,1400000.0,Javi Muñoz (Las Palmas)
T. Mahrer,Austria Klagenfurt,Austria,Defender,33,69,69,1,36.0,30.0,47.0,52.0,69.0,77.0,3,2,675000.0,T. Mahrer (Austria Klagenfurt)
P. Stenzel,VfB Stuttgart,Germany,Defender,27,69,69,1,51.0,60.0,66.0,66.0,70.0,68.0,3,3,1300000.0,P. Stenzel (VfB Stuttgart)
Luciano Cacheira,Fortaleza,Brazil,Goalkeeper,27,69,69,1,0.0,0.0,0.0,0.0,0.0,0.0,2,1,1100000.0,Luciano Cacheira (Fortaleza)
Nosberto Vila,São Paulo,Brazil,Defender,27,69,69,1,60.0,56.0,63.0,68.0,68.0,71.0,3,3,1300000.0,Nosberto Vila (São Paulo)
Alson Botelho,Bragantino,Brazil,Midfielder,23,69,69,1,61.0,46.0,55.0,62.0,72.0,67.0,3,2,1400000.0,Alson Botelho (Bragantino)
Kaíque Mutto,Bragantino,Brazil,Goalkeeper,31,69,69,1,0.0,0.0,0.0,0.0,0.0,0.0,3,1,750000.0,Kaíque Mutto (Bragantino)
Jessé Ferdeira,Goiás,Brazil,Defender,31,69,69,1,65.0,53.0,64.0,57.0,68.0,68.0,1,2,1000000.0,Jessé Ferdeira (Goiás)
Ataúlfo Anjos,Goiás,Brazil,Defender,31,69,69,1,72.0,54.0,59.0,67.0,69.0,75.0,3,3,1000000.0,Ataúlfo Anjos (Goiás)
Emidio Hoffman,Bragantino,Brazil,Defender,27,69,69,1,50.0,53.0,56.0,55.0,70.0,72.0,3,2,1300000.0,Emidio Hoffman (Bragantino)
Roldão Riso,Botafogo,Brazil,Midfielder,31,69,69,1,65.0,50.0,69.0,63.0,70.0,68.0,3,2,975000.0,Roldão Riso (Botafogo)
Renaldo Justinho,América Mineiro,Brazil,Midfielder,27,69,69,1,71.0,60.0,68.0,70.0,42.0,57.0,4,3,1500000.0,Renaldo Justinho (América Mineiro)
Hedson Porfírio,Goiás,Brazil,Forward,27,69,69,1,77.0,57.0,72.0,68.0,36.0,49.0,2,3,1500000.0,Hedson Porfírio (Goiás)
Sandro Maceira,Athletico Paranaense,Brazil,Midfielder,31,69,69,1,70.0,65.0,71.0,70.0,46.0,63.0,3,3,1200000.0,Sandro Maceira (Athletico Paranaense)
Sevinho Santos,Fortaleza,Brazil,Forward,23,69,69,1,64.0,66.0,54.0,70.0,31.0,61.0,3,3,1600000.0,Sevinho Santos (Fortaleza)
Kaio Figueiras,Botafogo,Brazil,Defender,31,69,69,1,69.0,51.0,65.0,66.0,64.0,66.0,2,2,1000000.0,Kaio Figueiras (Botafogo)
J. Baez,Frosinone,Uruguay,Forward,28,69,69,1,73.0,65.0,66.0,72.0,31.0,55.0,3,3,1400000.0,J. Baez (Frosinone)
S. Grandsir,Le Havre,France,Forward,26,69,69,1,90.0,61.0,64.0,71.0,46.0,65.0,3,3,1500000.0,S. Grandsir (Le Havre)
Allan Ardaújo,Goiás,Brazil,Midfielder,35,69,69,1,64.0,60.0,70.0,69.0,37.0,61.0,4,3,575000.0,Allan Ardaújo (Goiás)
K. Andrić,Clermont,Serbia,Forward,28,69,69,1,60.0,68.0,53.0,66.0,29.0,70.0,3,3,1400000.0,K. Andrić (Clermont)
F. Pick,Heidenheim,Germany,Midfielder,27,69,69,1,78.0,61.0,61.0,74.0,29.0,50.0,4,4,1500000.0,F. Pick (Heidenheim)
K. Gjasula,Darmstadt 98,Albania,Midfielder,33,69,69,1,37.0,51.0,56.0,54.0,71.0,85.0,4,2,700000.0,K. Gjasula (Darmstadt 98)
F. Luckeneder,LASK Linz,Austria,Defender,29,69,69,1,47.0,30.0,42.0,48.0,70.0,74.0,3,2,1200000.0,F. Luckeneder (LASK Linz)
C. Ekuban,Genoa,Ghana,Forward,29,69,69,1,82.0,67.0,64.0,68.0,28.0,81.0,3,3,1400000.0,C. Ekuban (Genoa)
M. Marić,Monza,Croatia,Forward,28,69,69,1,68.0,70.0,53.0,64.0,28.0,70.0,3,3,1400000.0,M. Marić (Monza)
Matheus França,Crystal Palace,Brazil,Midfielder,19,68,85,1,82.0,70.0,58.0,75.0,35.0,63.0,4,4,3100000.0,Matheus França (Crystal Palace)
C. Ndour,Paris Saint Germain,Italy,Midfielder,18,68,84,1,55.0,61.0,68.0,68.0,57.0,70.0,5,3,3000000.0,C. Ndour (Paris Saint Germain)
D. Fofana,FC Union Berlin,Côte d'Ivoire,Forward,20,68,83,1,84.0,64.0,52.0,70.0,22.0,69.0,4,4,2900000.0,D. Fofana (FC Union Berlin)
Karrikaburu,Deportivo Alavés,Spain,Forward,20,68,83,1,71.0,68.0,52.0,67.0,26.0,58.0,3,3,2900000.0,Karrikaburu (Deportivo Alavés)
E. Bitshiabu,RB Leipzig,France,Defender,18,68,83,1,37.0,36.0,55.0,51.0,67.0,77.0,3,2,2600000.0,E. Bitshiabu (RB Leipzig)
J. Belocian,Rennes,France,Defender,18,68,83,1,64.0,40.0,62.0,65.0,69.0,66.0,3,2,2700000.0,J. Belocian (Rennes)
H. Diarra,Strasbourg,France,Midfielder,19,68,82,1,56.0,53.0,66.0,69.0,66.0,58.0,2,2,2900000.0,H. Diarra (Strasbourg)
Cristhian Mosquera,Valencia,Spain,Defender,19,68,82,1,60.0,39.0,54.0,53.0,69.0,64.0,3,2,2700000.0,Cristhian Mosquera (Valencia)
Ó. Cortés,Lens,Colombia,Forward,19,68,82,1,76.0,65.0,64.0,71.0,48.0,53.0,3,4,2900000.0,Ó. Cortés (Lens)
B. Omeragić,Montpellier,Switzerland,Defender,21,68,81,1,75.0,40.0,61.0,62.0,66.0,70.0,3,2,2800000.0,B. Omeragić (Montpellier)
A. Virginius,Lille,France,Midfielder,20,68,81,1,90.0,59.0,59.0,71.0,27.0,39.0,3,3,2900000.0,A. Virginius (Lille)
T. Kristensen,Udinese,Denmark,Defender,21,68,81,1,70.0,26.0,50.0,60.0,66.0,75.0,3,2,2800000.0,T. Kristensen (Udinese)
W. Odobert,Burnley,France,Forward,18,68,81,1,73.0,62.0,58.0,70.0,28.0,40.0,4,3,2800000.0,W. Odobert (Burnley)
H. Mejbri,Manchester United,Tunisia,Midfielder,20,68,80,1,73.0,60.0,69.0,69.0,62.0,71.0,3,3,2900000.0,H. Mejbri (Manchester United)
Zito Luvumbo,Cagliari,Angola,Forward,21,68,80,1,87.0,64.0,60.0,74.0,46.0,60.0,3,3,3000000.0,Zito Luvumbo (Cagliari)
É. Michut,Paris Saint Germain,France,Midfielder,20,68,80,1,63.0,53.0,67.0,73.0,65.0,50.0,3,3,2800000.0,É. Michut (Paris Saint Germain)
Turrientes,Real Sociedad,Spain,Midfielder,21,68,80,1,66.0,51.0,69.0,67.0,60.0,53.0,3,2,3000000.0,Turrientes (Real Sociedad)
J. Solís,Girona,Colombia,Midfielder,18,68,80,1,64.0,60.0,62.0,64.0,64.0,73.0,3,3,2800000.0,J. Solís (Girona)
G. Oristanio,Cagliari,Italy,Midfielder,20,68,80,1,87.0,62.0,64.0,72.0,45.0,51.0,4,3,2900000.0,G. Oristanio (Cagliari)
Rafa Marín,Deportivo Alavés,Spain,Defender,21,68,80,1,67.0,28.0,55.0,55.0,67.0,70.0,3,2,2800000.0,Rafa Marín (Deportivo Alavés)
Omorodion,Deportivo Alavés,Spain,Forward,19,68,80,1,62.0,69.0,49.0,64.0,20.0,64.0,3,3,2900000.0,Omorodion (Deportivo Alavés)
Murillo,Nottingham Forest,Brazil,Defender,20,68,80,1,69.0,33.0,55.0,58.0,67.0,70.0,3,2,2700000.0,Murillo (Nottingham Forest)
Y. Begraoui,Toulouse,France,Forward,21,68,79,1,75.0,64.0,58.0,71.0,21.0,61.0,5,3,2700000.0,Y. Begraoui (Toulouse)
B. Traoré,Wolverhampton Wanderers,Mali,Midfielder,21,68,79,1,64.0,49.0,63.0,68.0,63.0,70.0,2,2,2600000.0,B. Traoré (Wolverhampton Wanderers)
M. Akliouche,Monaco,France,Midfielder,21,68,79,1,72.0,60.0,65.0,73.0,45.0,56.0,3,3,2700000.0,M. Akliouche (Monaco)
D. Jean-Jacques,Metz,Haiti,Midfielder,23,68,79,1,68.0,51.0,64.0,67.0,66.0,71.0,3,2,2500000.0,D. Jean-Jacques (Metz)
A. Mendy,Nice,France,Defender,19,68,79,1,68.0,41.0,54.0,63.0,66.0,67.0,3,2,2500000.0,A. Mendy (Nice)
Alberto Marí,Valencia,Spain,Forward,21,68,79,1,64.0,69.0,54.0,64.0,27.0,59.0,4,2,2700000.0,Alberto Marí (Valencia)
M. Popa,Torino,Romania,Goalkeeper,22,68,78,1,0.0,0.0,0.0,0.0,0.0,0.0,2,1,2300000.0,M. Popa (Torino)
Javi López,Deportivo Alavés,Spain,Defender,21,68,78,1,72.0,28.0,53.0,57.0,67.0,66.0,3,2,2600000.0,Javi López (Deportivo Alavés)
W. Kamanzi,Toulouse,Norway,Defender,22,68,78,1,76.0,49.0,59.0,66.0,63.0,63.0,3,3,2600000.0,W. Kamanzi (Toulouse)
F. Mendy,Lorient,Senegal,Defender,22,68,78,1,75.0,37.0,55.0,59.0,68.0,72.0,3,2,2500000.0,F. Mendy (Lorient)
A. Baldé,Nice,Senegal,Forward,20,68,78,1,90.0,61.0,58.0,71.0,32.0,53.0,3,3,2600000.0,A. Baldé (Nice)
M. Lotka,Borussia Dortmund,Poland,Goalkeeper,22,68,78,1,0.0,0.0,0.0,0.0,0.0,0.0,3,1,2300000.0,M. Lotka (Borussia Dortmund)
F. Ebosele,Udinese,Republic of Ireland,Midfielder,20,68,78,1,91.0,45.0,57.0,73.0,57.0,76.0,3,2,2600000.0,F. Ebosele (Udinese)
O. Targhalline,Le Havre,Morocco,Midfielder,21,68,78,1,51.0,61.0,67.0,68.0,62.0,56.0,3,3,2700000.0,O. Targhalline (Le Havre)
A. Amraoui,Nice,Morocco,Defender,19,68,78,1,72.0,42.0,55.0,65.0,65.0,65.0,3,2,2500000.0,A. Amraoui (Nice)
Altimira,Real Betis,Spain,Midfielder,21,68,78,1,60.0,56.0,61.0,65.0,62.0,61.0,3,3,2700000.0,Altimira (Real Betis)
Martín,Rayo Vallecano,Spain,Defender,23,68,77,1,52.0,25.0,45.0,44.0,69.0,62.0,3,2,2500000.0,Martín (Rayo Vallecano)
F. Stojilković,Darmstadt 98,Switzerland,Forward,23,68,77,1,88.0,68.0,49.0,69.0,29.0,66.0,4,3,2700000.0,F. Stojilković (Darmstadt 98)
H. Keïta,Clermont,Mali,Midfielder,21,68,77,1,68.0,57.0,64.0,71.0,62.0,67.0,2,3,2700000.0,H. Keïta (Clermont)
J. Tchatchoua,Hellas Verona,Belgium,Defender,22,68,77,1,89.0,56.0,57.0,68.0,58.0,80.0,4,3,2600000.0,J. Tchatchoua (Hellas Verona)
Y. Kechta,Le Havre,Morocco,Midfielder,21,68,77,1,59.0,58.0,68.0,71.0,62.0,57.0,3,3,2700000.0,Y. Kechta (Le Havre)
A. Salama,Stade de Reims,France,Forward,22,68,77,1,66.0,68.0,50.0,66.0,25.0,61.0,3,3,2700000.0,A. Salama (Stade de Reims)
L. Diack,Nantes,Senegal,Midfielder,22,68,77,1,76.0,59.0,61.0,66.0,65.0,77.0,3,2,2600000.0,L. Diack (Nantes)
M. Milovanović,Almería,Serbia,Forward,19,68,77,1,57.0,69.0,47.0,66.0,21.0,62.0,3,3,2600000.0,M. Milovanović (Almería)
Gonzalez,Lazio,Paraguay,Forward,20,68,77,1,70.0,68.0,65.0,72.0,51.0,50.0,3,3,2600000.0,Gonzalez (Lazio)
R. Brewster,Sheffield United,England,Forward,23,68,76,1,80.0,69.0,55.0,71.0,20.0,61.0,3,3,2700000.0,R. Brewster (Sheffield United)
L. Leroy,Montpellier,France,Midfielder,23,68,76,1,54.0,56.0,69.0,69.0,61.0,66.0,3,3,2500000.0,L. Leroy (Montpellier)
João Ferreira,Udinese,Portugal,Defender,22,68,76,1,78.0,41.0,55.0,61.0,63.0,68.0,3,2,2600000.0,João Ferreira (Udinese)
T. Suslov,Hellas Verona,Slovakia,Forward,21,68,76,1,71.0,66.0,67.0,72.0,51.0,66.0,3,3,2700000.0,T. Suslov (Hellas Verona)
J. Olschowsky,Borussia Mönchengladbach,Germany,Goalkeeper,21,68,76,1,0.0,0.0,0.0,0.0,0.0,0.0,3,1,2300000.0,J. Olschowsky (Borussia Mönchengladbach)
E. Emegha,Strasbourg,Netherlands,Forward,20,68,76,1,79.0,65.0,51.0,66.0,30.0,74.0,3,2,2700000.0,E. Emegha (Strasbourg)
M. Kaba,Lecce,France,Midfielder,21,68,76,1,66.0,52.0,57.0,64.0,64.0,77.0,3,2,2600000.0,M. Kaba (Lecce)
C. Früchtl,Austria Wien,Germany,Goalkeeper,23,68,75,1,0.0,0.0,0.0,0.0,0.0,0.0,2,1,2100000.0,C. Früchtl (Austria Wien)
P. Pellegri,Torino,Italy,Forward,22,68,75,1,63.0,68.0,54.0,68.0,21.0,62.0,3,3,2500000.0,P. Pellegri (Torino)
R. Massimo,VfB Stuttgart,Germany,Midfielder,22,68,75,1,86.0,60.0,57.0,71.0,53.0,63.0,5,3,2500000.0,R. Massimo (VfB Stuttgart)
A. Jukic,Austria Wien,Austria,Midfielder,22,68,75,1,72.0,66.0,69.0,69.0,54.0,69.0,3,3,2400000.0,A. Jukic (Austria Wien)
I. Soumaré,Le Havre,Senegal,Forward,22,68,75,1,82.0,64.0,59.0,68.0,19.0,61.0,2,3,2500000.0,I. Soumaré (Le Havre)
E. Darboe,LASK Linz,Gambia,Midfielder,22,68,75,1,58.0,46.0,64.0,65.0,63.0,58.0,3,3,2300000.0,E. Darboe (LASK Linz)
Y. Konoplia,Shakhtar Donetsk,Ukraine,Defender,23,68,75,1,77.0,43.0,63.0,60.0,64.0,62.0,2,2,2300000.0,Y. Konoplia (Shakhtar Donetsk)
A. Adams,Montpellier,Nigeria,Forward,23,68,75,1,80.0,66.0,53.0,65.0,29.0,76.0,3,3,2400000.0,A. Adams (Montpellier)
Adson,Nantes,Brazil,Midfielder,22,68,75,1,74.0,56.0,69.0,73.0,41.0,43.0,2,3,2500000.0,Adson (Nantes)
P. Almqvist,Lecce,Sweden,Forward,23,68,74,1,88.0,64.0,64.0,72.0,38.0,53.0,4,4,1900000.0,P. Almqvist (Lecce)
H. Guenouche,Austria Wien,France,Midfielder,23,68,74,1,84.0,54.0,61.0,70.0,56.0,58.0,3,3,1900000.0,H. Guenouche (Austria Wien)
M. Taloverov,LASK Linz,Ukraine,Defender,23,68,74,1,58.0,38.0,54.0,56.0,67.0,75.0,3,2,1700000.0,M. Taloverov (LASK Linz)
V. Müller,WSG Tirol,Austria,Midfielder,24,68,73,1,70.0,58.0,65.0,68.0,62.0,68.0,3,2,1700000.0,V. Müller (WSG Tirol)
A. Andrade,LASK Linz,Panama,Defender,24,68,73,1,74.0,51.0,59.0,64.0,66.0,76.0,3,2,1600000.0,A. Andrade (LASK Linz)
A. Di Pardo,Cagliari,Italy,Defender,23,68,73,1,70.0,51.0,66.0,70.0,63.0,63.0,3,3,1700000.0,A. Di Pardo (Cagliari)
L. Fridrikas,Austria Lustenau,Austria,Forward,25,68,73,1,77.0,68.0,61.0,68.0,30.0,65.0,3,3,1800000.0,L. Fridrikas (Austria Lustenau)
R. Marchizza,Frosinone,Italy,Defender,25,68,72,1,57.0,30.0,57.0,64.0,69.0,65.0,3,2,1600000.0,R. Marchizza (Frosinone)
A. Jakubech,Lille,Slovakia,Goalkeeper,26,68,72,1,0.0,0.0,0.0,0.0,0.0,0.0,3,1,1300000.0,A. Jakubech (Lille)
M. Zetterer,Werder Bremen,Germany,Goalkeeper,27,68,71,1,0.0,0.0,0.0,0.0,0.0,0.0,5,1,1200000.0,M. Zetterer (Werder Bremen)
F. Ronstadt,Darmstadt 98,Germany,Defender,25,68,71,1,76.0,51.0,60.0,66.0,62.0,67.0,3,2,1500000.0,F. Ronstadt (Darmstadt 98)
A. Beck,Heidenheim,Germany,Midfielder,26,68,71,1,61.0,63.0,67.0,63.0,62.0,72.0,3,2,1600000.0,A. Beck (Heidenheim)
N. Cvetkovic,Rapid Wien,Serbia,Defender,27,68,71,1,77.0,39.0,48.0,40.0,68.0,74.0,4,2,1400000.0,N. Cvetkovic (Rapid Wien)
M. Caillard,Metz,France,Goalkeeper,29,68,70,1,0.0,0.0,0.0,0.0,0.0,0.0,3,1,1000000.0,M. Caillard (Metz)
J. Heil,Hartberg,Austria,Defender,26,68,70,1,66.0,60.0,63.0,65.0,64.0,75.0,3,3,1400000.0,J. Heil (Hartberg)
S. Kennedy,Wolfsberger AC,Canada,Defender,26,68,70,1,79.0,29.0,45.0,48.0,68.0,72.0,3,2,1300000.0,S. Kennedy (Wolfsberger AC)
E. Capradossi,Cagliari,Italy,Defender,27,68,69,1,59.0,36.0,55.0,59.0,70.0,68.0,5,2,1200000.0,E. Capradossi (Cagliari)
G. Pușcaș,Genoa,Romania,Forward,27,68,69,1,67.0,68.0,53.0,64.0,36.0,70.0,2,3,1400000.0,G. Pușcaș (Genoa)
M. Shved,Shakhtar Donetsk,Ukraine,Midfielder,25,68,69,1,73.0,68.0,61.0,72.0,36.0,49.0,3,3,1400000.0,M. Shved (Shakhtar Donetsk)
A. Seydel,Darmstadt 98,Germany,Forward,27,68,69,1,70.0,64.0,55.0,67.0,29.0,63.0,4,3,1400000.0,A. Seydel (Darmstadt 98)
L. Grgic,Rapid Wien,Austria,Midfielder,27,68,69,1,67.0,44.0,60.0,61.0,65.0,82.0,3,2,1200000.0,L. Grgic (Rapid Wien)
L. Pfeiffer,Darmstadt 98,Germany,Forward,26,68,69,1,46.0,68.0,50.0,60.0,33.0,81.0,3,2,1400000.0,L. Pfeiffer (Darmstadt 98)
E. Karic,Darmstadt 98,Austria,Defender,26,68,69,1,69.0,44.0,60.0,63.0,64.0,75.0,2,2,1300000.0,E. Karic (Darmstadt 98)
K. Van Den Kerkhof,Metz,Algeria,Defender,27,68,69,1,72.0,65.0,62.0,67.0,63.0,73.0,2,2,1300000.0,K. Van Den Kerkhof (Metz)
L. Butelle,Stade de Reims,France,Goalkeeper,40,68,68,1,0.0,0.0,0.0,0.0,0.0,0.0,3,1,130000.0,L. Butelle (Stade de Reims)
Iván Cuéllar,Mallorca,Spain,Goalkeeper,39,68,68,1,0.0,0.0,0.0,0.0,0.0,0.0,3,1,130000.0,Iván Cuéllar (Mallorca)
V. Fiorillo,Salernitana,Italy,Goalkeeper,33,68,68,1,0.0,0.0,0.0,0.0,0.0,0.0,3,1,400000.0,V. Fiorillo (Salernitana)
A. Nuhiu,Rheindorf Altach,Kosovo,Forward,33,68,68,1,32.0,68.0,58.0,61.0,40.0,79.0,4,3,775000.0,A. Nuhiu (Rheindorf Altach)
S. Hierländer,Sturm Graz,Austria,Midfielder,32,68,68,1,67.0,67.0,68.0,71.0,65.0,69.0,3,3,950000.0,S. Hierländer (Sturm Graz)
J. Siebenhandl,LASK Linz,Austria,Goalkeeper,33,68,68,1,0.0,0.0,0.0,0.0,0.0,0.0,3,1,400000.0,J. Siebenhandl (LASK Linz)
A. Letellier,Paris Saint Germain,France,Goalkeeper,32,68,68,1,0.0,0.0,0.0,0.0,0.0,0.0,2,1,600000.0,A. Letellier (Paris Saint Germain)
D. Potts,Luton Town,England,Defender,29,68,68,1,65.0,38.0,56.0,60.0,69.0,68.0,3,2,1000000.0,D. Potts (Luton Town)
Cristian Herrera,Las Palmas,Spain,Midfielder,32,68,68,1,71.0,67.0,65.0,63.0,47.0,81.0,3,3,950000.0,Cristian Herrera (Las Palmas)
M. Zeffane,Clermont,Algeria,Defender,31,68,68,1,69.0,61.0,64.0,65.0,64.0,64.0,3,3,875000.0,M. Zeffane (Clermont)
A. Touré,Le Havre,France,Midfielder,29,68,68,1,39.0,56.0,59.0,55.0,69.0,77.0,3,2,1000000.0,A. Touré (Le Havre)
S. Piesinger,Wolfsberger AC,Austria,Defender,31,68,68,1,35.0,52.0,60.0,56.0,67.0,77.0,2,2,825000.0,S. Piesinger (Wolfsberger AC)
R. Ranftl,Austria Wien,Austria,Midfielder,31,68,68,1,72.0,56.0,64.0,67.0,64.0,72.0,3,3,1000000.0,R. Ranftl (Austria Wien)
M. Hofmann,Rapid Wien,Austria,Defender,29,68,68,1,61.0,39.0,51.0,51.0,67.0,72.0,3,2,1000000.0,M. Hofmann (Rapid Wien)
R. Framberger,FC Augsburg,Germany,Defender,27,68,68,1,79.0,41.0,55.0,57.0,66.0,61.0,3,2,1200000.0,R. Framberger (FC Augsburg)
L. Mousset,VfL Bochum 1848,France,Forward,27,68,68,1,78.0,67.0,55.0,70.0,24.0,61.0,3,3,1300000.0,L. Mousset (VfL Bochum 1848)
L. Berry,Luton Town,England,Midfielder,30,68,68,1,68.0,65.0,66.0,70.0,61.0,68.0,3,3,1200000.0,L. Berry (Luton Town)
B. Jovičić,LASK Linz,Serbia,Midfielder,30,68,68,1,67.0,51.0,60.0,65.0,66.0,69.0,3,2,1000000.0,B. Jovičić (LASK Linz)
A. Deiola,Cagliari,Italy,Midfielder,27,68,68,1,61.0,66.0,63.0,63.0,68.0,78.0,3,2,1300000.0,A. Deiola (Cagliari)
Paulo Fajarda,Goiás,Brazil,Defender,31,68,68,1,52.0,33.0,47.0,40.0,70.0,67.0,3,2,825000.0,Paulo Fajarda (Goiás)
Jadson Castrelo,Fluminense,Brazil,Midfielder,27,68,68,1,52.0,51.0,57.0,63.0,66.0,78.0,3,2,1100000.0,Jadson Castrelo (Fluminense)
Antonaldo Laforte,Fluminense,Brazil,Midfielder,31,68,68,1,63.0,65.0,68.0,61.0,26.0,72.0,3,3,1000000.0,Antonaldo Laforte (Fluminense)
Kaio Aldair,Fortaleza,Brazil,Defender,31,68,68,1,78.0,56.0,62.0,66.0,63.0,51.0,3,2,875000.0,Kaio Aldair (Fortaleza)
Paulo Mesqueira,Goiás,Brazil,Midfielder,35,68,68,1,52.0,69.0,71.0,66.0,64.0,65.0,5,2,475000.0,Paulo Mesqueira (Goiás)
Helito Caldeira,Fluminense,Brazil,Defender,27,68,68,1,63.0,54.0,60.0,64.0,68.0,73.0,3,2,1200000.0,Helito Caldeira (Fluminense)
Melvin Regalito,Athletico Paranaense,Brazil,Midfielder,31,68,68,1,63.0,60.0,66.0,69.0,30.0,67.0,3,3,1000000.0,Melvin Regalito (Athletico Paranaense)
Lucas Galvão,Austria Wien,Brazil,Defender,32,68,68,1,69.0,49.0,61.0,66.0,68.0,71.0,3,3,775000.0,Lucas Galvão (Austria Wien)
S. Ghoddos,Brentford,Iran,Midfielder,29,68,68,1,58.0,71.0,68.0,68.0,52.0,65.0,3,4,1200000.0,S. Ghoddos (Brentford)
Tomás Nuninho,Santos,Brazil,Midfielder,27,68,68,1,50.0,49.0,61.0,60.0,66.0,77.0,3,2,1100000.0,Tomás Nuninho (Santos)
Óscar Sendinho,Goiás,Brazil,Midfielder,35,68,68,1,63.0,57.0,68.0,66.0,61.0,71.0,3,2,350000.0,Óscar Sendinho (Goiás)
Davide Eustáquio,Santos,Brazil,Midfielder,31,68,68,1,68.0,62.0,62.0,69.0,33.0,57.0,4,3,1000000.0,Davide Eustáquio (Santos)
S. Schimmer,Heidenheim,Germany,Forward,29,68,68,1,64.0,68.0,45.0,63.0,29.0,72.0,4,2,1200000.0,S. Schimmer (Heidenheim)
O. Andrievskyi,Dynamo Kyiv,Ukraine,Midfielder,29,68,68,1,66.0,50.0,64.0,62.0,64.0,70.0,2,2,1000000.0,O. Andrievskyi (Dynamo Kyiv)
M. Fischer,Austria Wien,Austria,Midfielder,27,68,68,1,71.0,64.0,68.0,68.0,49.0,76.0,4,3,1300000.0,M. Fischer (Austria Wien)
M. Martins,Austria Wien,Luxembourg,Defender,28,68,68,1,75.0,50.0,58.0,58.0,69.0,75.0,2,2,1000000.0,M. Martins (Austria Wien)
S. Pafundi,Udinese,Italy,Midfielder,17,67,86,1,78.0,65.0,66.0,73.0,46.0,48.0,3,3,2500000.0,S. Pafundi (Udinese)
C. Volpato,Sassuolo,Italy,Midfielder,19,67,84,1,67.0,64.0,64.0,69.0,39.0,58.0,3,3,2600000.0,C. Volpato (Sassuolo)
L. Koleosho,Burnley,Italy,Midfielder,18,67,84,1,85.0,59.0,59.0,74.0,30.0,47.0,4,3,2600000.0,L. Koleosho (Burnley)
Deivid Washington,Chelsea,Brazil,Forward,18,67,84,1,77.0,67.0,52.0,69.0,29.0,59.0,3,3,2600000.0,Deivid Washington (Chelsea)
Iker Bravo,Real Madrid,Spain,Forward,18,67,83,1,68.0,68.0,53.0,67.0,23.0,56.0,4,3,2600000.0,Iker Bravo (Real Madrid)
H. Larsson,Eintracht Frankfurt,Sweden,Midfielder,19,67,83,1,76.0,56.0,60.0,67.0,60.0,75.0,3,2,2600000.0,H. Larsson (Eintracht Frankfurt)
D. Sarmiento,Manchester City,Argentina,Forward,20,67,82,1,77.0,62.0,61.0,74.0,39.0,42.0,3,3,2500000.0,D. Sarmiento (Manchester City)
B. Traore,Sheffield United,Côte d'Ivoire,Forward,20,67,82,1,86.0,65.0,54.0,73.0,32.0,63.0,3,3,2500000.0,B. Traore (Sheffield United)
L. Querfeld,Rapid Wien,Austria,Defender,19,67,82,1,61.0,40.0,47.0,50.0,65.0,77.0,3,2,2300000.0,L. Querfeld (Rapid Wien)
M. El Arouch,Olympique Lyonnais,France,Midfielder,19,67,82,1,74.0,60.0,65.0,74.0,51.0,54.0,3,4,2400000.0,M. El Arouch (Olympique Lyonnais)
Diego Moreira,Olympique Lyonnais,Portugal,Midfielder,18,67,82,1,86.0,58.0,56.0,75.0,31.0,66.0,3,3,2400000.0,Diego Moreira (Olympique Lyonnais)
Alarcón,FC Barcelona,Spain,Forward,19,67,82,1,68.0,67.0,58.0,68.0,19.0,55.0,4,4,2400000.0,Alarcón (FC Barcelona)
C. Palmer,Chelsea,England,Forward,21,67,81,1,74.0,66.0,62.0,70.0,46.0,57.0,3,4,2500000.0,C. Palmer (Chelsea)
T. Iroegbunam,Aston Villa,England,Midfielder,20,67,81,1,66.0,57.0,63.0,66.0,62.0,70.0,4,3,2300000.0,T. Iroegbunam (Aston Villa)
D. Kameri,Salzburg,Austria,Midfielder,19,67,81,1,74.0,66.0,63.0,70.0,38.0,63.0,3,3,2400000.0,D. Kameri (Salzburg)
I. Kostis,Atlético Madrid,Cyprus,Defender,20,67,81,1,62.0,22.0,44.0,50.0,66.0,71.0,3,2,2300000.0,I. Kostis (Atlético Madrid)
K. Konaté,Salzburg,Côte d'Ivoire,Forward,19,67,81,1,80.0,67.0,52.0,68.0,39.0,59.0,3,3,2400000.0,K. Konaté (Salzburg)
D. Maldini,Empoli,Italy,Midfielder,21,67,80,1,70.0,60.0,65.0,70.0,39.0,51.0,4,3,2500000.0,D. Maldini (Empoli)
C. Egan-Riley,Burnley,England,Defender,20,67,80,1,67.0,32.0,56.0,60.0,66.0,74.0,3,2,2300000.0,C. Egan-Riley (Burnley)
I. Housni,Paris Saint Germain,France,Forward,18,67,80,1,70.0,67.0,57.0,70.0,26.0,57.0,3,2,2400000.0,I. Housni (Paris Saint Germain)
O. Diakité,Stade de Reims,Côte d'Ivoire,Forward,19,67,80,1,79.0,68.0,56.0,66.0,18.0,60.0,3,2,2400000.0,O. Diakité (Stade de Reims)
G. Infantino,Fiorentina,Argentina,Forward,20,67,79,1,75.0,61.0,64.0,71.0,48.0,59.0,3,3,2500000.0,G. Infantino (Fiorentina)
P. Aaronson,Eintracht Frankfurt,United States,Midfielder,19,67,79,1,77.0,57.0,63.0,70.0,37.0,47.0,3,4,2400000.0,P. Aaronson (Eintracht Frankfurt)
M. Bangré,Toulouse,Burkina Faso,Midfielder,22,67,79,1,68.0,57.0,66.0,70.0,45.0,46.0,2,3,2500000.0,M. Bangré (Toulouse)
C. Riedel,Darmstadt 98,Germany,Defender,19,67,79,1,43.0,27.0,46.0,54.0,69.0,64.0,3,2,2300000.0,C. Riedel (Darmstadt 98)
Bryan,Granada,Spain,Midfielder,21,67,79,1,74.0,67.0,64.0,69.0,30.0,43.0,4,3,2500000.0,Bryan (Granada)
D. Sikan,Shakhtar Donetsk,Ukraine,Forward,22,67,78,1,79.0,68.0,49.0,65.0,26.0,58.0,2,2,2300000.0,D. Sikan (Shakhtar Donetsk)
N. Woltemade,Werder Bremen,Germany,Forward,21,67,78,1,67.0,66.0,58.0,63.0,37.0,68.0,3,3,2300000.0,N. Woltemade (Werder Bremen)
A. Forson,Salzburg,Ghana,Midfielder,20,67,78,1,86.0,53.0,62.0,73.0,54.0,50.0,3,3,2200000.0,A. Forson (Salzburg)
J. Makengo,SC Freiburg,France,Defender,21,67,78,1,80.0,27.0,58.0,58.0,66.0,71.0,3,2,2200000.0,J. Makengo (SC Freiburg)
Beñat Prados,Athletic Club,Spain,Defender,22,67,78,1,62.0,58.0,63.0,66.0,71.0,54.0,3,2,2100000.0,Beñat Prados (Athletic Club)
T. Mengi,Luton Town,England,Defender,21,67,77,1,79.0,39.0,54.0,57.0,65.0,69.0,3,2,2100000.0,T. Mengi (Luton Town)
Pablo Gozálbez,Valencia,Spain,Midfielder,22,67,77,1,56.0,66.0,64.0,69.0,49.0,46.0,4,3,2300000.0,Pablo Gozálbez (Valencia)
E. Dinkçi,Heidenheim,Germany,Midfielder,21,67,77,1,82.0,66.0,59.0,68.0,28.0,54.0,3,3,2300000.0,E. Dinkçi (Heidenheim)
D. Nene,Salzburg,Mali,Forward,20,67,77,1,85.0,70.0,61.0,72.0,37.0,54.0,4,3,2300000.0,D. Nene (Salzburg)
J. Njinmah,Werder Bremen,Germany,Forward,22,67,77,1,91.0,65.0,56.0,69.0,24.0,54.0,3,3,2300000.0,J. Njinmah (Werder Bremen)
Domingos Quina,Udinese,Portugal,Midfielder,23,67,76,1,68.0,66.0,65.0,71.0,44.0,47.0,3,3,2300000.0,Domingos Quina (Udinese)
K. Scherpen,Sturm Graz,Netherlands,Goalkeeper,23,67,76,1,0.0,0.0,0.0,0.0,0.0,0.0,5,1,2000000.0,K. Scherpen (Sturm Graz)
M. Broschinski,VfL Bochum 1848,Germany,Forward,22,67,76,1,74.0,65.0,57.0,65.0,31.0,61.0,3,3,2300000.0,M. Broschinski (VfL Bochum 1848)
E. Ceïde,Sassuolo,Norway,Forward,21,67,76,1,78.0,56.0,57.0,73.0,33.0,49.0,2,4,2300000.0,E. Ceïde (Sassuolo)
Olasagasti,Real Sociedad,Spain,Midfielder,22,67,76,1,61.0,61.0,65.0,61.0,64.0,69.0,3,2,2300000.0,Olasagasti (Real Sociedad)
K. Schmidt,SC Freiburg,Germany,Defender,21,67,76,1,76.0,26.0,49.0,52.0,67.0,70.0,4,2,2100000.0,K. Schmidt (SC Freiburg)
Trilli,FC Barcelona,Spain,Defender,20,67,76,1,62.0,27.0,52.0,55.0,66.0,57.0,3,3,2100000.0,Trilli (FC Barcelona)
L. Belardinelli,Empoli,Italy,Midfielder,22,67,76,1,68.0,51.0,63.0,61.0,64.0,70.0,3,2,2200000.0,L. Belardinelli (Empoli)
T. Stewart,Salernitana,Jamaica,Forward,23,67,76,1,82.0,67.0,59.0,67.0,35.0,72.0,3,3,2300000.0,T. Stewart (Salernitana)
C. Coventry,West Ham United,Republic of Ireland,Midfielder,23,67,75,1,64.0,53.0,67.0,68.0,64.0,65.0,3,2,2100000.0,C. Coventry (West Ham United)
G. Bello,LASK Linz,United States,Defender,21,67,75,1,84.0,45.0,55.0,70.0,61.0,60.0,3,3,2200000.0,G. Bello (LASK Linz)
S. Ngapandouetnbu,Olympique de Marseille,Cameroon,Goalkeeper,20,67,75,1,0.0,0.0,0.0,0.0,0.0,0.0,3,1,1900000.0,S. Ngapandouetnbu (Olympique de Marseille)
A. Slimane,Sheffield United,Tunisia,Midfielder,22,67,75,1,66.0,59.0,62.0,69.0,58.0,77.0,4,4,2300000.0,A. Slimane (Sheffield United)
Martín Calderón,Cádiz,Spain,Midfielder,24,67,75,1,67.0,61.0,68.0,63.0,64.0,58.0,3,2,2100000.0,Martín Calderón (Cádiz)
B. Zimmermann,Wolfsberger AC,Austria,Forward,21,67,75,1,72.0,68.0,56.0,67.0,31.0,76.0,4,3,2300000.0,B. Zimmermann (Wolfsberger AC)
M. Meisl,Austria Wien,Austria,Defender,22,67,75,1,61.0,29.0,47.0,52.0,66.0,76.0,3,2,2100000.0,M. Meisl (Austria Wien)
G. Dietsch,Metz,France,Goalkeeper,22,67,74,1,0.0,0.0,0.0,0.0,0.0,0.0,2,1,1800000.0,G. Dietsch (Metz)
I. Coulibaly,Sheffield United,Mali,Midfielder,22,67,74,1,77.0,63.0,62.0,70.0,62.0,67.0,4,4,2100000.0,I. Coulibaly (Sheffield United)
T. Sabitzer,Wolfsberger AC,Austria,Forward,22,67,74,1,76.0,64.0,60.0,70.0,27.0,66.0,3,3,2100000.0,T. Sabitzer (Wolfsberger AC)
J. Casimir,Le Havre,France,Forward,21,67,74,1,83.0,65.0,58.0,68.0,41.0,65.0,3,3,2100000.0,J. Casimir (Le Havre)
Pablo Ibáñez,Osasuna,Spain,Midfielder,24,67,74,1,57.0,58.0,63.0,63.0,59.0,55.0,3,2,2000000.0,Pablo Ibáñez (Osasuna)
R. Providence,Hartberg,France,Forward,21,67,74,1,83.0,64.0,56.0,75.0,29.0,53.0,3,4,2100000.0,R. Providence (Hartberg)
J. Osei-Tutu,VfL Bochum 1848,England,Midfielder,24,67,73,1,88.0,60.0,59.0,70.0,59.0,62.0,3,3,1600000.0,J. Osei-Tutu (VfL Bochum 1848)
N. Baden Frederiksen,Austria Lustenau,Denmark,Forward,23,67,73,1,74.0,68.0,60.0,68.0,23.0,63.0,3,3,1600000.0,N. Baden Frederiksen (Austria Lustenau)
S. Benda,Fulham,Germany,Goalkeeper,24,67,73,1,0.0,0.0,0.0,0.0,0.0,0.0,3,1,1300000.0,S. Benda (Fulham)
T. Lawal,LASK Linz,Austria,Goalkeeper,23,67,73,1,0.0,0.0,0.0,0.0,0.0,0.0,3,1,1300000.0,T. Lawal (LASK Linz)
A. Pejić,Rapid Wien,Serbia,Midfielder,23,67,73,1,50.0,45.0,56.0,61.0,66.0,74.0,3,2,1500000.0,A. Pejić (Rapid Wien)
I. Mustapha,LASK Linz,Ghana,Forward,23,67,73,1,90.0,64.0,59.0,69.0,40.0,73.0,2,3,1600000.0,I. Mustapha (LASK Linz)
N. Loosli,VfL Bochum 1848,Switzerland,Defender,26,67,72,1,70.0,44.0,47.0,55.0,66.0,76.0,3,2,1300000.0,N. Loosli (VfL Bochum 1848)
A. Papadopoulos,Borussia Dortmund,Germany,Defender,23,67,72,1,65.0,30.0,46.0,57.0,64.0,81.0,3,2,1400000.0,A. Papadopoulos (Borussia Dortmund)
Y. Armougom,Clermont,France,Defender,25,67,72,1,79.0,42.0,55.0,65.0,60.0,67.0,3,2,1400000.0,Y. Armougom (Clermont)
M. Taferner,WSG Tirol,Austria,Midfielder,22,67,72,1,73.0,60.0,65.0,71.0,59.0,57.0,3,3,1600000.0,M. Taferner (WSG Tirol)
S. Ogrinec,WSG Tirol,Slovenia,Midfielder,25,67,72,1,70.0,58.0,64.0,68.0,46.0,65.0,3,3,1500000.0,S. Ogrinec (WSG Tirol)
P. Menzel,Austria Klagenfurt,Germany,Goalkeeper,24,67,71,1,0.0,0.0,0.0,0.0,0.0,0.0,3,1,1200000.0,P. Menzel (Austria Klagenfurt)
A. Borkovic,Sturm Graz,Austria,Defender,24,67,71,1,64.0,34.0,55.0,53.0,68.0,66.0,3,2,1300000.0,A. Borkovic (Sturm Graz)
K. Fila,Strasbourg,Poland,Defender,25,67,71,1,76.0,50.0,58.0,68.0,62.0,69.0,2,3,1300000.0,K. Fila (Strasbourg)
A. Schmidt,Austria Wien,Austria,Forward,25,67,71,1,52.0,65.0,47.0,62.0,33.0,76.0,3,2,1400000.0,A. Schmidt (Austria Wien)
N. Zortea,Atalanta,Italy,Defender,24,67,71,1,69.0,45.0,53.0,65.0,66.0,57.0,1,2,1400000.0,N. Zortea (Atalanta)
A. Olliero,Stade de Reims,France,Goalkeeper,27,67,70,1,0.0,0.0,0.0,0.0,0.0,0.0,2,1,1000000.0,A. Olliero (Stade de Reims)
E. Sabbi,Le Havre,United States,Forward,25,67,70,1,91.0,61.0,56.0,70.0,38.0,59.0,4,4,1300000.0,E. Sabbi (Le Havre)
S. Perilli,Hellas Verona,Italy,Goalkeeper,28,67,69,1,0.0,0.0,0.0,0.0,0.0,0.0,2,1,875000.0,S. Perilli (Hellas Verona)
N. Contini,Napoli,Ukraine,Goalkeeper,27,67,69,1,0.0,0.0,0.0,0.0,0.0,0.0,1,1,925000.0,N. Contini (Napoli)
D. Schierl,Austria Lustenau,Austria,Goalkeeper,28,67,69,1,0.0,0.0,0.0,0.0,0.0,0.0,2,1,875000.0,D. Schierl (Austria Lustenau)
C. Goode,Brentford,England,Defender,27,67,69,1,55.0,32.0,49.0,55.0,66.0,74.0,2,2,1100000.0,C. Goode (Brentford)
C. Reiner,Rheindorf Altach,Austria,Defender,25,67,69,1,40.0,29.0,54.0,40.0,66.0,78.0,2,2,1100000.0,C. Reiner (Rheindorf Altach)
H. Bonmann,Wolfsberger AC,Germany,Goalkeeper,29,67,68,1,0.0,0.0,0.0,0.0,0.0,0.0,5,1,775000.0,H. Bonmann (Wolfsberger AC)
D. Avdijaj,Hartberg,Kosovo,Midfielder,26,67,68,1,78.0,65.0,62.0,71.0,24.0,65.0,4,4,1200000.0,D. Avdijaj (Hartberg)
S. Gori,Monza,Italy,Goalkeeper,27,67,68,1,0.0,0.0,0.0,0.0,0.0,0.0,3,1,875000.0,S. Gori (Monza)
K. Lulić,Frosinone,Croatia,Midfielder,27,67,68,1,63.0,64.0,67.0,66.0,55.0,69.0,5,3,1200000.0,K. Lulić (Frosinone)
C. Kühlwetter,Heidenheim,Germany,Forward,27,67,68,1,67.0,66.0,61.0,68.0,34.0,73.0,3,3,1200000.0,C. Kühlwetter (Heidenheim)
P. Greil,Rapid Wien,Austria,Midfielder,26,67,68,1,68.0,61.0,68.0,67.0,51.0,65.0,3,3,1200000.0,P. Greil (Rapid Wien)
D. Petrić,Nantes,Slovenia,Goalkeeper,35,67,67,1,0.0,0.0,0.0,0.0,0.0,0.0,2,1,110000.0,D. Petrić (Nantes)
J. Holland,Austria Wien,Australia,Midfielder,34,67,67,1,53.0,61.0,65.0,67.0,65.0,70.0,4,2,350000.0,J. Holland (Austria Wien)
M. Sollbauer,Rapid Wien,Austria,Defender,33,67,67,1,54.0,28.0,45.0,51.0,66.0,77.0,3,2,475000.0,M. Sollbauer (Rapid Wien)
S. Bidaoui,Frosinone,Morocco,Forward,33,67,67,1,77.0,64.0,61.0,73.0,30.0,49.0,4,4,625000.0,S. Bidaoui (Frosinone)
J. Shea,Luton Town,England,Goalkeeper,32,67,67,1,0.0,0.0,0.0,0.0,0.0,0.0,2,1,500000.0,J. Shea (Luton Town)
M. Gorgelin,Le Havre,France,Goalkeeper,32,67,67,1,0.0,0.0,0.0,0.0,0.0,0.0,2,1,500000.0,M. Gorgelin (Le Havre)
M. Potzmann,Austria Wien,Austria,Defender,29,67,67,1,71.0,62.0,61.0,67.0,64.0,67.0,3,3,900000.0,M. Potzmann (Austria Wien)
T. Röcher,Wolfsberger AC,Austria,Forward,32,67,67,1,67.0,68.0,62.0,69.0,23.0,68.0,5,4,825000.0,T. Röcher (Wolfsberger AC)
T. Kainz,Hartberg,Austria,Midfielder,30,67,67,1,71.0,58.0,65.0,65.0,64.0,67.0,3,2,850000.0,T. Kainz (Hartberg)
B. Blume,WSG Tirol,Denmark,Midfielder,31,67,67,1,72.0,60.0,65.0,69.0,61.0,70.0,3,3,825000.0,B. Blume (WSG Tirol)
M. Leitgeb,Wolfsberger AC,Austria,Midfielder,35,67,67,1,34.0,55.0,60.0,60.0,68.0,70.0,3,2,275000.0,M. Leitgeb (Wolfsberger AC)
N. Mbemba,Le Havre,Congo DR,Midfielder,28,67,67,1,66.0,60.0,65.0,68.0,63.0,73.0,3,3,1000000.0,N. Mbemba (Le Havre)
K. Dermaku,Lecce,Albania,Defender,31,67,67,1,33.0,38.0,47.0,45.0,67.0,74.0,3,2,700000.0,K. Dermaku (Lecce)
Narcisso Mo,Goiás,Brazil,Defender,23,67,67,1,64.0,55.0,61.0,57.0,63.0,66.0,4,2,1100000.0,Narcisso Mo (Goiás)
Botelhinonsa,Athletico Paranaense,Brazil,Defender,23,67,67,1,62.0,52.0,59.0,56.0,69.0,73.0,3,2,1100000.0,Botelhinonsa (Athletico Paranaense)
Kauã Zanson,Fluminense,Brazil,Defender,27,67,67,1,65.0,45.0,49.0,62.0,70.0,59.0,3,2,950000.0,Kauã Zanson (Fluminense)
Jadenilson Baia,Corinthians,Brazil,Defender,35,67,67,1,76.0,48.0,58.0,63.0,62.0,63.0,3,2,325000.0,Jadenilson Baia (Corinthians)
Welson Leima,América Mineiro,Brazil,Midfielder,27,67,67,1,45.0,39.0,63.0,47.0,67.0,68.0,3,2,950000.0,Welson Leima (América Mineiro)
Gustavo Pastinho,Internacional,Brazil,Forward,31,67,67,1,81.0,69.0,54.0,73.0,33.0,66.0,3,3,850000.0,Gustavo Pastinho (Internacional)
Adriano Junqueiras,Corinthians,Brazil,Defender,27,67,67,1,52.0,29.0,34.0,45.0,67.0,74.0,3,2,950000.0,Adriano Junqueiras (Corinthians)
Rômulão Selva,América Mineiro,Brazil,Forward,31,67,67,1,79.0,61.0,60.0,74.0,23.0,60.0,5,4,850000.0,Rômulão Selva (América Mineiro)
Rafael de Aseiro,São Paulo,Brazil,Goalkeeper,31,67,67,1,0.0,0.0,0.0,0.0,0.0,0.0,1,1,550000.0,Rafael de Aseiro (São Paulo)
Silaldo Taffarel,Corinthians,Brazil,Midfielder,31,67,67,1,66.0,63.0,63.0,67.0,62.0,78.0,3,2,825000.0,Silaldo Taffarel (Corinthians)
Michildo Melo,Botafogo,Brazil,Midfielder,35,67,67,1,79.0,54.0,64.0,61.0,60.0,66.0,4,3,425000.0,Michildo Melo (Botafogo)
Claudio Mouria,Santos,Brazil,Midfielder,31,67,67,1,63.0,68.0,66.0,70.0,31.0,64.0,3,3,850000.0,Claudio Mouria (Santos)
Heitor Muto,Goiás,Brazil,Midfielder,31,67,67,1,64.0,67.0,62.0,70.0,26.0,53.0,4,3,850000.0,Heitor Muto (Goiás)
P. Wiesinger,LASK Linz,Austria,Defender,29,67,67,1,65.0,54.0,57.0,58.0,69.0,63.0,3,2,850000.0,P. Wiesinger (LASK Linz)
C. Gebauer,Rheindorf Altach,Austria,Midfielder,29,67,67,1,79.0,62.0,58.0,65.0,52.0,67.0,3,3,1000000.0,C. Gebauer (Rheindorf Altach)
Vagner,Metz,Cape Verde Islands,Forward,27,67,67,1,81.0,69.0,64.0,71.0,31.0,58.0,3,4,1100000.0,Vagner (Metz)
F. Rieder,Wolfsberger AC,Austria,Midfielder,27,67,67,1,75.0,53.0,63.0,68.0,49.0,65.0,4,3,1100000.0,F. Rieder (Wolfsberger AC)
F. Oswald,WSG Tirol,Germany,Goalkeeper,32,67,67,1,0.0,0.0,0.0,0.0,0.0,0.0,4,1,500000.0,F. Oswald (WSG Tirol)
A. Bajic,Rapid Wien,Austria,Midfielder,27,67,67,1,83.0,64.0,63.0,64.0,50.0,66.0,3,2,1100000.0,A. Bajic (Rapid Wien)
K. Gezos,Austria Klagenfurt,Greece,Defender,30,67,67,1,50.0,46.0,54.0,54.0,66.0,75.0,3,2,825000.0,K. Gezos (Austria Klagenfurt)
V. Kabaev,Dynamo Kyiv,Ukraine,Midfielder,27,67,67,1,74.0,53.0,63.0,67.0,29.0,41.0,3,3,1100000.0,V. Kabaev (Dynamo Kyiv)
J. Duranville,Borussia Dortmund,Belgium,Midfielder,17,66,87,1,84.0,60.0,58.0,75.0,23.0,49.0,3,4,2700000.0,J. Duranville (Borussia Dortmund)
T. Bischof,TSG Hoffenheim,Germany,Midfielder,18,66,86,1,61.0,55.0,65.0,71.0,43.0,50.0,3,3,2400000.0,T. Bischof (TSG Hoffenheim)
N. Weiper,FSV Mainz 05,Germany,Forward,18,66,86,1,66.0,65.0,46.0,65.0,25.0,68.0,3,3,2400000.0,N. Weiper (FSV Mainz 05)
M. Johnston,Sturm Graz,Scotland,Defender,19,66,84,1,81.0,36.0,59.0,60.0,60.0,65.0,3,2,2100000.0,M. Johnston (Sturm Graz)
L. Morgalla,Salzburg,Germany,Defender,18,66,84,1,73.0,37.0,49.0,55.0,67.0,67.0,3,2,2000000.0,L. Morgalla (Salzburg)
L. Hall,Newcastle United,England,Defender,18,66,82,1,66.0,54.0,65.0,68.0,63.0,56.0,3,2,2100000.0,L. Hall (Newcastle United)
J. Fazzini,Empoli,Italy,Midfielder,20,66,82,1,74.0,51.0,66.0,70.0,62.0,66.0,3,3,2200000.0,J. Fazzini (Empoli)
M. Sarr,Olympique Lyonnais,France,Defender,17,66,82,1,62.0,30.0,51.0,54.0,66.0,68.0,3,2,2000000.0,M. Sarr (Olympique Lyonnais)
K. De Winter,Genoa,Belgium,Defender,21,66,81,1,65.0,38.0,52.0,60.0,69.0,62.0,3,2,2000000.0,K. De Winter (Genoa)
C. Riad,Real Betis,Morocco,Defender,20,66,80,1,52.0,32.0,53.0,52.0,68.0,60.0,3,2,1900000.0,C. Riad (Real Betis)
Miguel Rodríguez,Celta de Vigo,Spain,Midfielder,20,66,80,1,63.0,57.0,64.0,66.0,33.0,52.0,3,3,2100000.0,Miguel Rodríguez (Celta de Vigo)
A. Khusanov,Lens,Uzbekistan,Defender,19,66,80,1,68.0,39.0,51.0,52.0,65.0,70.0,3,2,1900000.0,A. Khusanov (Lens)
O. Vilhelmsson,Darmstadt 98,Sweden,Forward,19,66,79,1,74.0,63.0,44.0,64.0,29.0,66.0,2,2,2000000.0,O. Vilhelmsson (Darmstadt 98)
D. Jebbison,Sheffield United,England,Forward,19,66,79,1,82.0,64.0,50.0,63.0,30.0,72.0,2,2,2000000.0,D. Jebbison (Sheffield United)
M. Łęgowski,Salernitana,Poland,Midfielder,20,66,79,1,71.0,56.0,64.0,67.0,61.0,70.0,3,3,1900000.0,M. Łęgowski (Salernitana)
Peter,Real Madrid,Spain,Forward,20,66,79,1,75.0,60.0,56.0,70.0,37.0,42.0,3,3,2100000.0,Peter (Real Madrid)
M. Ebiowei,Crystal Palace,England,Forward,19,66,79,1,78.0,63.0,60.0,70.0,38.0,54.0,3,3,2000000.0,M. Ebiowei (Crystal Palace)
Adu Ares,Athletic Club,Spain,Midfielder,21,66,79,1,82.0,63.0,62.0,69.0,22.0,52.0,4,3,2100000.0,Adu Ares (Athletic Club)
Antonio Gomis,Atlético Madrid,Spain,Goalkeeper,20,66,79,1,0.0,0.0,0.0,0.0,0.0,0.0,3,1,1800000.0,Antonio Gomis (Atlético Madrid)
K. Keben,Toulouse,Cameroon,Defender,19,66,79,1,66.0,32.0,49.0,52.0,66.0,72.0,2,2,1900000.0,K. Keben (Toulouse)
F. Mughe,Olympique de Marseille,Cameroon,Midfielder,19,66,79,1,87.0,59.0,58.0,68.0,35.0,55.0,2,3,2000000.0,F. Mughe (Olympique de Marseille)
R. Neshcheret,Dynamo Kyiv,Ukraine,Goalkeeper,21,66,78,1,0.0,0.0,0.0,0.0,0.0,0.0,3,1,1800000.0,R. Neshcheret (Dynamo Kyiv)
D. Luna,Mallorca,Colombia,Midfielder,20,66,78,1,68.0,57.0,58.0,65.0,33.0,44.0,3,3,2100000.0,D. Luna (Mallorca)
Iturbe,Atlético Madrid,Spain,Goalkeeper,19,66,78,1,0.0,0.0,0.0,0.0,0.0,0.0,3,1,1800000.0,Iturbe (Atlético Madrid)
L. Camara,Metz,Senegal,Midfielder,19,66,78,1,79.0,58.0,65.0,68.0,45.0,45.0,3,3,2000000.0,L. Camara (Metz)
W. Bøving,Sturm Graz,Denmark,Forward,20,66,77,1,78.0,65.0,61.0,70.0,31.0,59.0,3,3,1900000.0,W. Bøving (Sturm Graz)
Urko González,Real Sociedad,Spain,Defender,22,66,77,1,46.0,43.0,59.0,52.0,66.0,68.0,3,2,1800000.0,Urko González (Real Sociedad)
N. El Aynaoui,Lens,France,Midfielder,21,66,77,1,63.0,55.0,64.0,66.0,60.0,61.0,3,3,1900000.0,N. El Aynaoui (Lens)
B. Okoh,Salzburg,Switzerland,Defender,20,66,77,1,72.0,31.0,53.0,60.0,61.0,80.0,3,2,1800000.0,B. Okoh (Salzburg)
Javi Llabrés,Mallorca,Spain,Midfielder,21,66,77,1,82.0,59.0,58.0,68.0,32.0,49.0,4,3,1900000.0,Javi Llabrés (Mallorca)
L. Tchaouna,Salernitana,France,Midfielder,19,66,77,1,77.0,62.0,62.0,67.0,37.0,55.0,3,3,1800000.0,L. Tchaouna (Salernitana)
G. Gocholeishvili,Shakhtar Donetsk,Georgia,Defender,22,66,77,1,82.0,36.0,54.0,53.0,59.0,56.0,3,2,1800000.0,G. Gocholeishvili (Shakhtar Donetsk)
M. Brescianini,Frosinone,Italy,Midfielder,23,66,76,1,60.0,47.0,61.0,62.0,61.0,73.0,3,2,1800000.0,M. Brescianini (Frosinone)
N. Veratschnig,Wolfsberger AC,Austria,Defender,20,66,76,1,72.0,52.0,59.0,65.0,61.0,69.0,3,2,1800000.0,N. Veratschnig (Wolfsberger AC)
N. Prelec,WSG Tirol,Slovenia,Forward,22,66,76,1,67.0,65.0,55.0,64.0,33.0,69.0,3,3,1900000.0,N. Prelec (WSG Tirol)
M. Seidl,Rapid Wien,Austria,Midfielder,22,66,76,1,62.0,66.0,64.0,67.0,36.0,57.0,4,3,1900000.0,M. Seidl (Rapid Wien)
L. Pintor,LASK Linz,France,Midfielder,22,66,75,1,78.0,65.0,58.0,69.0,27.0,55.0,3,3,1900000.0,L. Pintor (LASK Linz)
T. Ballo,Wolfsberger AC,Austria,Midfielder,21,66,75,1,78.0,59.0,60.0,73.0,50.0,48.0,3,4,1900000.0,T. Ballo (Wolfsberger AC)
J. Cabal,Hellas Verona,Colombia,Defender,22,66,75,1,72.0,38.0,52.0,60.0,67.0,67.0,3,2,1800000.0,J. Cabal (Hellas Verona)
M. Papela,FSV Mainz 05,Germany,Midfielder,22,66,75,1,67.0,54.0,63.0,71.0,62.0,51.0,3,2,1900000.0,M. Papela (FSV Mainz 05)
M. Rosenfelder,SC Freiburg,Germany,Defender,20,66,75,1,58.0,22.0,48.0,50.0,67.0,61.0,3,2,1800000.0,M. Rosenfelder (SC Freiburg)
M. Çuni,Frosinone,Albania,Forward,21,66,75,1,79.0,64.0,52.0,63.0,20.0,70.0,3,2,1900000.0,M. Çuni (Frosinone)
D. Kryskiv,Shakhtar Donetsk,Ukraine,Midfielder,22,66,75,1,67.0,49.0,65.0,62.0,45.0,41.0,3,2,1900000.0,D. Kryskiv (Shakhtar Donetsk)
O. Kaschuk,Shakhtar Donetsk,Ukraine,Midfielder,23,66,75,1,71.0,52.0,69.0,60.0,36.0,56.0,2,3,1900000.0,O. Kaschuk (Shakhtar Donetsk)
João Virgínia,Everton,Portugal,Goalkeeper,23,66,74,1,0.0,0.0,0.0,0.0,0.0,0.0,3,1,1600000.0,João Virgínia (Everton)
Fran Vieites,Real Betis,Spain,Goalkeeper,24,66,74,1,0.0,0.0,0.0,0.0,0.0,0.0,2,1,1600000.0,Fran Vieites (Real Betis)
N. Thiede,VfL Bochum 1848,Germany,Goalkeeper,24,66,74,1,0.0,0.0,0.0,0.0,0.0,0.0,4,1,1600000.0,N. Thiede (VfL Bochum 1848)
Svensson,Osasuna,Spain,Forward,21,66,74,1,78.0,66.0,57.0,66.0,41.0,66.0,3,3,1900000.0,Svensson (Osasuna)
O. Pohlmann,Borussia Dortmund,Germany,Midfielder,22,66,74,1,71.0,57.0,63.0,72.0,48.0,69.0,3,4,1900000.0,O. Pohlmann (Borussia Dortmund)
M. Olesen,FC Köln,Luxembourg,Midfielder,22,66,74,1,70.0,46.0,62.0,66.0,59.0,68.0,3,2,1900000.0,M. Olesen (FC Köln)
Joseda Álvarez,Deportivo Alavés,Spain,Defender,22,66,74,1,65.0,33.0,51.0,59.0,65.0,61.0,2,2,1800000.0,Joseda Álvarez (Deportivo Alavés)
H. Rafia,Lecce,Tunisia,Midfielder,24,66,73,1,65.0,64.0,67.0,72.0,34.0,65.0,3,3,1700000.0,H. Rafia (Lecce)
J. O'Brien,Olympique Lyonnais,Republic of Ireland,Defender,22,66,73,1,41.0,33.0,44.0,43.0,65.0,72.0,3,2,1600000.0,J. O'Brien (Olympique Lyonnais)
F. Bacher,WSG Tirol,Austria,Defender,23,66,73,1,57.0,34.0,41.0,46.0,65.0,79.0,3,2,1600000.0,F. Bacher (WSG Tirol)
N. Ferguson,Crystal Palace,England,Defender,22,66,72,1,57.0,36.0,55.0,65.0,68.0,63.0,3,2,1300000.0,N. Ferguson (Crystal Palace)
M. Pfeifer,Hartberg,Austria,Defender,23,66,72,1,69.0,32.0,49.0,58.0,64.0,69.0,2,2,1300000.0,M. Pfeifer (Hartberg)
J. Cruz,Hellas Verona,Argentina,Forward,23,66,72,1,62.0,68.0,47.0,60.0,28.0,66.0,3,2,1400000.0,J. Cruz (Hellas Verona)
S. Elisor,Metz,France,Forward,23,66,72,1,74.0,66.0,57.0,65.0,36.0,67.0,3,2,1400000.0,S. Elisor (Metz)
D. Grujčić,Austria Lustenau,Austria,Defender,24,66,72,1,64.0,23.0,42.0,46.0,65.0,76.0,3,2,1200000.0,D. Grujčić (Austria Lustenau)
M. Raguž,Austria Wien,Austria,Forward,25,66,70,1,65.0,63.0,59.0,69.0,22.0,60.0,3,3,1200000.0,M. Raguž (Austria Wien)
T. Keller,Heidenheim,Germany,Defender,23,66,70,1,60.0,42.0,56.0,54.0,64.0,73.0,3,2,1100000.0,T. Keller (Heidenheim)
O. Traoré,Heidenheim,Germany,Defender,25,66,70,1,88.0,50.0,58.0,64.0,57.0,68.0,3,3,1100000.0,O. Traoré (Heidenheim)
Anderson,Austria Lustenau,Brazil,Defender,25,66,69,1,77.0,55.0,56.0,67.0,64.0,76.0,3,3,1000000.0,Anderson (Austria Lustenau)
Benito,Dynamo Kyiv,Nigeria,Midfielder,24,66,69,1,74.0,57.0,59.0,68.0,25.0,62.0,4,4,1200000.0,Benito (Dynamo Kyiv)
C. Cvetko,Austria Klagenfurt,Austria,Midfielder,26,66,69,1,60.0,59.0,62.0,64.0,63.0,75.0,3,2,1100000.0,C. Cvetko (Austria Klagenfurt)
A. Brunst,Darmstadt 98,Germany,Goalkeeper,27,66,68,1,0.0,0.0,0.0,0.0,0.0,0.0,3,1,775000.0,A. Brunst (Darmstadt 98)
R. Sallinger,Hartberg,Austria,Goalkeeper,27,66,68,1,0.0,0.0,0.0,0.0,0.0,0.0,3,1,775000.0,R. Sallinger (Hartberg)
P. Gartler,Rapid Wien,Austria,Goalkeeper,26,66,68,1,0.0,0.0,0.0,0.0,0.0,0.0,2,1,800000.0,P. Gartler (Rapid Wien)
T. Gemicibaşı,Austria Klagenfurt,Turkey,Midfielder,27,66,68,1,63.0,59.0,60.0,64.0,63.0,71.0,3,2,925000.0,T. Gemicibaşı (Austria Klagenfurt)
D. Stojanović,Rheindorf Altach,North Macedonia,Goalkeeper,29,66,67,1,0.0,0.0,0.0,0.0,0.0,0.0,2,1,650000.0,D. Stojanović (Rheindorf Altach)
D. Prokop,Hartberg,Austria,Midfielder,26,66,67,1,83.0,58.0,59.0,73.0,40.0,56.0,3,4,1000000.0,D. Prokop (Hartberg)
I. Ljubić,LASK Linz,Austria,Midfielder,26,66,67,1,60.0,64.0,63.0,68.0,65.0,72.0,3,2,1000000.0,I. Ljubić (LASK Linz)
P. Pentke,FC Köln,Germany,Goalkeeper,38,66,66,1,0.0,0.0,0.0,0.0,0.0,0.0,2,1,90000.0,P. Pentke (FC Köln)
J. Grahl,Eintracht Frankfurt,Germany,Goalkeeper,34,66,66,1,0.0,0.0,0.0,0.0,0.0,0.0,2,1,150000.0,J. Grahl (Eintracht Frankfurt)
E. Lamanna,Monza,Italy,Goalkeeper,33,66,66,1,0.0,0.0,0.0,0.0,0.0,0.0,2,1,275000.0,E. Lamanna (Monza)
M. Gillespie,Newcastle United,England,Goalkeeper,31,66,66,1,0.0,0.0,0.0,0.0,0.0,0.0,3,1,450000.0,M. Gillespie (Newcastle United)
V. Eicher,Heidenheim,Germany,Goalkeeper,32,66,66,1,0.0,0.0,0.0,0.0,0.0,0.0,2,1,425000.0,V. Eicher (Heidenheim)
C. Wernitznig,Austria Klagenfurt,Austria,Defender,33,66,66,1,67.0,65.0,65.0,65.0,62.0,70.0,4,3,450000.0,C. Wernitznig (Austria Klagenfurt)
J. Busk,FC Union Berlin,Denmark,Goalkeeper,29,66,66,1,0.0,0.0,0.0,0.0,0.0,0.0,2,1,575000.0,J. Busk (FC Union Berlin)
N. Lomb,Bayer 04 Leverkusen,Germany,Goalkeeper,29,66,66,1,0.0,0.0,0.0,0.0,0.0,0.0,3,1,575000.0,N. Lomb (Bayer 04 Leverkusen)
R. Benatelli,Austria Klagenfurt,Germany,Midfielder,31,66,66,1,46.0,60.0,66.0,67.0,61.0,68.0,4,3,600000.0,R. Benatelli (Austria Klagenfurt)
Simy,Salernitana,Nigeria,Forward,31,66,66,1,51.0,69.0,45.0,59.0,28.0,76.0,3,2,725000.0,Simy (Salernitana)
R. Kerschbaum,Rapid Wien,Austria,Midfielder,29,66,66,1,63.0,65.0,65.0,64.0,63.0,71.0,3,2,725000.0,R. Kerschbaum (Rapid Wien)
K. Kerschbaumer,Wolfsberger AC,Austria,Midfielder,31,66,66,1,71.0,65.0,64.0,67.0,60.0,72.0,4,3,700000.0,K. Kerschbaumer (Wolfsberger AC)
M. Bähre,Rheindorf Altach,Germany,Midfielder,27,66,66,1,74.0,62.0,65.0,69.0,56.0,65.0,4,3,900000.0,M. Bähre (Rheindorf Altach)
Eder Pinhanços,América Mineiro,Brazil,Defender,27,66,66,1,47.0,31.0,47.0,41.0,73.0,57.0,3,2,800000.0,Eder Pinhanços (América Mineiro)
Estevãtinho,Fluminense,Brazil,Midfielder,31,66,66,1,44.0,57.0,73.0,65.0,27.0,57.0,3,3,700000.0,Estevãtinho (Fluminense)
Adão Morrinhos,Fluminense,Brazil,Forward,31,66,66,1,67.0,72.0,54.0,65.0,23.0,57.0,3,3,725000.0,Adão Morrinhos (Fluminense)
Breno Laranjeiro,Goiás,Brazil,Midfielder,23,66,66,1,70.0,56.0,67.0,67.0,41.0,55.0,2,3,975000.0,Breno Laranjeiro (Goiás)
Lucas Medeirão,América Mineiro,Brazil,Midfielder,27,66,66,1,57.0,66.0,60.0,68.0,34.0,57.0,3,3,900000.0,Lucas Medeirão (América Mineiro)
Alan Besseiro,Goiás,Brazil,Defender,31,66,66,1,82.0,47.0,60.0,62.0,61.0,63.0,3,2,625000.0,Alan Besseiro (Goiás)
Welliton Helmes,Internacional,Brazil,Midfielder,23,66,66,1,71.0,63.0,61.0,71.0,30.0,56.0,3,3,975000.0,Welliton Helmes (Internacional)
D. Frieser,Hartberg,Austria,Midfielder,29,66,66,1,74.0,61.0,63.0,66.0,44.0,69.0,3,2,850000.0,D. Frieser (Hartberg)
F. Flecker,LASK Linz,Austria,Midfielder,27,66,66,1,84.0,60.0,57.0,68.0,57.0,64.0,3,3,900000.0,F. Flecker (LASK Linz)
N. Lahmadi,Toulouse,France,Midfielder,18,65,86,1,67.0,60.0,66.0,66.0,58.0,60.0,3,2,2300000.0,N. Lahmadi (Toulouse)
C. Chukwuemeka,Chelsea,England,Midfielder,19,65,84,1,64.0,59.0,64.0,71.0,50.0,58.0,4,4,1800000.0,C. Chukwuemeka (Chelsea)
A. Matturro,Genoa,Uruguay,Defender,18,65,82,1,68.0,30.0,50.0,53.0,66.0,65.0,3,2,1700000.0,A. Matturro (Genoa)
E. Diop,Monaco,France,Midfielder,18,65,82,1,69.0,59.0,62.0,67.0,40.0,49.0,3,3,1800000.0,E. Diop (Monaco)
J. Durán,Aston Villa,Colombia,Forward,19,65,81,1,78.0,65.0,48.0,65.0,25.0,71.0,2,2,1900000.0,J. Durán (Aston Villa)
S. Vignato,Monza,Italy,Forward,19,65,81,1,69.0,59.0,60.0,74.0,34.0,42.0,4,4,1900000.0,S. Vignato (Monza)
S. Nhaga,Paris Saint Germain,Portugal,Defender,17,65,81,1,71.0,48.0,58.0,66.0,59.0,57.0,3,3,1700000.0,S. Nhaga (Paris Saint Germain)
M. Šviderský,Almería,Slovakia,Midfielder,20,65,80,1,66.0,43.0,61.0,62.0,63.0,62.0,3,2,1600000.0,M. Šviderský (Almería)
Obrador,Real Madrid,Spain,Defender,19,65,80,1,79.0,31.0,48.0,57.0,61.0,63.0,2,2,1600000.0,Obrador (Real Madrid)
G. Cittadini,Monza,Italy,Defender,21,65,80,1,56.0,28.0,39.0,40.0,68.0,65.0,3,2,1700000.0,G. Cittadini (Monza)
K. Kelsy,Shakhtar Donetsk,Venezuela,Forward,18,65,80,1,79.0,64.0,47.0,58.0,28.0,54.0,4,3,1700000.0,K. Kelsy (Shakhtar Donetsk)
R. Šimić,Salzburg,Croatia,Forward,19,65,79,1,64.0,66.0,59.0,63.0,30.0,71.0,3,2,1700000.0,R. Šimić (Salzburg)
S. Delaye,Montpellier,France,Midfielder,21,65,79,1,63.0,52.0,63.0,71.0,54.0,47.0,4,3,1800000.0,S. Delaye (Montpellier)
E. Tchato,Montpellier,Cameroon,Defender,20,65,79,1,71.0,44.0,57.0,62.0,63.0,60.0,2,2,1600000.0,E. Tchato (Montpellier)
Y. Yarmoliuk,Brentford,Ukraine,Midfielder,19,65,79,1,66.0,58.0,66.0,67.0,45.0,58.0,3,3,1700000.0,Y. Yarmoliuk (Brentford)
S. Magassa,Monaco,France,Defender,19,65,79,1,53.0,48.0,62.0,60.0,65.0,61.0,3,2,1600000.0,S. Magassa (Monaco)
G. Doué,Rennes,Côte d'Ivoire,Defender,20,65,79,1,61.0,32.0,47.0,57.0,65.0,66.0,3,2,1600000.0,G. Doué (Rennes)
Manu Bueno,Sevilla,Spain,Midfielder,18,65,79,1,63.0,60.0,58.0,65.0,61.0,57.0,3,3,1700000.0,Manu Bueno (Sevilla)
S. Doucouré,Lorient,France,Forward,21,65,78,1,55.0,62.0,48.0,60.0,25.0,72.0,3,2,1800000.0,S. Doucouré (Lorient)
J. Aramburu,Real Sociedad,Venezuela,Defender,20,65,78,1,71.0,46.0,58.0,61.0,62.0,61.0,3,2,1600000.0,J. Aramburu (Real Sociedad)
J. Wilson-Esbrand,Stade de Reims,England,Defender,20,65,78,1,81.0,41.0,60.0,69.0,59.0,56.0,3,2,1600000.0,J. Wilson-Esbrand (Stade de Reims)
Luis Bilbao,Athletic Club,Spain,Midfielder,20,65,78,1,76.0,62.0,60.0,70.0,20.0,52.0,2,4,1700000.0,Luis Bilbao (Athletic Club)
Mortimer,Granada,Spain,Forward,22,65,77,1,81.0,60.0,55.0,66.0,20.0,46.0,4,3,1800000.0,Mortimer (Granada)
Jaume Cuéllar,FC Barcelona,Bolivia,Midfielder,21,65,77,1,77.0,66.0,59.0,69.0,26.0,55.0,3,3,1800000.0,Jaume Cuéllar (FC Barcelona)
J. Braaf,Hellas Verona,Netherlands,Forward,20,65,77,1,76.0,62.0,60.0,71.0,40.0,67.0,4,4,1700000.0,J. Braaf (Hellas Verona)
M. Röhl,SC Freiburg,Germany,Midfielder,20,65,77,1,73.0,49.0,64.0,68.0,59.0,68.0,4,3,1700000.0,M. Röhl (SC Freiburg)
Unai Marrero,Real Sociedad,Spain,Goalkeeper,21,65,77,1,0.0,0.0,0.0,0.0,0.0,0.0,3,1,1500000.0,Unai Marrero (Real Sociedad)
T. Oermann,VfL Bochum 1848,Germany,Defender,19,65,77,1,53.0,34.0,48.0,53.0,66.0,68.0,2,2,1600000.0,T. Oermann (VfL Bochum 1848)
Kike Salas,Sevilla,Spain,Defender,21,65,77,1,63.0,24.0,40.0,45.0,65.0,70.0,3,2,1700000.0,Kike Salas (Sevilla)
D. Bettella,Monza,Italy,Defender,23,65,76,1,60.0,35.0,47.0,50.0,67.0,60.0,3,2,1500000.0,D. Bettella (Monza)
L. Egloff,VfB Stuttgart,Germany,Midfielder,20,65,76,1,65.0,56.0,63.0,68.0,41.0,62.0,3,3,1600000.0,L. Egloff (VfB Stuttgart)
M. Bogarde,TSG Hoffenheim,Netherlands,Defender,21,65,76,1,60.0,30.0,53.0,65.0,66.0,62.0,3,2,1500000.0,M. Bogarde (TSG Hoffenheim)
T. Rhein,Austria Lustenau,Germany,Midfielder,20,65,76,1,67.0,58.0,69.0,68.0,42.0,47.0,5,2,1600000.0,T. Rhein (Austria Lustenau)
L. Fiorini,Manchester City,Scotland,Midfielder,21,65,76,1,68.0,60.0,61.0,68.0,56.0,61.0,3,3,1600000.0,L. Fiorini (Manchester City)
M. Senaya,Strasbourg,France,Defender,22,65,76,1,72.0,41.0,53.0,59.0,64.0,64.0,3,2,1500000.0,M. Senaya (Strasbourg)
J. Jurčec,Rheindorf Altach,Croatia,Defender,22,65,76,1,75.0,55.0,61.0,70.0,57.0,53.0,3,3,1500000.0,J. Jurčec (Rheindorf Altach)
I. Bowat,Hartberg,Scotland,Defender,20,65,76,1,53.0,30.0,44.0,57.0,62.0,77.0,3,2,1500000.0,I. Bowat (Hartberg)
F. Ravaglia,Bologna,Italy,Goalkeeper,23,65,75,1,0.0,0.0,0.0,0.0,0.0,0.0,3,1,1400000.0,F. Ravaglia (Bologna)
L. Philipp,TSG Hoffenheim,Germany,Goalkeeper,22,65,75,1,0.0,0.0,0.0,0.0,0.0,0.0,2,1,1400000.0,L. Philipp (TSG Hoffenheim)
R. Reitz,Borussia Mönchengladbach,Germany,Midfielder,21,65,75,1,59.0,58.0,68.0,71.0,56.0,55.0,4,3,1600000.0,R. Reitz (Borussia Mönchengladbach)
J. N'Guessan,Metz,Côte d'Ivoire,Midfielder,20,65,75,1,71.0,57.0,65.0,67.0,60.0,67.0,2,3,1600000.0,J. N'Guessan (Metz)
Jorge Moreno,Osasuna,Spain,Defender,21,65,75,1,72.0,36.0,47.0,45.0,65.0,69.0,2,2,1500000.0,Jorge Moreno (Osasuna)
É. Kinkoué,Le Havre,France,Defender,21,65,75,1,62.0,31.0,48.0,45.0,61.0,78.0,3,2,1500000.0,É. Kinkoué (Le Havre)
B. Yıldırım,Rennes,Turkey,Forward,20,65,75,1,70.0,63.0,47.0,61.0,32.0,72.0,2,3,1600000.0,B. Yıldırım (Rennes)
H. Nicolussi Caviglia,Juventus,Italy,Midfielder,23,65,74,1,68.0,53.0,65.0,66.0,53.0,54.0,3,3,1600000.0,H. Nicolussi Caviglia (Juventus)
A. Joujou,Le Havre,France,Forward,20,65,74,1,69.0,63.0,57.0,66.0,22.0,53.0,3,3,1600000.0,A. Joujou (Le Havre)
Pedrinho,Shakhtar Donetsk,Brazil,Defender,20,65,74,1,74.0,26.0,50.0,52.0,61.0,52.0,3,2,1500000.0,Pedrinho (Shakhtar Donetsk)
M. Chiesa,Hellas Verona,Italy,Goalkeeper,22,65,73,1,0.0,0.0,0.0,0.0,0.0,0.0,3,1,1400000.0,M. Chiesa (Hellas Verona)
K. Bilovar,Dynamo Kyiv,Ukraine,Defender,22,65,73,1,65.0,34.0,37.0,44.0,66.0,68.0,3,2,1500000.0,K. Bilovar (Dynamo Kyiv)
G. Kilkenny,AFC Bournemouth,Republic of Ireland,Midfielder,23,65,72,1,61.0,53.0,64.0,67.0,60.0,55.0,3,2,1300000.0,G. Kilkenny (AFC Bournemouth)
A. Lebeau,Brest,France,Midfielder,23,65,72,1,76.0,57.0,63.0,69.0,47.0,51.0,4,3,1400000.0,A. Lebeau (Brest)
L. Sulzbacher,WSG Tirol,Austria,Midfielder,23,65,72,1,78.0,51.0,62.0,67.0,61.0,64.0,2,2,1400000.0,L. Sulzbacher (WSG Tirol)
O. El Azzouzi,Bologna,Netherlands,Midfielder,22,65,72,1,54.0,44.0,59.0,66.0,61.0,65.0,3,2,1400000.0,O. El Azzouzi (Bologna)
M. Steinwender,Hartberg,Austria,Defender,23,65,71,1,45.0,29.0,44.0,40.0,66.0,72.0,3,2,1000000.0,M. Steinwender (Hartberg)
O. Diakité,Hartberg,Mali,Midfielder,22,65,71,1,68.0,57.0,61.0,62.0,61.0,75.0,3,2,1100000.0,O. Diakité (Hartberg)
Y. Diaby,Austria Lustenau,Guinea,Forward,22,65,71,1,81.0,59.0,60.0,68.0,32.0,58.0,4,3,1100000.0,Y. Diaby (Austria Lustenau)
M. Nicolas,Borussia Mönchengladbach,Germany,Goalkeeper,25,65,70,1,0.0,0.0,0.0,0.0,0.0,0.0,2,1,825000.0,M. Nicolas (Borussia Mönchengladbach)
Alfon,Celta de Vigo,Spain,Midfielder,24,65,70,1,76.0,64.0,59.0,67.0,32.0,56.0,3,3,1100000.0,Alfon (Celta de Vigo)
W. Tchimbembé,Metz,Congo,Midfielder,25,65,70,1,85.0,62.0,63.0,64.0,57.0,67.0,2,3,1000000.0,W. Tchimbembé (Metz)
S. Lahssaini,Metz,Belgium,Midfielder,24,65,69,1,65.0,58.0,62.0,68.0,63.0,62.0,2,3,1000000.0,S. Lahssaini (Metz)
D. Tiefenbach,Austria Lustenau,Hungary,Midfielder,23,65,69,1,67.0,51.0,58.0,67.0,64.0,60.0,3,2,925000.0,D. Tiefenbach (Austria Lustenau)
A. Confais,Le Havre,France,Midfielder,26,65,68,1,56.0,55.0,62.0,64.0,63.0,58.0,2,3,850000.0,A. Confais (Le Havre)
M. Kos,Austria Wien,Austria,Goalkeeper,26,65,68,1,0.0,0.0,0.0,0.0,0.0,0.0,3,1,725000.0,M. Kos (Austria Wien)
Y. Nazaryna,Shakhtar Donetsk,Ukraine,Midfielder,25,65,68,1,69.0,57.0,67.0,67.0,58.0,64.0,3,3,950000.0,Y. Nazaryna (Shakhtar Donetsk)
M. Behrens,Darmstadt 98,Germany,Goalkeeper,26,65,68,1,0.0,0.0,0.0,0.0,0.0,0.0,3,1,725000.0,M. Behrens (Darmstadt 98)
D. Gugganig,WSG Tirol,Austria,Defender,26,65,68,1,50.0,36.0,48.0,46.0,66.0,67.0,2,2,825000.0,D. Gugganig (WSG Tirol)
F. Jaritz,Austria Klagenfurt,Austria,Midfielder,25,65,68,1,69.0,58.0,62.0,66.0,58.0,60.0,3,3,950000.0,F. Jaritz (Austria Klagenfurt)
A. Schmid,Austria Lustenau,Austria,Forward,24,65,68,1,68.0,63.0,47.0,67.0,17.0,67.0,3,2,1000000.0,A. Schmid (Austria Lustenau)
S. Altunashvili,Wolfsberger AC,Georgia,Midfielder,26,65,68,1,66.0,58.0,66.0,67.0,60.0,56.0,3,2,925000.0,S. Altunashvili (Wolfsberger AC)
S. Ingolitsch,Rheindorf Altach,Austria,Defender,26,65,67,1,71.0,41.0,58.0,62.0,62.0,60.0,3,2,800000.0,S. Ingolitsch (Rheindorf Altach)
L. Vigouroux,Burnley,Chile,Goalkeeper,29,65,66,1,0.0,0.0,0.0,0.0,0.0,0.0,2,1,550000.0,L. Vigouroux (Burnley)
J. Ertlthaler,WSG Tirol,Austria,Midfielder,26,65,66,1,71.0,54.0,61.0,66.0,39.0,43.0,4,3,850000.0,J. Ertlthaler (WSG Tirol)
H. Balić,LASK Linz,Austria,Forward,27,65,66,1,89.0,62.0,59.0,67.0,30.0,58.0,3,3,825000.0,H. Balić (LASK Linz)
Y. Fekir,Real Betis,France,Midfielder,26,65,66,1,74.0,65.0,62.0,70.0,30.0,49.0,3,3,850000.0,Y. Fekir (Real Betis)
Aleix Garrido,FC Barcelona,Spain,Midfielder,19,65,66,1,64.0,57.0,62.0,68.0,51.0,48.0,3,2,825000.0,Aleix Garrido (FC Barcelona)
S. Carson,Manchester City,England,Goalkeeper,37,65,65,1,0.0,0.0,0.0,0.0,0.0,0.0,3,1,80000.0,S. Carson (Manchester City)
S. Aresti,Cagliari,Italy,Goalkeeper,37,65,65,1,0.0,0.0,0.0,0.0,0.0,0.0,2,1,80000.0,S. Aresti (Cagliari)
P. Frattali,Frosinone,Italy,Goalkeeper,37,65,65,1,0.0,0.0,0.0,0.0,0.0,0.0,1,1,80000.0,P. Frattali (Frosinone)
G. Lembet,Rennes,Central African Republic,Goalkeeper,34,65,65,1,0.0,0.0,0.0,0.0,0.0,0.0,3,1,120000.0,G. Lembet (Rennes)
M. Novak,Wolfsberger AC,Austria,Defender,32,65,65,1,68.0,45.0,59.0,64.0,64.0,68.0,3,2,500000.0,M. Novak (Wolfsberger AC)
K. Schulz,WSG Tirol,Germany,Defender,33,65,65,1,75.0,56.0,58.0,64.0,61.0,81.0,3,2,375000.0,K. Schulz (WSG Tirol)
L. Jäger,Rheindorf Altach,Austria,Midfielder,29,65,65,1,65.0,45.0,58.0,60.0,64.0,72.0,3,2,600000.0,L. Jäger (Rheindorf Altach)
Luis Paezinho,Santos,Brazil,Defender,27,65,65,1,65.0,35.0,47.0,42.0,67.0,60.0,3,2,650000.0,Luis Paezinho (Santos)
Chris Farminhão,Botafogo,Brazil,Defender,27,65,65,1,48.0,51.0,61.0,53.0,66.0,60.0,3,2,650000.0,Chris Farminhão (Botafogo)
Edu Selneira,América Mineiro,Brazil,Midfielder,35,65,65,1,68.0,58.0,62.0,60.0,63.0,63.0,2,2,200000.0,Edu Selneira (América Mineiro)
Vasquão Junior,América Mineiro,Brazil,Defender,35,65,65,1,36.0,33.0,35.0,37.0,68.0,69.0,2,2,190000.0,Vasquão Junior (América Mineiro)
Bernard Alemão,Fortaleza,Brazil,Midfielder,31,65,65,1,59.0,49.0,48.0,45.0,68.0,77.0,2,2,500000.0,Bernard Alemão (Fortaleza)
Wilsson Rosito,Bragantino,Brazil,Midfielder,27,65,65,1,69.0,56.0,68.0,71.0,31.0,61.0,5,3,750000.0,Wilsson Rosito (Bragantino)
Danilo Sacrio,Goiás,Brazil,Forward,31,65,65,1,85.0,64.0,45.0,68.0,27.0,56.0,3,3,600000.0,Danilo Sacrio (Goiás)
Ever Rodeiro,Goiás,Brazil,Midfielder,27,65,65,1,59.0,61.0,63.0,69.0,46.0,59.0,3,3,750000.0,Ever Rodeiro (Goiás)
A. Rudko,Shakhtar Donetsk,Ukraine,Goalkeeper,31,65,65,1,0.0,0.0,0.0,0.0,0.0,0.0,4,1,375000.0,A. Rudko (Shakhtar Donetsk)
S. Haudum,Blau-Weiß Linz,Austria,Midfielder,28,65,65,1,66.0,53.0,60.0,60.0,63.0,70.0,3,2,625000.0,S. Haudum (Blau-Weiß Linz)
P. Dorgu,Lecce,Denmark,Defender,18,64,85,1,77.0,50.0,54.0,67.0,57.0,52.0,2,2,1800000.0,P. Dorgu (Lecce)
N. Mbamba,Bayer 04 Leverkusen,Belgium,Midfielder,18,64,84,1,72.0,34.0,54.0,65.0,61.0,70.0,3,2,1500000.0,N. Mbamba (Bayer 04 Leverkusen)
U. Tohumcu,TSG Hoffenheim,Germany,Midfielder,18,64,84,1,60.0,59.0,63.0,68.0,38.0,44.0,4,3,1600000.0,U. Tohumcu (TSG Hoffenheim)
A. Diao Diaoune,Real Betis,Spain,Midfielder,17,64,84,1,80.0,58.0,54.0,70.0,30.0,49.0,4,3,1600000.0,A. Diao Diaoune (Real Betis)
Newerton,Shakhtar Donetsk,Brazil,Midfielder,18,64,84,1,77.0,49.0,59.0,65.0,23.0,39.0,3,3,1600000.0,Newerton (Shakhtar Donetsk)
C. Mawissa Elebi,Toulouse,France,Defender,18,64,82,1,57.0,29.0,47.0,50.0,64.0,64.0,3,2,1400000.0,C. Mawissa Elebi (Toulouse)
N. Zézé,Nantes,France,Defender,18,64,82,1,54.0,31.0,40.0,40.0,68.0,58.0,3,2,1400000.0,N. Zézé (Nantes)
M. Kayode,Fiorentina,Italy,Defender,18,64,82,1,63.0,34.0,48.0,64.0,63.0,52.0,3,4,1400000.0,M. Kayode (Fiorentina)
E. Kroupi,Lorient,France,Midfielder,17,64,82,1,69.0,50.0,66.0,66.0,47.0,50.0,3,3,1500000.0,E. Kroupi (Lorient)
A. Sishuba,Lens,Belgium,Midfielder,18,64,81,1,72.0,60.0,60.0,72.0,32.0,40.0,4,4,1500000.0,A. Sishuba (Lens)
Y. Borges Sanches,Borussia Mönchengladbach,Luxembourg,Midfielder,19,64,80,1,77.0,57.0,64.0,62.0,53.0,57.0,2,3,1500000.0,Y. Borges Sanches (Borussia Mönchengladbach)
Fermín López,FC Barcelona,Spain,Midfielder,20,64,80,1,72.0,59.0,60.0,69.0,50.0,51.0,4,2,1500000.0,Fermín López (FC Barcelona)
O. Bobb,Manchester City,Norway,Forward,19,64,80,1,80.0,59.0,59.0,68.0,31.0,40.0,3,4,1500000.0,O. Bobb (Manchester City)
Eguinaldo,Shakhtar Donetsk,Brazil,Midfielder,18,64,80,1,78.0,53.0,54.0,68.0,25.0,43.0,4,3,1500000.0,Eguinaldo (Shakhtar Donetsk)
K. Yıldız,Juventus,Turkey,Forward,18,64,80,1,71.0,56.0,63.0,68.0,28.0,59.0,4,2,1500000.0,K. Yıldız (Juventus)
Rubén Iranzo,Valencia,Spain,Defender,20,64,79,1,53.0,44.0,56.0,51.0,65.0,63.0,3,2,1300000.0,Rubén Iranzo (Valencia)
D. Sylla,Lorient,Guinea,Defender,20,64,79,1,74.0,51.0,56.0,66.0,56.0,58.0,3,2,1300000.0,D. Sylla (Lorient)
A. Kari,Lorient,France,Midfielder,18,64,79,1,66.0,48.0,63.0,64.0,64.0,65.0,3,3,1400000.0,A. Kari (Lorient)
T. Corazza,Bologna,Italy,Defender,19,64,79,1,69.0,50.0,59.0,64.0,61.0,60.0,5,2,1300000.0,T. Corazza (Bologna)
S. Bonnah,Austria Klagenfurt,Netherlands,Defender,19,64,78,1,89.0,37.0,50.0,64.0,55.0,51.0,3,2,1300000.0,S. Bonnah (Austria Klagenfurt)
César Tárrega,Valencia,Spain,Defender,21,64,78,1,57.0,40.0,51.0,49.0,64.0,62.0,3,2,1400000.0,César Tárrega (Valencia)
F. Carboni,Monza,Argentina,Defender,20,64,78,1,64.0,40.0,55.0,57.0,60.0,65.0,2,2,1300000.0,F. Carboni (Monza)
Marc Casadó,FC Barcelona,Spain,Midfielder,19,64,78,1,60.0,54.0,61.0,66.0,61.0,53.0,4,3,1300000.0,Marc Casadó (FC Barcelona)
A. Maurer,Clermont,Morocco,Forward,18,64,78,1,59.0,58.0,63.0,68.0,38.0,44.0,2,3,1400000.0,A. Maurer (Clermont)
V. Atangana Edoa,Stade de Reims,France,Midfielder,17,64,78,1,56.0,51.0,60.0,60.0,63.0,55.0,3,2,1300000.0,V. Atangana Edoa (Stade de Reims)
F. Mayulu,Rapid Wien,France,Forward,20,64,78,1,76.0,65.0,46.0,66.0,23.0,62.0,3,2,1400000.0,F. Mayulu (Rapid Wien)
S. Lemkin,Shakhtar Donetsk,Israel,Defender,20,64,78,1,66.0,22.0,37.0,37.0,64.0,68.0,3,2,1300000.0,S. Lemkin (Shakhtar Donetsk)
E. Soglo,Olympique de Marseille,England,Defender,17,64,78,1,74.0,54.0,62.0,67.0,58.0,50.0,2,3,1300000.0,E. Soglo (Olympique de Marseille)
E. Barrenechea,Frosinone,Argentina,Midfielder,22,64,77,1,62.0,63.0,63.0,68.0,58.0,64.0,2,3,1400000.0,E. Barrenechea (Frosinone)
G. Kvernadze,Frosinone,Georgia,Forward,20,64,77,1,77.0,58.0,59.0,67.0,29.0,56.0,3,3,1400000.0,G. Kvernadze (Frosinone)
R. Hofer,Blau-Weiß Linz,Austria,Midfielder,20,64,77,1,55.0,59.0,67.0,64.0,59.0,68.0,3,3,1400000.0,R. Hofer (Blau-Weiß Linz)
A. Laâziri,Olympique Lyonnais,Morocco,Defender,19,64,77,1,74.0,48.0,59.0,66.0,58.0,54.0,3,3,1300000.0,A. Laâziri (Olympique Lyonnais)
M. Faye,FC Barcelona,Senegal,Defender,18,64,77,1,75.0,30.0,49.0,54.0,60.0,73.0,3,2,1300000.0,M. Faye (FC Barcelona)
M. Jaouab,Rennes,Morocco,Defender,21,64,77,1,57.0,29.0,42.0,51.0,64.0,65.0,3,2,1400000.0,M. Jaouab (Rennes)
S. Włodarczyk,Sturm Graz,Poland,Forward,20,64,76,1,71.0,66.0,45.0,62.0,22.0,63.0,3,2,1400000.0,S. Włodarczyk (Sturm Graz)
M. Sangare,Hartberg,Mali,Midfielder,21,64,76,1,81.0,62.0,62.0,70.0,45.0,59.0,3,3,1400000.0,M. Sangare (Hartberg)
N. Skyttä,Toulouse,Finland,Midfielder,21,64,76,1,65.0,53.0,65.0,70.0,45.0,48.0,2,3,1400000.0,N. Skyttä (Toulouse)
Herrando,Osasuna,Spain,Defender,22,64,76,1,55.0,29.0,43.0,44.0,65.0,60.0,3,2,1400000.0,Herrando (Osasuna)
Quintanilla,Mallorca,Spain,Midfielder,19,64,76,1,67.0,46.0,61.0,59.0,59.0,68.0,3,2,1400000.0,Quintanilla (Mallorca)
O. Zandén,Toulouse,Sweden,Defender,21,64,75,1,62.0,40.0,60.0,54.0,62.0,62.0,3,2,1300000.0,O. Zandén (Toulouse)
Owono,Deportivo Alavés,Equatorial Guinea,Goalkeeper,22,64,75,1,0.0,0.0,0.0,0.0,0.0,0.0,3,1,1100000.0,Owono (Deportivo Alavés)
E. Omić,Wolfsberger AC,Austria,Midfielder,20,64,75,1,64.0,51.0,62.0,63.0,60.0,69.0,3,2,1200000.0,E. Omić (Wolfsberger AC)
F. Winther,FC Augsburg,Denmark,Defender,22,64,74,1,55.0,31.0,51.0,58.0,65.0,64.0,2,2,1200000.0,F. Winther (FC Augsburg)
K. Hein,Arsenal,Estonia,Goalkeeper,21,64,74,1,0.0,0.0,0.0,0.0,0.0,0.0,3,1,1100000.0,K. Hein (Arsenal)
Julio Martínez,Granada,Spain,Forward,22,64,74,1,75.0,65.0,54.0,65.0,19.0,53.0,4,3,1300000.0,Julio Martínez (Granada)
L. Kronberger,WSG Tirol,Austria,Midfielder,21,64,74,1,69.0,58.0,59.0,62.0,35.0,66.0,2,2,1300000.0,L. Kronberger (WSG Tirol)
Toni Fuidias,Girona,Spain,Goalkeeper,22,64,74,1,0.0,0.0,0.0,0.0,0.0,0.0,3,1,1100000.0,Toni Fuidias (Girona)
L. Gemello,Torino,Italy,Goalkeeper,22,64,74,1,0.0,0.0,0.0,0.0,0.0,0.0,2,1,1100000.0,L. Gemello (Torino)
D. Seck,Torino,Senegal,Forward,22,64,74,1,76.0,63.0,55.0,73.0,30.0,57.0,3,3,1300000.0,D. Seck (Torino)
T. Berger,Austria Lustenau,Austria,Defender,21,64,74,1,70.0,45.0,57.0,60.0,59.0,71.0,2,2,1300000.0,T. Berger (Austria Lustenau)
I. Salah,Rennes,Morocco,Forward,21,64,74,1,68.0,61.0,53.0,70.0,30.0,67.0,4,3,1300000.0,I. Salah (Rennes)
D. Kaygin,Rapid Wien,Germany,Midfielder,19,64,74,1,71.0,64.0,64.0,64.0,42.0,57.0,3,3,1300000.0,D. Kaygin (Rapid Wien)
S. Tijani,Wolfsberger AC,Nigeria,Midfielder,21,64,73,1,70.0,42.0,60.0,64.0,62.0,64.0,3,2,1200000.0,S. Tijani (Wolfsberger AC)
Guillem Molina,Osasuna,Spain,Defender,23,64,73,1,64.0,31.0,49.0,48.0,66.0,63.0,3,2,1200000.0,Guillem Molina (Osasuna)
F. Strauss,Rheindorf Altach,Austria,Defender,22,64,73,1,70.0,40.0,55.0,60.0,60.0,76.0,4,2,1200000.0,F. Strauss (Rheindorf Altach)
U. Llanez Jr.,VfL Wolfsburg,United States,Forward,22,64,72,1,79.0,58.0,60.0,68.0,37.0,59.0,4,3,1300000.0,U. Llanez Jr. (VfL Wolfsburg)
C. Lang,Hartberg,Austria,Forward,21,64,72,1,73.0,63.0,60.0,66.0,33.0,61.0,3,2,1300000.0,C. Lang (Hartberg)
M. Ndiaye,Clermont,Senegal,Goalkeeper,21,64,72,1,0.0,0.0,0.0,0.0,0.0,0.0,2,1,1100000.0,M. Ndiaye (Clermont)
Mario Gila,Lazio,Spain,Defender,22,64,72,1,66.0,38.0,53.0,61.0,64.0,64.0,3,2,1200000.0,Mario Gila (Lazio)
V. Brazhko,Dynamo Kyiv,Ukraine,Midfielder,21,64,72,1,61.0,31.0,54.0,54.0,59.0,66.0,3,2,1200000.0,V. Brazhko (Dynamo Kyiv)
L. Gütlbauer,Wolfsberger AC,Austria,Goalkeeper,22,64,71,1,0.0,0.0,0.0,0.0,0.0,0.0,2,1,1000000.0,L. Gütlbauer (Wolfsberger AC)
J. Mina,Werder Bremen,Ecuador,Midfielder,21,64,71,1,62.0,64.0,60.0,62.0,41.0,43.0,3,3,1200000.0,J. Mina (Werder Bremen)
J. Naschberger,WSG Tirol,Austria,Midfielder,23,64,71,1,78.0,58.0,61.0,68.0,55.0,55.0,3,3,1200000.0,J. Naschberger (WSG Tirol)
B. Austin,Tottenham Hotspur,England,Goalkeeper,24,64,70,1,0.0,0.0,0.0,0.0,0.0,0.0,2,1,750000.0,B. Austin (Tottenham Hotspur)
Bruno Jordão,Wolverhampton Wanderers,Portugal,Midfielder,24,64,70,1,65.0,56.0,63.0,68.0,52.0,61.0,3,3,925000.0,Bruno Jordão (Wolverhampton Wanderers)
J. Anang,West Ham United,England,Goalkeeper,23,64,70,1,0.0,0.0,0.0,0.0,0.0,0.0,2,1,750000.0,J. Anang (West Ham United)
M. Listkowski,Lecce,Poland,Forward,25,64,69,1,77.0,59.0,59.0,69.0,48.0,64.0,3,3,875000.0,M. Listkowski (Lecce)
F. Dietz,FC Köln,Germany,Forward,24,64,69,1,73.0,62.0,43.0,57.0,25.0,71.0,3,2,900000.0,F. Dietz (FC Köln)
S. Karweina,Austria Klagenfurt,Germany,Midfielder,24,64,69,1,75.0,58.0,57.0,67.0,39.0,58.0,3,3,875000.0,S. Karweina (Austria Klagenfurt)
André Anderson,Lazio,Italy,Forward,23,64,69,1,70.0,59.0,60.0,67.0,25.0,49.0,3,3,900000.0,André Anderson (Lazio)
S. Straudi,Austria Klagenfurt,Italy,Midfielder,24,64,69,1,70.0,51.0,62.0,66.0,62.0,59.0,3,3,875000.0,S. Straudi (Austria Klagenfurt)
D. Stumberger,WSG Tirol,Croatia,Defender,24,64,69,1,65.0,37.0,49.0,50.0,65.0,67.0,3,2,800000.0,D. Stumberger (WSG Tirol)
S. Surdanović,Austria Lustenau,Serbia,Midfielder,24,64,69,1,70.0,64.0,55.0,64.0,47.0,70.0,3,2,875000.0,S. Surdanović (Austria Lustenau)
L. Lukacevic,Rheindorf Altach,Austria,Defender,24,64,68,1,67.0,46.0,60.0,61.0,60.0,63.0,3,2,775000.0,L. Lukacevic (Rheindorf Altach)
N. Geyrhofer,Sturm Graz,Austria,Defender,23,64,68,1,58.0,27.0,40.0,46.0,65.0,67.0,3,2,750000.0,N. Geyrhofer (Sturm Graz)
A. Helac,Austria Lustenau,Austria,Goalkeeper,25,64,68,1,0.0,0.0,0.0,0.0,0.0,0.0,2,1,650000.0,A. Helac (Austria Lustenau)
F. Gmeiner,Austria Lustenau,Austria,Defender,26,64,67,1,73.0,42.0,54.0,63.0,62.0,60.0,4,2,700000.0,F. Gmeiner (Austria Lustenau)
J. Arweiler,Austria Klagenfurt,Germany,Forward,26,64,67,1,55.0,64.0,51.0,60.0,27.0,65.0,3,2,775000.0,J. Arweiler (Austria Klagenfurt)
T. Schumacher,Austria Klagenfurt,Germany,Defender,25,64,67,1,70.0,47.0,55.0,63.0,60.0,53.0,3,2,725000.0,T. Schumacher (Austria Klagenfurt)
D. Topalov,Shakhtar Donetsk,Ukraine,Defender,25,64,67,1,67.0,50.0,57.0,66.0,59.0,46.0,2,3,725000.0,D. Topalov (Shakhtar Donetsk)
R. Matthews,Crystal Palace,England,Goalkeeper,29,64,66,1,0.0,0.0,0.0,0.0,0.0,0.0,3,1,475000.0,R. Matthews (Crystal Palace)
T. Schützenauer,Rheindorf Altach,Austria,Goalkeeper,26,64,66,1,0.0,0.0,0.0,0.0,0.0,0.0,4,1,550000.0,T. Schützenauer (Rheindorf Altach)
A. Rossi,Lazio,Italy,Forward,26,64,66,1,65.0,64.0,55.0,62.0,31.0,64.0,2,3,725000.0,A. Rossi (Lazio)
N. Iyobosa Edokpolor,Rheindorf Altach,Austria,Defender,26,64,66,1,80.0,49.0,54.0,65.0,63.0,70.0,3,2,650000.0,N. Iyobosa Edokpolor (Rheindorf Altach)
O. Okungbowa,WSG Tirol,Austria,Defender,29,64,65,1,67.0,46.0,56.0,55.0,60.0,76.0,3,2,550000.0,O. Okungbowa (WSG Tirol)
L. Gugganig,Rheindorf Altach,Austria,Defender,28,64,65,1,44.0,47.0,46.0,49.0,63.0,74.0,2,2,550000.0,L. Gugganig (Rheindorf Altach)
M. Brandner,Blau-Weiß Linz,Austria,Midfielder,28,64,65,1,68.0,46.0,56.0,61.0,60.0,67.0,4,2,575000.0,M. Brandner (Blau-Weiß Linz)
M. Knaller,Austria Klagenfurt,Austria,Goalkeeper,36,64,64,1,0.0,0.0,0.0,0.0,0.0,0.0,3,1,60000.0,M. Knaller (Austria Klagenfurt)
A. Lukse,Blau-Weiß Linz,Austria,Goalkeeper,35,64,64,1,0.0,0.0,0.0,0.0,0.0,0.0,3,1,60000.0,A. Lukse (Blau-Weiß Linz)
M. Gollner,Hartberg,Austria,Defender,32,64,64,1,51.0,24.0,42.0,52.0,65.0,73.0,3,2,375000.0,M. Gollner (Hartberg)
J. Zwischenbrugger,Rheindorf Altach,Austria,Defender,33,64,64,1,47.0,47.0,52.0,49.0,64.0,72.0,3,2,275000.0,J. Zwischenbrugger (Rheindorf Altach)
T. King,Wolverhampton Wanderers,Wales,Goalkeeper,28,64,64,1,0.0,0.0,0.0,0.0,0.0,0.0,3,1,425000.0,T. King (Wolverhampton Wanderers)
Ronivaldo,Blau-Weiß Linz,Brazil,Forward,34,64,64,1,72.0,69.0,50.0,65.0,21.0,60.0,3,3,275000.0,Ronivaldo (Blau-Weiß Linz)
Peter Abradanel,América Mineiro,Brazil,Goalkeeper,39,64,64,1,0.0,0.0,0.0,0.0,0.0,0.0,3,1,60000.0,Peter Abradanel (América Mineiro)
Marcelo Vildeia,Botafogo,Brazil,Forward,27,64,64,1,83.0,62.0,49.0,69.0,30.0,54.0,3,2,625000.0,Marcelo Vildeia (Botafogo)
Mateus Couteira,Goiás,Brazil,Defender,27,64,64,1,63.0,35.0,55.0,50.0,66.0,61.0,3,2,550000.0,Mateus Couteira (Goiás)
Flávio Triginho,América Mineiro,Brazil,Forward,27,64,64,1,74.0,63.0,41.0,73.0,30.0,54.0,3,3,625000.0,Flávio Triginho (América Mineiro)
Raphael Doninho,Botafogo,Brazil,Midfielder,23,64,64,1,68.0,58.0,63.0,69.0,40.0,51.0,3,3,675000.0,Raphael Doninho (Botafogo)
Nito Carbelho,Fluminense,Brazil,Forward,31,64,64,1,71.0,62.0,57.0,65.0,34.0,63.0,3,2,500000.0,Nito Carbelho (Fluminense)
J. Scherzer,Wolfsberger AC,Austria,Defender,27,64,64,1,65.0,42.0,58.0,62.0,62.0,66.0,3,2,575000.0,J. Scherzer (Wolfsberger AC)
T. Rotter,Hartberg,Austria,Defender,31,64,64,1,41.0,37.0,40.0,43.0,65.0,70.0,3,2,400000.0,T. Rotter (Hartberg)
L. Miley,Newcastle United,England,Midfielder,17,63,85,1,61.0,58.0,63.0,67.0,53.0,52.0,4,3,1500000.0,L. Miley (Newcastle United)
N. Collins,Eintracht Frankfurt,Germany,Defender,19,63,82,1,85.0,25.0,45.0,50.0,61.0,68.0,3,2,1200000.0,N. Collins (Eintracht Frankfurt)
A. Murphy,Newcastle United,Republic of Ireland,Defender,19,63,81,1,66.0,34.0,53.0,55.0,62.0,68.0,4,2,1200000.0,A. Murphy (Newcastle United)
A. Tsarenko,Dynamo Kyiv,Ukraine,Midfielder,19,63,81,1,69.0,49.0,60.0,66.0,35.0,48.0,3,3,1200000.0,A. Tsarenko (Dynamo Kyiv)
Álvaro,Real Madrid,Uruguay,Forward,18,63,81,1,68.0,60.0,59.0,61.0,22.0,56.0,3,3,1200000.0,Álvaro (Real Madrid)
Noel,Real Madrid,Spain,Forward,20,63,80,1,66.0,63.0,56.0,63.0,28.0,46.0,4,4,1300000.0,Noel (Real Madrid)
G. Ranos,Borussia Mönchengladbach,Armenia,Forward,19,63,80,1,64.0,65.0,53.0,65.0,27.0,56.0,3,2,1300000.0,G. Ranos (Borussia Mönchengladbach)
W. Bondo,Monza,France,Midfielder,19,63,79,1,77.0,55.0,58.0,72.0,58.0,64.0,2,3,1200000.0,W. Bondo (Monza)
P. Pagis,Lorient,France,Forward,20,63,79,1,60.0,65.0,47.0,62.0,21.0,55.0,3,2,1300000.0,P. Pagis (Lorient)
Y. Okou,Monaco,France,Defender,20,63,79,1,69.0,31.0,48.0,54.0,63.0,64.0,2,2,1200000.0,Y. Okou (Monaco)
Marvel,Real Madrid,Spain,Defender,20,63,79,1,69.0,32.0,46.0,52.0,60.0,68.0,3,2,1200000.0,Marvel (Real Madrid)
D. Castillo,Shakhtar Donetsk,Ecuador,Midfielder,19,63,79,1,62.0,34.0,57.0,50.0,60.0,69.0,3,2,1200000.0,D. Castillo (Shakhtar Donetsk)
Zarzana,Sevilla,Spain,Forward,21,63,78,1,67.0,55.0,65.0,62.0,22.0,45.0,5,3,1200000.0,Zarzana (Sevilla)
M. Diambou,Salzburg,Mali,Midfielder,20,63,78,1,74.0,52.0,58.0,66.0,59.0,61.0,3,3,1100000.0,M. Diambou (Salzburg)
E. Camara,Udinese,France,Midfielder,20,63,78,1,63.0,45.0,54.0,61.0,62.0,69.0,2,2,1100000.0,E. Camara (Udinese)
Pablo Marín,Real Sociedad,Spain,Midfielder,19,63,78,1,59.0,56.0,61.0,64.0,37.0,46.0,3,3,1100000.0,Pablo Marín (Real Sociedad)
G. Puerta,Bayer 04 Leverkusen,Colombia,Midfielder,19,63,78,1,65.0,56.0,59.0,60.0,58.0,60.0,3,2,1100000.0,G. Puerta (Bayer 04 Leverkusen)
R. Belahyane,Nice,France,Midfielder,19,63,78,1,59.0,43.0,56.0,65.0,66.0,40.0,3,2,1100000.0,R. Belahyane (Nice)
B. Chrisene,Aston Villa,England,Defender,19,63,77,1,67.0,50.0,58.0,63.0,56.0,59.0,3,3,1100000.0,B. Chrisene (Aston Villa)
Ricard Artero,Girona,Spain,Midfielder,20,63,77,1,65.0,60.0,60.0,65.0,56.0,58.0,3,3,1200000.0,Ricard Artero (Girona)
M. Polster,Austria Wien,Austria,Midfielder,20,63,76,1,87.0,62.0,52.0,64.0,34.0,58.0,2,3,1200000.0,M. Polster (Austria Wien)
N. Michelis,Osasuna,Greece,Defender,22,63,75,1,54.0,34.0,42.0,38.0,63.0,67.0,3,2,1100000.0,N. Michelis (Osasuna)
T. Kastanaras,VfB Stuttgart,Germany,Forward,20,63,75,1,63.0,64.0,51.0,59.0,22.0,58.0,3,2,1200000.0,T. Kastanaras (VfB Stuttgart)
A. Sorrentino,Monza,Italy,Goalkeeper,21,63,75,1,0.0,0.0,0.0,0.0,0.0,0.0,3,1,1000000.0,A. Sorrentino (Monza)
I. Diakité,Stade de Reims,Guinea,Defender,19,63,75,1,70.0,42.0,51.0,62.0,60.0,65.0,3,2,1100000.0,I. Diakité (Stade de Reims)
C. Konaté,Clermont,Mali,Defender,19,63,75,1,59.0,29.0,49.0,60.0,67.0,52.0,2,2,1100000.0,C. Konaté (Clermont)
Adrián,Deportivo Alavés,Argentina,Goalkeeper,22,63,74,1,0.0,0.0,0.0,0.0,0.0,0.0,3,1,925000.0,Adrián (Deportivo Alavés)
Pablo Pérez,Atlético Madrid,Spain,Defender,21,63,74,1,67.0,35.0,55.0,59.0,59.0,59.0,3,2,1000000.0,Pablo Pérez (Atlético Madrid)
T. Boulhendi,Nice,Algeria,Goalkeeper,22,63,74,1,0.0,0.0,0.0,0.0,0.0,0.0,3,1,925000.0,T. Boulhendi (Nice)
L. Rieß,FSV Mainz 05,Germany,Goalkeeper,21,63,74,1,0.0,0.0,0.0,0.0,0.0,0.0,3,1,925000.0,L. Rieß (FSV Mainz 05)
M. Huskovic,Austria Wien,Austria,Forward,20,63,74,1,73.0,62.0,57.0,69.0,19.0,54.0,3,3,1100000.0,M. Huskovic (Austria Wien)
L. Dobbin,Everton,England,Midfielder,20,63,74,1,80.0,61.0,54.0,66.0,25.0,51.0,2,3,1100000.0,L. Dobbin (Everton)
Jon Magunazelaia,Real Sociedad,Spain,Forward,21,63,74,1,76.0,64.0,60.0,66.0,46.0,55.0,3,3,1100000.0,Jon Magunazelaia (Real Sociedad)
O. Ocheretko,Shakhtar Donetsk,Ukraine,Midfielder,20,63,74,1,65.0,58.0,61.0,64.0,35.0,60.0,3,3,1100000.0,O. Ocheretko (Shakhtar Donetsk)
B. Traoré,Toulouse,France,Forward,20,63,74,1,59.0,64.0,44.0,63.0,29.0,57.0,3,2,1100000.0,B. Traoré (Toulouse)
Ayesa,Real Sociedad,Spain,Goalkeeper,22,63,73,1,0.0,0.0,0.0,0.0,0.0,0.0,3,1,925000.0,Ayesa (Real Sociedad)
L. Mouyokolo,Lorient,France,Defender,22,63,73,1,57.0,34.0,39.0,46.0,61.0,78.0,2,2,1000000.0,L. Mouyokolo (Lorient)
M. Bastian,Strasbourg,France,Defender,22,63,73,1,72.0,34.0,50.0,61.0,59.0,60.0,2,2,1000000.0,M. Bastian (Strasbourg)
I. Baldé,Lens,France,Forward,20,63,73,1,67.0,61.0,54.0,64.0,20.0,47.0,3,3,1100000.0,I. Baldé (Lens)
Pablo Valencia,Osasuna,Spain,Goalkeeper,22,63,73,1,0.0,0.0,0.0,0.0,0.0,0.0,3,1,925000.0,Pablo Valencia (Osasuna)
Miki Bosch,Granada,Spain,Defender,22,63,73,1,60.0,24.0,43.0,41.0,64.0,61.0,3,2,1000000.0,Miki Bosch (Granada)
A. Taoui,LASK Linz,France,Midfielder,21,63,72,1,65.0,61.0,55.0,67.0,24.0,55.0,4,3,1100000.0,A. Taoui (LASK Linz)
Juanlu Sánchez,Sevilla,Spain,Defender,19,63,72,1,54.0,59.0,60.0,71.0,57.0,43.0,3,3,1000000.0,Juanlu Sánchez (Sevilla)
M. Oswald,Rapid Wien,Austria,Midfielder,21,63,72,1,66.0,52.0,59.0,66.0,59.0,62.0,3,2,1100000.0,M. Oswald (Rapid Wien)
T. Himeur,Toulouse,France,Goalkeeper,22,63,72,1,0.0,0.0,0.0,0.0,0.0,0.0,2,1,925000.0,T. Himeur (Toulouse)
A. Oyono,Frosinone,Gabon,Defender,22,63,72,1,71.0,34.0,52.0,54.0,60.0,61.0,3,2,1000000.0,A. Oyono (Frosinone)
Adri López,Granada,Spain,Goalkeeper,24,63,71,1,0.0,0.0,0.0,0.0,0.0,0.0,3,1,925000.0,Adri López (Granada)
L. Fadinger,Rheindorf Altach,Austria,Midfielder,22,63,71,1,68.0,59.0,62.0,70.0,48.0,50.0,3,3,1100000.0,L. Fadinger (Rheindorf Altach)
D. Youfeigane,Lorient,Central African Republic,Goalkeeper,23,63,71,1,0.0,0.0,0.0,0.0,0.0,0.0,2,1,925000.0,D. Youfeigane (Lorient)
C. Noß,Blau-Weiß Linz,Republic of Ireland,Midfielder,22,63,71,1,71.0,57.0,59.0,72.0,32.0,43.0,3,3,1100000.0,C. Noß (Blau-Weiß Linz)
O. Strunz,Rapid Wien,Austria,Midfielder,23,63,71,1,70.0,66.0,54.0,66.0,29.0,74.0,3,2,1100000.0,O. Strunz (Rapid Wien)
M. Peart-Harris,Brentford,England,Midfielder,20,63,71,1,63.0,61.0,63.0,63.0,52.0,68.0,3,2,1000000.0,M. Peart-Harris (Brentford)
Monjonell,Girona,Spain,Defender,21,63,71,1,54.0,33.0,49.0,53.0,63.0,64.0,3,2,1000000.0,Monjonell (Girona)
B. Ozegovic,WSG Tirol,Austria,Goalkeeper,23,63,70,1,0.0,0.0,0.0,0.0,0.0,0.0,3,1,825000.0,B. Ozegovic (WSG Tirol)
A. Whiteman,Tottenham Hotspur,England,Goalkeeper,24,63,70,1,0.0,0.0,0.0,0.0,0.0,0.0,2,1,825000.0,A. Whiteman (Tottenham Hotspur)
M. Cerofolini,Frosinone,Italy,Goalkeeper,24,63,70,1,0.0,0.0,0.0,0.0,0.0,0.0,1,1,825000.0,M. Cerofolini (Frosinone)
S. Soto,Austria Klagenfurt,United States,Forward,22,63,70,1,69.0,64.0,45.0,63.0,22.0,60.0,3,2,975000.0,S. Soto (Austria Klagenfurt)
K. Bukusu,Wolfsberger AC,Angola,Defender,22,63,70,1,63.0,27.0,39.0,47.0,62.0,74.0,3,2,900000.0,K. Bukusu (Wolfsberger AC)
K. Diawara,Le Havre,France,Forward,23,63,70,1,78.0,61.0,52.0,66.0,24.0,50.0,3,3,975000.0,K. Diawara (Le Havre)
V. Demaku,Sturm Graz,Austria,Midfielder,23,63,69,1,58.0,52.0,58.0,67.0,62.0,60.0,3,2,750000.0,V. Demaku (Sturm Graz)
T. Anselm,LASK Linz,Austria,Forward,23,63,69,1,76.0,62.0,59.0,63.0,41.0,59.0,3,3,775000.0,T. Anselm (LASK Linz)
M. Moormann,Rapid Wien,Austria,Defender,22,63,69,1,61.0,33.0,48.0,45.0,64.0,73.0,3,2,725000.0,M. Moormann (Rapid Wien)
F. Ehmann,Hartberg,Austria,Goalkeeper,24,63,68,1,0.0,0.0,0.0,0.0,0.0,0.0,3,1,575000.0,F. Ehmann (Hartberg)
M. Maranda,Blau-Weiß Linz,Austria,Defender,25,63,68,1,64.0,28.0,41.0,44.0,63.0,73.0,3,2,625000.0,M. Maranda (Blau-Weiß Linz)
Y. Letard,LASK Linz,France,Defender,24,63,68,1,65.0,29.0,42.0,48.0,63.0,63.0,4,2,650000.0,Y. Letard (LASK Linz)
K. John,Everton,England,Defender,22,63,68,1,60.0,43.0,56.0,64.0,61.0,57.0,2,2,700000.0,K. John (Everton)
K. Serber,Toulouse,France,Midfielder,24,63,68,1,66.0,55.0,60.0,63.0,56.0,61.0,3,2,725000.0,K. Serber (Toulouse)
S. Perisan,Empoli,Italy,Goalkeeper,25,63,67,1,0.0,0.0,0.0,0.0,0.0,0.0,3,1,525000.0,S. Perisan (Empoli)
A. Ranacher,WSG Tirol,Austria,Defender,24,63,67,1,78.0,54.0,56.0,67.0,54.0,63.0,3,3,650000.0,A. Ranacher (WSG Tirol)
M. Karamarko,Hartberg,Croatia,Defender,25,63,67,1,62.0,25.0,40.0,43.0,63.0,69.0,3,2,600000.0,M. Karamarko (Hartberg)
L. Tursch,Blau-Weiß Linz,Austria,Midfielder,27,63,66,1,58.0,56.0,55.0,58.0,62.0,71.0,3,2,550000.0,L. Tursch (Blau-Weiß Linz)
F. Gelli,Frosinone,Italy,Midfielder,26,63,65,1,67.0,59.0,60.0,65.0,47.0,54.0,3,2,600000.0,F. Gelli (Frosinone)
F. Strauss,Blau-Weiß Linz,Austria,Defender,28,63,64,1,36.0,28.0,40.0,33.0,63.0,77.0,3,2,450000.0,F. Strauss (Blau-Weiß Linz)
M. Kröpfl,Hartberg,Austria,Midfielder,33,63,63,1,63.0,62.0,62.0,63.0,42.0,58.0,3,3,300000.0,M. Kröpfl (Hartberg)
M. Maak,Austria Lustenau,Austria,Defender,31,63,63,1,36.0,32.0,48.0,45.0,62.0,76.0,3,2,325000.0,M. Maak (Austria Lustenau)
Fachendinho,Santos,Brazil,Forward,31,63,63,1,44.0,66.0,53.0,63.0,26.0,65.0,3,3,400000.0,Fachendinho (Santos)
Sander Asevedo,Goiás,Brazil,Goalkeeper,27,63,63,1,0.0,0.0,0.0,0.0,0.0,0.0,1,1,375000.0,Sander Asevedo (Goiás)
Adrián Rocheira,Botafogo,Brazil,Midfielder,27,63,63,1,54.0,31.0,53.0,43.0,70.0,56.0,3,2,450000.0,Adrián Rocheira (Botafogo)
P. Grabher,Austria Lustenau,Austria,Midfielder,29,63,63,1,61.0,52.0,56.0,64.0,61.0,62.0,3,2,475000.0,P. Grabher (Austria Lustenau)
B. Doak,Liverpool,Scotland,Forward,17,62,84,1,81.0,52.0,51.0,68.0,27.0,47.0,3,3,1200000.0,B. Doak (Liverpool)
K. Mainoo,Manchester United,England,Midfielder,18,62,84,1,74.0,55.0,58.0,68.0,59.0,67.0,2,3,1200000.0,K. Mainoo (Manchester United)
F. Chiarodia,Borussia Mönchengladbach,Italy,Defender,18,62,83,1,66.0,33.0,49.0,55.0,62.0,61.0,3,2,1200000.0,F. Chiarodia (Borussia Mönchengladbach)
S. Raebiger,Eintracht Frankfurt,Germany,Midfielder,18,62,82,1,68.0,52.0,65.0,66.0,55.0,46.0,3,3,1100000.0,S. Raebiger (Eintracht Frankfurt)
L. Ullrich,Borussia Mönchengladbach,Germany,Defender,19,62,82,1,67.0,43.0,54.0,61.0,56.0,61.0,2,2,1100000.0,L. Ullrich (Borussia Mönchengladbach)
Joel Roca,Girona,Spain,Midfielder,18,62,82,1,79.0,56.0,51.0,68.0,27.0,45.0,3,3,1100000.0,Joel Roca (Girona)
E. González,Wolverhampton Wanderers,Paraguay,Midfielder,18,62,82,1,70.0,48.0,58.0,68.0,35.0,46.0,2,4,1100000.0,E. González (Wolverhampton Wanderers)
D. Downs,FC Köln,United States,Forward,18,62,82,1,68.0,62.0,51.0,58.0,24.0,57.0,3,2,1100000.0,D. Downs (FC Köln)
K. Gordon,Liverpool,England,Forward,18,62,81,1,69.0,57.0,54.0,65.0,25.0,45.0,3,3,1000000.0,K. Gordon (Liverpool)
L. Mbete,Manchester City,England,Defender,19,62,81,1,70.0,32.0,48.0,58.0,59.0,71.0,3,2,975000.0,L. Mbete (Manchester City)
M. Wenig,Eintracht Frankfurt,Germany,Midfielder,19,62,81,1,64.0,58.0,63.0,61.0,44.0,55.0,3,3,1000000.0,M. Wenig (Eintracht Frankfurt)
Mario Martín,Real Madrid,Spain,Midfielder,19,62,81,1,68.0,50.0,60.0,64.0,55.0,46.0,3,3,1000000.0,Mario Martín (Real Madrid)
C. Traorè,Milan,Côte d'Ivoire,Forward,18,62,81,1,64.0,67.0,57.0,62.0,27.0,46.0,3,3,1000000.0,C. Traorè (Milan)
F. Missori,Sassuolo,Italy,Defender,19,62,80,1,59.0,35.0,48.0,60.0,61.0,52.0,3,2,1000000.0,F. Missori (Sassuolo)
K. Fayad,Montpellier,France,Midfielder,19,62,80,1,63.0,53.0,62.0,70.0,46.0,38.0,3,2,1000000.0,K. Fayad (Montpellier)
G. Faticanti,Lecce,Italy,Midfielder,18,62,80,1,55.0,44.0,56.0,58.0,59.0,63.0,3,2,950000.0,G. Faticanti (Lecce)
Dani Pérez,Real Betis,Spain,Midfielder,17,62,80,1,63.0,54.0,64.0,68.0,50.0,44.0,4,3,1000000.0,Dani Pérez (Real Betis)
B. Gruda,FSV Mainz 05,Germany,Forward,19,62,80,1,68.0,64.0,55.0,67.0,28.0,48.0,3,3,1000000.0,B. Gruda (FSV Mainz 05)
J. Milošević,VfB Stuttgart,Serbia,Forward,17,62,80,1,54.0,62.0,51.0,60.0,32.0,65.0,3,2,1000000.0,J. Milošević (VfB Stuttgart)
R. Burnete,Lecce,Romania,Forward,19,62,80,1,62.0,65.0,45.0,61.0,23.0,60.0,3,2,1000000.0,R. Burnete (Lecce)
M. Azeez,Arsenal,England,Midfielder,20,62,79,1,66.0,57.0,64.0,65.0,57.0,61.0,3,3,1000000.0,M. Azeez (Arsenal)
S. Shoretire,Manchester United,England,Midfielder,19,62,79,1,73.0,54.0,57.0,67.0,37.0,54.0,4,3,1000000.0,S. Shoretire (Manchester United)
A. Kamara,Borussia Dortmund,Guinea,Midfielder,18,62,79,1,67.0,43.0,59.0,67.0,58.0,65.0,3,3,1000000.0,A. Kamara (Borussia Dortmund)
Manu Morillo,Real Betis,Spain,Forward,19,62,79,1,76.0,61.0,51.0,65.0,21.0,47.0,3,3,1000000.0,Manu Morillo (Real Betis)
Julen Jon,Roma,Spain,Forward,19,62,79,1,70.0,56.0,57.0,60.0,40.0,63.0,3,3,1000000.0,Julen Jon (Roma)
Ibra Cámara,Real Sociedad,Spain,Defender,20,62,79,1,57.0,31.0,39.0,44.0,62.0,66.0,2,2,975000.0,Ibra Cámara (Real Sociedad)
J. Escartin,Brest,France,Defender,20,62,79,1,62.0,30.0,46.0,44.0,63.0,61.0,3,2,975000.0,J. Escartin (Brest)
R. Smajić,FC Köln,Bosnia and Herzegovina,Defender,19,62,79,1,65.0,30.0,44.0,50.0,61.0,67.0,2,2,975000.0,R. Smajić (FC Köln)
L. Chambers,Liverpool,England,Defender,19,62,79,1,66.0,36.0,54.0,60.0,60.0,55.0,2,2,1000000.0,L. Chambers (Liverpool)
J. Panichelli,Deportivo Alavés,Argentina,Forward,20,62,79,1,58.0,65.0,44.0,57.0,20.0,58.0,3,3,1100000.0,J. Panichelli (Deportivo Alavés)
A. Malouda,Lille,France,Midfielder,17,62,79,1,75.0,54.0,57.0,67.0,32.0,46.0,3,3,1000000.0,A. Malouda (Lille)
R. Pagano,Roma,Italy,Midfielder,18,62,79,1,62.0,55.0,62.0,64.0,46.0,46.0,3,3,1000000.0,R. Pagano (Roma)
Nico Paz,Real Madrid,Spain,Midfielder,18,62,79,1,67.0,59.0,61.0,66.0,46.0,58.0,2,2,1000000.0,Nico Paz (Real Madrid)
F. Sylla,Lens,France,Midfielder,17,62,79,1,57.0,51.0,61.0,60.0,60.0,66.0,2,2,1000000.0,F. Sylla (Lens)
David Amigo,Cádiz,Spain,Midfielder,20,62,78,1,66.0,58.0,59.0,63.0,31.0,51.0,3,3,1000000.0,David Amigo (Cádiz)
Álex Padilla,Athletic Club,Spain,Goalkeeper,19,62,78,1,0.0,0.0,0.0,0.0,0.0,0.0,3,1,900000.0,Álex Padilla (Athletic Club)
P. Ratkov,Salzburg,Serbia,Forward,19,62,78,1,68.0,61.0,50.0,62.0,30.0,65.0,3,2,1000000.0,P. Ratkov (Salzburg)
A. Bojang,Stade de Reims,Gambia,Forward,19,62,78,1,64.0,61.0,49.0,58.0,36.0,58.0,3,3,1000000.0,A. Bojang (Stade de Reims)
B. Johnson,Lecce,England,Forward,17,62,78,1,83.0,56.0,53.0,67.0,28.0,51.0,3,3,1000000.0,B. Johnson (Lecce)
C. Dalle Mura,Fiorentina,Italy,Defender,21,62,77,1,59.0,30.0,45.0,43.0,65.0,60.0,2,2,925000.0,C. Dalle Mura (Fiorentina)
Javi Serrano,Sturm Graz,Spain,Midfielder,20,62,77,1,69.0,56.0,58.0,63.0,60.0,65.0,3,2,950000.0,Javi Serrano (Sturm Graz)
Víctor Aznar,Cádiz,Brazil,Goalkeeper,20,62,77,1,0.0,0.0,0.0,0.0,0.0,0.0,2,1,850000.0,Víctor Aznar (Cádiz)
J. Quansah,Liverpool,England,Defender,20,62,77,1,63.0,29.0,47.0,48.0,60.0,69.0,2,2,900000.0,J. Quansah (Liverpool)
N. Bonte,Lens,France,Forward,19,62,77,1,66.0,58.0,57.0,68.0,36.0,53.0,3,3,950000.0,N. Bonte (Lens)
Cañizares,Real Madrid,Spain,Goalkeeper,21,62,76,1,0.0,0.0,0.0,0.0,0.0,0.0,3,1,850000.0,Cañizares (Real Madrid)
Andrés Caro,Real Betis,Spain,Defender,19,62,76,1,70.0,34.0,52.0,45.0,63.0,61.0,3,2,875000.0,Andrés Caro (Real Betis)
A. Camblan,Brest,France,Forward,19,62,76,1,75.0,54.0,60.0,66.0,41.0,41.0,3,3,950000.0,A. Camblan (Brest)
Kim Ji Soo,Brentford,Korea Republic,Defender,18,62,76,1,51.0,24.0,43.0,34.0,62.0,69.0,4,2,875000.0,Kim Ji Soo (Brentford)
A. Stejskal,WSG Tirol,Czech Republic,Goalkeeper,21,62,76,1,0.0,0.0,0.0,0.0,0.0,0.0,3,1,850000.0,A. Stejskal (WSG Tirol)
T. Dago,Lille,France,Forward,18,62,76,1,75.0,64.0,46.0,61.0,18.0,57.0,3,2,925000.0,T. Dago (Lille)
C. Doumbia,Le Havre,France,Defender,18,62,76,1,70.0,44.0,56.0,62.0,57.0,51.0,3,2,875000.0,C. Doumbia (Le Havre)
A. Brückner,Hartberg,Germany,Defender,20,62,76,1,73.0,28.0,60.0,59.0,53.0,52.0,3,3,925000.0,A. Brückner (Hartberg)
T. Akinola,Arsenal,England,Midfielder,22,62,75,1,71.0,50.0,55.0,61.0,58.0,69.0,3,3,925000.0,T. Akinola (Arsenal)
B. Viunnyk,Shakhtar Donetsk,Ukraine,Forward,21,62,75,1,73.0,62.0,51.0,57.0,30.0,62.0,4,2,975000.0,B. Viunnyk (Shakhtar Donetsk)
F. Asllani,Austria Wien,Germany,Forward,20,62,75,1,59.0,64.0,49.0,63.0,24.0,58.0,4,3,975000.0,F. Asllani (Austria Wien)
Kikín,Cádiz,Spain,Defender,20,62,75,1,74.0,35.0,45.0,60.0,61.0,50.0,3,2,925000.0,Kikín (Cádiz)
Hugo González,Valencia,Spain,Forward,20,62,75,1,70.0,65.0,57.0,65.0,32.0,53.0,4,3,950000.0,Hugo González (Valencia)
M. Finkgräfe,FC Köln,Germany,Defender,19,62,75,1,67.0,36.0,54.0,62.0,58.0,58.0,3,2,900000.0,M. Finkgräfe (FC Köln)
B. Nadir,Olympique de Marseille,France,Midfielder,19,62,74,1,60.0,52.0,60.0,61.0,57.0,60.0,4,2,950000.0,B. Nadir (Olympique de Marseille)
M. Tolba,VfL Bochum 1848,Germany,Defender,18,62,74,1,61.0,38.0,53.0,60.0,61.0,63.0,2,2,875000.0,M. Tolba (VfL Bochum 1848)
J. Desogus,Cagliari,Italy,Forward,20,62,74,1,76.0,61.0,57.0,69.0,28.0,50.0,3,3,975000.0,J. Desogus (Cagliari)
Marco Moreno,Atlético Madrid,Spain,Defender,22,62,74,1,57.0,33.0,43.0,45.0,60.0,72.0,3,2,925000.0,Marco Moreno (Atlético Madrid)
S. Shpendi,Empoli,Albania,Forward,20,62,74,1,66.0,63.0,45.0,64.0,22.0,57.0,3,2,975000.0,S. Shpendi (Empoli)
T. Koch,Blau-Weiß Linz,Austria,Midfielder,22,62,73,1,66.0,52.0,59.0,62.0,57.0,70.0,3,3,900000.0,T. Koch (Blau-Weiß Linz)
Manu Garrido,Celta de Vigo,Spain,Forward,22,62,73,1,57.0,62.0,54.0,61.0,20.0,59.0,3,2,900000.0,Manu Garrido (Celta de Vigo)
G. Manvelyan,Nantes,France,Midfielder,21,62,73,1,70.0,59.0,60.0,68.0,33.0,34.0,4,3,900000.0,G. Manvelyan (Nantes)
L. Wallner,Salzburg,Austria,Defender,20,62,73,1,68.0,29.0,45.0,50.0,61.0,66.0,3,2,825000.0,L. Wallner (Salzburg)
É. Logbo,Le Havre,France,Forward,19,62,73,1,63.0,62.0,49.0,61.0,19.0,64.0,3,3,875000.0,É. Logbo (Le Havre)
M. Dyachuk,Dynamo Kyiv,Ukraine,Defender,19,62,73,1,63.0,32.0,40.0,42.0,64.0,65.0,3,2,800000.0,M. Dyachuk (Dynamo Kyiv)
R. Astley,Everton,Wales,Defender,21,62,72,1,51.0,34.0,51.0,49.0,63.0,65.0,3,2,825000.0,R. Astley (Everton)
M. Römling,VfL Bochum 1848,Germany,Defender,22,62,72,1,77.0,35.0,50.0,62.0,55.0,71.0,2,3,850000.0,M. Römling (VfL Bochum 1848)
Marco Camus,Valencia,Spain,Midfielder,21,62,72,1,70.0,56.0,58.0,63.0,32.0,50.0,3,3,900000.0,Marco Camus (Valencia)
Alfonso Pastor,Sevilla,Spain,Goalkeeper,22,62,72,1,0.0,0.0,0.0,0.0,0.0,0.0,2,1,775000.0,Alfonso Pastor (Sevilla)
N. Bischof,Rheindorf Altach,Austria,Forward,20,62,72,1,78.0,60.0,49.0,65.0,22.0,55.0,3,3,875000.0,N. Bischof (Rheindorf Altach)
René Pérez,Almería,Spain,Midfielder,22,62,72,1,62.0,59.0,56.0,58.0,60.0,67.0,3,3,850000.0,René Pérez (Almería)
Silva Kani,Austria Wien,Israel,Midfielder,20,62,72,1,77.0,61.0,54.0,64.0,28.0,66.0,2,3,875000.0,Silva Kani (Austria Wien)
F. Windhager,Blau-Weiß Linz,Austria,Defender,21,62,71,1,76.0,55.0,57.0,58.0,54.0,52.0,3,2,850000.0,F. Windhager (Blau-Weiß Linz)
T. Francois,Fulham,Australia,Midfielder,22,62,70,1,67.0,44.0,58.0,67.0,58.0,55.0,4,3,900000.0,T. Francois (Fulham)
Pau Víctor,FC Barcelona,Spain,Forward,21,62,70,1,76.0,58.0,60.0,65.0,52.0,67.0,3,3,900000.0,Pau Víctor (FC Barcelona)
Y. Pandor,Lens,Comoros,Goalkeeper,22,62,70,1,0.0,0.0,0.0,0.0,0.0,0.0,2,1,775000.0,Y. Pandor (Lens)
Y. M'Bemba,Nantes,France,Defender,22,62,70,1,53.0,31.0,47.0,41.0,61.0,63.0,2,2,825000.0,Y. M'Bemba (Nantes)
C. Bukta,Rheindorf Altach,Hungary,Midfielder,21,62,69,1,85.0,53.0,54.0,65.0,41.0,44.0,3,3,800000.0,C. Bukta (Rheindorf Altach)
S. Aigner,Rheindorf Altach,Austria,Midfielder,22,62,69,1,65.0,42.0,56.0,62.0,57.0,63.0,3,2,750000.0,S. Aigner (Rheindorf Altach)
S. Škrbo,WSG Tirol,Austria,Midfielder,22,62,69,1,74.0,55.0,57.0,65.0,43.0,52.0,3,3,800000.0,S. Škrbo (WSG Tirol)
A. Boakye,Wolfsberger AC,Ghana,Midfielder,22,62,69,1,84.0,59.0,57.0,67.0,26.0,50.0,3,3,800000.0,A. Boakye (Wolfsberger AC)
M. Doucouré,Borussia Mönchengladbach,France,Defender,25,62,67,1,50.0,31.0,49.0,53.0,62.0,59.0,3,2,525000.0,M. Doucouré (Borussia Mönchengladbach)
N. Schmid,Blau-Weiß Linz,Austria,Goalkeeper,26,62,67,1,0.0,0.0,0.0,0.0,0.0,0.0,4,1,450000.0,N. Schmid (Blau-Weiß Linz)
D. Sommariva,Genoa,Italy,Goalkeeper,25,62,65,1,0.0,0.0,0.0,0.0,0.0,0.0,2,1,400000.0,D. Sommariva (Genoa)
N. Klinger,VfL Wolfsburg,Germany,Goalkeeper,27,62,64,1,0.0,0.0,0.0,0.0,0.0,0.0,3,1,375000.0,N. Klinger (VfL Wolfsburg)
D. Reiter,Rheindorf Altach,Austria,Midfielder,25,62,63,1,71.0,59.0,58.0,64.0,28.0,56.0,3,2,475000.0,D. Reiter (Rheindorf Altach)
M. Baltaxa,Austria Wien,Israel,Defender,27,62,63,1,72.0,29.0,47.0,58.0,61.0,64.0,3,2,400000.0,M. Baltaxa (Austria Wien)
A. Berardi,Hellas Verona,Italy,Goalkeeper,32,62,62,1,0.0,0.0,0.0,0.0,0.0,0.0,3,1,200000.0,A. Berardi (Hellas Verona)
Josi Mouraldo,América Mineiro,Brazil,Midfielder,31,62,62,1,59.0,56.0,62.0,63.0,42.0,67.0,2,3,325000.0,Josi Mouraldo (América Mineiro)
J. Flemmings,Toulouse,Jamaica,Midfielder,27,62,62,1,66.0,66.0,58.0,63.0,30.0,53.0,3,3,425000.0,J. Flemmings (Toulouse)
D. Gore,Manchester United,England,Midfielder,18,61,84,1,72.0,50.0,60.0,67.0,48.0,54.0,3,3,1000000.0,D. Gore (Manchester United)
L. Ulrich,VfB Stuttgart,Germany,Midfielder,18,61,84,1,74.0,59.0,61.0,68.0,45.0,61.0,3,3,1000000.0,L. Ulrich (VfB Stuttgart)
L. Harris,Fulham,Wales,Midfielder,18,61,84,1,58.0,60.0,57.0,67.0,37.0,44.0,3,3,1000000.0,L. Harris (Fulham)
D. Seimen,VfB Stuttgart,Germany,Goalkeeper,17,61,84,1,0.0,0.0,0.0,0.0,0.0,0.0,4,1,925000.0,D. Seimen (VfB Stuttgart)
W. Amey,Bologna,Italy,Defender,17,61,82,1,59.0,39.0,52.0,46.0,60.0,66.0,3,2,975000.0,W. Amey (Bologna)
S. Moore,West Ham United,Republic of Ireland,Midfielder,17,61,82,1,72.0,60.0,54.0,65.0,29.0,37.0,3,3,1000000.0,S. Moore (West Ham United)
D. Pejčinović,VfL Wolfsburg,Germany,Forward,18,61,80,1,58.0,60.0,52.0,61.0,24.0,59.0,3,3,825000.0,D. Pejčinović (VfL Wolfsburg)
J. N'Duquidi,Metz,France,Midfielder,18,61,80,1,68.0,46.0,59.0,64.0,60.0,63.0,3,2,800000.0,J. N'Duquidi (Metz)
Nacho Ferri,Eintracht Frankfurt,Spain,Forward,18,61,80,1,69.0,63.0,47.0,55.0,25.0,59.0,3,2,825000.0,Nacho Ferri (Eintracht Frankfurt)
G. Gineitis,Torino,Lithuania,Midfielder,19,61,80,1,64.0,53.0,58.0,59.0,51.0,65.0,3,2,850000.0,G. Gineitis (Torino)
N. O'Reilly,Manchester City,England,Midfielder,18,61,80,1,69.0,56.0,58.0,65.0,45.0,59.0,2,3,825000.0,N. O'Reilly (Manchester City)
Mario Fuente,Celta de Vigo,Spain,Forward,19,61,79,1,72.0,62.0,49.0,63.0,19.0,58.0,3,3,850000.0,Mario Fuente (Celta de Vigo)
R. Walters,Arsenal,England,Defender,18,61,79,1,65.0,30.0,40.0,52.0,65.0,59.0,3,2,800000.0,R. Walters (Arsenal)
S. Appuah,Nantes,France,Midfielder,19,61,79,1,67.0,60.0,55.0,67.0,27.0,42.0,3,4,850000.0,S. Appuah (Nantes)
D. Ihendu,Werder Bremen,Germany,Defender,17,61,79,1,70.0,30.0,36.0,33.0,59.0,70.0,2,2,775000.0,D. Ihendu (Werder Bremen)
G. Corona,Empoli,Italy,Forward,19,61,79,1,72.0,59.0,55.0,62.0,40.0,71.0,3,3,850000.0,G. Corona (Empoli)
F. Alessio,Roma,Italy,Forward,18,61,79,1,61.0,62.0,48.0,55.0,23.0,59.0,3,2,825000.0,F. Alessio (Roma)
I. Sané,Metz,Senegal,Forward,18,61,79,1,69.0,62.0,47.0,64.0,22.0,48.0,4,2,825000.0,I. Sané (Metz)
R. Bennett,Manchester United,England,Defender,19,61,78,1,59.0,37.0,48.0,53.0,59.0,66.0,3,2,800000.0,R. Bennett (Manchester United)
S. Koeberle,Stade de Reims,France,Midfielder,18,61,78,1,57.0,55.0,64.0,63.0,41.0,44.0,3,3,825000.0,S. Koeberle (Stade de Reims)
T. Nakai,Real Madrid,Japan,Midfielder,19,61,77,1,58.0,50.0,59.0,66.0,31.0,46.0,4,3,850000.0,T. Nakai (Real Madrid)
G. Garofani,Juventus,Italy,Goalkeeper,20,61,77,1,0.0,0.0,0.0,0.0,0.0,0.0,3,1,750000.0,G. Garofani (Juventus)
Alberto Flores,Sevilla,Spain,Goalkeeper,19,61,77,1,0.0,0.0,0.0,0.0,0.0,0.0,3,1,750000.0,Alberto Flores (Sevilla)
A. Aourir,Bayer 04 Leverkusen,Morocco,Midfielder,18,61,77,1,66.0,54.0,59.0,66.0,42.0,39.0,4,3,825000.0,A. Aourir (Bayer 04 Leverkusen)
Vivaldo,Udinese,Portugal,Forward,18,61,77,1,51.0,60.0,46.0,54.0,33.0,66.0,3,2,825000.0,Vivaldo (Udinese)
Diego Bri,Atlético Madrid,Spain,Midfielder,20,61,76,1,61.0,56.0,59.0,64.0,24.0,35.0,3,3,800000.0,Diego Bri (Atlético Madrid)
E. Brierley,Brentford,England,Midfielder,19,61,76,1,71.0,46.0,59.0,63.0,53.0,55.0,2,2,775000.0,E. Brierley (Brentford)
S. Jatta,Sturm Graz,Norway,Forward,20,61,76,1,76.0,57.0,42.0,64.0,26.0,67.0,3,2,800000.0,S. Jatta (Sturm Graz)
Hugo Sotelo,Celta de Vigo,Spain,Midfielder,19,61,76,1,64.0,60.0,60.0,63.0,41.0,45.0,3,3,775000.0,Hugo Sotelo (Celta de Vigo)
D. Williams,Chelsea,England,Defender,19,61,76,1,66.0,36.0,51.0,60.0,55.0,48.0,2,2,750000.0,D. Williams (Chelsea)
S. Baidoo,Salzburg,Austria,Defender,19,61,76,1,60.0,26.0,47.0,57.0,59.0,66.0,3,2,725000.0,S. Baidoo (Salzburg)
S. Pino,Deportivo Alavés,Chile,Defender,20,61,76,1,59.0,32.0,37.0,36.0,62.0,70.0,3,2,750000.0,S. Pino (Deportivo Alavés)
Iker Muñoz,Osasuna,Spain,Midfielder,20,61,76,1,60.0,52.0,57.0,60.0,50.0,53.0,3,3,775000.0,Iker Muñoz (Osasuna)
M. Mbaye,Metz,Senegal,Midfielder,19,61,76,1,81.0,62.0,52.0,61.0,26.0,52.0,2,3,775000.0,M. Mbaye (Metz)
Kauã Santos,Eintracht Frankfurt,Brazil,Goalkeeper,20,61,76,1,0.0,0.0,0.0,0.0,0.0,0.0,1,1,700000.0,Kauã Santos (Eintracht Frankfurt)
S. Sane,Metz,Senegal,Defender,19,61,76,1,64.0,32.0,34.0,38.0,63.0,64.0,3,2,725000.0,S. Sane (Metz)
Selvi,Girona,Spain,Midfielder,18,61,76,1,56.0,33.0,57.0,46.0,61.0,53.0,3,2,725000.0,Selvi (Girona)
N. Young-Coombes,Brentford,England,Forward,20,61,75,1,68.0,62.0,53.0,61.0,20.0,54.0,3,2,800000.0,N. Young-Coombes (Brentford)
S. Ba,LASK Linz,Germany,Defender,19,61,75,1,74.0,34.0,53.0,65.0,56.0,48.0,5,2,750000.0,S. Ba (LASK Linz)
S. Ebonog,Le Havre,France,Midfielder,18,61,75,1,68.0,50.0,59.0,60.0,56.0,45.0,3,2,750000.0,S. Ebonog (Le Havre)
S. Ngoura,Le Havre,France,Forward,18,61,75,1,53.0,61.0,44.0,63.0,19.0,53.0,3,3,775000.0,S. Ngoura (Le Havre)
K. Vivcharenko,Dynamo Kyiv,Ukraine,Defender,21,61,75,1,66.0,46.0,56.0,59.0,57.0,65.0,3,2,775000.0,K. Vivcharenko (Dynamo Kyiv)
J. Hodge,Wolverhampton Wanderers,Republic of Ireland,Midfielder,20,61,74,1,64.0,48.0,60.0,61.0,58.0,58.0,2,2,775000.0,J. Hodge (Wolverhampton Wanderers)
K. Etta Eyong,Cádiz,Cameroon,Midfielder,19,61,74,1,59.0,37.0,52.0,55.0,61.0,61.0,3,2,725000.0,K. Etta Eyong (Cádiz)
S. Wade,Torino,England,Defender,20,61,74,1,61.0,32.0,51.0,53.0,64.0,56.0,2,2,750000.0,S. Wade (Torino)
S. Walde,Borussia Mönchengladbach,Germany,Defender,18,61,74,1,57.0,38.0,53.0,56.0,61.0,63.0,2,2,725000.0,S. Walde (Borussia Mönchengladbach)
Martín Tejón,Valencia,Spain,Midfielder,19,61,74,1,62.0,60.0,60.0,62.0,39.0,52.0,3,3,775000.0,Martín Tejón (Valencia)
D. Franchi,Burnley,Italy,Goalkeeper,20,61,73,1,0.0,0.0,0.0,0.0,0.0,0.0,2,1,700000.0,D. Franchi (Burnley)
J. Affamah,Nantes,France,Forward,21,61,73,1,75.0,64.0,50.0,57.0,28.0,51.0,2,2,800000.0,J. Affamah (Nantes)
A. Atta,Metz,France,Midfielder,20,61,73,1,70.0,49.0,56.0,62.0,56.0,67.0,3,3,800000.0,A. Atta (Metz)
Santisteban,Sevilla,Spain,Forward,22,61,72,1,66.0,62.0,47.0,65.0,20.0,44.0,3,2,750000.0,Santisteban (Sevilla)
Y. Guermouche,Montpellier,Algeria,Forward,22,61,72,1,57.0,62.0,49.0,60.0,23.0,58.0,3,2,750000.0,Y. Guermouche (Montpellier)
R. Nyakossi,Olympique de Marseille,Switzerland,Defender,19,61,72,1,60.0,26.0,41.0,44.0,59.0,77.0,3,2,650000.0,R. Nyakossi (Olympique de Marseille)
D. Samek,Lecce,Czech Republic,Midfielder,19,61,72,1,54.0,64.0,67.0,65.0,53.0,59.0,4,2,675000.0,D. Samek (Lecce)
M. Fuseini,Sturm Graz,Ghana,Forward,21,61,72,1,86.0,60.0,52.0,67.0,24.0,44.0,3,3,750000.0,M. Fuseini (Sturm Graz)
Hormigo,Sevilla,Spain,Defender,20,61,72,1,61.0,26.0,49.0,47.0,62.0,55.0,3,3,675000.0,Hormigo (Sevilla)
L. Ibertsberger,Wolfsberger AC,Austria,Defender,19,61,72,1,70.0,47.0,59.0,58.0,57.0,54.0,3,2,675000.0,L. Ibertsberger (Wolfsberger AC)
R. Voisine,Nantes,France,Defender,21,61,71,1,51.0,33.0,32.0,42.0,59.0,63.0,2,2,700000.0,R. Voisine (Nantes)
I. Monterisi,Frosinone,Italy,Defender,21,61,71,1,61.0,30.0,44.0,47.0,63.0,67.0,3,2,700000.0,I. Monterisi (Frosinone)
Kike Bartual,Villarreal,Spain,Goalkeeper,21,61,71,1,0.0,0.0,0.0,0.0,0.0,0.0,3,1,650000.0,Kike Bartual (Villarreal)
D. Mamutovic,FSV Mainz 05,Germany,Midfielder,22,61,71,1,67.0,58.0,58.0,62.0,43.0,59.0,3,3,725000.0,D. Mamutovic (FSV Mainz 05)
V. Jaroš,Liverpool,Czech Republic,Goalkeeper,21,61,70,1,0.0,0.0,0.0,0.0,0.0,0.0,3,1,650000.0,V. Jaroš (Liverpool)
M. Adopo,Atalanta,France,Midfielder,22,61,70,1,65.0,54.0,60.0,61.0,62.0,64.0,3,2,725000.0,M. Adopo (Atalanta)
M. Koné,Le Havre,Côte d'Ivoire,Goalkeeper,21,61,70,1,0.0,0.0,0.0,0.0,0.0,0.0,3,1,650000.0,M. Koné (Le Havre)
N. Moriah-Welsh,AFC Bournemouth,Guyana,Midfielder,21,61,70,1,70.0,54.0,59.0,66.0,53.0,63.0,3,2,725000.0,N. Moriah-Welsh (AFC Bournemouth)
S. Kalaj,Frosinone,Albania,Defender,23,61,70,1,59.0,27.0,42.0,43.0,61.0,67.0,3,2,675000.0,S. Kalaj (Frosinone)
B. Dizdarević,Montpellier,Bosnia and Herzegovina,Goalkeeper,21,61,70,1,0.0,0.0,0.0,0.0,0.0,0.0,2,1,650000.0,B. Dizdarević (Montpellier)
F. Schock,VfB Stuttgart,Germany,Goalkeeper,22,61,69,1,0.0,0.0,0.0,0.0,0.0,0.0,2,1,650000.0,F. Schock (VfB Stuttgart)
M. Bamba,Wolfsberger AC,Côte d'Ivoire,Forward,21,61,69,1,72.0,63.0,48.0,58.0,24.0,64.0,3,2,750000.0,M. Bamba (Wolfsberger AC)
P. Komposch,Hartberg,Austria,Defender,22,61,68,1,65.0,29.0,44.0,42.0,61.0,67.0,3,2,625000.0,P. Komposch (Hartberg)
A. Abdijanovic,Rheindorf Altach,Austria,Forward,22,61,68,1,68.0,60.0,51.0,62.0,21.0,62.0,5,3,675000.0,A. Abdijanovic (Rheindorf Altach)
N. Djorić,Austria Klagenfurt,Serbia,Defender,23,61,68,1,56.0,25.0,46.0,41.0,61.0,69.0,3,2,600000.0,N. Djorić (Austria Klagenfurt)
B. Unger,Rapid Wien,Austria,Goalkeeper,24,61,67,1,0.0,0.0,0.0,0.0,0.0,0.0,2,1,425000.0,B. Unger (Rapid Wien)
I. May,Austria Klagenfurt,Germany,Midfielder,25,61,67,1,63.0,48.0,53.0,59.0,58.0,69.0,2,2,450000.0,I. May (Austria Klagenfurt)
K. Zedadka,Napoli,France,Defender,23,61,67,1,71.0,53.0,58.0,64.0,57.0,49.0,2,2,475000.0,K. Zedadka (Napoli)
L. Skraback,Borussia Mönchengladbach,Germany,Midfielder,20,61,67,1,69.0,56.0,57.0,63.0,44.0,51.0,3,2,500000.0,L. Skraback (Borussia Mönchengladbach)
K. Parris,Dynamo Kyiv,Jamaica,Midfielder,23,61,67,1,74.0,48.0,56.0,61.0,26.0,47.0,2,3,525000.0,K. Parris (Dynamo Kyiv)
A. Eckmayr,Rheindorf Altach,Austria,Goalkeeper,23,61,67,1,0.0,0.0,0.0,0.0,0.0,0.0,2,1,425000.0,A. Eckmayr (Rheindorf Altach)
Dudu,Werder Bremen,Germany,Goalkeeper,24,61,66,1,0.0,0.0,0.0,0.0,0.0,0.0,2,1,400000.0,Dudu (Werder Bremen)
C. Urdl,Hartberg,Austria,Forward,23,61,66,1,68.0,64.0,59.0,61.0,35.0,61.0,3,3,500000.0,C. Urdl (Hartberg)
L. Wedl,Austria Wien,Austria,Goalkeeper,27,61,64,1,0.0,0.0,0.0,0.0,0.0,0.0,2,1,325000.0,L. Wedl (Austria Wien)
S. Pirkl,Blau-Weiß Linz,Austria,Defender,26,61,64,1,64.0,28.0,50.0,55.0,58.0,63.0,3,2,400000.0,S. Pirkl (Blau-Weiß Linz)
M. Entrup,Hartberg,Austria,Forward,25,61,64,1,65.0,63.0,45.0,59.0,27.0,63.0,2,3,450000.0,M. Entrup (Hartberg)
D. Tomic,WSG Tirol,Austria,Midfielder,25,61,64,1,75.0,60.0,55.0,60.0,19.0,56.0,3,3,425000.0,D. Tomic (WSG Tirol)
Gustavo Santos,Rheindorf Altach,Brazil,Forward,27,61,62,1,75.0,57.0,47.0,60.0,23.0,66.0,3,2,375000.0,Gustavo Santos (Rheindorf Altach)
F. Rossi,Atalanta,Italy,Goalkeeper,32,61,61,1,0.0,0.0,0.0,0.0,0.0,0.0,2,1,160000.0,F. Rossi (Atalanta)
K. Dobras,Blau-Weiß Linz,Austria,Midfielder,30,61,61,1,72.0,58.0,61.0,65.0,35.0,55.0,3,3,325000.0,K. Dobras (Blau-Weiß Linz)
M. Monamay,Bayer 04 Leverkusen,Belgium,Defender,17,60,83,1,67.0,29.0,49.0,61.0,62.0,56.0,3,2,725000.0,M. Monamay (Bayer 04 Leverkusen)
A. Phillips,Tottenham Hotspur,England,Defender,18,60,82,1,67.0,26.0,49.0,44.0,60.0,65.0,3,2,750000.0,A. Phillips (Tottenham Hotspur)
V. Carboni,Monza,Argentina,Midfielder,18,60,82,1,59.0,49.0,65.0,60.0,45.0,49.0,3,3,775000.0,V. Carboni (Monza)
A. Ibrahimović,Frosinone,Germany,Midfielder,17,60,81,1,59.0,62.0,56.0,64.0,26.0,46.0,3,3,775000.0,A. Ibrahimović (Frosinone)
A. Zehnter,FC Augsburg,Germany,Defender,18,60,81,1,62.0,36.0,54.0,59.0,57.0,56.0,3,2,750000.0,A. Zehnter (FC Augsburg)
J. Corfitzen,Lecce,Denmark,Forward,18,60,81,1,69.0,56.0,53.0,62.0,24.0,48.0,3,3,775000.0,J. Corfitzen (Lecce)
T. Buchmann,FC Bayern München,Germany,Defender,18,60,81,1,57.0,29.0,40.0,41.0,61.0,67.0,3,2,750000.0,T. Buchmann (FC Bayern München)
M. Kömür,FC Augsburg,Germany,Midfielder,17,60,80,1,60.0,55.0,58.0,66.0,38.0,47.0,4,3,675000.0,M. Kömür (FC Augsburg)
K. Urbański,Bologna,Poland,Midfielder,18,60,79,1,59.0,52.0,57.0,68.0,41.0,37.0,3,3,625000.0,K. Urbański (Bologna)
John Patrick,Getafe,Spain,Midfielder,19,60,79,1,63.0,59.0,48.0,61.0,20.0,54.0,3,3,625000.0,John Patrick (Getafe)
M. Olakigbe,Brentford,England,Forward,19,60,79,1,76.0,59.0,46.0,63.0,33.0,59.0,3,3,625000.0,M. Olakigbe (Brentford)
M. Diakhon,Stade de Reims,France,Midfielder,17,60,79,1,73.0,59.0,55.0,63.0,32.0,48.0,3,3,625000.0,M. Diakhon (Stade de Reims)
M. Pannewig,VfL Bochum 1848,Germany,Midfielder,18,60,78,1,48.0,53.0,57.0,61.0,52.0,68.0,3,2,625000.0,M. Pannewig (VfL Bochum 1848)
N. Pisilli,Roma,Italy,Midfielder,18,60,78,1,61.0,57.0,61.0,59.0,50.0,57.0,3,2,625000.0,N. Pisilli (Roma)
P. Diallo,Metz,Senegal,Forward,19,60,78,1,68.0,62.0,46.0,57.0,20.0,48.0,2,2,650000.0,P. Diallo (Metz)
J. Hinshelwood,Brighton & Hove Albion,England,Midfielder,18,60,78,1,60.0,58.0,62.0,59.0,57.0,59.0,4,3,600000.0,J. Hinshelwood (Brighton & Hove Albion)
A. Buksa,WSG Tirol,Poland,Forward,20,60,77,1,59.0,60.0,47.0,60.0,23.0,56.0,3,3,650000.0,A. Buksa (WSG Tirol)
M. Craig,Tottenham Hotspur,Scotland,Midfielder,20,60,77,1,57.0,34.0,51.0,59.0,61.0,64.0,2,2,625000.0,M. Craig (Tottenham Hotspur)
K. Šekularac,Fulham,Switzerland,Midfielder,19,60,77,1,65.0,53.0,57.0,65.0,35.0,49.0,3,3,625000.0,K. Šekularac (Fulham)
Y. Lienard,Monaco,France,Goalkeeper,20,60,77,1,0.0,0.0,0.0,0.0,0.0,0.0,3,1,575000.0,Y. Lienard (Monaco)
J. Quarshie,TSG Hoffenheim,Germany,Defender,18,60,77,1,44.0,26.0,41.0,38.0,61.0,68.0,3,2,600000.0,J. Quarshie (TSG Hoffenheim)
Sergio Mestre,Atlético Madrid,Spain,Goalkeeper,18,60,77,1,0.0,0.0,0.0,0.0,0.0,0.0,2,1,550000.0,Sergio Mestre (Atlético Madrid)
E. Bakatukanda,FC Köln,Germany,Defender,19,60,77,1,63.0,25.0,33.0,38.0,63.0,58.0,3,2,600000.0,E. Bakatukanda (FC Köln)
F. Krätzig,FC Bayern München,Germany,Defender,20,60,77,1,63.0,42.0,49.0,64.0,54.0,50.0,3,2,625000.0,F. Krätzig (FC Bayern München)
T. Puzankov,Shakhtar Donetsk,Ukraine,Goalkeeper,20,60,76,1,0.0,0.0,0.0,0.0,0.0,0.0,2,1,575000.0,T. Puzankov (Shakhtar Donetsk)
B. Bobzien,Austria Lustenau,Germany,Forward,20,60,76,1,63.0,57.0,55.0,68.0,29.0,45.0,3,3,650000.0,B. Bobzien (Austria Lustenau)
A. Kemlein,FC Union Berlin,Germany,Midfielder,18,60,76,1,61.0,55.0,58.0,60.0,56.0,60.0,3,2,600000.0,A. Kemlein (FC Union Berlin)
J. Buyabu,Sheffield United,England,Defender,19,60,76,1,73.0,34.0,42.0,60.0,62.0,62.0,2,2,600000.0,J. Buyabu (Sheffield United)
Miguel Román,Celta de Vigo,Spain,Midfielder,20,60,76,1,63.0,48.0,55.0,57.0,51.0,54.0,3,3,650000.0,Miguel Román (Celta de Vigo)
L. Amatucci,Fiorentina,Italy,Midfielder,19,60,76,1,59.0,46.0,58.0,60.0,55.0,53.0,3,2,625000.0,L. Amatucci (Fiorentina)
J. Brooking,Chelsea,England,Defender,20,60,75,1,59.0,32.0,38.0,42.0,62.0,61.0,3,2,550000.0,J. Brooking (Chelsea)
A. Hackford,Sheffield United,England,Forward,19,60,75,1,86.0,59.0,38.0,60.0,18.0,53.0,3,2,600000.0,A. Hackford (Sheffield United)
W. Suzuki,Girona,Japan,Forward,20,60,75,1,60.0,58.0,51.0,57.0,30.0,70.0,3,2,600000.0,W. Suzuki (Girona)
J. Krumrey,Salzburg,Germany,Goalkeeper,19,60,75,1,0.0,0.0,0.0,0.0,0.0,0.0,3,1,500000.0,J. Krumrey (Salzburg)
J. Nickisch,FC Köln,Germany,Goalkeeper,19,60,75,1,0.0,0.0,0.0,0.0,0.0,0.0,3,1,500000.0,J. Nickisch (FC Köln)
Yellu Santiago,Valencia,Spain,Midfielder,19,60,75,1,59.0,45.0,55.0,50.0,61.0,58.0,3,2,550000.0,Yellu Santiago (Valencia)
A. N'Guessan,Torino,France,Defender,19,60,75,1,71.0,32.0,50.0,58.0,58.0,62.0,3,2,550000.0,A. N'Guessan (Torino)
A. Borbei,Lecce,Romania,Goalkeeper,20,60,75,1,0.0,0.0,0.0,0.0,0.0,0.0,2,1,525000.0,A. Borbei (Lecce)
B. Knight,Manchester City,England,Forward,21,60,74,1,67.0,57.0,52.0,68.0,28.0,38.0,3,3,600000.0,B. Knight (Manchester City)
Dani González,Celta de Vigo,Spain,Forward,21,60,74,1,68.0,60.0,40.0,52.0,19.0,58.0,3,3,600000.0,Dani González (Celta de Vigo)
M. Achi,Nantes,France,Midfielder,21,60,74,1,65.0,48.0,58.0,66.0,52.0,49.0,2,2,600000.0,M. Achi (Nantes)
N. Sattlberger,Rapid Wien,Austria,Midfielder,19,60,74,1,54.0,36.0,53.0,57.0,58.0,59.0,3,2,550000.0,N. Sattlberger (Rapid Wien)
Diego Méndez,Rayo Vallecano,Spain,Defender,19,60,74,1,64.0,27.0,47.0,45.0,60.0,59.0,3,2,550000.0,Diego Méndez (Rayo Vallecano)
D. Kovacevic,Hartberg,Austria,Defender,18,60,74,1,79.0,37.0,50.0,54.0,55.0,50.0,3,2,550000.0,D. Kovacevic (Hartberg)
Fraga,Real Sociedad,Spain,Goalkeeper,20,60,74,1,0.0,0.0,0.0,0.0,0.0,0.0,2,1,525000.0,Fraga (Real Sociedad)
P. Boer,Roma,Italy,Goalkeeper,21,60,73,1,0.0,0.0,0.0,0.0,0.0,0.0,2,1,525000.0,P. Boer (Roma)
L. Münst,VfB Stuttgart,Germany,Midfielder,21,60,73,1,58.0,52.0,61.0,61.0,54.0,55.0,3,2,600000.0,L. Münst (VfB Stuttgart)
Tomás Mendes,Deportivo Alavés,Spain,Midfielder,18,60,73,1,63.0,54.0,54.0,59.0,50.0,59.0,4,2,575000.0,Tomás Mendes (Deportivo Alavés)
N. Voloshyn,Dynamo Kyiv,Ukraine,Midfielder,20,60,73,1,64.0,51.0,57.0,60.0,23.0,40.0,4,3,600000.0,N. Voloshyn (Dynamo Kyiv)
M. Cissé,VfB Stuttgart,Guinea,Midfielder,20,60,72,1,72.0,51.0,54.0,67.0,29.0,40.0,3,3,600000.0,M. Cissé (VfB Stuttgart)
T. Onyango,Everton,England,Midfielder,20,60,72,1,57.0,45.0,57.0,56.0,53.0,75.0,3,2,600000.0,T. Onyango (Everton)
D. Vraciu,Almería,Romania,Midfielder,21,60,72,1,61.0,56.0,60.0,61.0,41.0,45.0,5,3,600000.0,D. Vraciu (Almería)
W. Osula,Sheffield United,Denmark,Forward,19,60,72,1,73.0,60.0,47.0,63.0,22.0,61.0,4,2,600000.0,W. Osula (Sheffield United)
R. Ramadani,Dynamo Kyiv,North Macedonia,Midfielder,20,60,72,1,61.0,35.0,51.0,52.0,57.0,63.0,3,2,550000.0,R. Ramadani (Dynamo Kyiv)
Astralaga,FC Barcelona,Spain,Goalkeeper,19,60,72,1,0.0,0.0,0.0,0.0,0.0,0.0,3,1,500000.0,Astralaga (FC Barcelona)
E. Softić,Blau-Weiß Linz,Austria,Defender,21,60,71,1,46.0,27.0,45.0,48.0,57.0,71.0,3,2,525000.0,E. Softić (Blau-Weiß Linz)
H. Barbet,Nantes,France,Goalkeeper,22,60,71,1,0.0,0.0,0.0,0.0,0.0,0.0,3,1,475000.0,H. Barbet (Nantes)
F. Seriki,Sheffield United,England,Defender,21,60,71,1,87.0,28.0,45.0,59.0,53.0,64.0,2,3,525000.0,F. Seriki (Sheffield United)
G. Strauch,FC Köln,Germany,Midfielder,22,60,71,1,59.0,44.0,58.0,65.0,55.0,59.0,3,2,525000.0,G. Strauch (FC Köln)
V. Morgun,Dynamo Kyiv,Ukraine,Goalkeeper,21,60,71,1,0.0,0.0,0.0,0.0,0.0,0.0,3,1,475000.0,V. Morgun (Dynamo Kyiv)
T. Foran,Arsenal,England,Defender,19,60,71,1,55.0,33.0,43.0,38.0,58.0,68.0,2,2,500000.0,T. Foran (Arsenal)
M. Łubik,FC Augsburg,Poland,Goalkeeper,19,60,71,1,0.0,0.0,0.0,0.0,0.0,0.0,3,1,450000.0,M. Łubik (FC Augsburg)
N. Malysh,Dynamo Kyiv,Ukraine,Defender,19,60,71,1,74.0,26.0,37.0,46.0,56.0,58.0,2,2,500000.0,N. Malysh (Dynamo Kyiv)
Darío Ramos,Osasuna,Spain,Goalkeeper,23,60,70,1,0.0,0.0,0.0,0.0,0.0,0.0,3,1,475000.0,Darío Ramos (Osasuna)
A. Lô,Metz,Senegal,Defender,23,60,70,1,56.0,33.0,34.0,38.0,62.0,59.0,2,2,500000.0,A. Lô (Metz)
M. Wels,Austria Wien,Austria,Midfielder,18,60,70,1,68.0,59.0,59.0,61.0,31.0,61.0,3,3,525000.0,M. Wels (Austria Wien)
D. Ignatenko,Dynamo Kyiv,Ukraine,Goalkeeper,20,60,70,1,0.0,0.0,0.0,0.0,0.0,0.0,2,1,475000.0,D. Ignatenko (Dynamo Kyiv)
M. Gómez,Atlético Madrid,Argentina,Defender,24,60,69,1,56.0,31.0,36.0,39.0,60.0,67.0,2,2,500000.0,M. Gómez (Atlético Madrid)
B. Moltenis,Austria Lustenau,France,Defender,24,60,69,1,45.0,30.0,42.0,46.0,61.0,63.0,3,2,500000.0,B. Moltenis (Austria Lustenau)
J. Gölles,Blau-Weiß Linz,Austria,Defender,23,60,69,1,74.0,52.0,51.0,58.0,60.0,62.0,3,2,525000.0,J. Gölles (Blau-Weiß Linz)
P. Koller,Rheindorf Altach,Austria,Defender,21,60,69,1,57.0,28.0,41.0,49.0,59.0,65.0,2,2,525000.0,P. Koller (Rheindorf Altach)
N. Binder,Austria Klagenfurt,Austria,Forward,21,60,69,1,63.0,57.0,43.0,55.0,27.0,75.0,2,2,550000.0,N. Binder (Austria Klagenfurt)
S. Feiertag,Blau-Weiß Linz,Austria,Forward,21,60,69,1,63.0,61.0,44.0,56.0,26.0,63.0,3,2,550000.0,S. Feiertag (Blau-Weiß Linz)
E. Balcombe,Brentford,England,Goalkeeper,23,60,68,1,0.0,0.0,0.0,0.0,0.0,0.0,3,1,475000.0,E. Balcombe (Brentford)
G. Coudert,Brest,France,Goalkeeper,24,60,68,1,0.0,0.0,0.0,0.0,0.0,0.0,3,1,475000.0,G. Coudert (Brest)
D. Skubl,Wolfsberger AC,Austria,Goalkeeper,21,60,68,1,0.0,0.0,0.0,0.0,0.0,0.0,3,1,475000.0,D. Skubl (Wolfsberger AC)
Marc Vidal,FC Barcelona,Spain,Goalkeeper,23,60,68,1,0.0,0.0,0.0,0.0,0.0,0.0,3,1,475000.0,Marc Vidal (FC Barcelona)
S. Diallo,Dynamo Kyiv,Senegal,Midfielder,20,60,68,1,66.0,50.0,56.0,61.0,22.0,42.0,3,3,550000.0,S. Diallo (Dynamo Kyiv)
L. Dehl,FC Union Berlin,Germany,Midfielder,21,60,67,1,61.0,54.0,58.0,62.0,46.0,54.0,2,2,500000.0,L. Dehl (FC Union Berlin)
Mario Da Costa,Atlético Madrid,Spain,Midfielder,22,60,67,1,67.0,55.0,63.0,70.0,42.0,57.0,3,2,500000.0,Mario Da Costa (Atlético Madrid)
M. Krainz,Blau-Weiß Linz,Austria,Midfielder,26,60,63,1,65.0,55.0,58.0,60.0,55.0,57.0,3,2,325000.0,M. Krainz (Blau-Weiß Linz)
J. Zivkovic,Rapid Wien,Austria,Forward,17,59,81,1,82.0,55.0,48.0,69.0,22.0,50.0,3,3,700000.0,J. Zivkovic (Rapid Wien)
T. O'Reilly,Aston Villa,Republic of Ireland,Midfielder,19,59,79,1,57.0,56.0,60.0,65.0,51.0,46.0,2,3,625000.0,T. O'Reilly (Aston Villa)
N. Fraser,Wolverhampton Wanderers,Republic of Ireland,Forward,18,59,79,1,72.0,61.0,47.0,55.0,22.0,64.0,4,3,625000.0,N. Fraser (Wolverhampton Wanderers)
B. Clark,Liverpool,England,Midfielder,18,59,79,1,66.0,52.0,60.0,64.0,47.0,53.0,3,2,625000.0,B. Clark (Liverpool)
Marciano,Almería,Guinea Bissau,Forward,19,59,79,1,73.0,59.0,45.0,54.0,19.0,62.0,3,3,625000.0,Marciano (Almería)
C. Negele,Heidenheim,Germany,Midfielder,18,59,78,1,67.0,58.0,58.0,63.0,39.0,50.0,3,2,575000.0,C. Negele (Heidenheim)
M. Loune,Eintracht Frankfurt,Morocco,Midfielder,19,59,78,1,62.0,54.0,61.0,65.0,43.0,42.0,3,3,575000.0,M. Loune (Eintracht Frankfurt)
M. Berisha,Lecce,Kosovo,Midfielder,19,59,78,1,57.0,47.0,58.0,58.0,53.0,63.0,4,2,575000.0,M. Berisha (Lecce)
A. Guessand,Udinese,France,Defender,18,59,77,1,63.0,27.0,40.0,46.0,59.0,61.0,2,2,550000.0,A. Guessand (Udinese)
A. Cozier-Duberry,Arsenal,England,Forward,18,59,77,1,67.0,55.0,53.0,61.0,28.0,50.0,2,4,575000.0,A. Cozier-Duberry (Arsenal)
E. Shabani,FSV Mainz 05,Germany,Midfielder,20,59,76,1,54.0,50.0,55.0,63.0,54.0,61.0,3,2,600000.0,E. Shabani (FSV Mainz 05)
S. Simoni,Eintracht Frankfurt,Albania,Goalkeeper,18,59,76,1,0.0,0.0,0.0,0.0,0.0,0.0,3,1,500000.0,S. Simoni (Eintracht Frankfurt)
F. Fall,Stade de Reims,Senegal,Defender,19,59,76,1,48.0,28.0,45.0,47.0,59.0,61.0,3,2,550000.0,F. Fall (Stade de Reims)
J. Bengui,Olympique Lyonnais,France,Goalkeeper,17,59,76,1,0.0,0.0,0.0,0.0,0.0,0.0,3,1,500000.0,J. Bengui (Olympique Lyonnais)
B. Conté,TSG Hoffenheim,Germany,Forward,19,59,75,1,65.0,58.0,54.0,61.0,29.0,45.0,4,2,575000.0,B. Conté (TSG Hoffenheim)
Y. Gomis,Le Havre,France,Defender,17,59,75,1,58.0,26.0,38.0,44.0,60.0,58.0,3,2,525000.0,Y. Gomis (Le Havre)
A. Pavlovic,FC Bayern München,Germany,Midfielder,19,59,75,1,59.0,46.0,58.0,57.0,56.0,52.0,4,2,550000.0,A. Pavlovic (FC Bayern München)
I. Digberekou,Borussia Mönchengladbach,Belgium,Defender,18,59,75,1,58.0,31.0,44.0,38.0,61.0,63.0,2,2,550000.0,I. Digberekou (Borussia Mönchengladbach)
A. Lebarbier,Real Sociedad,France,Midfielder,18,59,75,1,59.0,37.0,44.0,48.0,61.0,74.0,2,2,550000.0,A. Lebarbier (Real Sociedad)
L. Pazourek,Austria Wien,Austria,Defender,18,59,75,1,71.0,30.0,49.0,55.0,55.0,60.0,3,2,550000.0,L. Pazourek (Austria Wien)
M. Bodmer,Le Havre,France,Midfielder,19,59,74,1,59.0,47.0,60.0,62.0,54.0,56.0,3,2,500000.0,M. Bodmer (Le Havre)
N. König,TSG Hoffenheim,Germany,Defender,20,59,74,1,53.0,31.0,38.0,43.0,59.0,62.0,3,2,500000.0,N. König (TSG Hoffenheim)
D. Chesters,West Ham United,England,Midfielder,21,59,74,1,66.0,47.0,56.0,63.0,32.0,48.0,3,3,550000.0,D. Chesters (West Ham United)
F. Lange,VfL Wolfsburg,Germany,Defender,19,59,74,1,62.0,33.0,40.0,43.0,61.0,59.0,2,2,500000.0,F. Lange (VfL Wolfsburg)
T. Negrel,Lille,France,Goalkeeper,20,59,74,1,0.0,0.0,0.0,0.0,0.0,0.0,3,1,475000.0,T. Negrel (Lille)
B. Fiabema,Real Sociedad,Norway,Forward,20,59,73,1,77.0,57.0,48.0,63.0,25.0,57.0,4,3,550000.0,B. Fiabema (Real Sociedad)
M. Ibrahimi,Blau-Weiß Linz,Germany,Midfielder,20,59,73,1,68.0,49.0,54.0,66.0,30.0,37.0,3,3,550000.0,M. Ibrahimi (Blau-Weiß Linz)
B. Greenwood,AFC Bournemouth,Republic of Ireland,Defender,20,59,73,1,72.0,32.0,48.0,57.0,56.0,59.0,3,2,525000.0,B. Greenwood (AFC Bournemouth)
F. Feller,Heidenheim,Germany,Goalkeeper,19,59,73,1,0.0,0.0,0.0,0.0,0.0,0.0,3,1,475000.0,F. Feller (Heidenheim)
L. Kuavita,Genoa,Belgium,Midfielder,19,59,73,1,62.0,57.0,55.0,63.0,54.0,68.0,3,2,525000.0,L. Kuavita (Genoa)
N. Mendy,Real Betis,France,Defender,18,59,73,1,70.0,44.0,52.0,54.0,55.0,63.0,3,2,500000.0,N. Mendy (Real Betis)
A. Schwarz,Austria Klagenfurt,Austria,Forward,19,59,73,1,71.0,55.0,55.0,61.0,29.0,62.0,3,2,525000.0,A. Schwarz (Austria Klagenfurt)
Marc Alegre,Girona,Spain,Defender,21,59,72,1,72.0,41.0,53.0,59.0,54.0,53.0,3,3,525000.0,Marc Alegre (Girona)
P. Schulze,VfL Wolfsburg,Germany,Goalkeeper,20,59,71,1,0.0,0.0,0.0,0.0,0.0,0.0,2,1,475000.0,P. Schulze (VfL Wolfsburg)
S. Jarju,Heidenheim,Gambia,Defender,18,59,71,1,67.0,42.0,52.0,59.0,54.0,55.0,2,2,500000.0,S. Jarju (Heidenheim)
P. Tschernuth,Heidenheim,Austria,Goalkeeper,21,59,70,1,0.0,0.0,0.0,0.0,0.0,0.0,2,1,450000.0,P. Tschernuth (Heidenheim)
J. Meyer,VfB Stuttgart,Germany,Midfielder,21,59,70,1,56.0,44.0,52.0,59.0,60.0,54.0,2,2,475000.0,J. Meyer (VfB Stuttgart)
J. Lemmerer,Hartberg,Austria,Forward,20,59,70,1,75.0,60.0,46.0,60.0,23.0,54.0,3,2,500000.0,J. Lemmerer (Hartberg)
F. Wustinger,Austria Wien,Austria,Midfielder,19,59,70,1,66.0,37.0,52.0,61.0,55.0,58.0,3,2,450000.0,F. Wustinger (Austria Wien)
J. Halwachs,Hartberg,Austria,Midfielder,20,59,70,1,63.0,57.0,59.0,63.0,56.0,55.0,3,2,475000.0,J. Halwachs (Hartberg)
D. Mitrović,Blau-Weiß Linz,Serbia,Defender,22,59,70,1,63.0,45.0,53.0,51.0,56.0,57.0,3,2,475000.0,D. Mitrović (Blau-Weiß Linz)
L. Janeš,Heidenheim,Germany,Midfielder,19,59,70,1,59.0,38.0,48.0,51.0,61.0,61.0,2,2,450000.0,L. Janeš (Heidenheim)
Benedí,Rayo Vallecano,Spain,Goalkeeper,20,59,70,1,0.0,0.0,0.0,0.0,0.0,0.0,3,1,425000.0,Benedí (Rayo Vallecano)
Santi García,Getafe,Spain,Midfielder,21,59,70,1,65.0,51.0,57.0,55.0,38.0,62.0,3,3,500000.0,Santi García (Getafe)
E. Qenaj,Heidenheim,Kosovo,Forward,20,59,69,1,46.0,60.0,44.0,54.0,34.0,66.0,2,2,500000.0,E. Qenaj (Heidenheim)
C. McAvoy,Fulham,Scotland,Defender,21,59,69,1,56.0,29.0,38.0,37.0,61.0,60.0,4,2,475000.0,C. McAvoy (Fulham)
Pablo Durán,Celta de Vigo,Spain,Forward,22,59,69,1,71.0,58.0,47.0,57.0,28.0,56.0,3,3,500000.0,Pablo Durán (Celta de Vigo)
Unai Buján,Osasuna,Spain,Midfielder,22,59,69,1,64.0,53.0,54.0,57.0,27.0,45.0,3,3,500000.0,Unai Buján (Osasuna)
L. Marić,Sturm Graz,Austria,Goalkeeper,20,59,68,1,0.0,0.0,0.0,0.0,0.0,0.0,3,1,425000.0,L. Marić (Sturm Graz)
Moha Moukhliss,FC Barcelona,Spain,Midfielder,23,59,68,1,72.0,50.0,62.0,66.0,43.0,42.0,3,2,500000.0,Moha Moukhliss (FC Barcelona)
Antonio Jesús,Almería,Spain,Midfielder,22,59,68,1,63.0,54.0,60.0,59.0,52.0,51.0,3,3,500000.0,Antonio Jesús (Almería)
F. Markelic,Austria Klagenfurt,Austria,Midfielder,21,59,66,1,54.0,48.0,59.0,62.0,53.0,46.0,3,2,450000.0,F. Markelic (Austria Klagenfurt)
S. Stückler,Sturm Graz,Austria,Midfielder,22,59,65,1,72.0,55.0,57.0,64.0,50.0,60.0,3,3,350000.0,S. Stückler (Sturm Graz)
P. Schulz,FSV Mainz 05,Germany,Midfielder,18,58,79,1,54.0,41.0,52.0,53.0,59.0,62.0,3,2,625000.0,P. Schulz (FSV Mainz 05)
O. Scarles,West Ham United,England,Midfielder,17,58,79,1,57.0,47.0,59.0,57.0,57.0,49.0,3,2,600000.0,O. Scarles (West Ham United)
N. Bajlicz,Rapid Wien,Austria,Midfielder,18,58,78,1,68.0,46.0,57.0,67.0,45.0,48.0,3,2,550000.0,N. Bajlicz (Rapid Wien)
L. Olmeta,Lille,France,Goalkeeper,17,58,78,1,0.0,0.0,0.0,0.0,0.0,0.0,3,1,500000.0,L. Olmeta (Lille)
O. Kellyman,Aston Villa,Northern Ireland,Midfielder,17,58,78,1,64.0,49.0,58.0,61.0,46.0,51.0,3,2,550000.0,O. Kellyman (Aston Villa)
L. Sousa,Arsenal,England,Defender,18,58,77,1,64.0,39.0,54.0,57.0,56.0,54.0,3,3,500000.0,L. Sousa (Arsenal)
M. Bignetti,Sturm Graz,Austria,Goalkeeper,19,58,76,1,0.0,0.0,0.0,0.0,0.0,0.0,3,1,475000.0,M. Bignetti (Sturm Graz)
S. Parkes,Fulham,England,Defender,19,58,76,1,59.0,35.0,45.0,53.0,58.0,62.0,2,2,500000.0,S. Parkes (Fulham)
M. Bentoumi,Le Havre,France,Midfielder,18,58,76,1,65.0,54.0,56.0,66.0,38.0,39.0,3,3,525000.0,M. Bentoumi (Le Havre)
L. Opitz,Werder Bremen,Germany,Midfielder,18,58,75,1,68.0,54.0,53.0,59.0,31.0,53.0,3,2,525000.0,L. Opitz (Werder Bremen)
M. Braun,VfL Wolfsburg,Germany,Defender,18,58,75,1,67.0,34.0,49.0,54.0,58.0,58.0,3,2,500000.0,M. Braun (VfL Wolfsburg)
E. Kohler,Werder Bremen,United States,Midfielder,18,58,75,1,63.0,42.0,54.0,56.0,57.0,55.0,3,2,500000.0,E. Kohler (Werder Bremen)
M. Wendt,Darmstadt 98,Germany,Goalkeeper,18,58,75,1,0.0,0.0,0.0,0.0,0.0,0.0,3,1,450000.0,M. Wendt (Darmstadt 98)
G. Kodua,West Ham United,England,Midfielder,18,58,75,1,68.0,49.0,55.0,60.0,36.0,43.0,2,3,525000.0,G. Kodua (West Ham United)
J. Mullins,Brighton & Hove Albion,Republic of Ireland,Midfielder,18,58,74,1,57.0,54.0,51.0,64.0,28.0,40.0,3,3,525000.0,J. Mullins (Brighton & Hove Albion)
Hugo Álvarez,Celta de Vigo,Spain,Midfielder,19,58,74,1,63.0,49.0,59.0,58.0,48.0,50.0,3,2,525000.0,Hugo Álvarez (Celta de Vigo)
F. Torsiello,Darmstadt 98,Italy,Forward,18,58,74,1,64.0,59.0,41.0,60.0,24.0,48.0,3,3,525000.0,F. Torsiello (Darmstadt 98)
G. Guarino,Empoli,Italy,Defender,19,58,74,1,58.0,28.0,37.0,40.0,59.0,65.0,2,2,500000.0,G. Guarino (Empoli)
A. Nuss,Strasbourg,France,Defender,19,58,74,1,62.0,34.0,41.0,58.0,58.0,50.0,2,2,500000.0,A. Nuss (Strasbourg)
D. Gebuhr,Eintracht Frankfurt,Germany,Defender,20,58,74,1,58.0,29.0,37.0,41.0,60.0,61.0,5,2,500000.0,D. Gebuhr (Eintracht Frankfurt)
J. Van Neck,Olympique de Marseille,Belgium,Goalkeeper,19,58,74,1,0.0,0.0,0.0,0.0,0.0,0.0,3,1,475000.0,J. Van Neck (Olympique de Marseille)
G. Wickens,Fulham,England,Goalkeeper,21,58,72,1,0.0,0.0,0.0,0.0,0.0,0.0,2,1,450000.0,G. Wickens (Fulham)
T. Adaramola,Crystal Palace,Republic of Ireland,Defender,19,58,72,1,68.0,49.0,50.0,56.0,53.0,52.0,3,2,475000.0,T. Adaramola (Crystal Palace)
B. Lyons-Foster,Tottenham Hotspur,England,Defender,22,58,71,1,51.0,29.0,42.0,44.0,58.0,60.0,3,2,475000.0,B. Lyons-Foster (Tottenham Hotspur)
M. Diarra,WSG Tirol,Mali,Forward,19,58,71,1,68.0,59.0,42.0,54.0,21.0,47.0,2,2,475000.0,M. Diarra (WSG Tirol)
A. Pierre,Strasbourg,Haiti,Goalkeeper,22,58,70,1,0.0,0.0,0.0,0.0,0.0,0.0,3,1,450000.0,A. Pierre (Strasbourg)
Alex Rodríguez,Getafe,Spain,Defender,21,58,70,1,58.0,26.0,47.0,54.0,56.0,55.0,3,2,475000.0,Alex Rodríguez (Getafe)
D. Stamatakis,Osasuna,Greece,Goalkeeper,20,58,70,1,0.0,0.0,0.0,0.0,0.0,0.0,5,1,425000.0,D. Stamatakis (Osasuna)
Arribas,Rayo Vallecano,Spain,Defender,20,58,70,1,70.0,25.0,43.0,46.0,59.0,62.0,3,2,450000.0,Arribas (Rayo Vallecano)
T. Nevers,West Ham United,England,Forward,21,58,69,1,76.0,56.0,53.0,63.0,28.0,56.0,4,3,450000.0,T. Nevers (West Ham United)
Raúl Blanco,Celta de Vigo,Spain,Midfielder,21,58,69,1,65.0,54.0,56.0,59.0,49.0,41.0,3,3,450000.0,Raúl Blanco (Celta de Vigo)
T. McGill,Brighton & Hove Albion,Canada,Goalkeeper,23,58,68,1,0.0,0.0,0.0,0.0,0.0,0.0,2,1,400000.0,T. McGill (Brighton & Hove Albion)
L. Mätzler,Austria Lustenau,Austria,Defender,21,58,68,1,60.0,29.0,43.0,45.0,57.0,64.0,3,2,425000.0,L. Mätzler (Austria Lustenau)
D. Kaiba,Rheindorf Altach,Cameroon,Midfielder,20,58,68,1,66.0,38.0,50.0,57.0,54.0,67.0,2,2,425000.0,D. Kaiba (Rheindorf Altach)
M. Schantl,Blau-Weiß Linz,Austria,Midfielder,22,58,67,1,62.0,46.0,57.0,59.0,55.0,57.0,3,2,450000.0,M. Schantl (Blau-Weiß Linz)
M. Köstenbauer,Austria Klagenfurt,Austria,Goalkeeper,21,58,67,1,0.0,0.0,0.0,0.0,0.0,0.0,3,1,400000.0,M. Köstenbauer (Austria Klagenfurt)
B. Diallo,Austria Lustenau,Senegal,Defender,22,58,67,1,71.0,35.0,52.0,58.0,55.0,37.0,2,2,425000.0,B. Diallo (Austria Lustenau)
C. Üstündag,WSG Tirol,Austria,Midfielder,22,58,67,1,68.0,49.0,55.0,65.0,48.0,45.0,2,2,450000.0,C. Üstündag (WSG Tirol)
P. Mensah,Blau-Weiß Linz,Ghana,Forward,23,58,65,1,75.0,52.0,51.0,62.0,24.0,46.0,3,3,400000.0,P. Mensah (Blau-Weiß Linz)
M. Hunt,Everton,England,Midfielder,21,58,65,1,66.0,49.0,56.0,57.0,53.0,59.0,2,2,425000.0,M. Hunt (Everton)
F. Gschossmann,Blau-Weiß Linz,Austria,Goalkeeper,26,58,63,1,0.0,0.0,0.0,0.0,0.0,0.0,2,1,230000.0,F. Gschossmann (Blau-Weiß Linz)
P. Glatzel,Liverpool,Germany,Forward,22,58,63,1,64.0,60.0,53.0,62.0,30.0,44.0,3,3,325000.0,P. Glatzel (Liverpool)
A. Pasic,Blau-Weiß Linz,Austria,Defender,25,58,63,1,63.0,26.0,32.0,32.0,59.0,68.0,2,2,275000.0,A. Pasic (Blau-Weiß Linz)
A. Lonergan,Everton,England,Goalkeeper,39,58,58,1,0.0,0.0,0.0,0.0,0.0,0.0,1,1,25000.0,A. Lonergan (Everton)
J. Feeney,Aston Villa,England,Defender,18,57,80,1,53.0,31.0,42.0,41.0,58.0,57.0,3,2,500000.0,J. Feeney (Aston Villa)
T. Saettel,Strasbourg,France,Midfielder,18,57,79,1,60.0,55.0,53.0,60.0,31.0,38.0,3,3,525000.0,T. Saettel (Strasbourg)
J. Ferizaj,Frosinone,Republic of Ireland,Midfielder,18,57,78,1,66.0,50.0,55.0,59.0,49.0,55.0,3,3,525000.0,J. Ferizaj (Frosinone)
D. Mubama,West Ham United,England,Forward,18,57,78,1,73.0,56.0,44.0,57.0,24.0,54.0,3,2,525000.0,D. Mubama (West Ham United)
E. McJannet,Lecce,Republic of Ireland,Midfielder,19,57,77,1,62.0,51.0,54.0,61.0,40.0,44.0,2,2,450000.0,E. McJannet (Lecce)
T. Schlieck,RB Leipzig,Germany,Goalkeeper,17,57,77,1,0.0,0.0,0.0,0.0,0.0,0.0,3,1,400000.0,T. Schlieck (RB Leipzig)
J. Tauriainen,Chelsea,Finland,Midfielder,19,57,77,1,72.0,57.0,58.0,59.0,51.0,58.0,4,2,450000.0,J. Tauriainen (Chelsea)
B. Parkinson,Newcastle United,England,Forward,18,57,77,1,75.0,57.0,50.0,58.0,31.0,54.0,3,2,450000.0,B. Parkinson (Newcastle United)
D. Kochen,FC Barcelona,United States,Goalkeeper,17,57,77,1,0.0,0.0,0.0,0.0,0.0,0.0,2,1,400000.0,D. Kochen (FC Barcelona)
Marcelo Pitaluga,Liverpool,Brazil,Goalkeeper,20,57,74,1,0.0,0.0,0.0,0.0,0.0,0.0,1,1,375000.0,Marcelo Pitaluga (Liverpool)
J. Whitworth,Crystal Palace,England,Goalkeeper,19,57,74,1,0.0,0.0,0.0,0.0,0.0,0.0,2,1,375000.0,J. Whitworth (Crystal Palace)
T. Hülsmann,FC Bayern München,Germany,Goalkeeper,19,57,74,1,0.0,0.0,0.0,0.0,0.0,0.0,3,1,375000.0,T. Hülsmann (FC Bayern München)
J. Wells-Morrison,Crystal Palace,England,Midfielder,19,57,73,1,54.0,48.0,56.0,58.0,52.0,62.0,3,3,425000.0,J. Wells-Morrison (Crystal Palace)
O. O'Neill,Fulham,Republic of Ireland,Midfielder,20,57,73,1,66.0,49.0,59.0,57.0,46.0,51.0,3,2,425000.0,O. O'Neill (Fulham)
L. Grgic,Sturm Graz,Austria,Forward,17,57,73,1,63.0,59.0,46.0,55.0,19.0,54.0,4,2,400000.0,L. Grgic (Sturm Graz)
Jorge Benito,Getafe,Spain,Goalkeeper,17,57,73,1,0.0,0.0,0.0,0.0,0.0,0.0,3,1,350000.0,Jorge Benito (Getafe)
N. Noll,TSG Hoffenheim,Germany,Goalkeeper,20,57,72,1,0.0,0.0,0.0,0.0,0.0,0.0,4,1,350000.0,N. Noll (TSG Hoffenheim)
P. Schermer,WSG Tirol,Austria,Goalkeeper,19,57,72,1,0.0,0.0,0.0,0.0,0.0,0.0,2,1,350000.0,P. Schermer (WSG Tirol)
D. Bautista,Eintracht Frankfurt,Ecuador,Defender,18,57,72,1,64.0,46.0,57.0,53.0,55.0,62.0,3,2,350000.0,D. Bautista (Eintracht Frankfurt)
I. Odutayo,Fulham,England,Defender,20,57,72,1,65.0,31.0,41.0,39.0,57.0,62.0,2,2,375000.0,I. Odutayo (Fulham)
Y. Stein,FC Union Berlin,Germany,Goalkeeper,18,57,72,1,0.0,0.0,0.0,0.0,0.0,0.0,3,1,325000.0,Y. Stein (FC Union Berlin)
A. Bellaarouch,Strasbourg,Morocco,Goalkeeper,21,57,71,1,0.0,0.0,0.0,0.0,0.0,0.0,3,1,350000.0,A. Bellaarouch (Strasbourg)
G. Haider,Sturm Graz,Austria,Defender,21,57,70,1,54.0,33.0,37.0,42.0,58.0,61.0,2,2,375000.0,G. Haider (Sturm Graz)
J. Forst,WSG Tirol,Austria,Forward,20,57,69,1,64.0,56.0,42.0,57.0,18.0,57.0,3,2,400000.0,J. Forst (WSG Tirol)
D. Jaunegg,WSG Tirol,Austria,Defender,20,57,69,1,60.0,39.0,47.0,56.0,56.0,61.0,3,2,375000.0,D. Jaunegg (WSG Tirol)
N. Cissé,Austria Lustenau,Austria,Midfielder,20,57,69,1,70.0,52.0,49.0,59.0,32.0,59.0,3,3,400000.0,N. Cissé (Austria Lustenau)
Z. El Sheiwi,Austria Wien,Austria,Defender,19,57,68,1,74.0,36.0,52.0,64.0,53.0,50.0,3,2,325000.0,Z. El Sheiwi (Austria Wien)
F. Marschall,Aston Villa,England,Goalkeeper,20,57,68,1,0.0,0.0,0.0,0.0,0.0,0.0,2,1,300000.0,F. Marschall (Aston Villa)
D. Sadi,AFC Bournemouth,England,Midfielder,19,57,68,1,71.0,56.0,52.0,60.0,31.0,49.0,4,3,350000.0,D. Sadi (AFC Bournemouth)
S. Schutti,Hartberg,Austria,Defender,20,57,68,1,68.0,37.0,49.0,54.0,54.0,60.0,2,2,350000.0,S. Schutti (Hartberg)
C. Chukwuemeka,Aston Villa,England,Forward,21,57,67,1,82.0,53.0,47.0,58.0,17.0,61.0,4,3,375000.0,C. Chukwuemeka (Aston Villa)
M. Sellinger,Hartberg,Austria,Midfielder,21,57,66,1,65.0,32.0,49.0,52.0,56.0,56.0,3,2,350000.0,M. Sellinger (Hartberg)
T. Borne,Clermont,France,Goalkeeper,20,57,66,1,0.0,0.0,0.0,0.0,0.0,0.0,3,1,300000.0,T. Borne (Clermont)
S. Berkani,Clermont,Algeria,Midfielder,19,57,64,1,62.0,39.0,56.0,58.0,54.0,49.0,3,2,300000.0,S. Berkani (Clermont)
D. Ozoh,Crystal Palace,England,Midfielder,18,56,79,1,67.0,48.0,53.0,59.0,53.0,61.0,3,2,425000.0,D. Ozoh (Crystal Palace)
L. Lipani,Sassuolo,Italy,Midfielder,18,56,79,1,62.0,44.0,55.0,50.0,52.0,63.0,3,2,425000.0,L. Lipani (Sassuolo)
R. Richards,Aston Villa,England,Midfielder,19,56,76,1,68.0,49.0,51.0,59.0,26.0,45.0,3,2,400000.0,R. Richards (Aston Villa)
J. Miley,Newcastle United,England,Midfielder,19,56,75,1,57.0,42.0,56.0,60.0,54.0,52.0,3,2,375000.0,J. Miley (Newcastle United)
I. Kaczmarski,Empoli,Poland,Midfielder,19,56,74,1,60.0,42.0,54.0,59.0,50.0,61.0,3,3,350000.0,I. Kaczmarski (Empoli)
V. Akinwale,Crystal Palace,England,Forward,18,56,74,1,65.0,60.0,45.0,59.0,21.0,39.0,2,3,375000.0,V. Akinwale (Crystal Palace)
K. Rodney,Crystal Palace,England,Midfielder,18,56,74,1,60.0,40.0,52.0,54.0,57.0,56.0,2,2,350000.0,K. Rodney (Crystal Palace)
L. Štubljar,Empoli,Slovenia,Goalkeeper,18,56,72,1,0.0,0.0,0.0,0.0,0.0,0.0,1,1,325000.0,L. Štubljar (Empoli)
G. Shelvey,Nottingham Forest,England,Goalkeeper,22,56,68,1,0.0,0.0,0.0,0.0,0.0,0.0,3,1,300000.0,G. Shelvey (Nottingham Forest)
A. Tikvic,Udinese,Germany,Defender,19,56,68,1,44.0,26.0,35.0,35.0,56.0,70.0,2,2,325000.0,A. Tikvic (Udinese)
G. Earthy,West Ham United,England,Midfielder,18,56,68,1,60.0,50.0,58.0,58.0,44.0,49.0,3,2,325000.0,G. Earthy (West Ham United)
P. Müller,Wolfsberger AC,Austria,Midfielder,20,56,67,1,61.0,53.0,57.0,58.0,54.0,55.0,3,2,300000.0,P. Müller (Wolfsberger AC)
M. Pußwald,Hartberg,Austria,Goalkeeper,21,56,65,1,0.0,0.0,0.0,0.0,0.0,0.0,3,1,275000.0,M. Pußwald (Hartberg)
Ruly García,Celta de Vigo,Spain,Goalkeeper,23,56,65,1,0.0,0.0,0.0,0.0,0.0,0.0,2,1,275000.0,Ruly García (Celta de Vigo)
Ale Gorrin,Las Palmas,Spain,Goalkeeper,20,56,64,1,0.0,0.0,0.0,0.0,0.0,0.0,3,1,275000.0,Ale Gorrin (Las Palmas)
M. Köbbing,FC Köln,Germany,Goalkeeper,26,56,60,1,0.0,0.0,0.0,0.0,0.0,0.0,3,1,150000.0,M. Köbbing (FC Köln)
K. Casey,West Ham United,England,Defender,18,55,75,1,56.0,30.0,39.0,41.0,57.0,54.0,2,2,325000.0,K. Casey (West Ham United)
N. Bagnolini,Bologna,Italy,Goalkeeper,19,55,73,1,0.0,0.0,0.0,0.0,0.0,0.0,1,1,300000.0,N. Bagnolini (Bologna)
I. Samuels,Brighton & Hove Albion,England,Defender,20,55,72,1,60.0,27.0,44.0,55.0,52.0,55.0,2,2,325000.0,I. Samuels (Brighton & Hove Albion)
C. Donnell,Fulham,Australia,Midfielder,19,55,72,1,63.0,47.0,52.0,56.0,48.0,65.0,3,2,325000.0,C. Donnell (Fulham)
M. Herrmann,VfL Wolfsburg,Germany,Midfielder,18,55,71,1,68.0,48.0,52.0,60.0,31.0,33.0,3,2,325000.0,M. Herrmann (VfL Wolfsburg)
M. Ouédraogo,Rheindorf Altach,Burkina Faso,Defender,20,55,69,1,66.0,34.0,47.0,59.0,49.0,60.0,2,2,300000.0,M. Ouédraogo (Rheindorf Altach)
F. Brancolini,Lecce,Italy,Goalkeeper,21,55,67,1,0.0,0.0,0.0,0.0,0.0,0.0,1,1,275000.0,F. Brancolini (Lecce)
J. Amissah,Sheffield United,Germany,Goalkeeper,21,55,66,1,0.0,0.0,0.0,0.0,0.0,0.0,2,1,250000.0,J. Amissah (Sheffield United)
H. Idasiak,Napoli,Poland,Goalkeeper,21,55,66,1,0.0,0.0,0.0,0.0,0.0,0.0,3,1,250000.0,H. Idasiak (Napoli)
C. Mandas,Lazio,Greece,Goalkeeper,21,55,62,1,0.0,0.0,0.0,0.0,0.0,0.0,3,1,220000.0,C. Mandas (Lazio)
M. Dollinger,Austria Klagenfurt,Austria,Defender,18,54,72,1,71.0,24.0,39.0,52.0,51.0,47.0,3,2,250000.0,M. Dollinger (Austria Klagenfurt)
Rafael Devisate,Austria Lustenau,Brazil,Midfielder,17,54,72,1,65.0,34.0,49.0,53.0,52.0,56.0,3,2,250000.0,Rafael Devisate (Austria Lustenau)
J. Robatsch,Austria Klagenfurt,Austria,Defender,18,54,70,1,65.0,27.0,42.0,44.0,53.0,58.0,3,2,250000.0,J. Robatsch (Austria Klagenfurt)
Y. Vötter,WSG Tirol,Austria,Forward,18,54,69,1,68.0,55.0,45.0,62.0,24.0,40.0,3,2,250000.0,Y. Vötter (WSG Tirol)
D. Maksimovic,Rheindorf Altach,Austria,Forward,18,54,69,1,68.0,53.0,49.0,61.0,26.0,45.0,3,3,250000.0,D. Maksimovic (Rheindorf Altach)
E. Beach,Chelsea,Wales,Goalkeeper,19,54,69,1,0.0,0.0,0.0,0.0,0.0,0.0,2,1,220000.0,E. Beach (Chelsea)
A. Brooks,Sheffield United,England,Forward,19,53,69,1,69.0,54.0,43.0,56.0,24.0,44.0,2,2,240000.0,A. Brooks (Sheffield United)
P. Piffer,Rheindorf Altach,Austria,Goalkeeper,17,53,67,1,0.0,0.0,0.0,0.0,0.0,0.0,2,1,190000.0,P. Piffer (Rheindorf Altach)
B. Kujrakovic,Austria Klagenfurt,Austria,Midfielder,17,52,72,1,64.0,35.0,50.0,50.0,50.0,54.0,3,2,210000.0,B. Kujrakovic (Austria Klagenfurt)
Z. Smajlović,Lecce,Sweden,Defender,19,52,68,1,64.0,31.0,33.0,40.0,49.0,63.0,2,2,190000.0,Z. Smajlović (Lecce)
E. Koc,Austria Lustenau,Austria,Midfielder,18,52,67,1,65.0,46.0,52.0,60.0,39.0,36.0,3,3,180000.0,E. Koc (Austria Lustenau)
S. Nesler-Täubl,Austria Lustenau,Austria,Goalkeeper,18,52,67,1,0.0,0.0,0.0,0.0,0.0,0.0,2,1,160000.0,S. Nesler-Täubl (Austria Lustenau)
T. Geris,WSG Tirol,Austria,Forward,20,52,65,1,54.0,56.0,39.0,47.0,20.0,44.0,3,2,190000.0,T. Geris (WSG Tirol)
S. Seidl,Blau-Weiß Linz,Austria,Midfielder,20,52,61,1,66.0,50.0,49.0,54.0,47.0,48.0,3,2,170000.0,S. Seidl (Blau-Weiß Linz)
S. Grehan,Crystal Palace,Republic of Ireland,Defender,19,50,65,1,57.0,24.0,34.0,29.0,51.0,61.0,3,2,100000.0,S. Grehan (Crystal Palace)
M. Fiorenza,Torino,Italy,Goalkeeper,20,48,60,1,0.0,0.0,0.0,0.0,0.0,0.0,2,1,100000.0,M. Fiorenza (Torino)
