short_name,long_name,age,nationality_name,player_positions,club_name,league_name,league_level,value_eur,wage_eur,release_clause_eur,overall,potential,international_reputation,pace,shooting,passing,dribbling,defending,physic,preferred_foot,weak_foot,skill_moves,attacking_finishing,attacking_short_passing,attacking_crossing,skill_dribbling,skill_ball_control,mentality_vision,mentality_composure,power_stamina,power_strength,movement_acceleration,movement_sprint_speed,movement_agility,defending_marking_awareness,defending_standing_tackle,mentality_positioning,work_rate,body_type
K. Mbappé,Kylian Mbappé Lottin,24,France,"ST, LW",Paris Saint Germain,Ligue 1,1.0,181500000.0,230000.0,349400000.0,91,94,5,97.0,90.0,80.0,92.0,36.0,78.0,Right,4,5,94,86,78,93,92,83,88.0,88,77,97,97,93,26,34,93,High/Low,Unique
E. Haaland,Erling Braut Haaland,22,Norway,ST,Manchester City,Premier League,1.0,185000000.0,340000.0,356100000.0,91,94,5,89.0,93.0,66.0,80.0,45.0,88.0,Left,3,3,96,77,47,79,82,74,87.0,76,93,82,94,76,38,47,96,High/Medium,Unique
K. De Bruyne,Kevin De Bruyne,32,Belgium,"CM, CAM",Manchester City,Premier League,1.0,103000000.0,350000.0,190600000.0,91,91,5,72.0,88.0,94.0,87.0,65.0,78.0,Right,5,4,85,94,95,86,92,95,88.0,88,74,72,72,74,66,70,88,High/Medium,Unique
R. Lewandowski,Robert Lewandowski,34,Poland,ST,FC Barcelona,La Liga,1.0,58000000.0,340000.0,118900000.0,90,90,5,75.0,91.0,80.0,87.0,44.0,84.0,Right,4,4,93,84,76,86,90,81,88.0,76,89,76,75,77,35,42,94,High/Medium,Unique
T. Courtois,Thibaut Nicolas Marc Courtois,31,Belgium,GK,Real Madrid,La Liga,1.0,63000000.0,250000.0,129200000.0,90,90,5,,,,,,,Left,3,1,14,33,14,13,23,44,66.0,38,70,42,52,63,20,18,13,Medium/Medium,Unique
H. Kane,Harry Kane,29,England,ST,FC Bayern München,Bundesliga,1.0,119500000.0,170000.0,197200000.0,90,90,5,69.0,93.0,84.0,83.0,49.0,83.0,Right,5,3,95,87,80,82,87,87,92.0,83,84,67,71,66,46,46,94,High/High,Unique
Vini Jr.,Vinícius José Paixão de Oliveira Júnior,22,Brazil,LW,Real Madrid,La Liga,1.0,158500000.0,310000.0,336800000.0,89,94,5,95.0,82.0,78.0,90.0,29.0,68.0,Right,4,5,89,80,78,92,90,81,79.0,84,64,95,95,94,32,25,87,High/High,Lean (170-185)
Alisson,Alisson Ramsés Becker,30,Brazil,GK,Liverpool,Premier League,1.0,77500000.0,180000.0,149200000.0,89,90,5,,,,,,,Right,3,1,13,60,17,27,42,66,66.0,32,78,60,49,40,15,19,13,Medium/Medium,Unique
Rodri,Rodrigo Hernández Cascante,27,Spain,"CDM, CM",Manchester City,Premier League,1.0,105500000.0,250000.0,203100000.0,89,90,4,58.0,73.0,80.0,80.0,85.0,84.0,Right,4,3,64,89,63,79,88,82,85.0,89,83,54,62,65,88,87,75,Medium/High,Normal (185+)
Rúben Dias,Rúben dos Santos Gato Alves Dias,26,Portugal,CB,Manchester City,Premier League,1.0,106500000.0,250000.0,205000000.0,89,90,4,62.0,39.0,66.0,69.0,89.0,87.0,Right,4,2,29,83,54,64,75,51,81.0,78,90,54,69,60,91,91,39,Medium/High,Normal (185+)
M. ter Stegen,Marc-André ter Stegen,31,Germany,GK,FC Barcelona,La Liga,1.0,54500000.0,220000.0,111700000.0,89,89,5,,,,,,,Right,4,1,14,61,18,21,30,70,70.0,35,78,45,50,39,25,13,11,Medium/Medium,Unique
Casemiro,Carlos Henrique Venancio Casimiro,31,Brazil,CDM,Manchester United,Premier League,1.0,72000000.0,240000.0,136800000.0,89,89,4,63.0,75.0,79.0,73.0,89.0,88.0,Right,3,2,69,84,68,69,79,79,85.0,88,88,60,66,61,90,89,77,Medium/High,Unique
V. van Dijk,Virgil van Dijk,31,Netherlands,CB,Liverpool,Premier League,1.0,70500000.0,220000.0,130400000.0,89,89,4,78.0,60.0,71.0,72.0,89.0,86.0,Right,3,2,52,79,53,70,76,65,89.0,72,93,66,87,59,90,91,47,Medium/High,Unique
M. Salah,Mohamed Salah Ghaly,31,Egypt,RW,Liverpool,Premier League,1.0,85500000.0,260000.0,158200000.0,89,89,5,89.0,87.0,81.0,88.0,45.0,76.0,Left,3,4,92,84,80,88,86,84,90.0,87,75,89,89,89,38,43,92,High/Medium,Unique
F. Valverde,Federico Santiago Valverde Dipetta,24,Uruguay,"CM, RW",Real Madrid,La Liga,1.0,130500000.0,270000.0,277300000.0,88,92,3,88.0,82.0,84.0,84.0,80.0,82.0,Right,4,3,79,87,78,83,88,86,84.0,89,80,84,91,77,79,85,86,High/High,Unique
V. Osimhen,Victor James Osimhen,24,Nigeria,ST,Napoli,Serie A,1.0,126500000.0,120000.0,224500000.0,88,91,3,90.0,86.0,66.0,83.0,42.0,82.0,Right,4,3,91,74,62,83,86,70,80.0,81,86,87,92,78,36,45,90,High/Medium,Lean (185+)
Ederson,Ederson Santana de Moraes,29,Brazil,GK,Manchester City,Premier League,1.0,70000000.0,210000.0,134800000.0,88,89,3,,,,,,,Left,3,1,14,61,20,23,40,70,70.0,44,78,64,63,60,29,15,20,Medium/Medium,Unique
J. Kimmich,Joshua Walter Kimmich,28,Germany,"CDM, RB, CM",FC Bayern München,Bundesliga,1.0,88000000.0,130000.0,151800000.0,88,89,4,70.0,74.0,88.0,84.0,82.0,79.0,Right,4,3,68,88,91,82,85,85,86.0,94,68,77,65,84,82,84,80,High/Medium,Normal (170-185)
A. Griezmann,Antoine Griezmann,32,France,"ST, CF",Atlético Madrid,La Liga,1.0,74000000.0,135000.0,151700000.0,88,88,5,80.0,88.0,87.0,88.0,58.0,75.0,Left,3,4,90,89,82,88,89,88,89.0,86,69,80,80,89,45,63,90,High/High,Unique
J. Oblak,Jan Oblak,30,Slovenia,GK,Atlético Madrid,La Liga,1.0,61000000.0,90000.0,125100000.0,88,88,4,,,,,,,Right,3,1,11,43,13,12,30,67,68.0,42,78,42,53,64,27,14,11,Medium/Medium,Unique
Bruno Fernandes,Bruno Miguel Borges Fernandes,28,Portugal,"CAM, CM",Manchester United,Premier League,1.0,92000000.0,260000.0,174800000.0,88,88,4,71.0,86.0,90.0,83.0,69.0,77.0,Right,3,4,83,90,87,81,88,94,82.0,95,66,74,68,78,69,74,88,High/High,Unique
Bernardo Silva,Bernardo Mota Veiga de Carvalho e Silva,28,Portugal,"CM, RW",Manchester City,Premier League,1.0,91500000.0,270000.0,169300000.0,88,88,3,69.0,78.0,86.0,92.0,70.0,69.0,Left,3,4,78,91,84,92,91,87,89.0,93,54,78,61,95,70,76,85,High/High,Lean (170-185)
M. Ødegaard,Martin Ødegaard,24,Norway,"CAM, CM",Arsenal,Premier League,1.0,109000000.0,170000.0,215300000.0,87,90,4,72.0,81.0,88.0,87.0,61.0,64.0,Left,2,5,82,90,85,86,89,89,86.0,81,56,74,71,85,67,55,83,High/Medium,Lean (170-185)
F. de Jong,Frenkie de Jong,26,Netherlands,"CM, CDM",FC Barcelona,La Liga,1.0,103500000.0,240000.0,219900000.0,87,90,4,82.0,69.0,86.0,87.0,77.0,78.0,Right,3,4,72,91,78,87,89,88,90.0,89,74,80,83,87,76,76,77,High/Medium,Unique
G. Donnarumma,Gianluigi Donnarumma,24,Italy,GK,Paris Saint Germain,Ligue 1,1.0,85000000.0,90000.0,163600000.0,87,90,3,,,,,,,Right,3,1,12,36,12,28,30,60,65.0,34,72,50,55,64,20,14,14,Medium/Medium,Unique
L. Martínez,Lautaro Javier Martínez,25,Argentina,ST,Inter,Serie A,1.0,107000000.0,150000.0,189900000.0,87,90,3,80.0,86.0,71.0,85.0,48.0,85.0,Right,4,4,90,75,58,84,86,78,86.0,80,84,83,77,86,55,31,90,High/Medium,Unique
G. Kobel,Gregor Kobel,25,Switzerland,GK,Borussia Dortmund,Bundesliga,1.0,81500000.0,64000.0,144700000.0,87,90,3,,,,,,,Right,3,1,10,39,13,24,34,59,66.0,30,81,38,52,37,15,15,10,Medium/Medium,Normal (185+)
M. Maignan,Mike Maignan,27,France,GK,Milan,Serie A,1.0,73000000.0,90000.0,129600000.0,87,89,3,,,,,,,Right,4,1,15,65,18,31,40,65,68.0,39,78,50,53,41,23,16,15,Medium/Medium,Normal (185+)
Marquinhos,Marcos Aoás Corrêa,29,Brazil,CB,Paris Saint Germain,Ligue 1,1.0,73500000.0,140000.0,141500000.0,87,88,3,78.0,56.0,75.0,74.0,89.0,80.0,Right,3,3,59,84,68,69,79,76,86.0,83,78,76,80,68,90,89,70,Medium/High,Normal (170-185)
M. Neuer,Manuel Peter Neuer,37,Germany,GK,FC Bayern München,Bundesliga,1.0,9000000.0,55000.0,14900000.0,87,87,5,,,,,,,Right,4,1,13,60,15,30,46,70,70.0,43,80,48,50,51,17,10,12,Medium/Medium,Unique
L. Modrić,Luka Modrić,37,Croatia,CM,Real Madrid,La Liga,1.0,25000000.0,190000.0,51300000.0,87,87,4,72.0,76.0,89.0,87.0,72.0,66.0,Right,4,4,72,91,86,84,90,91,92.0,83,58,75,70,92,70,73,76,Medium/Medium,Lean (170-185)
H. Son,손흥민 孙兴慜,30,Korea Republic,LW,Tottenham Hotspur,Premier League,1.0,77000000.0,170000.0,146300000.0,87,87,4,87.0,88.0,80.0,84.0,42.0,70.0,Right,5,4,89,82,83,87,82,81,87.0,88,64,85,88,81,47,34,90,High/Medium,Unique
J. Musiala,Jamal Musiala,20,Germany,"CAM, CM, LM",FC Bayern München,Bundesliga,1.0,134500000.0,79000.0,248800000.0,86,93,3,85.0,75.0,76.0,91.0,63.0,61.0,Right,4,5,79,82,67,94,89,82,84.0,78,53,84,86,93,64,63,81,Medium/Medium,Lean (170-185)
K. Kvaratskhelia,Khvicha Kvaratskhelia,22,Georgia,"LW, RW",Napoli,Serie A,1.0,109000000.0,95000.0,207100000.0,86,92,2,84.0,80.0,81.0,87.0,41.0,71.0,Right,5,5,82,83,78,89,88,86,82.0,79,70,83,84,85,38,39,84,Medium/Medium,Normal (170-185)
Pedri,Pedro González López,20,Spain,CM,FC Barcelona,La Liga,1.0,105000000.0,165000.0,236300000.0,86,92,3,78.0,69.0,82.0,88.0,70.0,74.0,Right,4,4,72,88,68,87,88,88,87.0,87,73,81,76,88,68,77,79,High/High,Lean (170-185)
Rafael Leão,Rafael Alexandre Conceição Leão,24,Portugal,"LW, CF, ST",Milan,Serie A,1.0,102500000.0,110000.0,181900000.0,86,91,2,93.0,80.0,75.0,87.0,27.0,76.0,Right,4,4,84,80,78,89,87,75,83.0,77,80,93,93,85,22,24,84,Medium/Low,Normal (185+)
J. Bellingham,Jude Victor William Bellingham,20,England,"CM, CAM",Real Madrid,La Liga,1.0,100500000.0,175000.0,213600000.0,86,91,3,76.0,78.0,80.0,85.0,78.0,82.0,Right,4,4,81,87,66,87,86,84,81.0,93,75,77,75,81,77,79,83,High/High,Lean (185+)
R. Araujo,Ronald Federico Araújo da Silva,24,Uruguay,"CB, RB",FC Barcelona,La Liga,1.0,93000000.0,175000.0,197600000.0,86,91,3,79.0,51.0,65.0,62.0,86.0,84.0,Right,3,2,56,76,58,55,68,59,76.0,73,87,71,85,56,86,86,56,Medium/High,Normal (185+)
B. Saka,Bukayo Saka,21,England,"RW, RM",Arsenal,Premier League,1.0,99000000.0,150000.0,195500000.0,86,90,2,85.0,81.0,79.0,87.0,60.0,70.0,Left,3,3,83,81,83,89,87,83,80.0,84,63,88,82,85,60,62,82,High/Medium,Lean (170-185)
M. de Ligt,Matthijs de Ligt,23,Netherlands,CB,FC Bayern München,Bundesliga,1.0,83000000.0,84000.0,143200000.0,86,89,3,66.0,61.0,64.0,68.0,85.0,86.0,Right,3,2,50,79,52,65,73,45,82.0,75,91,62,70,53,87,85,44,Medium/High,Unique
Éder Militão,Éder Gabriel Militão,25,Brazil,CB,Real Madrid,La Liga,1.0,80000000.0,210000.0,170000000.0,86,89,3,85.0,50.0,69.0,71.0,86.0,82.0,Right,3,2,48,78,69,70,72,59,74.0,85,79,82,88,70,86,87,64,Medium/High,Unique
S. Tonali,Sandro Tonali,23,Italy,"CDM, CM",Newcastle United,Premier League,1.0,84000000.0,140000.0,165900000.0,86,89,3,84.0,74.0,81.0,81.0,82.0,84.0,Right,4,3,69,85,78,78,85,79,84.0,86,82,81,86,81,83,84,75,Medium/High,Unique
N. Barella,Nicolò Barella,26,Italy,CM,Inter,Serie A,1.0,83500000.0,135000.0,148200000.0,86,88,3,78.0,78.0,82.0,85.0,78.0,80.0,Right,3,3,78,86,79,81,87,83,86.0,94,73,79,78,90,80,79,83,High/High,Normal (170-)
T. Alexander-Arnold,Trent Alexander-Arnold,24,England,RB,Liverpool,Premier League,1.0,81000000.0,140000.0,155900000.0,86,88,3,76.0,69.0,90.0,79.0,80.0,73.0,Right,4,3,62,88,93,78,84,90,82.0,89,66,73,79,72,79,83,78,High/Medium,Unique
C. Nkunku,Christopher Nkunku,25,France,"CF, CAM, ST",Chelsea,Premier League,1.0,86500000.0,185000.0,170800000.0,86,88,3,82.0,81.0,83.0,88.0,62.0,67.0,Right,3,5,86,85,81,89,88,84,81.0,78,64,81,82,88,62,64,86,Medium/Medium,Normal (170-185)
O. Dembélé,Ousmane Dembélé,26,France,"RW, LW",Paris Saint Germain,Ligue 1,1.0,80000000.0,150000.0,154000000.0,86,87,3,93.0,77.0,81.0,87.0,36.0,57.0,Left,5,5,75,80,86,89,87,83,81.0,68,52,94,93,90,42,30,80,High/Medium,Unique
T. Kroos,Toni Kroos,33,Germany,"CM, CDM",Real Madrid,La Liga,1.0,42000000.0,240000.0,86100000.0,86,86,4,51.0,80.0,90.0,81.0,70.0,71.0,Right,5,3,76,92,88,80,88,89,88.0,75,72,55,48,63,71,70,74,Medium/Medium,Normal (170-185)
W. Szczęsny,Wojciech Tomasz Szczęsny,33,Poland,GK,Juventus,Serie A,1.0,22000000.0,125000.0,37400000.0,86,86,3,,,,,,,Right,3,1,12,32,12,11,22,48,65.0,45,65,51,47,55,20,13,14,Medium/Medium,Lean (185+)
İ. Gündoğan,İlkay Gündoğan,32,Germany,"CM, CDM",FC Barcelona,La Liga,1.0,53500000.0,220000.0,109700000.0,86,86,3,62.0,81.0,84.0,86.0,72.0,73.0,Right,4,4,82,88,77,86,91,86,87.0,75,73,65,60,77,77,75,84,High/Medium,Normal (170-185)
Parejo,Daniel Parejo Muñoz,34,Spain,"CM, CDM",Villarreal,La Liga,1.0,31500000.0,64000.0,66200000.0,86,86,2,49.0,83.0,90.0,80.0,73.0,69.0,Right,4,3,83,92,86,81,86,90,85.0,75,70,53,46,62,72,73,81,Medium/Medium,Normal (170-185)
João Cancelo,João Pedro Cavaco Cancelo,29,Portugal,"LB, RB",FC Barcelona,La Liga,1.0,59500000.0,195000.0,,86,86,3,81.0,73.0,85.0,84.0,80.0,72.0,Right,4,4,69,87,87,85,86,85,85.0,88,62,86,77,79,79,83,81,High/Low,Unique
P. Dybala,Paulo Bruno Exequiel Dybala,29,Argentina,"CF, CAM",Roma,Serie A,1.0,68000000.0,130000.0,115600000.0,86,86,3,80.0,85.0,85.0,90.0,40.0,60.0,Left,3,4,83,86,82,90,93,91,79.0,72,60,84,76,88,32,41,82,High/Low,Unique
A. Robertson,Andrew Robertson,29,Scotland,LB,Liverpool,Premier League,1.0,59500000.0,170000.0,110100000.0,86,86,3,80.0,61.0,82.0,81.0,81.0,77.0,Left,2,3,55,82,87,81,83,82,83.0,95,65,82,78,75,82,83,80,High/High,Unique
Rodrygo,Rodrygo Silva de Goes,22,Brazil,"RW, LW, ST",Real Madrid,La Liga,1.0,86500000.0,210000.0,194600000.0,85,91,3,88.0,81.0,79.0,86.0,31.0,62.0,Right,4,4,87,80,79,86,87,82,81.0,81,55,89,88,87,24,34,83,Medium/Medium,Lean (170-185)
F. Wirtz,Florian Richard Wirtz,20,Germany,"CAM, CM",Bayer 04 Leverkusen,Bundesliga,1.0,83500000.0,65000.0,158700000.0,85,91,3,74.0,76.0,83.0,87.0,52.0,63.0,Right,4,4,78,88,77,87,89,88,83.0,83,53,78,70,86,59,57,80,High/Medium,Normal (170-185)
T. Hernández,Theo Bernard François Hernández,25,France,"LB, LM",Milan,Serie A,1.0,73500000.0,90000.0,130500000.0,85,90,3,93.0,71.0,76.0,81.0,78.0,84.0,Left,3,3,67,79,84,83,79,73,80.0,90,81,92,94,78,74,81,80,High/Medium,Unique
A. Bastoni,Alessandro Bastoni,24,Italy,CB,Inter,Serie A,1.0,73500000.0,95000.0,130500000.0,85,90,2,73.0,35.0,72.0,73.0,86.0,83.0,Left,3,2,26,78,70,73,76,69,84.0,81,83,68,77,58,87,87,39,Medium/High,Unique
P. Foden,Philip Foden,23,England,"LW, RW",Manchester City,Premier League,1.0,81500000.0,180000.0,156900000.0,85,90,3,81.0,79.0,82.0,88.0,57.0,60.0,Left,3,4,81,86,78,88,90,84,81.0,83,47,86,77,91,60,59,83,High/High,Unique
J. Koundé,Jules Koundé,24,France,"CB, RB",FC Barcelona,La Liga,1.0,69500000.0,160000.0,147700000.0,85,89,3,84.0,45.0,68.0,75.0,86.0,80.0,Right,3,3,47,82,62,72,77,62,82.0,78,80,85,83,71,87,86,47,High/High,Normal (170-185)
M. Rashford,Marcus Rashford,25,England,"LW, LM, ST",Manchester United,Premier League,1.0,71500000.0,185000.0,141200000.0,85,88,3,90.0,86.0,78.0,84.0,42.0,74.0,Right,3,5,86,79,77,86,84,79,82.0,76,73,88,91,81,40,38,87,High/Low,Unique
Diogo Jota,Diogo José Teixeira da Silva,26,Portugal,"CF, LW",Liverpool,Premier League,1.0,67500000.0,180000.0,129900000.0,85,87,2,82.0,82.0,75.0,85.0,57.0,77.0,Right,5,4,85,77,73,85,84,78,80.0,79,71,85,80,86,53,57,87,High/High,Normal (170-185)
D. Rice,Declan Rice,24,England,"CDM, CM",Arsenal,Premier League,1.0,63000000.0,130000.0,124400000.0,85,87,3,71.0,65.0,75.0,77.0,83.0,83.0,Right,3,2,61,83,55,80,79,78,83.0,91,79,67,74,55,83,84,58,Medium/High,Normal (185+)
J. Stones,John Stones,29,England,"CB, RB",Manchester City,Premier League,1.0,49500000.0,180000.0,95300000.0,85,86,2,72.0,52.0,75.0,77.0,85.0,77.0,Right,4,3,54,86,63,75,84,78,87.0,74,77,67,76,66,86,86,52,High/Medium,Normal (185+)
A. Onana,André Onana,27,Cameroon,GK,Manchester United,Premier League,1.0,46000000.0,130000.0,90900000.0,85,86,3,,,,,,,Right,3,1,12,43,15,26,38,64,64.0,38,79,62,60,66,12,18,11,Medium/Medium,Stocky (185+)
K. Trippier,Kieran Trippier,32,England,RB,Newcastle United,Premier League,1.0,37500000.0,150000.0,71300000.0,85,85,2,68.0,65.0,86.0,79.0,82.0,72.0,Right,4,3,54,84,92,76,85,85,84.0,85,64,73,64,66,82,84,77,Medium/Medium,Normal (170-185)
K. Trapp,Kevin Trapp,32,Germany,GK,Eintracht Frankfurt,Bundesliga,1.0,26500000.0,51000.0,45100000.0,85,85,3,,,,,,,Right,4,1,13,25,13,10,24,46,64.0,45,75,43,50,42,15,14,12,Medium/Medium,Normal (185+)
C. Immobile,Ciro Immobile,33,Italy,ST,Lazio,Serie A,1.0,34500000.0,90000.0,58700000.0,85,85,4,85.0,87.0,68.0,78.0,39.0,74.0,Right,4,3,91,79,55,77,80,71,76.0,73,74,84,86,75,34,33,90,High/Medium,Unique
Iago Aspas,Iago Aspas Juncal,35,Spain,ST,Celta de Vigo,La Liga,1.0,23000000.0,38000.0,48300000.0,85,85,3,81.0,85.0,79.0,86.0,35.0,64.0,Left,4,3,90,80,80,87,87,81,85.0,69,60,78,84,87,39,21,88,High/High,Lean (170-185)
K. Navas,Keylor Navas Gamboa,36,Costa Rica,GK,Paris Saint Germain,Ligue 1,1.0,6000000.0,60000.0,11100000.0,85,85,3,,,,,,,Right,3,1,15,40,11,24,30,64,63.0,39,75,54,53,60,28,14,16,Medium/Medium,Normal (185+)
D. Alaba,David Olatukunbo Alaba,31,Austria,"CB, LB",Real Madrid,La Liga,1.0,37000000.0,200000.0,75900000.0,85,85,4,79.0,71.0,83.0,80.0,85.0,77.0,Left,4,3,63,89,83,77,85,78,85.0,73,78,79,79,76,89,84,73,Medium/High,Normal (170-185)
R. Varane,Raphaël Varane,30,France,CB,Manchester United,Premier League,1.0,44000000.0,160000.0,83600000.0,85,85,3,79.0,49.0,64.0,67.0,86.0,78.0,Right,4,2,46,78,42,61,76,59,82.0,65,84,75,83,62,88,87,55,Medium/High,Unique
E. Martínez,Damián Emiliano Martínez,30,Argentina,GK,Aston Villa,Premier League,1.0,36000000.0,100000.0,68400000.0,85,85,3,,,,,,,Right,4,1,16,57,22,17,38,66,62.0,40,70,59,57,49,11,20,12,Medium/Medium,Stocky (185+)
A. Rüdiger,Antonio Rüdiger,30,Germany,CB,Real Madrid,La Liga,1.0,44000000.0,200000.0,90200000.0,85,85,3,82.0,54.0,71.0,66.0,84.0,86.0,Right,3,2,40,80,68,64,71,61,78.0,70,91,71,91,56,86,84,49,High/High,Lean (185+)
J. Grealish,Jack Grealish,27,England,"LW, LM",Manchester City,Premier League,1.0,57500000.0,200000.0,106400000.0,85,85,3,76.0,76.0,84.0,88.0,53.0,73.0,Right,3,4,76,85,83,89,90,87,88.0,83,71,79,74,84,58,54,82,High/High,Unique
H. Çalhanoğlu,Hakan Çalhanoğlu,29,Turkey,"CM, CDM",Inter,Serie A,1.0,52500000.0,130000.0,89300000.0,85,85,3,67.0,80.0,86.0,85.0,70.0,66.0,Right,4,4,75,88,78,85,88,88,85.0,80,55,72,62,83,74,70,74,High/Medium,Normal (170-185)
L. Goretzka,Leon Christoph Goretzka,28,Germany,"CM, CDM",FC Bayern München,Bundesliga,1.0,54000000.0,100000.0,89100000.0,85,85,4,78.0,81.0,81.0,83.0,80.0,86.0,Right,4,3,81,85,75,84,84,82,82.0,83,89,75,80,75,74,83,84,High/Medium,Unique
T. Partey,Thomas Partey,30,Ghana,"CDM, CM",Arsenal,Premier League,1.0,45000000.0,150000.0,85500000.0,85,85,2,68.0,71.0,82.0,80.0,81.0,82.0,Right,3,3,66,86,74,84,84,85,87.0,79,84,60,74,63,82,85,70,Medium/High,Lean (185+)
D. Berardi,Domenico Berardi,28,Italy,"RW, RM",Sassuolo,Serie A,1.0,54500000.0,40000.0,92700000.0,85,85,2,82.0,83.0,81.0,87.0,36.0,72.0,Left,3,4,85,85,78,86,87,83,78.0,78,64,82,82,92,42,30,86,High/Medium,Lean (170-185)
K. Coman,Kingsley Junior Coman,27,France,"LM, RM",FC Bayern München,Bundesliga,1.0,57500000.0,100000.0,94900000.0,85,85,4,89.0,76.0,79.0,87.0,30.0,62.0,Right,3,5,75,80,81,88,87,82,78.0,69,66,92,86,92,29,27,83,Medium/Medium,Unique
G. Di Lorenzo,Giovanni Di Lorenzo,29,Italy,RB,Napoli,Serie A,1.0,47500000.0,86000.0,80800000.0,85,85,2,85.0,67.0,75.0,79.0,82.0,82.0,Right,3,3,66,80,80,78,79,66,77.0,90,78,85,85,78,82,83,71,High/Medium,Normal (170-185)
M. Acuña,Marcos Javier Acuña,31,Argentina,"LB, LM",Sevilla,La Liga,1.0,39000000.0,46000.0,81900000.0,85,85,3,75.0,74.0,83.0,83.0,81.0,84.0,Left,3,3,66,84,86,82,84,82,86.0,91,82,76,75,83,81,85,80,High/High,Stocky (170-185)
A. Tchouaméni,Aurélien Tchouaméni,23,France,"CDM, CM",Real Madrid,La Liga,1.0,58500000.0,160000.0,124300000.0,84,89,3,73.0,69.0,79.0,78.0,81.0,81.0,Right,3,3,65,85,68,78,81,82,83.0,83,81,74,72,72,81,82,74,Medium/High,Lean (185+)
I. Bennacer,Ismaël Bennacer,25,Algeria,"CDM, CM, CAM",Milan,Serie A,1.0,53500000.0,84000.0,95000000.0,84,88,2,80.0,72.0,81.0,86.0,79.0,78.0,Left,3,4,67,85,74,86,85,81,84.0,84,71,84,76,87,78,83,75,High/Medium,Lean (170-185)
F. Tomori,Fikayo Tomori,25,England,CB,Milan,Serie A,1.0,52500000.0,84000.0,93200000.0,84,88,2,86.0,40.0,59.0,66.0,86.0,82.0,Right,4,2,33,73,53,61,66,48,81.0,74,84,80,90,74,86,90,37,Medium/High,Lean (185+)
M. Diaby,Moussa Diaby,23,France,"RM, LM",Aston Villa,Premier League,1.0,60500000.0,105000.0,119500000.0,84,88,3,95.0,73.0,75.0,86.0,42.0,59.0,Left,3,4,80,80,76,87,85,77,75.0,82,44,95,95,92,48,35,79,High/Low,Normal (170-185)
Gabriel Martinelli,Gabriel Teodoro Martinelli Silva,22,Brazil,"LW, LM",Arsenal,Premier League,1.0,61500000.0,145000.0,121500000.0,84,88,2,89.0,78.0,76.0,86.0,46.0,72.0,Right,3,4,83,79,79,89,84,79,79.0,82,63,91,88,87,44,44,82,High/High,Lean (170-185)
A. Ramsdale,Aaron Ramsdale,25,England,GK,Arsenal,Premier League,1.0,43000000.0,105000.0,84900000.0,84,87,2,,,,,,,Right,3,1,14,56,15,18,36,65,65.0,35,59,47,50,53,20,16,18,Medium/Medium,Lean (185+)
R. Kolo Muani,Randal Kolo Muani,24,France,"ST, RM",Paris Saint Germain,Ligue 1,1.0,58500000.0,110000.0,112600000.0,84,87,3,91.0,78.0,73.0,86.0,38.0,67.0,Right,4,4,82,80,64,88,85,82,86.0,74,74,90,91,84,32,33,85,High/Medium,Lean (185+)
L. Martínez,Lisandro Martínez,25,Argentina,CB,Manchester United,Premier League,1.0,49500000.0,140000.0,97800000.0,84,87,2,73.0,59.0,78.0,79.0,85.0,83.0,Left,3,3,52,83,75,76,81,76,87.0,81,80,77,70,77,86,87,62,Medium/High,Normal (170-185)
Bremer,Gleison Bremer Silva Nascimento,26,Brazil,CB,Juventus,Serie A,1.0,49000000.0,135000.0,87000000.0,84,87,1,80.0,50.0,56.0,65.0,85.0,83.0,Right,2,2,49,69,46,62,65,45,78.0,76,85,77,83,65,84,87,58,Medium/High,Stocky (185+)
Bruno Guimarães,Bruno Guimarães Rodriguez Moura,25,Brazil,"CM, CDM",Newcastle United,Premier League,1.0,55500000.0,145000.0,109600000.0,84,87,2,71.0,74.0,81.0,84.0,80.0,81.0,Right,2,3,72,87,70,85,85,86,87.0,87,78,69,72,77,80,84,78,High/High,Lean (170-185)
N. Süle,Niklas Süle,27,Germany,"CB, RB",Borussia Dortmund,Bundesliga,1.0,45000000.0,66000.0,79900000.0,84,86,3,73.0,51.0,68.0,62.0,85.0,85.0,Right,3,3,36,81,48,60,69,66,84.0,64,95,60,83,34,85,87,42,Medium/Medium,Stocky (185+)
Álex Remiro,Alejandro Remiro Gargallo,28,Spain,GK,Real Sociedad,La Liga,1.0,36000000.0,43000.0,78300000.0,84,86,2,,,,,,,Right,4,1,13,36,12,19,26,35,55.0,42,73,40,46,69,14,17,11,Medium/Medium,Lean (185+)
Gabriel,Gabriel dos Santos Magalhães,25,Brazil,CB,Arsenal,Premier League,1.0,47000000.0,130000.0,92800000.0,84,86,2,70.0,41.0,62.0,60.0,85.0,82.0,Left,2,2,37,78,38,52,71,59,74.0,71,86,61,77,51,85,84,44,Medium/High,Normal (185+)
A. Hakimi,Achraf Hakimi Mouh,24,Morocco,"RB, RWB",Paris Saint Germain,Ligue 1,1.0,50500000.0,90000.0,97200000.0,84,86,3,92.0,75.0,80.0,80.0,75.0,78.0,Right,4,4,75,82,84,79,82,78,80.0,92,72,91,93,83,75,76,78,High/Low,Lean (170-185)
Kim Min Jae,김민재 金敏在,26,Korea Republic,CB,FC Bayern München,Bundesliga,1.0,46000000.0,82000.0,79400000.0,84,86,2,80.0,33.0,58.0,64.0,85.0,84.0,Right,3,2,23,75,35,57,68,57,72.0,77,88,75,84,65,86,87,48,Low/High,Normal (185+)
R. James,Reece James,23,England,"RB, RWB",Chelsea,Premier League,1.0,50500000.0,120000.0,99700000.0,84,86,2,80.0,72.0,83.0,82.0,82.0,81.0,Right,3,3,69,83,88,83,82,82,84.0,77,84,78,81,72,82,85,78,High/Medium,Stocky (170-185)
J. Brandt,Julian Brandt,27,Germany,"CAM, RM, CM",Borussia Dortmund,Bundesliga,1.0,48500000.0,72000.0,86100000.0,84,85,3,71.0,80.0,84.0,86.0,51.0,70.0,Right,4,4,80,87,82,86,87,86,84.0,88,71,69,73,84,49,45,81,Medium/Medium,Normal (185+)
P. Højbjerg,Pierre-Emile Kordt Højbjerg,27,Denmark,"CDM, CM",Tottenham Hotspur,Premier League,1.0,43000000.0,110000.0,84900000.0,84,85,2,55.0,73.0,78.0,78.0,81.0,82.0,Right,4,3,68,84,68,79,80,75,85.0,87,78,56,54,62,84,85,69,High/High,Normal (185+)
J. Maddison,James Maddison,26,England,"CAM, RM, CM",Tottenham Hotspur,Premier League,1.0,49500000.0,120000.0,97800000.0,84,85,2,71.0,81.0,86.0,86.0,54.0,63.0,Right,4,4,80,86,83,86,88,88,88.0,78,53,78,66,84,59,65,84,High/Medium,Lean (170-185)
L. Hernández,Lucas François Bernard Hernández Pi,27,France,"CB, LB",Paris Saint Germain,Ligue 1,1.0,42500000.0,105000.0,81800000.0,84,85,3,76.0,54.0,70.0,70.0,84.0,78.0,Left,2,2,53,77,78,65,73,63,77.0,69,77,74,78,69,85,85,62,Medium/Medium,Unique
Mikel Merino,Mikel Merino Zazón,27,Spain,"CM, CAM, LM",Real Sociedad,La Liga,1.0,48000000.0,54000.0,104400000.0,84,85,2,72.0,78.0,82.0,82.0,83.0,82.0,Left,3,3,79,86,77,83,85,83,80.0,83,80,72,72,74,80,84,81,High/High,Normal (185+)
Gabriel Jesus,Gabriel Fernando de Jesus,26,Brazil,"ST, RW",Arsenal,Premier League,1.0,50500000.0,165000.0,99700000.0,84,85,2,83.0,82.0,75.0,88.0,40.0,77.0,Right,3,4,83,81,74,88,87,79,78.0,82,72,86,81,92,45,30,88,High/High,Unique
Raphinha,Raphael Dias Belloli,26,Brazil,RW,FC Barcelona,La Liga,1.0,49500000.0,210000.0,105200000.0,84,85,3,91.0,79.0,78.0,86.0,53.0,73.0,Left,4,4,78,78,80,87,85,80,80.0,86,65,90,91,88,47,54,83,High/High,Lean (170-185)
F. Chiesa,Federico Chiesa,25,Italy,"LM, LW, RW",Juventus,Serie A,1.0,50500000.0,140000.0,89600000.0,84,85,3,91.0,82.0,76.0,86.0,53.0,75.0,Right,4,4,81,78,75,89,82,77,82.0,85,70,91,91,89,60,48,83,High/Medium,Unique
L. Díaz,Luis Fernando Díaz Marulanda,26,Colombia,"LW, LM",Liverpool,Premier League,1.0,49500000.0,165000.0,95300000.0,84,85,2,91.0,81.0,75.0,87.0,34.0,74.0,Right,4,4,81,76,76,89,87,77,83.0,84,69,92,91,88,28,38,82,High/Medium,Unique
Thiago Silva,Thiago Emiliano da Silva,38,Brazil,CB,Chelsea,Premier League,1.0,7500000.0,100000.0,14300000.0,84,84,4,51.0,54.0,74.0,72.0,87.0,74.0,Right,3,2,40,83,60,67,80,73,86.0,66,78,45,55,62,90,87,59,Medium/High,Normal (170-185)
Y. Sommer,Yann Sommer,34,Switzerland,GK,Inter,Serie A,1.0,7000000.0,84000.0,11900000.0,84,84,3,,,,,,,Right,4,1,13,40,13,15,25,64,54.0,45,68,48,54,55,9,19,15,Medium/Medium,Normal (170-185)
P. Gulácsi,Péter Gulácsi,33,Hungary,GK,RB Leipzig,Bundesliga,1.0,13500000.0,60000.0,23000000.0,84,84,3,,,,,,,Right,2,1,10,35,16,19,25,44,45.0,37,74,42,44,41,25,16,11,Medium/Medium,Normal (185+)
K. Walker,Kyle Walker,33,England,RB,Manchester City,Premier League,1.0,22000000.0,155000.0,40700000.0,84,84,3,90.0,63.0,77.0,78.0,79.0,81.0,Right,2,3,51,81,77,79,81,69,75.0,81,80,85,94,66,75,85,68,High/High,Unique
Thiago,Thiago Alcântara do Nascimento,32,Spain,CM,Liverpool,Premier League,1.0,33000000.0,150000.0,61100000.0,84,84,3,61.0,72.0,86.0,89.0,71.0,67.0,Right,3,5,68,90,78,89,91,86,88.0,70,60,69,54,90,68,73,72,Medium/Medium,Normal (170-185)
T. Müller,Thomas Müller,33,Germany,"CAM, CF, ST",FC Bayern München,Bundesliga,1.0,26500000.0,90000.0,43700000.0,84,84,4,59.0,82.0,83.0,79.0,55.0,69.0,Right,4,3,84,85,85,77,84,87,84.0,80,66,63,56,67,47,57,94,High/High,Lean (185+)
C. Smalling,Chris Smalling,33,England,CB,Roma,Serie A,1.0,20000000.0,88000.0,34000000.0,84,84,3,62.0,47.0,58.0,62.0,87.0,82.0,Right,3,2,54,65,52,59,65,56,88.0,75,85,52,71,54,88,89,51,Medium/High,Lean (185+)
R. Lukaku,Romelu Lukaku Menama,30,Belgium,ST,Roma,Serie A,1.0,41500000.0,165000.0,,84,84,4,80.0,84.0,74.0,77.0,38.0,82.0,Left,4,3,86,77,73,82,78,75,82.0,64,95,72,86,59,30,41,85,Medium/Low,Unique
K. Casteels,Koen Casteels,31,Belgium,GK,VfL Wolfsburg,Bundesliga,1.0,22500000.0,55000.0,38300000.0,84,84,3,,,,,,,Left,2,1,15,35,15,14,23,42,40.0,44,72,44,46,50,11,19,15,Medium/Medium,Normal (185+)
Koke,Jorge Resurrección Merodio,31,Spain,"CDM, CM",Atlético Madrid,La Liga,1.0,29500000.0,74000.0,60500000.0,84,84,3,69.0,72.0,85.0,79.0,79.0,78.0,Right,4,3,69,86,85,77,83,85,84.0,85,75,70,68,70,80,83,76,Medium/Medium,Normal (170-185)
Luis Alberto,Luis Alberto Romero Alconchel,30,Spain,CM,Lazio,Serie A,1.0,40500000.0,78000.0,68900000.0,84,84,2,69.0,77.0,85.0,84.0,62.0,58.0,Right,3,4,75,90,69,83,90,91,80.0,68,64,72,67,77,63,66,76,Medium/Medium,Lean (170-185)
M. Depay,Memphis Depay,29,Netherlands,"CF, LW, ST",Atlético Madrid,La Liga,1.0,42000000.0,90000.0,86100000.0,84,84,4,82.0,82.0,81.0,85.0,30.0,80.0,Right,3,5,82,80,84,86,85,85,79.0,79,84,81,83,81,23,31,85,High/Low,Unique
N. Pope,Nick Pope,31,England,GK,Newcastle United,Premier League,1.0,22500000.0,110000.0,42800000.0,84,84,2,,,,,,,Right,3,1,14,32,11,15,25,50,63.0,37,75,50,47,36,19,15,13,Medium/Medium,Lean (185+)
S. Gnabry,Serge David Gnabry,27,Germany,"RM, ST, LM",FC Bayern München,Bundesliga,1.0,45000000.0,90000.0,74300000.0,84,84,3,81.0,84.0,78.0,84.0,43.0,68.0,Right,4,4,85,83,77,85,82,80,82.0,75,69,84,79,86,45,44,85,Medium/Medium,Unique
M. Ginter,Matthias Ginter,29,Germany,CB,SC Freiburg,Bundesliga,1.0,35500000.0,47000.0,60400000.0,84,84,3,60.0,59.0,71.0,66.0,85.0,80.0,Right,3,2,55,79,68,61,75,72,76.0,75,84,54,65,55,87,86,55,High/Medium,Normal (185+)
A. Rabiot,Adrien Rabiot,28,France,"CM, LM",Juventus,Serie A,1.0,42000000.0,150000.0,71400000.0,84,84,2,78.0,76.0,80.0,80.0,82.0,84.0,Left,3,3,72,85,73,80,85,83,82.0,89,83,76,79,69,80,84,82,Medium/Medium,Lean (185+)
Grimaldo,Alejandro Grimaldo García,27,Spain,"LWB, LM",Bayer 04 Leverkusen,Bundesliga,1.0,40500000.0,74000.0,68900000.0,84,84,3,87.0,69.0,83.0,84.0,76.0,72.0,Left,2,3,59,83,83,84,83,84,83.0,90,63,86,87,84,75,78,77,High/Medium,Normal (170-185)
R. De Paul,Rodrigo Javier De Paul,29,Argentina,CM,Atlético Madrid,La Liga,1.0,41000000.0,85000.0,84100000.0,84,84,3,78.0,77.0,83.0,82.0,75.0,83.0,Right,3,4,76,85,78,82,85,86,81.0,92,79,80,76,78,72,81,78,High/Medium,Normal (170-185)
S. Lobotka,Stanislav Lobotka,28,Slovakia,"CM, CDM",Napoli,Serie A,1.0,42000000.0,86000.0,71400000.0,84,84,2,71.0,70.0,81.0,83.0,77.0,75.0,Right,4,3,70,85,75,82,86,85,77.0,85,71,76,67,77,78,82,78,Medium/Medium,Normal (170-)
L. Sané,Leroy Aziz Sané,27,Germany,"RM, LM",FC Bayern München,Bundesliga,1.0,45000000.0,90000.0,74300000.0,84,84,3,91.0,81.0,80.0,85.0,38.0,68.0,Left,2,4,80,82,81,86,85,79,82.0,70,66,88,93,87,36,32,81,Medium/Medium,Unique
Marcos Llorente,Marcos Llorente Moreno,28,Spain,"RM, CM, RB",Atlético Madrid,La Liga,1.0,42500000.0,85000.0,87100000.0,84,84,3,89.0,78.0,79.0,80.0,78.0,81.0,Right,4,3,79,82,76,80,80,81,79.0,91,77,87,91,83,79,79,82,High/Medium,Lean (170-185)
M. Škriniar,Milan Škriniar,28,Slovakia,CB,Paris Saint Germain,Ligue 1,1.0,36500000.0,110000.0,67500000.0,84,84,3,78.0,41.0,57.0,67.0,86.0,83.0,Right,3,2,42,72,40,64,70,46,87.0,80,87,74,81,54,88,90,30,Low/High,Unique
Gavi,Pablo Martín Páez Gavira,18,Spain,"CM, LW",FC Barcelona,La Liga,1.0,68500000.0,60000.0,154100000.0,83,90,3,76.0,66.0,78.0,85.0,68.0,70.0,Right,3,3,71,84,69,86,85,83,74.0,84,58,77,75,86,59,78,81,High/High,Normal (170-185)
W. Saliba,William Alain André Gabriel Saliba,22,France,CB,Arsenal,Premier League,1.0,53000000.0,105000.0,111300000.0,83,89,2,82.0,39.0,69.0,73.0,84.0,82.0,Right,3,2,35,83,58,72,81,62,81.0,70,87,77,86,50,85,87,43,Medium/High,Normal (185+)
E. Fernández,Enzo Jeremías Fernández,22,Argentina,"CM, CDM",Chelsea,Premier League,1.0,58000000.0,120000.0,121800000.0,83,89,3,73.0,73.0,81.0,80.0,75.0,79.0,Right,4,3,66,86,66,78,83,86,80.0,85,75,77,70,76,77,77,79,High/High,Normal (170-185)
A. Davies,Alphonso Boyle Davies,22,Canada,"LB, LM",FC Bayern München,Bundesliga,1.0,52000000.0,64000.0,89700000.0,83,88,3,95.0,66.0,78.0,84.0,74.0,77.0,Left,4,4,64,82,85,85,84,77,78.0,81,75,96,95,86,71,74,77,High/Low,Unique
C. Gakpo,Cody Mathès Gakpo,24,Netherlands,"CF, LW",Liverpool,Premier League,1.0,55500000.0,130000.0,106800000.0,83,88,2,85.0,82.0,78.0,84.0,42.0,73.0,Right,4,4,83,78,83,86,85,79,83.0,76,76,87,84,80,43,38,81,Medium/Medium,Lean (185+)
D. Vlahović,Dušan Vlahović,23,Serbia,ST,Juventus,Serie A,1.0,55500000.0,125000.0,98500000.0,83,88,2,80.0,85.0,66.0,79.0,29.0,82.0,Left,3,3,88,71,57,81,85,68,80.0,79,88,77,83,63,19,26,86,Medium/Medium,Normal (185+)
N. Schlotterbeck,Nico Schlotterbeck,23,Germany,CB,Borussia Dortmund,Bundesliga,1.0,49500000.0,51000.0,87900000.0,83,88,3,78.0,58.0,67.0,73.0,85.0,82.0,Left,2,3,51,77,48,73,72,68,77.0,73,84,79,77,68,84,87,58,High/High,Normal (185+)
J. Frimpong,Jeremie Agyekum Frimpong,22,Netherlands,"RWB, RM",Bayer 04 Leverkusen,Bundesliga,1.0,52000000.0,58000.0,92300000.0,83,88,2,94.0,56.0,75.0,84.0,74.0,70.0,Right,3,3,62,77,84,85,81,81,79.0,85,61,96,92,91,75,78,78,High/Medium,Normal (170-185)
Dani Olmo,Daniel Olmo Carvajal,25,Spain,"CAM, CF",RB Leipzig,Bundesliga,1.0,50500000.0,71000.0,89600000.0,83,87,3,68.0,76.0,82.0,86.0,50.0,59.0,Right,4,4,74,86,78,87,86,85,82.0,76,54,77,61,86,50,50,82,Medium/High,Lean (170-185)
S. Botman,Sven Botman,23,Netherlands,CB,Newcastle United,Premier League,1.0,47000000.0,105000.0,92800000.0,83,87,2,65.0,37.0,63.0,66.0,84.0,84.0,Left,3,2,24,79,43,63,74,59,77.0,70,90,53,75,57,85,84,45,Medium/High,Normal (185+)
Unai Simón,Unai Simón Mendibil,26,Spain,GK,Athletic Club,La Liga,1.0,36500000.0,31000.0,79400000.0,83,86,3,,,,,,,Right,3,1,14,38,16,12,16,48,46.0,44,76,48,50,37,11,18,14,Medium/Medium,Normal (185+)
Pau Torres,Pau Francisco Torres,26,Spain,CB,Aston Villa,Premier League,1.0,42000000.0,100000.0,83000000.0,83,86,3,72.0,38.0,68.0,70.0,84.0,81.0,Left,3,2,28,80,55,64,80,67,73.0,80,81,69,75,67,84,85,42,Medium/High,Lean (185+)
A. Christensen,Andreas Bødtker Christensen,27,Denmark,CB,FC Barcelona,La Liga,1.0,38500000.0,155000.0,81800000.0,83,85,2,67.0,32.0,68.0,71.0,85.0,76.0,Right,3,2,36,83,51,67,79,62,79.0,73,78,57,76,61,86,86,32,Low/Medium,Lean (185+)
J. Giménez,José María Giménez de Vargas,28,Uruguay,CB,Atlético Madrid,La Liga,1.0,36500000.0,71000.0,77600000.0,83,85,2,71.0,46.0,58.0,61.0,85.0,82.0,Right,3,2,37,71,47,55,66,46,75.0,71,85,70,71,56,87,85,25,Medium/High,Normal (185+)
A. Meret,Alex Meret,26,Italy,GK,Napoli,Serie A,1.0,34000000.0,56000.0,60400000.0,83,85,2,,,,,,,Left,3,1,17,30,15,16,25,25,67.0,29,65,41,48,46,10,21,20,Medium/Medium,Lean (185+)
G. Mancini,Gianluca Mancini,27,Italy,CB,Roma,Serie A,1.0,38500000.0,80000.0,68300000.0,83,85,2,67.0,45.0,54.0,62.0,83.0,86.0,Right,3,2,48,67,34,55,76,51,80.0,87,83,59,73,34,84,84,32,Medium/High,Normal (185+)
K. Laimer,Konrad Laimer,26,Austria,"CDM, CM",FC Bayern München,Bundesliga,1.0,38000000.0,75000.0,65600000.0,83,84,3,80.0,69.0,77.0,78.0,81.0,79.0,Right,3,3,69,81,78,77,78,78,79.0,90,69,82,78,76,84,81,73,Medium/High,Lean (170-185)
G. Rodríguez,Guido Rodríguez,28,Argentina,CDM,Real Betis,La Liga,1.0,35000000.0,37000.0,76100000.0,83,84,2,51.0,58.0,72.0,70.0,85.0,80.0,Right,4,2,43,82,59,72,76,73,71.0,76,80,55,47,47,86,88,68,Medium/High,Lean (185+)
B. Pavard,Benjamin Pavard,27,France,"CB, RB",Inter,Serie A,1.0,36500000.0,95000.0,64800000.0,83,84,3,70.0,62.0,73.0,72.0,85.0,78.0,Right,3,3,49,79,75,68,77,66,78.0,81,78,68,72,66,85,86,60,Medium/Medium,Normal (185+)
A. Zambo Anguissa,André-Franck Zambo Anguissa,27,Cameroon,"CDM, CM",Napoli,Serie A,1.0,37000000.0,69000.0,65700000.0,83,84,1,78.0,68.0,72.0,81.0,81.0,86.0,Right,3,3,66,80,62,82,82,76,82.0,85,87,79,78,76,80,86,79,High/Medium,Normal (170-185)
L. Pellegrini,Lorenzo Pellegrini,27,Italy,"CAM, CM, CF",Roma,Serie A,1.0,42000000.0,88000.0,74600000.0,83,84,2,79.0,76.0,83.0,83.0,74.0,78.0,Right,4,3,75,88,74,80,87,87,84.0,90,74,79,79,80,73,76,80,High/High,Lean (185+)
Palhinha,João Maria Lobo Alves Palhinha Gonçalves,27,Portugal,"CDM, CM",Fulham,Premier League,1.0,37000000.0,100000.0,73100000.0,83,84,2,62.0,67.0,71.0,76.0,84.0,89.0,Right,4,2,64,78,59,77,80,71,83.0,87,89,58,66,63,83,87,68,Medium/High,Normal (185+)
Oyarzabal,Mikel Oyarzabal Ugarte,26,Spain,"LM, RM, LW",Real Sociedad,La Liga,1.0,43000000.0,49000.0,93500000.0,83,84,3,77.0,83.0,80.0,83.0,41.0,62.0,Left,3,3,85,82,80,84,85,82,83.0,79,57,78,76,77,55,32,85,High/Medium,Lean (170-185)
P. Schick,Patrik Schick,27,Czech Republic,ST,Bayer 04 Leverkusen,Bundesliga,1.0,42500000.0,80000.0,75400000.0,83,84,3,79.0,80.0,71.0,81.0,37.0,76.0,Left,3,4,82,78,64,81,82,74,84.0,69,83,75,83,83,44,29,85,Medium/Medium,Normal (185+)
Sergio Ramos,Sergio Ramos García,37,Spain,CB,Sevilla,La Liga,1.0,6500000.0,28000.0,13700000.0,83,83,4,57.0,69.0,73.0,70.0,83.0,76.0,Right,3,3,65,78,63,63,78,71,86.0,54,81,65,51,66,82,82,69,High/Medium,Unique
H. Lloris,Hugo Lloris,36,France,GK,Tottenham Hotspur,Premier League,1.0,4000000.0,54000.0,7600000.0,83,83,4,,,,,,,Left,1,1,10,52,13,12,29,57,55.0,41,43,61,59,54,24,12,9,Medium/Medium,Unique
M. Hummels,Mats Hummels,34,Germany,CB,Borussia Dortmund,Bundesliga,1.0,12000000.0,60000.0,20400000.0,83,83,3,53.0,58.0,76.0,70.0,86.0,78.0,Right,3,2,55,81,65,67,74,80,89.0,65,87,39,65,60,88,85,57,Medium/Medium,Stocky (185+)
M. Reus,Marco Reus,34,Germany,"CAM, CF",Borussia Dortmund,Bundesliga,1.0,17000000.0,66000.0,28900000.0,83,83,3,65.0,83.0,83.0,85.0,53.0,63.0,Right,4,4,84,85,83,85,86,84,86.0,66,66,72,60,81,59,47,84,Medium/Medium,Unique
C. Eriksen,Christian Dannemann Eriksen,31,Denmark,"CM, CDM",Manchester United,Premier League,1.0,30000000.0,145000.0,57000000.0,83,83,3,59.0,77.0,89.0,81.0,51.0,53.0,Right,5,4,72,90,88,77,90,90,88.0,74,50,62,57,68,55,57,75,Medium/Medium,Unique
A. Lacazette,Alexandre Lacazette,32,France,ST,Olympique Lyonnais,Ligue 1,1.0,29500000.0,60000.0,56100000.0,83,83,3,72.0,84.0,77.0,83.0,44.0,77.0,Right,4,4,86,82,70,83,84,81,84.0,72,79,71,73,82,39,45,86,High/High,Unique
W. Ben Yedder,Wissam Ben Yedder,32,France,ST,Monaco,Ligue 1,1.0,29500000.0,80000.0,56100000.0,83,83,3,80.0,84.0,78.0,87.0,39.0,68.0,Right,5,4,87,83,74,86,87,80,85.0,72,68,81,80,91,34,33,88,High/Low,Unique
F. Acerbi,Francesco Acerbi,35,Italy,CB,Inter,Serie A,1.0,9500000.0,67000.0,16200000.0,83,83,3,60.0,50.0,64.0,64.0,86.0,80.0,Left,3,3,37,75,34,65,71,65,86.0,68,85,61,59,32,87,87,20,Medium/High,Normal (185+)
Nacho Fernández,José Ignacio Fernández Iglesias,33,Spain,"CB, LB, RB",Real Madrid,La Liga,1.0,17500000.0,170000.0,35900000.0,83,83,2,75.0,37.0,69.0,71.0,82.0,80.0,Right,4,2,32,84,70,64,79,53,75.0,80,79,69,79,65,83,83,37,Low/High,Normal (170-185)
Morata,Álvaro Borja Morata Martín,30,Spain,ST,Atlético Madrid,La Liga,1.0,35500000.0,80000.0,72800000.0,83,83,3,82.0,82.0,72.0,79.0,31.0,79.0,Right,4,3,85,76,72,79,83,77,78.0,79,81,81,83,74,37,14,84,Medium/Medium,Unique
Sergi Darder,Sergi Darder Moll,29,Spain,"CM, CDM, CAM",Mallorca,La Liga,1.0,35500000.0,44000.0,74600000.0,83,83,2,81.0,76.0,82.0,83.0,74.0,77.0,Right,3,3,74,86,75,84,84,84,85.0,84,75,80,82,82,75,76,78,Medium/Medium,Lean (170-185)
R. Sterling,Raheem Sterling,28,England,"LW, RW, ST",Chelsea,Premier League,1.0,36500000.0,155000.0,69400000.0,83,83,4,85.0,78.0,76.0,85.0,45.0,67.0,Right,3,4,79,77,78,86,81,76,77.0,77,65,90,80,94,47,53,87,High/Medium,Unique
W. Orban,Vilmos Tamás Orban,30,Hungary,CB,RB Leipzig,Bundesliga,1.0,30000000.0,67000.0,51000000.0,83,83,3,58.0,36.0,56.0,56.0,85.0,81.0,Right,3,2,38,74,39,52,59,44,72.0,68,85,50,65,48,86,86,42,Low/Medium,Normal (185+)
Jorginho,Luiz Frello Filho Jorge,31,Italy,"CDM, CM",Arsenal,Premier League,1.0,25500000.0,125000.0,48500000.0,83,83,2,53.0,67.0,84.0,81.0,74.0,73.0,Right,3,3,65,89,75,79,87,84,84.0,86,66,63,45,72,71,80,69,Medium/Medium,Lean (170-185)
S. Haller,Sébastien Haller,29,Côte d'Ivoire,ST,Borussia Dortmund,Bundesliga,1.0,36500000.0,74000.0,62100000.0,83,83,3,62.0,81.0,63.0,76.0,52.0,81.0,Right,3,3,85,77,42,74,82,73,83.0,73,90,59,64,67,40,61,88,Medium/Medium,Normal (185+)
L. Shaw,Luke Shaw,27,England,"LB, CB",Manchester United,Premier League,1.0,35000000.0,135000.0,66500000.0,83,83,2,76.0,57.0,82.0,79.0,81.0,78.0,Left,2,3,46,84,85,78,83,80,84.0,75,77,74,77,71,81,83,78,Medium/Medium,Stocky (170-185)
Gerard Moreno,Gerard Moreno Balagueró,31,Spain,"ST, RM",Villarreal,La Liga,1.0,30500000.0,54000.0,64100000.0,83,83,3,77.0,85.0,77.0,81.0,46.0,72.0,Left,4,3,88,79,77,83,82,78,80.0,77,73,77,77,77,44,41,84,High/Medium,Normal (170-185)
E. Can,Emre Can,29,Germany,"CDM, CB",Borussia Dortmund,Bundesliga,1.0,31000000.0,63000.0,52700000.0,83,83,3,79.0,78.0,77.0,79.0,82.0,87.0,Right,4,3,74,85,64,81,79,75,83.0,84,86,67,88,70,80,86,72,Medium/High,Stocky (185+)
F. Kostić,Filip Kostić,30,Serbia,"LM, LW",Juventus,Serie A,1.0,35000000.0,130000.0,59500000.0,83,83,3,85.0,76.0,82.0,82.0,70.0,80.0,Left,2,3,72,81,90,84,82,80,82.0,90,77,85,85,76,69,74,78,High/High,Normal (170-185)
J. Hofmann,Jonas Hofmann,30,Germany,"CAM, RM, LM",Bayer 04 Leverkusen,Bundesliga,1.0,35000000.0,74000.0,59500000.0,83,83,3,76.0,79.0,83.0,81.0,64.0,73.0,Right,4,3,84,84,80,82,81,86,82.0,90,66,75,76,79,70,57,83,High/Medium,Normal (170-185)
P. Zieliński,Piotr Sebastian Zieliński,29,Poland,"CM, CAM",Napoli,Serie A,1.0,35500000.0,78000.0,60400000.0,83,83,3,81.0,77.0,81.0,86.0,71.0,63.0,Right,5,4,75,85,73,87,87,84,75.0,79,57,83,79,85,69,74,80,Medium/Medium,Normal (170-185)
A. Romagnoli,Alessio Romagnoli,28,Italy,CB,Lazio,Serie A,1.0,31500000.0,68000.0,53600000.0,83,83,2,69.0,40.0,56.0,69.0,85.0,80.0,Left,3,2,30,75,36,68,75,45,77.0,68,84,69,69,55,86,86,31,Medium/Medium,Unique
N. Fekir,Nabil Fekir,29,France,CAM,Real Betis,La Liga,1.0,35500000.0,40000.0,74600000.0,83,83,3,82.0,81.0,81.0,86.0,39.0,80.0,Left,4,4,80,81,81,87,84,83,88.0,77,80,87,78,84,36,43,80,High/Medium,Stocky (170-185)
Marco Asensio,Marco Asensio Willemsen,27,Spain,RW,Paris Saint Germain,Ligue 1,1.0,38500000.0,115000.0,71200000.0,83,83,3,81.0,81.0,81.0,83.0,43.0,63.0,Left,3,4,77,81,81,83,87,80,82.0,75,63,83,80,80,40,42,80,High/Medium,Normal (170-185)
Borja Iglesias,Borja Iglesias Quintás,30,Spain,ST,Real Betis,La Liga,1.0,35500000.0,41000.0,74600000.0,83,83,2,69.0,84.0,66.0,76.0,40.0,82.0,Right,3,3,86,76,50,76,82,73,82.0,70,92,65,72,57,40,36,86,High/Medium,Lean (185+)
Ronaldo Cabrais,Ronaldo Jailson Cabrais Petri,31,Brazil,"CAM, RM",Palmeiras,Serie A,1.0,30000000.0,59000.0,54000000.0,83,83,1,88.0,77.0,83.0,84.0,35.0,72.0,Right,4,4,74,83,83,85,83,83,81.0,88,68,90,87,86,24,35,82,Medium/Low,Normal (170-185)
E. Camavinga,Eduardo Celmi Camavinga,20,France,"CDM, CM, LB",Real Madrid,La Liga,1.0,56500000.0,110000.0,127100000.0,82,89,3,79.0,66.0,80.0,82.0,76.0,80.0,Left,3,4,62,85,76,80,86,77,82.0,81,80,78,79,81,75,80,73,High/High,Lean (170-185)
Ferran Torres,Ferran Torres García,23,Spain,"LW, RW, ST",FC Barcelona,La Liga,1.0,48000000.0,150000.0,108000000.0,82,88,3,83.0,79.0,78.0,83.0,35.0,68.0,Right,4,4,81,79,78,84,83,80,82.0,72,69,87,80,84,35,24,85,High/Medium,Lean (170-185)
J. Gvardiol,Joško Gvardiol,21,Croatia,"CB, LB",Manchester City,Premier League,1.0,44500000.0,95000.0,91200000.0,82,88,3,78.0,54.0,69.0,74.0,82.0,83.0,Left,4,3,42,76,61,75,76,65,75.0,79,83,80,76,68,81,84,58,High/High,Normal (185+)
D. Núñez,Darwin Gabriel Núñez Ribeiro,24,Uruguay,"ST, LW",Liverpool,Premier League,1.0,48500000.0,120000.0,99400000.0,82,88,3,90.0,81.0,71.0,76.0,43.0,85.0,Right,3,3,81,72,68,76,76,76,79.0,88,85,88,92,78,38,41,86,High/High,Normal (170-185)
R. Le Normand,Robin Le Normand,26,Spain,CB,Real Sociedad,La Liga,1.0,40000000.0,41000.0,87000000.0,82,87,1,62.0,26.0,54.0,59.0,84.0,79.0,Right,3,2,19,78,35,52,72,32,73.0,70,86,58,66,41,84,86,21,Medium/Medium,Lean (185+)
K. Havertz,Kai Lukas Havertz,24,Germany,"CAM, RW, ST",Arsenal,Premier League,1.0,46000000.0,110000.0,90900000.0,82,87,3,78.0,79.0,79.0,83.0,45.0,68.0,Left,4,4,81,83,74,84,85,81,84.0,77,69,75,81,75,39,46,83,Medium/Medium,Unique
Nuno Mendes,Nuno Alexandre Tavares Mendes,21,Portugal,"LB, LWB",Paris Saint Germain,Ligue 1,1.0,43500000.0,63000.0,83700000.0,82,87,2,89.0,58.0,75.0,80.0,77.0,76.0,Left,4,3,45,79,79,78,80,72,80.0,81,73,90,88,82,76,79,77,High/Medium,Normal (170-185)
M. Locatelli,Manuel Locatelli,25,Italy,"CDM, CM",Juventus,Serie A,1.0,38500000.0,105000.0,68300000.0,82,86,2,67.0,70.0,80.0,78.0,79.0,80.0,Right,4,3,62,85,73,79,83,82,82.0,89,77,65,68,65,80,83,68,Medium/High,Lean (185+)
D. Upamecano,Dayotchanculle Oswald Upamecano,24,France,CB,FC Bayern München,Bundesliga,1.0,39500000.0,59000.0,68100000.0,82,86,3,83.0,45.0,63.0,72.0,81.0,83.0,Right,3,3,39,77,48,71,75,58,74.0,65,88,76,88,66,80,84,47,Medium/Medium,Stocky (185+)
C. Romero,Cristian Gabriel Romero,25,Argentina,CB,Tottenham Hotspur,Premier League,1.0,38000000.0,89000.0,75100000.0,82,86,3,70.0,46.0,59.0,66.0,84.0,80.0,Right,2,3,48,74,42,60,68,50,82.0,71,81,72,69,67,85,84,43,Medium/High,Normal (185+)
J. Sancho,Jadon Sancho,23,England,"LW, LM",Manchester United,Premier League,1.0,43500000.0,130000.0,85900000.0,82,86,3,78.0,70.0,80.0,87.0,33.0,47.0,Right,3,5,76,85,77,89,86,84,85.0,66,45,81,75,89,30,34,82,Medium/Medium,Unique
N. Molina,Nahuel Molina Lucero,25,Argentina,"RB, RWB, RM",Atlético Madrid,La Liga,1.0,39500000.0,59000.0,83900000.0,82,86,1,85.0,67.0,76.0,79.0,78.0,71.0,Right,3,3,67,80,82,77,81,76,76.0,86,61,84,86,82,79,79,77,High/High,Lean (170-185)
D. Szoboszlai,Dominik Szoboszlai,22,Hungary,CAM,Liverpool,Premier League,1.0,44500000.0,110000.0,85700000.0,82,86,2,83.0,82.0,84.0,82.0,34.0,64.0,Right,4,4,77,83,85,83,83,84,82.0,74,67,78,87,80,35,30,79,Medium/Medium,Normal (185+)
L. Openda,Ikoma Loïs Openda,23,Belgium,ST,RB Leipzig,Bundesliga,1.0,44000000.0,65000.0,78100000.0,82,86,2,93.0,79.0,68.0,80.0,31.0,78.0,Right,4,3,83,75,69,80,80,69,78.0,79,78,94,93,82,29,23,84,High/Medium,Normal (170-185)
F. Dimarco,Federico Dimarco,25,Italy,"LWB, LM, CB",Inter,Serie A,1.0,37000000.0,82000.0,65700000.0,82,85,2,79.0,71.0,80.0,79.0,74.0,71.0,Left,2,3,69,80,85,78,84,77,69.0,84,65,81,77,74,77,76,81,High/Medium,Normal (170-185)
R. Bentancur,Rodrigo Bentancur Colmán,26,Uruguay,"CM, CDM",Tottenham Hotspur,Premier League,1.0,39500000.0,100000.0,78000000.0,82,85,2,70.0,67.0,81.0,83.0,79.0,77.0,Right,4,4,66,85,76,85,85,83,86.0,86,72,70,70,70,79,83,72,Medium/High,Lean (185+)
N. Mazraoui,Noussair Mazraoui,25,Morocco,RB,FC Bayern München,Bundesliga,1.0,37000000.0,65000.0,63800000.0,82,85,2,79.0,66.0,77.0,83.0,77.0,74.0,Right,3,3,69,83,79,83,84,77,79.0,85,70,83,75,86,76,78,80,High/Low,Lean (170-185)
G. Vicario,Guglielmo Vicario,26,Italy,GK,Tottenham Hotspur,Premier League,1.0,30500000.0,76000.0,60200000.0,82,85,2,,,,,,,Right,1,1,6,27,11,12,14,69,55.0,18,53,34,35,40,23,11,8,Medium/Medium,Lean (185+)
V. Tsygankov,Viktor Tsygankov,25,Ukraine,"RM, CM, CAM",Girona,La Liga,1.0,40500000.0,37000.0,88100000.0,82,85,2,85.0,78.0,79.0,81.0,46.0,61.0,Left,4,4,82,80,79,82,83,80,77.0,77,53,84,85,82,60,39,79,High/Medium,Lean (170-185)
B. Dia,Boulaye Dia,26,Senegal,"ST, LW, CF",Salernitana,Serie A,1.0,40500000.0,51000.0,75900000.0,82,85,1,82.0,81.0,62.0,81.0,27.0,77.0,Right,3,3,86,74,50,83,82,65,75.0,74,83,80,84,74,28,17,83,High/Medium,Lean (170-185)
J. Pickford,Jordan Pickford,29,England,GK,Everton,Premier League,1.0,25000000.0,45000.0,49400000.0,82,84,3,,,,,,,Left,4,1,19,58,17,14,40,69,65.0,42,70,56,44,57,21,20,18,Medium/Medium,Normal (185+)
Y. Tielemans,Youri Tielemans,26,Belgium,"CM, CDM",Aston Villa,Premier League,1.0,37500000.0,100000.0,74100000.0,82,84,2,50.0,79.0,85.0,79.0,69.0,69.0,Right,5,4,74,88,80,78,84,86,85.0,82,65,55,46,62,68,71,76,Medium/Medium,Normal (170-185)
E. Ünal,Enes Ünal,26,Turkey,ST,Getafe,La Liga,1.0,38000000.0,44000.0,82700000.0,82,84,2,72.0,84.0,70.0,82.0,40.0,80.0,Right,4,3,87,78,60,83,82,70,76.0,78,83,73,72,81,34,43,80,High/Medium,Lean (185+)
P. Kimpembe,Presnel Kimpembe,27,France,CB,Paris Saint Germain,Ligue 1,1.0,32500000.0,88000.0,62600000.0,82,84,3,79.0,43.0,68.0,69.0,81.0,86.0,Left,3,2,33,79,59,63,78,64,79.0,79,87,78,79,68,80,83,47,Medium/High,Normal (185+)
D. Malen,Donyell Malen,24,Netherlands,"RM, ST",Borussia Dortmund,Bundesliga,1.0,39500000.0,52000.0,70100000.0,82,84,2,89.0,80.0,73.0,85.0,35.0,73.0,Right,4,4,82,79,74,86,85,74,79.0,76,73,91,87,87,29,33,80,High/Medium,Unique
A. Mac Allister,Alexis Mac Allister,24,Argentina,"CM, CAM, CDM",Liverpool,Premier League,1.0,39500000.0,110000.0,76000000.0,82,84,3,70.0,79.0,82.0,82.0,70.0,72.0,Right,3,3,79,84,79,84,83,84,83.0,86,69,73,67,76,73,73,79,Medium/Medium,Normal (170-185)
T. Werner,Timo Werner,27,Germany,ST,RB Leipzig,Bundesliga,1.0,35500000.0,73000.0,63000000.0,82,83,3,91.0,80.0,70.0,82.0,35.0,69.0,Right,4,3,78,79,69,82,83,68,79.0,81,64,93,89,79,39,20,86,High/Medium,Unique
T. Lemar,Thomas Lemar,27,France,"CM, LM",Atlético Madrid,La Liga,1.0,35000000.0,68000.0,74400000.0,82,83,3,82.0,78.0,83.0,86.0,67.0,65.0,Left,3,4,77,84,82,87,85,85,81.0,81,57,85,80,90,55,76,81,High/High,Lean (170-185)
Joelinton,Joelinton Cassio Apolinário de Lira,26,Brazil,"CM, LW",Newcastle United,Premier League,1.0,35500000.0,125000.0,70100000.0,82,83,2,78.0,71.0,76.0,82.0,81.0,88.0,Right,3,3,73,83,71,84,85,83,82.0,88,87,72,82,68,79,83,80,High/High,Stocky (185+)
David García,David García Zubiría,29,Spain,CB,Osasuna,La Liga,1.0,28000000.0,39000.0,60900000.0,82,83,2,59.0,37.0,66.0,65.0,83.0,77.0,Right,3,2,35,82,61,60,79,52,67.0,69,79,58,59,45,82,83,51,Medium/Medium,Lean (185+)
M. Akanji,Manuel Obafemi Akanji,27,Switzerland,CB,Manchester City,Premier League,1.0,30500000.0,130000.0,58700000.0,82,83,2,77.0,48.0,70.0,72.0,83.0,78.0,Right,4,2,38,82,55,71,75,65,78.0,71,80,75,79,66,83,85,37,Medium/Medium,Unique
Mario Hermoso,Mario Hermoso Canseco,28,Spain,CB,Atlético Madrid,La Liga,1.0,29000000.0,65000.0,61600000.0,82,83,1,75.0,49.0,74.0,71.0,82.0,79.0,Left,3,2,42,81,71,67,76,66,77.0,73,80,71,78,70,81,83,63,Medium/High,Normal (170-185)
Y. En-Nesyri,Youssef En-Nesyri,26,Morocco,ST,Sevilla,La Liga,1.0,36500000.0,42000.0,79400000.0,82,83,3,81.0,82.0,63.0,76.0,36.0,79.0,Left,3,3,84,77,51,78,81,56,75.0,83,77,80,81,67,27,31,85,High/High,Lean (185+)
Joselu,José Luis Mato Sanmartín,33,Spain,ST,Real Madrid,La Liga,1.0,19500000.0,19000.0,,82,82,3,63.0,84.0,69.0,74.0,33.0,77.0,Right,3,3,87,78,58,75,83,73,74.0,68,85,64,62,63,26,28,85,High/Medium,Lean (185+)
O. Giroud,Olivier Giroud,36,France,ST,Milan,Serie A,1.0,10500000.0,66000.0,17900000.0,82,82,3,43.0,83.0,74.0,74.0,42.0,80.0,Left,3,3,87,82,64,69,86,78,85.0,61,90,38,47,55,37,37,88,Medium/Medium,Normal (185+)
Fernando,Fernando Francisco Reges,35,Brazil,"CDM, CB",Sevilla,La Liga,1.0,8500000.0,25000.0,17900000.0,82,82,2,63.0,62.0,74.0,73.0,82.0,81.0,Right,3,3,54,81,62,70,78,78,77.0,80,81,60,66,69,83,83,62,Medium/Medium,Lean (170-185)
M. Götze,Mario Götze,31,Germany,"CAM, CF, LM",Eintracht Frankfurt,Bundesliga,1.0,25000000.0,53000.0,42500000.0,82,82,4,63.0,75.0,83.0,85.0,55.0,71.0,Right,4,4,75,87,80,84,90,86,87.0,91,67,68,58,78,64,42,81,Medium/Medium,Normal (170-185)
C. Wilson,Callum Wilson,31,England,ST,Newcastle United,Premier League,1.0,25500000.0,135000.0,48500000.0,82,82,2,80.0,82.0,67.0,79.0,42.0,76.0,Right,3,3,86,73,61,77,82,70,80.0,73,77,78,82,75,39,40,87,High/Medium,Normal (170-185)
S. de Vrij,Stefan de Vrij,31,Netherlands,CB,Inter,Serie A,1.0,21000000.0,86000.0,35700000.0,82,82,3,64.0,41.0,64.0,69.0,84.0,76.0,Right,3,2,25,74,49,66,72,70,85.0,71,78,66,62,61,84,85,31,Medium/High,Unique
A. Lopes,Anthony Lopes,32,Portugal,GK,Olympique Lyonnais,Ligue 1,1.0,15000000.0,37000.0,28500000.0,82,82,3,,,,,,,Left,2,1,18,32,19,15,21,48,65.0,36,73,63,64,67,13,15,9,Medium/Medium,Normal (170-185)
G. Xhaka,Granit Xhaka,30,Switzerland,"CM, CDM",Bayer 04 Leverkusen,Bundesliga,1.0,29000000.0,68000.0,49300000.0,82,82,3,49.0,74.0,82.0,73.0,75.0,82.0,Left,3,3,67,86,74,72,83,82,74.0,85,78,48,50,49,76,79,76,Medium/Medium,Normal (185+)
Iñigo Martínez,Íñigo Martínez Berridi,32,Spain,CB,FC Barcelona,La Liga,1.0,20000000.0,145000.0,41000000.0,82,82,2,71.0,56.0,67.0,61.0,82.0,80.0,Left,3,2,42,75,53,48,74,55,70.0,69,82,70,72,66,82,82,52,Medium/Medium,Normal (170-185)
S. Savić,Stefan Savić,32,Montenegro,CB,Atlético Madrid,La Liga,1.0,20000000.0,62000.0,41000000.0,82,82,2,64.0,35.0,57.0,57.0,85.0,80.0,Right,3,2,34,72,36,47,66,55,80.0,70,82,59,68,57,86,85,29,Medium/High,Lean (185+)
Carvajal,Daniel Carvajal Ramos,31,Spain,RB,Real Madrid,La Liga,1.0,22000000.0,155000.0,45100000.0,82,82,3,82.0,54.0,76.0,79.0,77.0,79.0,Right,3,3,51,80,80,78,81,72,80.0,84,74,80,83,78,75,80,75,Medium/Medium,Unique
M. Kovačić,Mateo Kovačić,29,Croatia,"CM, CDM",Manchester City,Premier League,1.0,29500000.0,150000.0,54600000.0,82,82,3,69.0,69.0,82.0,87.0,71.0,70.0,Right,4,4,61,89,73,87,88,82,84.0,75,65,76,64,86,73,75,73,High/High,Normal (170-185)
R. Guerreiro,Raphaël Adelino José Guerreiro,29,Portugal,"LB, LM, CM",FC Bayern München,Bundesliga,1.0,27000000.0,72000.0,44600000.0,82,82,3,65.0,78.0,85.0,88.0,76.0,55.0,Left,2,4,78,89,84,87,89,85,87.0,77,49,79,54,90,79,78,79,High/Low,Normal (170-)
F. Schär,Fabian Lukas Schär,31,Switzerland,CB,Newcastle United,Premier League,1.0,21000000.0,115000.0,39900000.0,82,82,2,54.0,68.0,75.0,73.0,84.0,77.0,Right,3,2,60,81,65,73,77,74,81.0,71,80,52,55,53,84,84,62,High/High,Normal (185+)
Gayà,José Luís Gayà Peña,28,Spain,"LB, LWB",Valencia,La Liga,1.0,27500000.0,46000.0,57800000.0,82,82,3,81.0,61.0,77.0,79.0,78.0,74.0,Left,3,4,61,79,80,77,80,76,76.0,86,67,80,82,82,79,81,75,High/Medium,Lean (170-185)
M. Flekken,Mark Flekken,30,Netherlands,GK,Brentford,Premier League,1.0,20500000.0,56000.0,39000000.0,82,82,1,,,,,,,Right,4,1,16,39,14,12,34,43,39.0,28,72,28,36,34,15,13,14,Medium/Medium,Normal (185+)
V. Grifo,Vincenzo Grifo,30,Italy,"LM, CF, CAM",SC Freiburg,Bundesliga,1.0,29500000.0,41000.0,50200000.0,82,82,2,71.0,80.0,83.0,81.0,40.0,64.0,Right,2,4,78,81,88,82,83,81,74.0,71,65,75,67,80,48,31,81,Medium/Medium,Normal (170-185)
R. Andrich,Robert Andrich,28,Germany,"CDM, CM",Bayer 04 Leverkusen,Bundesliga,1.0,27000000.0,65000.0,45900000.0,82,82,2,57.0,76.0,76.0,73.0,81.0,85.0,Right,4,3,74,80,71,74,76,73,73.0,87,83,59,56,63,82,84,72,High/High,Normal (185+)
Á. Correa,Ángel Martín Correa,28,Argentina,"ST, RM",Atlético Madrid,La Liga,1.0,31000000.0,77000.0,63600000.0,82,82,2,85.0,84.0,77.0,86.0,50.0,75.0,Right,4,4,85,80,75,87,86,82,79.0,84,68,86,85,90,42,53,85,High/Medium,Normal (170-185)
J. Ledesma,Jeremías Conan Ledesma,30,Argentina,GK,Cádiz,La Liga,1.0,20500000.0,32000.0,43100000.0,82,82,2,,,,,,,Right,2,1,16,35,18,17,13,38,42.0,40,65,49,42,40,15,15,15,Medium/Medium,Stocky (185+)
M. Zaccagni,Mattia Zaccagni,28,Italy,LW,Lazio,Serie A,1.0,30500000.0,73000.0,51900000.0,82,82,1,87.0,77.0,74.0,88.0,57.0,67.0,Right,4,4,79,78,72,89,86,77,83.0,77,63,89,85,92,55,58,79,High/Medium,Normal (170-185)
I. Provedel,Ivan Provedel,29,Italy,GK,Lazio,Serie A,1.0,21000000.0,51000.0,35700000.0,82,82,1,,,,,,,Right,2,1,17,61,21,16,22,63,68.0,28,56,44,40,38,22,22,16,Medium/Medium,Normal (185+)
F. Mendy,Ferland Mendy,28,France,LB,Real Madrid,La Liga,1.0,27500000.0,160000.0,56400000.0,82,82,1,92.0,64.0,76.0,77.0,77.0,86.0,Left,5,4,63,81,77,76,75,75,78.0,91,84,91,92,81,76,79,80,High/High,Unique
Lucas Mantela,Lucas Luciano Mantela Patrício,23,Brazil,GK,Palmeiras,Serie A,1.0,26000000.0,33000.0,46800000.0,82,82,1,,,,,,,Right,3,1,15,29,13,17,23,70,48.0,44,85,35,34,36,16,18,11,Medium/Medium,Normal (170-185)
Josué Chiamulera,Josué Durval Chiamulera Vaz,31,Brazil,CB,Athletico Paranaense,Serie A,1.0,21000000.0,23000.0,39900000.0,82,82,1,78.0,43.0,56.0,64.0,84.0,79.0,Right,3,2,38,74,40,56,70,42,71.0,77,76,80,76,76,85,87,38,Medium/Medium,Normal (185+)
Javi Galán,Javier Galán Gil,28,Spain,"LB, LWB",Atlético Madrid,La Liga,1.0,27500000.0,65000.0,56400000.0,82,82,1,81.0,56.0,77.0,83.0,79.0,72.0,Left,2,4,50,83,84,85,86,60,68.0,77,64,80,81,75,76,85,66,High/Medium,Normal (170-185)
Isi Palazón,Isaac Palazón Camacho,28,Spain,RM,Rayo Vallecano,La Liga,1.0,30500000.0,32000.0,64100000.0,82,82,2,84.0,79.0,79.0,82.0,39.0,64.0,Left,3,3,82,81,80,83,82,80,76.0,72,64,87,82,86,39,41,78,High/Medium,Normal (170-)
Balde,Alejandro Balde Martínez,19,Spain,"LB, RB",FC Barcelona,La Liga,1.0,53000000.0,70000.0,119300000.0,81,89,2,91.0,48.0,73.0,78.0,75.0,64.0,Left,4,3,51,80,79,77,80,72,64.0,75,63,90,91,81,72,80,63,High/Medium,Lean (170-185)
I. Konaté,Ibrahima Konaté,24,France,CB,Liverpool,Premier League,1.0,37000000.0,90000.0,75900000.0,81,87,2,77.0,34.0,57.0,68.0,82.0,82.0,Right,2,3,29,75,38,68,70,51,76.0,65,90,67,85,60,80,85,37,Medium/High,Stocky (185+)
João Félix,João Félix Sequeira,23,Portugal,"CF, ST, LW",FC Barcelona,La Liga,1.0,41000000.0,60000.0,,81,87,3,81.0,79.0,78.0,85.0,40.0,67.0,Right,4,5,78,81,77,86,84,80,84.0,75,62,82,80,88,30,42,81,Medium/Medium,Unique
Sancet,Oihan Sancet Tirapu,23,Spain,"CAM, CM, ST",Athletic Club,La Liga,1.0,40500000.0,31000.0,93200000.0,81,87,1,73.0,77.0,77.0,82.0,61.0,73.0,Right,4,4,77,82,69,82,83,84,85.0,80,76,74,72,85,45,68,81,High/Medium,Lean (185+)
Antony,Antony Matheus dos Santos,23,Brazil,"RW, RM",Manchester United,Premier League,1.0,40500000.0,120000.0,85100000.0,81,87,3,83.0,76.0,74.0,87.0,46.0,73.0,Left,2,5,76,74,79,86,88,75,82.0,84,62,89,78,93,49,45,76,High/High,Normal (170-185)
A. Isak,Alexander Isak,23,Sweden,"ST, LW",Newcastle United,Premier League,1.0,39500000.0,110000.0,78000000.0,81,86,2,83.0,81.0,72.0,84.0,39.0,72.0,Right,5,4,83,78,66,86,86,79,83.0,74,75,82,84,81,35,34,83,High/Medium,Lean (185+)
S. Chukwueze,Samuel Chimerenka Chukwueze,24,Nigeria,"RW, RM",Milan,Serie A,1.0,39000000.0,71000.0,69200000.0,81,86,1,89.0,75.0,74.0,84.0,36.0,63.0,Left,2,4,77,77,76,87,82,76,72.0,70,66,92,86,86,40,32,78,High/Low,Normal (170-185)
M. Ugarte,Manuel Ugarte Ribeiro,22,Uruguay,"CDM, CM",Paris Saint Germain,Ligue 1,1.0,36500000.0,69000.0,70300000.0,81,86,1,72.0,64.0,73.0,77.0,77.0,80.0,Right,3,3,65,80,62,79,77,74,84.0,83,76,71,72,69,78,82,75,High/High,Normal (170-185)
E. Tapsoba,Edmond Fayçal Tapsoba,24,Burkina Faso,CB,Bayer 04 Leverkusen,Bundesliga,1.0,33000000.0,49000.0,58600000.0,81,85,2,75.0,54.0,65.0,70.0,82.0,79.0,Right,3,2,57,80,39,66,74,66,81.0,75,83,74,75,66,82,84,34,Medium/Medium,Normal (185+)
D. Kulusevski,Dejan Kulusevski,23,Sweden,RW,Tottenham Hotspur,Premier League,1.0,37000000.0,90000.0,73100000.0,81,85,2,76.0,77.0,80.0,84.0,56.0,75.0,Left,3,4,76,82,85,86,85,83,82.0,84,73,76,76,79,50,64,78,High/Medium,Lean (185+)
D. Calabria,Davide Calabria,26,Italy,"RB, RWB",Milan,Serie A,1.0,31000000.0,68000.0,55000000.0,81,84,2,79.0,57.0,71.0,77.0,79.0,73.0,Right,3,3,48,75,77,74,78,64,78.0,82,65,80,79,81,81,81,51,High/High,Normal (170-185)
B. Chilwell,Ben Chilwell,26,England,"LB, LWB",Chelsea,Premier League,1.0,31000000.0,105000.0,61200000.0,81,84,2,74.0,60.0,78.0,78.0,77.0,73.0,Left,3,3,58,80,84,79,81,75,75.0,80,69,76,73,69,78,79,78,High/Medium,Normal (170-185)
M. Mount,Mason Mount,24,England,"CAM, RW, CM",Manchester United,Premier League,1.0,35000000.0,110000.0,69100000.0,81,84,3,72.0,79.0,82.0,80.0,56.0,67.0,Right,4,3,78,83,83,81,82,80,82.0,83,58,75,70,73,56,59,79,High/High,Lean (170-185)
X. Schlager,Xaver Schlager,25,Austria,"CDM, CM",RB Leipzig,Bundesliga,1.0,31000000.0,54000.0,55000000.0,81,84,2,74.0,70.0,74.0,78.0,75.0,80.0,Left,3,3,66,80,59,78,78,78,74.0,86,76,74,74,75,77,77,75,Medium/High,Stocky (170-185)
Lucas Paquetá,Lucas Tolentino Coelho de Lima,25,Brazil,"CAM, CM",West Ham United,Premier League,1.0,34000000.0,78000.0,67200000.0,81,84,2,72.0,77.0,79.0,84.0,69.0,76.0,Left,4,5,78,82,72,86,85,82,88.0,79,75,71,73,75,67,72,80,High/High,Normal (170-185)
I. Sangaré,Ibrahim Sangaré,25,Côte d'Ivoire,"CDM, CM",Nottingham Forest,Premier League,1.0,31000000.0,70000.0,61200000.0,81,84,3,66.0,66.0,74.0,75.0,81.0,86.0,Right,4,3,61,79,66,76,75,74,76.0,87,91,69,64,64,83,82,68,Medium/High,Normal (185+)
E. Álvarez,Edson Omar Álvarez Velázquez,25,Mexico,"CDM, CB",West Ham United,Premier League,1.0,31000000.0,71000.0,61200000.0,81,84,3,68.0,58.0,68.0,70.0,82.0,87.0,Right,3,2,57,77,64,68,75,65,74.0,90,86,67,68,60,82,83,56,Low/High,Normal (185+)
N. González,Nicolás Iván González,25,Argentina,"RW, LW",Fiorentina,Serie A,1.0,34000000.0,68000.0,60400000.0,81,84,2,87.0,76.0,73.0,83.0,45.0,64.0,Left,2,4,80,80,78,85,85,69,76.0,76,55,85,88,81,38,46,81,High/Medium,Lean (170-185)
Pedro Porro,Pedro Antonio Porro Sauceda,23,Spain,"RB, RWB",Tottenham Hotspur,Premier League,1.0,32500000.0,74000.0,64200000.0,81,84,2,82.0,73.0,77.0,81.0,74.0,77.0,Right,3,3,68,76,82,81,83,77,78.0,91,71,80,84,78,72,78,80,High/Medium,Normal (170-185)
J. David,Jonathan Christian David,23,Canada,ST,Lille,Ligue 1,1.0,35500000.0,41000.0,70100000.0,81,84,3,82.0,81.0,71.0,78.0,34.0,75.0,Right,5,3,84,77,67,79,79,73,81.0,85,77,80,84,75,29,29,85,High/High,Normal (170-185)
B. Samba,Brice Samba,29,France,GK,Lens,Ligue 1,1.0,21500000.0,37000.0,42500000.0,81,83,1,,,,,,,Left,3,1,9,48,10,12,22,48,66.0,37,75,49,60,39,12,14,11,Medium/Medium,Normal (185+)
Kepa,Kepa Arrizabalaga Revuelta,28,Spain,GK,Real Madrid,La Liga,1.0,22000000.0,90000.0,,81,83,2,,,,,,,Right,4,1,11,60,25,15,34,61,63.0,37,51,34,33,41,19,18,15,Medium/Medium,Lean (185+)
O. Vlachodimos,Odisseas Vlachodimos,29,Greece,GK,Nottingham Forest,Premier League,1.0,21500000.0,63000.0,42500000.0,81,83,1,,,,,,,Right,3,1,12,27,15,13,23,46,56.0,39,68,42,44,64,17,14,14,Medium/Medium,Lean (185+)
A. Lookman,Ademola Lookman,25,Nigeria,"ST, RM, RW",Atalanta,Serie A,1.0,33000000.0,62000.0,58600000.0,81,83,1,86.0,81.0,69.0,85.0,30.0,67.0,Right,4,4,86,76,66,86,83,76,78.0,69,67,88,84,90,27,23,85,Medium/Medium,Lean (170-185)
Beto,Norberto Bercique Gomes Betuncal,25,Portugal,ST,Everton,Premier League,1.0,33000000.0,56000.0,65200000.0,81,83,1,86.0,79.0,59.0,75.0,25.0,84.0,Right,3,3,83,68,40,77,77,60,78.0,78,91,82,89,63,17,20,83,High/Medium,Lean (185+)
B. Cristante,Bryan Cristante,28,Italy,"CDM, CM",Roma,Serie A,1.0,25000000.0,71000.0,44400000.0,81,82,2,53.0,73.0,78.0,75.0,78.0,82.0,Right,4,3,68,82,70,76,80,79,82.0,89,82,56,51,62,83,79,76,Medium/High,Normal (185+)
N. Aké,Nathan Aké,28,Netherlands,"CB, LB",Manchester City,Premier League,1.0,24500000.0,125000.0,47200000.0,81,82,3,75.0,53.0,72.0,74.0,82.0,77.0,Left,3,2,48,81,63,73,78,66,78.0,71,78,78,72,67,83,84,51,Medium/High,Normal (170-185)
J. Tah,Jonathan Tah,27,Germany,CB,Bayer 04 Leverkusen,Bundesliga,1.0,26000000.0,57000.0,46200000.0,81,82,2,67.0,37.0,59.0,61.0,81.0,85.0,Right,4,2,32,77,35,60,66,56,74.0,77,92,55,76,49,79,84,33,Low/Medium,Stocky (185+)
E. Skhiri,Ellyes Joris Skhiri,28,Tunisia,"CDM, CM",Eintracht Frankfurt,Bundesliga,1.0,25000000.0,46000.0,44400000.0,81,82,2,63.0,73.0,74.0,76.0,80.0,76.0,Right,3,3,76,79,67,76,77,71,82.0,93,67,65,61,74,82,79,75,High/High,Lean (185+)
G. Lo Celso,Giovani Lo Celso,27,Argentina,"CAM, ST",Tottenham Hotspur,Premier League,1.0,29500000.0,95000.0,58300000.0,81,82,2,70.0,75.0,83.0,84.0,68.0,73.0,Left,3,4,73,84,78,85,85,85,83.0,74,69,72,69,81,64,73,75,High/Medium,Normal (170-185)
Yeray,Yeray Álvarez López,28,Spain,CB,Athletic Club,La Liga,1.0,24500000.0,34000.0,53300000.0,81,82,2,64.0,49.0,68.0,65.0,83.0,76.0,Right,3,2,42,78,54,57,74,62,79.0,68,77,60,68,55,83,83,39,Medium/Medium,Normal (170-185)
D. Kamada,鎌田 大地,26,Japan,"CAM, CM, CF",Lazio,Serie A,1.0,30500000.0,60000.0,54100000.0,81,82,2,79.0,73.0,80.0,83.0,54.0,64.0,Right,4,3,75,84,75,83,83,82,81.0,84,57,81,78,83,53,57,81,Medium/Medium,Lean (170-185)
D. Dumfries,Denzel Justus Morris Dumfries,27,Netherlands,"RWB, RM",Inter,Serie A,1.0,27000000.0,80000.0,47900000.0,81,82,3,83.0,63.0,70.0,73.0,78.0,89.0,Right,3,2,67,76,77,72,76,59,74.0,92,89,77,87,69,76,79,76,High/Medium,Normal (185+)
Brais Méndez,Brais Méndez Portela,26,Spain,"CM, CAM, RM",Real Sociedad,La Liga,1.0,30000000.0,42000.0,65300000.0,81,82,2,71.0,80.0,82.0,81.0,65.0,73.0,Left,3,4,83,84,79,83,84,84,80.0,71,73,72,70,76,63,69,81,Medium/Medium,Lean (185+)
A. Danjuma,Arnaut Danjuma Adam Groeneveld,26,Netherlands,"ST, LM",Everton,Premier League,1.0,31000000.0,45000.0,,81,82,1,86.0,81.0,76.0,83.0,44.0,67.0,Right,4,4,83,80,77,84,83,77,77.0,65,72,84,88,83,35,52,82,High/Medium,Normal (170-185)
M. Terrier,Martin Terrier,26,France,"LM, ST",Rennes,Ligue 1,1.0,30500000.0,58000.0,60200000.0,81,82,2,84.0,82.0,75.0,79.0,36.0,72.0,Right,3,3,85,78,73,80,82,77,79.0,77,75,83,85,73,34,31,82,High/Medium,Lean (170-185)
G. Ochoa,Francisco Guillermo Ochoa Magaña,37,Mexico,GK,Salernitana,Serie A,1.0,2900000.0,21000.0,5200000.0,81,81,1,,,,,,,Right,3,1,12,37,15,10,20,50,60.0,38,60,50,50,57,21,10,16,Medium/Medium,Lean (170-185)
Raúl Albiol,Raúl Albiol Tortajada,37,Spain,CB,Villarreal,La Liga,1.0,4600000.0,27000.0,9700000.0,81,81,3,36.0,41.0,62.0,63.0,85.0,68.0,Right,3,2,27,74,38,59,72,64,75.0,33,79,39,33,44,87,85,30,Low/High,Lean (185+)
I. Rakitić,Ivan Rakitić,35,Croatia,"CM, CDM",Sevilla,La Liga,1.0,10500000.0,27000.0,22100000.0,81,81,3,50.0,79.0,84.0,78.0,74.0,70.0,Right,4,3,76,85,83,80,83,85,80.0,72,70,53,47,67,76,77,78,Medium/Medium,Normal (170-185)
Rui Patrício,Rui Pedro dos Santos Patrício,35,Portugal,GK,Roma,Serie A,1.0,2900000.0,36000.0,4900000.0,81,81,3,,,,,,,Left,2,1,12,34,12,20,25,64,66.0,45,77,53,57,61,14,13,13,Medium/Medium,Normal (185+)
E. Capoue,Etienne Capoue,34,France,"CM, CDM",Villarreal,La Liga,1.0,12000000.0,42000.0,25200000.0,81,81,2,50.0,75.0,78.0,75.0,79.0,78.0,Right,3,3,75,83,69,79,80,80,76.0,79,79,53,47,48,77,81,78,Medium/Medium,Lean (185+)
S. Kjær,Simon Thorup Kjær,34,Denmark,CB,Milan,Serie A,1.0,8500000.0,68000.0,14500000.0,81,81,3,59.0,54.0,64.0,60.0,83.0,76.0,Right,3,2,55,75,50,52,69,55,70.0,61,81,53,63,55,85,82,31,Low/High,Normal (185+)
A. Sánchez,Alexis Alejandro Sánchez Sánchez,34,Chile,ST,Inter,Serie A,1.0,12500000.0,95000.0,21300000.0,81,81,4,71.0,83.0,80.0,85.0,48.0,66.0,Right,4,4,83,79,80,85,85,83,82.0,65,65,73,70,87,45,44,87,High/High,Unique
Muniain,Iker Muniain Goñi,30,Spain,"CAM, LM",Athletic Club,La Liga,1.0,25000000.0,36000.0,52500000.0,81,81,2,80.0,74.0,81.0,85.0,51.0,60.0,Right,3,4,75,82,81,84,85,83,84.0,76,50,84,76,92,58,55,78,Medium/Medium,Normal (170-)
L. Hrádecký,Lukáš Hrádecký,33,Finland,GK,Bayer 04 Leverkusen,Bundesliga,1.0,8500000.0,46000.0,14500000.0,81,81,3,,,,,,,Right,3,1,11,30,11,10,20,53,45.0,34,55,38,44,43,10,10,9,Medium/Medium,Normal (185+)
N. Matić,Nemanja Matić,34,Serbia,"CDM, CM",Rennes,Ligue 1,1.0,9000000.0,53000.0,17100000.0,81,81,3,34.0,67.0,77.0,77.0,79.0,78.0,Left,3,3,59,85,68,79,86,72,88.0,74,82,32,36,47,84,80,61,Low/Medium,Lean (185+)
B. Leno,Bernd Leno,31,Germany,GK,Fulham,Premier League,1.0,13500000.0,70000.0,25700000.0,81,81,3,,,,,,,Right,3,1,9,50,9,16,35,58,63.0,44,70,55,52,52,27,15,7,Medium/Medium,Normal (185+)
H. Mkhitaryan,Henrikh Mkhitaryan,34,Armenia,"CAM, CM",Inter,Serie A,1.0,12000000.0,87000.0,20400000.0,81,81,3,78.0,79.0,79.0,83.0,56.0,72.0,Right,5,4,78,80,77,82,85,84,84.0,78,69,80,77,85,51,53,81,Medium/Medium,Normal (170-185)
Danilo,Danilo Luiz da Silva,31,Brazil,"CB, RB",Juventus,Serie A,1.0,17500000.0,100000.0,29800000.0,81,81,2,73.0,67.0,74.0,74.0,83.0,78.0,Right,4,3,59,78,76,73,79,64,82.0,74,79,68,77,63,84,83,69,Medium/High,Lean (170-185)
L. Dunk,Lewis Dunk,31,England,CB,Brighton & Hove Albion,Premier League,1.0,17500000.0,86000.0,33300000.0,81,81,2,45.0,51.0,66.0,66.0,82.0,80.0,Right,3,2,42,82,32,64,76,63,82.0,70,84,36,53,40,83,83,30,Medium/High,Normal (185+)
Danilo Pereira,Danilo Luís Hélio Pereira,31,Portugal,"CDM, CB",Paris Saint Germain,Ligue 1,1.0,18000000.0,81000.0,33300000.0,81,81,3,50.0,63.0,70.0,71.0,80.0,86.0,Right,3,3,57,80,56,73,75,70,77.0,84,89,40,59,52,82,81,70,Medium/High,Normal (185+)
G. Kondogbia,Geoffrey Edwin Kondogbia,30,Central African Republic,"CM, CDM",Olympique de Marseille,Ligue 1,1.0,24500000.0,50000.0,46600000.0,81,81,2,69.0,75.0,76.0,76.0,81.0,89.0,Left,3,3,69,82,64,75,80,81,81.0,88,92,67,70,72,81,81,79,Medium/High,Lean (185+)
Felipe Anderson,Felipe Anderson Pereira Gomes,30,Brazil,"RW, ST",Lazio,Serie A,1.0,25000000.0,65000.0,42500000.0,81,81,3,87.0,78.0,77.0,85.0,63.0,73.0,Right,4,4,79,79,74,85,86,78,81.0,87,67,88,86,87,57,66,78,High/High,Unique
Mário Rui,Mário Rui Silva Duarte,32,Portugal,LB,Napoli,Serie A,1.0,18000000.0,58000.0,30600000.0,81,81,2,81.0,57.0,77.0,80.0,76.0,68.0,Left,3,3,42,78,83,78,80,70,71.0,83,55,84,79,88,76,78,64,High/Medium,Lean (170-)
A. Milik,Arkadiusz Krystian Milik,29,Poland,ST,Juventus,Serie A,1.0,25500000.0,125000.0,43400000.0,81,81,3,59.0,83.0,72.0,78.0,40.0,74.0,Left,3,3,84,75,63,77,83,78,84.0,63,81,55,62,69,35,34,83,Medium/Medium,Lean (185+)
M. Arnold,Maximilian Arnold,29,Germany,"CDM, CM",VfL Wolfsburg,Bundesliga,1.0,22000000.0,55000.0,37400000.0,81,81,2,66.0,79.0,79.0,78.0,76.0,75.0,Left,2,3,75,81,69,78,82,78,79.0,81,72,63,69,68,78,79,76,High/Medium,Normal (170-185)
L. Trossard,Leandro Trossard,28,Belgium,"CF, LW",Arsenal,Premier League,1.0,26500000.0,130000.0,50400000.0,81,81,2,81.0,80.0,78.0,84.0,30.0,61.0,Right,4,4,81,79,78,83,83,79,83.0,76,57,88,75,92,30,31,80,High/Medium,Normal (170-185)
William Carvalho,William Silva de Carvalho,31,Portugal,"CDM, CAM",Real Betis,La Liga,1.0,18000000.0,30000.0,37800000.0,81,81,2,45.0,68.0,78.0,76.0,76.0,84.0,Right,4,3,66,84,66,82,81,83,86.0,81,90,46,44,45,78,74,73,High/Medium,Normal (185+)
Lucas Vázquez,Lucas Vázquez Iglesias,32,Spain,"RB, RW",Real Madrid,La Liga,1.0,18000000.0,140000.0,36900000.0,81,81,2,81.0,73.0,80.0,80.0,73.0,69.0,Right,4,4,72,82,83,81,79,79,75.0,92,56,81,81,81,74,74,80,High/Medium,Normal (170-185)
G. Laborde,Gaëtan Laborde,29,France,ST,Nice,Ligue 1,1.0,25500000.0,61000.0,48500000.0,81,81,2,72.0,81.0,76.0,79.0,40.0,79.0,Left,4,3,83,80,74,79,81,78,80.0,88,77,71,72,81,38,34,82,High/High,Normal (170-185)
Rui Silva,Rui Tiago Dantas da Silva,29,Portugal,GK,Real Betis,La Liga,1.0,17500000.0,25000.0,36800000.0,81,81,1,,,,,,,Right,3,1,20,29,13,18,24,55,49.0,27,66,31,30,34,25,10,20,Medium/Medium,Normal (185+)
B. Bourigeaud,Benjamin Bourigeaud,29,France,"CM, RM, RW",Rennes,Ligue 1,1.0,25000000.0,61000.0,47500000.0,81,81,2,73.0,77.0,82.0,81.0,67.0,76.0,Right,3,3,76,83,83,83,83,81,78.0,87,72,73,73,72,63,69,78,High/High,Lean (170-185)
D. Zapata,Duván Esteban Zapata Banguera,32,Colombia,ST,Torino,Serie A,1.0,21000000.0,65000.0,,81,81,2,75.0,80.0,63.0,77.0,35.0,85.0,Right,4,3,83,74,47,79,81,66,82.0,75,95,76,75,67,44,24,84,High/Medium,Stocky (185+)
Iñaki Williams,Iñaki Williams Arthuer,29,Ghana,"RM, ST",Athletic Club,La Liga,1.0,25500000.0,37000.0,53600000.0,81,81,2,94.0,78.0,71.0,79.0,43.0,84.0,Right,2,4,77,72,75,80,78,73,78.0,87,84,93,94,79,42,44,85,High/Medium,Lean (185+)
A. Kramarić,Andrej Kramarić,32,Croatia,"CF, CM, CAM",TSG Hoffenheim,Bundesliga,1.0,21000000.0,50000.0,35700000.0,81,81,3,72.0,81.0,76.0,82.0,32.0,74.0,Right,4,4,80,81,73,82,83,79,81.0,85,69,74,70,82,35,20,83,Medium/Medium,Normal (170-185)
M. Politano,Matteo Politano,29,Italy,"RW, RM",Napoli,Serie A,1.0,25500000.0,72000.0,43400000.0,81,81,2,83.0,77.0,78.0,84.0,42.0,55.0,Left,4,4,76,79,80,83,84,77,79.0,77,41,84,82,89,63,29,76,High/Low,Normal (170-185)
Diego Carlos,Diego Carlos Santos Silva,30,Brazil,CB,Aston Villa,Premier League,1.0,21000000.0,86000.0,39900000.0,81,81,2,67.0,47.0,63.0,67.0,81.0,77.0,Right,4,3,32,76,35,65,71,63,75.0,50,87,63,71,62,83,80,52,Medium/High,Stocky (185+)
Fabián Ruiz,Fabián Ruiz Peña,27,Spain,"CM, CDM",Paris Saint Germain,Ligue 1,1.0,27500000.0,89000.0,50900000.0,81,81,2,55.0,78.0,79.0,80.0,74.0,72.0,Left,3,4,78,84,72,81,84,82,84.0,86,67,59,51,66,70,78,77,Medium/Medium,Lean (185+)
Adryan Zonta,Adryan Juliano Zonta Torres,31,Brazil,"LWB, LB",Bragantino,Serie A,1.0,18500000.0,23000.0,35200000.0,81,81,1,93.0,66.0,75.0,76.0,72.0,77.0,Left,4,2,59,81,81,77,72,64,74.0,91,73,92,93,81,73,72,69,Medium/Medium,Normal (170-185)
Rosival Dourado,Rosival Jailson Dourado Santos,23,Brazil,"CDM, CM, CAM",Corinthians,Serie A,1.0,26500000.0,31000.0,50400000.0,81,81,1,77.0,57.0,74.0,77.0,82.0,69.0,Right,4,2,53,82,61,77,76,77,81.0,91,56,75,78,72,83,86,58,High/Medium,Lean (170-185)
Adriano Bisesi,Louri Adriano Bisesi Barbosa,31,Brazil,"ST, CF",Bragantino,Serie A,1.0,22000000.0,27000.0,41800000.0,81,81,1,78.0,84.0,62.0,72.0,33.0,72.0,Right,3,4,85,73,56,75,74,58,79.0,52,82,74,82,60,26,27,83,High/Low,Normal (185+)
Welington Dano,Welington Kauê Dano Nascimento,23,Brazil,"LB, LM, LW",Atlético Mineiro,Serie A,1.0,27000000.0,37000.0,48600000.0,81,81,1,79.0,54.0,76.0,79.0,75.0,74.0,Left,4,4,51,78,82,77,78,75,82.0,89,68,78,80,83,70,77,72,Medium/Medium,Lean (170-185)
Nailton Suzuki,Nailton Suzuki Ito,27,Brazil,"CAM, CF, ST",Atlético Mineiro,Serie A,1.0,27500000.0,47000.0,49500000.0,81,81,1,82.0,73.0,77.0,82.0,52.0,71.0,Right,4,3,72,85,67,84,85,75,78.0,75,74,85,79,75,50,52,82,Medium/Medium,Normal (170-185)
Oswaldinato,Marvin Oswaldo Rangel Azevedo,31,Brazil,ST,Flamengo,Serie A,1.0,22000000.0,54000.0,39600000.0,81,81,1,76.0,81.0,67.0,77.0,20.0,79.0,Right,3,2,85,71,68,78,77,70,78.0,72,87,77,76,75,15,11,85,Medium/Medium,Normal (170-185)
M. Almirón,Miguel Ángel Almirón Rejala,29,Paraguay,"RW, RM",Newcastle United,Premier League,1.0,25500000.0,130000.0,48500000.0,81,81,2,87.0,77.0,75.0,81.0,56.0,64.0,Left,2,4,79,79,73,83,80,78,79.0,86,52,89,86,86,59,59,82,High/High,Lean (170-185)
Reinildo,Reinildo Isnard Mandava,29,Mozambique,"LB, CB",Atlético Madrid,La Liga,1.0,22500000.0,60000.0,46100000.0,81,81,1,84.0,55.0,68.0,75.0,80.0,79.0,Left,3,3,57,76,74,74,77,64,73.0,83,75,82,85,77,79,82,70,Medium/High,Lean (170-185)
J. Clauss,Jonathan Clauss,30,France,"RWB, RM, RB",Olympique de Marseille,Ligue 1,1.0,22000000.0,46000.0,41800000.0,81,81,2,83.0,69.0,76.0,78.0,70.0,70.0,Right,3,3,68,77,84,77,78,75,76.0,87,63,84,82,83,68,75,75,High/High,Lean (170-185)
A. Rrahmani,Amir Rrahmani,29,Kosovo,CB,Napoli,Serie A,1.0,21500000.0,61000.0,36600000.0,81,81,1,63.0,51.0,58.0,62.0,83.0,80.0,Right,4,2,43,69,49,59,69,48,70.0,70,85,56,69,49,83,85,49,Medium/Medium,Normal (185+)
K. Adeyemi,Karim-David Adeyemi,21,Germany,"LM, RM, ST",Borussia Dortmund,Bundesliga,1.0,43000000.0,38000.0,81700000.0,80,87,2,96.0,77.0,71.0,81.0,34.0,68.0,Left,4,4,80,74,71,82,79,72,76.0,75,66,96,96,88,25,36,77,High/High,Lean (170-185)
Gonçalo Ramos,Gonçalo Matias Ramos,22,Portugal,ST,Paris Saint Germain,Ligue 1,1.0,43000000.0,17000.0,,80,87,1,77.0,78.0,65.0,77.0,47.0,82.0,Right,4,2,82,73,60,76,78,63,75.0,89,79,78,77,78,43,47,86,High/High,Normal (185+)
Arnau Martínez,Arnau Martínez López,20,Spain,"RB, RWB",Girona,La Liga,1.0,39500000.0,22000.0,90900000.0,80,87,1,79.0,50.0,72.0,76.0,76.0,70.0,Right,3,2,50,79,80,76,78,65,65.0,76,66,81,77,75,73,79,61,High/Medium,Lean (170-185)
T. Kubo,久保 建英,22,Japan,"RW, ST, CAM",Real Sociedad,La Liga,1.0,34000000.0,37000.0,78200000.0,80,86,3,84.0,75.0,76.0,83.0,40.0,60.0,Left,4,4,80,78,77,83,84,76,72.0,74,59,89,79,85,40,43,79,Medium/Medium,Lean (170-185)
D. Frattesi,Davide Frattesi,23,Italy,CM,Inter,Serie A,1.0,33000000.0,20000.0,,80,86,1,79.0,71.0,78.0,81.0,68.0,70.0,Right,4,3,73,84,67,80,85,84,79.0,79,63,80,78,74,67,73,76,Medium/Medium,Normal (170-185)
E. Elmas,Eljif Elmas,23,North Macedonia,"CAM, CM, LW",Napoli,Serie A,1.0,33500000.0,52000.0,63700000.0,80,86,2,75.0,73.0,76.0,84.0,66.0,69.0,Right,4,4,73,82,68,86,85,79,74.0,76,64,77,74,84,62,72,79,Medium/Medium,Normal (170-185)
J. Álvarez,Julián Álvarez,23,Argentina,"ST, CF, CAM",Manchester City,Premier League,1.0,33500000.0,115000.0,68700000.0,80,86,2,79.0,81.0,76.0,83.0,55.0,76.0,Right,4,4,82,76,75,82,84,78,82.0,79,70,81,77,87,60,53,82,High/High,Normal (170-)
G. Mamardashvili,Giorgi Mamardashvili,22,Georgia,GK,Valencia,La Liga,1.0,27500000.0,26000.0,63300000.0,80,86,2,,,,,,,Left,3,1,9,15,13,11,22,34,26.0,45,74,48,48,35,5,12,8,Medium/Medium,Lean (185+)
Brahim,Brahim Abdelkader Díaz,23,Spain,"CAM, CF, RW",Real Madrid,La Liga,1.0,32000000.0,125000.0,68000000.0,80,85,1,81.0,71.0,77.0,83.0,30.0,49.0,Right,5,4,73,83,71,83,83,79,72.0,66,44,85,78,89,40,23,76,High/Medium,Lean (170-185)
B. Kamara,Boubacar Bernard Kamara,23,France,"CDM, CM",Aston Villa,Premier League,1.0,29000000.0,69000.0,57300000.0,80,85,2,68.0,54.0,72.0,73.0,80.0,79.0,Right,3,3,47,79,64,71,77,72,84.0,82,77,66,70,66,79,82,52,Low/Medium,Lean (170-185)
J. Foyth,Juan Marcos Foyth,25,Argentina,"RB, CB, CDM",Villarreal,La Liga,1.0,29000000.0,34000.0,63100000.0,80,85,1,71.0,46.0,71.0,72.0,81.0,77.0,Right,3,3,43,79,73,69,78,65,67.0,72,77,70,72,68,81,82,53,Medium/High,Lean (185+)
Zubimendi,Martín Zubimendi Ibáñez,24,Spain,"CDM, CM",Real Sociedad,La Liga,1.0,29000000.0,31000.0,63100000.0,80,85,1,64.0,65.0,74.0,75.0,78.0,71.0,Right,4,3,67,80,65,72,79,76,81.0,79,68,66,63,72,77,80,79,Medium/Medium,Normal (170-185)
M. Caicedo,Moisés Isaac Caicedo Corozo,21,Ecuador,"CDM, CM",Chelsea,Premier League,1.0,29500000.0,71000.0,58300000.0,80,85,2,74.0,63.0,72.0,77.0,77.0,74.0,Right,3,3,58,85,53,73,83,74,79.0,82,70,77,71,74,78,81,68,High/High,Normal (170-185)
T. Abraham,Tammy Bakumo-Abraham,25,England,ST,Roma,Serie A,1.0,29500000.0,72000.0,52400000.0,80,84,2,81.0,76.0,66.0,77.0,36.0,80.0,Right,3,3,77,77,53,80,81,77,80.0,77,85,79,83,61,40,29,81,Medium/Medium,Lean (185+)
E. Palacios,Exequiel Alejandro Palacios,24,Argentina,"CM, CDM, CAM",Bayer 04 Leverkusen,Bundesliga,1.0,30000000.0,51000.0,53300000.0,80,84,2,64.0,74.0,77.0,79.0,79.0,73.0,Right,4,3,71,83,67,79,81,79,80.0,83,65,68,60,78,77,81,72,Medium/High,Lean (170-185)
Zubeldia,Igor Zubeldía Elorza,26,Spain,CB,Real Sociedad,La Liga,1.0,26000000.0,36000.0,56600000.0,80,84,1,72.0,63.0,74.0,73.0,80.0,81.0,Right,3,2,62,81,65,71,73,72,73.0,80,80,68,76,74,81,79,63,Medium/Medium,Normal (170-185)
Diogo Dalot,José Diogo Dalot Teixeira,24,Portugal,RB,Manchester United,Premier League,1.0,28000000.0,90000.0,55300000.0,80,84,2,81.0,61.0,76.0,78.0,75.0,79.0,Right,4,4,52,80,77,80,78,78,77.0,82,76,75,86,77,73,77,77,High/High,Normal (170-185)
Fran Beltrán,Francisco José Beltrán Peinado,24,Spain,"CDM, CM",Celta de Vigo,La Liga,1.0,27500000.0,24000.0,59800000.0,80,84,1,58.0,56.0,78.0,77.0,78.0,66.0,Right,3,3,53,84,72,77,78,80,66.0,67,63,61,56,77,79,82,63,Medium/High,Normal (170-)
F. Medina,Facundo Axel Medina,24,Argentina,CB,Lens,Ligue 1,1.0,27000000.0,34000.0,53300000.0,80,84,2,71.0,36.0,69.0,70.0,80.0,78.0,Left,2,3,39,79,62,68,74,68,78.0,69,81,68,74,62,80,82,63,Medium/High,Normal (170-185)
K. Danso,Kevin Danso,24,Austria,CB,Lens,Ligue 1,1.0,27000000.0,34000.0,53300000.0,80,84,2,78.0,32.0,55.0,62.0,79.0,85.0,Right,3,2,26,69,44,59,68,52,71.0,75,90,68,87,57,77,82,33,Medium/High,Normal (185+)
N. Zaniolo,Nicolò Zaniolo,23,Italy,"RM, CF",Aston Villa,Premier League,1.0,30000000.0,43000.0,,80,84,2,83.0,78.0,72.0,81.0,51.0,86.0,Left,3,4,78,75,68,81,83,76,74.0,77,90,79,86,77,26,63,85,High/Low,Unique
A. Laurienté,Armand Laurienté,24,France,"LW, RW, ST",Sassuolo,Serie A,1.0,30000000.0,22000.0,53300000.0,80,84,1,84.0,76.0,75.0,82.0,35.0,47.0,Right,3,4,74,76,76,85,82,77,70.0,72,33,82,85,74,28,40,78,High/Medium,Normal (170-185)
Y. Fofana,Youssouf Fofana,24,France,"CDM, CM",Monaco,Ligue 1,1.0,27500000.0,46000.0,54300000.0,80,84,2,69.0,67.0,74.0,77.0,78.0,79.0,Right,3,3,64,80,66,77,79,77,76.0,84,77,67,71,70,78,81,72,Medium/High,Normal (185+)
Vitinha,Vítor Machado Ferreira,23,Portugal,CM,Paris Saint Germain,Ligue 1,1.0,30000000.0,72000.0,57800000.0,80,84,2,69.0,68.0,79.0,85.0,70.0,66.0,Right,3,3,66,85,71,85,85,80,82.0,78,59,73,66,90,74,72,72,High/High,Lean (170-185)
S. Amrabat,Sofyan Amrabat,26,Morocco,"CDM, CM",Manchester United,Premier League,1.0,25000000.0,56000.0,,80,83,1,68.0,71.0,77.0,79.0,74.0,80.0,Right,2,3,70,84,68,78,84,78,84.0,81,80,69,68,64,77,78,70,Low/High,Normal (185+)
Aleix García,Aleix García Serrano,26,Spain,"CM, CDM",Girona,La Liga,1.0,27500000.0,33000.0,59800000.0,80,83,2,64.0,74.0,81.0,80.0,71.0,66.0,Right,3,3,74,83,80,80,82,81,78.0,73,64,65,63,74,68,76,78,Medium/Medium,Lean (170-185)
A. Wan-Bissaka,Aaron Wan-Bissaka,25,England,RB,Manchester United,Premier League,1.0,25500000.0,100000.0,50400000.0,80,83,2,83.0,50.0,68.0,77.0,77.0,71.0,Right,2,3,44,75,70,80,73,65,77.0,75,68,78,87,80,73,82,70,Medium/High,Unique
B. White,Benjamin White,25,England,"RB, CB",Arsenal,Premier League,1.0,25500000.0,95000.0,50400000.0,80,83,2,72.0,30.0,70.0,74.0,82.0,77.0,Right,4,2,22,82,58,74,77,73,80.0,78,76,70,73,66,82,83,51,Medium/High,Lean (185+)
Richarlison,Richarlison de Andrade,26,Brazil,"ST, LW, RW",Tottenham Hotspur,Premier League,1.0,28000000.0,95000.0,55300000.0,80,83,3,77.0,79.0,72.0,82.0,53.0,78.0,Right,5,4,81,77,73,84,82,74,82.0,77,75,79,76,81,43,58,81,High/Medium,Normal (170-185)
H. Barnes,Harvey Lewis Barnes,25,England,"LW, LM",Newcastle United,Premier League,1.0,28000000.0,115000.0,55300000.0,80,83,2,85.0,77.0,75.0,81.0,43.0,69.0,Right,4,3,78,78,72,81,82,80,77.0,74,72,84,85,78,44,43,81,High/Low,Normal (185+)
T. Koopmeiners,Teun Koopmeiners,25,Netherlands,"CM, CDM",Atalanta,Serie A,1.0,27500000.0,53000.0,48800000.0,80,83,2,68.0,75.0,80.0,76.0,76.0,77.0,Left,2,3,70,84,76,75,81,77,79.0,85,75,64,72,66,77,75,75,Medium/Medium,Normal (170-185)
David Raya,David Raya Martin,27,Spain,GK,Arsenal,Premier League,1.0,19500000.0,48000.0,,80,82,1,,,,,,,Right,3,1,19,58,12,19,40,67,65.0,31,38,64,46,68,28,14,15,Medium/Medium,Normal (170-185)
Pau López,Pau López Sabata,28,Spain,GK,Olympique de Marseille,Ligue 1,1.0,18000000.0,37000.0,35600000.0,80,82,2,,,,,,,Left,3,1,19,63,24,18,44,69,62.0,42,52,45,52,40,19,20,20,Medium/Medium,Lean (185+)
K. Tierney,Kieran Tierney,26,Scotland,LB,Real Sociedad,La Liga,1.0,24000000.0,100000.0,,80,82,2,80.0,60.0,75.0,78.0,76.0,75.0,Left,3,3,52,78,83,79,77,74,75.0,77,71,78,81,74,78,79,75,High/High,Normal (170-185)
O. Zinchenko,Oleksandr Zinchenko,26,Ukraine,LB,Arsenal,Premier League,1.0,24000000.0,100000.0,47400000.0,80,82,2,66.0,66.0,83.0,83.0,78.0,69.0,Left,3,3,58,86,83,83,85,82,83.0,75,63,72,61,78,78,81,77,High/Medium,Lean (170-185)
P. Estupiñán,Pervis Josué Estupiñán Tenorio,25,Ecuador,LB,Brighton & Hove Albion,Premier League,1.0,24500000.0,77000.0,48400000.0,80,82,1,77.0,47.0,71.0,76.0,77.0,75.0,Left,3,3,48,80,81,77,78,60,69.0,76,73,78,77,74,73,81,64,High/Medium,Normal (170-185)
C. Mbemba,Chancel Mbemba Mangulu,28,Congo DR,CB,Olympique de Marseille,Ligue 1,1.0,20000000.0,45000.0,39500000.0,80,81,2,73.0,55.0,65.0,67.0,80.0,81.0,Right,3,2,55,74,64,65,69,63,73.0,77,82,71,75,67,80,82,64,High/High,Normal (170-185)
A. Martial,Anthony Martial,27,France,ST,Manchester United,Premier League,1.0,24500000.0,125000.0,48400000.0,80,81,3,80.0,78.0,73.0,84.0,35.0,66.0,Right,4,4,79,78,70,87,85,77,82.0,57,74,82,79,79,26,33,78,Medium/Low,Unique
V. Lindelöf,Victor Jörgen Nilsson Lindelöf,28,Sweden,CB,Manchester United,Premier League,1.0,20000000.0,110000.0,39500000.0,80,81,2,59.0,51.0,73.0,72.0,81.0,76.0,Right,4,3,42,80,62,70,77,72,83.0,69,78,54,63,62,83,81,51,Medium/Medium,Lean (185+)
O. Watkins,Ollie Watkins,27,England,ST,Aston Villa,Premier League,1.0,24500000.0,95000.0,48400000.0,80,81,2,84.0,79.0,68.0,76.0,46.0,75.0,Right,4,3,84,72,67,76,74,74,74.0,88,77,77,89,79,40,46,82,High/High,Normal (170-185)
J. Weigl,Julian Weigl,27,Germany,CDM,Borussia Mönchengladbach,Bundesliga,1.0,21500000.0,33000.0,38200000.0,80,81,2,56.0,64.0,77.0,76.0,76.0,74.0,Right,3,3,65,88,59,75,78,76,80.0,83,68,65,49,75,78,80,67,Low/High,Lean (185+)
J. Omlin,Jonas Omlin,29,Switzerland,GK,Borussia Mönchengladbach,Bundesliga,1.0,16000000.0,28000.0,28400000.0,80,81,2,,,,,,,Right,3,1,17,45,24,27,31,48,55.0,35,72,52,51,32,20,21,15,Medium/Medium,Normal (185+)
E. Buendía,Emiliano Buendía,26,Argentina,"RM, CAM",Aston Villa,Premier League,1.0,25000000.0,88000.0,49400000.0,80,81,2,69.0,74.0,81.0,83.0,66.0,71.0,Right,4,4,74,83,78,83,84,85,77.0,74,63,74,65,80,67,68,75,High/High,Stocky (170-185)
Aritz Elustondo,Aritz Elustondo Irribaria,29,Spain,"CB, RB",Real Sociedad,La Liga,1.0,19500000.0,37000.0,42400000.0,80,81,1,64.0,39.0,64.0,61.0,80.0,77.0,Right,3,2,35,81,72,48,77,32,77.0,70,77,60,67,58,81,79,38,Low/High,Lean (170-185)
André Silva,André Miguel Valente da Silva,27,Portugal,ST,Real Sociedad,La Liga,1.0,24500000.0,63000.0,,80,81,3,74.0,80.0,70.0,81.0,46.0,77.0,Right,3,4,79,79,60,80,83,74,84.0,77,77,76,72,77,36,40,82,Medium/Medium,Normal (185+)
M. Arambarri,Mauro Wilney Arambarri Rosa,27,Uruguay,"CDM, CM",Getafe,La Liga,1.0,21500000.0,32000.0,46800000.0,80,81,1,62.0,65.0,74.0,76.0,79.0,78.0,Right,3,3,55,78,63,76,80,77,70.0,78,77,68,57,69,82,81,60,Medium/Medium,Normal (170-185)
K. Mitoma,三笘 薫,26,Japan,LM,Brighton & Hove Albion,Premier League,1.0,25000000.0,88000.0,49400000.0,80,81,3,84.0,73.0,74.0,85.0,57.0,65.0,Right,4,4,79,78,74,88,84,80,77.0,75,62,89,79,89,56,59,75,Medium/Medium,Lean (170-185)
Jesús Navas,Jesús Navas González,37,Spain,"RB, RM",Sevilla,La Liga,1.0,4700000.0,22000.0,9900000.0,80,80,3,82.0,68.0,79.0,80.0,76.0,55.0,Right,2,4,63,81,85,80,81,80,79.0,78,35,83,81,81,76,76,77,High/Medium,Lean (170-)
E. Lamela,Erik Lamela,31,Argentina,"RW, CAM",Sevilla,La Liga,1.0,17500000.0,36000.0,36800000.0,80,80,3,79.0,77.0,78.0,83.0,54.0,69.0,Left,3,4,74,79,78,85,84,77,76.0,68,61,77,80,80,52,52,78,High/High,Lean (170-185)
C. Bravo,Claudio Andrés Bravo Muñoz,40,Chile,GK,Real Betis,La Liga,1.0,2300000.0,13000.0,4800000.0,80,80,3,,,,,,,Right,3,1,13,59,12,22,32,70,64.0,39,67,58,54,63,15,18,16,Medium/Medium,Normal (170-185)
M. Arnautović,Marko Arnautović,34,Austria,ST,Inter,Serie A,1.0,10500000.0,44000.0,,80,80,3,74.0,79.0,78.0,79.0,44.0,80.0,Right,4,4,79,81,77,77,84,79,79.0,75,83,73,74,70,40,42,79,Medium/Low,Normal (185+)
L. Bonucci,Leonardo Bonucci,36,Italy,CB,FC Union Berlin,Bundesliga,1.0,3800000.0,28000.0,6500000.0,80,80,3,47.0,59.0,70.0,71.0,82.0,75.0,Right,4,2,50,80,44,69,78,71,85.0,59,81,41,52,55,82,82,38,Medium/High,Normal (185+)
M. Darmian,Matteo Darmian,33,Italy,"CB, RWB, RM",Inter,Serie A,1.0,10000000.0,74000.0,17000000.0,80,80,2,71.0,59.0,73.0,76.0,83.0,71.0,Right,5,3,55,84,72,72,80,65,79.0,79,62,68,73,77,83,84,78,Medium/Medium,Normal (170-185)
Rafael Tolói,Rafael Tolói,32,Italy,CB,Atalanta,Serie A,1.0,13500000.0,51000.0,23000000.0,80,80,2,67.0,52.0,59.0,65.0,82.0,82.0,Right,3,2,40,69,44,58,70,50,86.0,82,82,64,70,61,81,83,40,Medium/High,Normal (185+)
P. Aubameyang,Pierre-Emerick Emiliano François Aubameyang,34,Gabon,ST,Olympique de Marseille,Ligue 1,1.0,10500000.0,51000.0,20000000.0,80,80,3,83.0,81.0,72.0,77.0,35.0,64.0,Right,4,4,83,73,72,77,79,71,79.0,62,71,77,87,71,20,29,82,High/Low,Unique
F. Coquelin,Francis Coquelin,32,France,"CM, LM, RM",Villarreal,La Liga,1.0,16500000.0,39000.0,34700000.0,80,80,2,67.0,68.0,78.0,79.0,78.0,79.0,Right,4,3,65,84,69,80,81,80,78.0,75,79,68,67,72,80,79,77,Medium/High,Normal (170-185)
De Marcos,Óscar de Marcos Arana,34,Spain,RB,Athletic Club,La Liga,1.0,7500000.0,31000.0,15800000.0,80,80,2,79.0,64.0,75.0,75.0,77.0,79.0,Right,3,4,64,79,76,72,79,73,75.0,84,75,79,79,75,78,80,73,High/Medium,Lean (170-185)
J. Cuadrado,Juan Guillermo Cuadrado Bello,35,Colombia,"RM, RB, RW",Inter,Serie A,1.0,8500000.0,60000.0,14500000.0,80,80,3,88.0,73.0,78.0,84.0,74.0,68.0,Right,3,5,66,80,82,86,82,74,78.0,71,61,88,88,89,72,79,73,High/Low,Lean (170-185)
N. Gudelj,Nemanja Gudelj,31,Serbia,"CB, CDM",Sevilla,La Liga,1.0,14500000.0,31000.0,30500000.0,80,80,2,55.0,73.0,78.0,70.0,79.0,85.0,Right,2,3,62,83,74,66,79,74,80.0,80,88,52,57,61,79,80,65,Medium/Medium,Normal (185+)
O. Baumann,Oliver Baumann,33,Germany,GK,TSG Hoffenheim,Bundesliga,1.0,7000000.0,32000.0,11900000.0,80,80,2,,,,,,,Right,1,1,11,30,14,19,17,41,52.0,39,69,37,41,45,15,18,10,Medium/Medium,Normal (185+)
J. Matip,Joël Andre Job Matip,31,Cameroon,CB,Liverpool,Premier League,1.0,14500000.0,100000.0,26800000.0,80,80,2,61.0,46.0,67.0,70.0,81.0,77.0,Right,2,2,36,76,54,73,73,72,79.0,67,80,52,69,53,81,82,48,Medium/Medium,Lean (185+)
Isco,Francisco Román Alarcón Suárez,31,Spain,"CAM, LM, CM",Real Betis,La Liga,1.0,17500000.0,30000.0,36800000.0,80,80,3,62.0,72.0,80.0,83.0,59.0,56.0,Right,3,4,72,80,78,84,85,81,81.0,56,55,64,61,76,58,62,76,Medium/Medium,Normal (170-185)
Jonathan Viera,Jonathan Viera Ramos,33,Spain,"CAM, CM, LM",Las Palmas,La Liga,1.0,13000000.0,27000.0,28600000.0,80,80,2,80.0,74.0,79.0,80.0,63.0,72.0,Right,4,4,76,81,73,80,79,85,77.0,83,70,84,77,91,63,63,77,High/Medium,Lean (170-185)
Sergi Roberto,Sergio Roberto Carnicer,31,Spain,"RB, CM",FC Barcelona,La Liga,1.0,15500000.0,125000.0,31800000.0,80,80,3,74.0,63.0,79.0,77.0,75.0,73.0,Right,3,3,63,81,81,78,80,81,76.0,87,69,70,77,69,74,76,69,Medium/Medium,Lean (170-185)
Oriol Romeu,Oriol Romeu Vidal,31,Spain,"CDM, CM",FC Barcelona,La Liga,1.0,15000000.0,125000.0,30800000.0,80,80,2,43.0,54.0,69.0,67.0,79.0,82.0,Right,3,2,45,80,46,65,75,74,75.0,75,83,50,38,53,79,80,64,Low/High,Stocky (170-185)
C. Biraghi,Cristiano Biraghi,30,Italy,LB,Fiorentina,Serie A,1.0,18000000.0,56000.0,30600000.0,80,80,2,76.0,69.0,78.0,77.0,76.0,75.0,Left,3,3,58,77,85,76,78,72,82.0,83,71,76,76,72,79,76,75,High/Medium,Normal (185+)
J. Veretout,Jordan Veretout,30,France,"CM, CDM",Olympique de Marseille,Ligue 1,1.0,20000000.0,47000.0,38000000.0,80,80,2,74.0,75.0,78.0,79.0,76.0,80.0,Right,3,3,71,82,69,77,81,79,80.0,83,78,76,72,77,76,81,75,Medium/Medium,Normal (170-185)
Deulofeu,Gerard Deulofeu Lázaro,29,Spain,"CF, ST",Udinese,Serie A,1.0,21000000.0,26000.0,37800000.0,80,80,3,90.0,79.0,76.0,86.0,30.0,67.0,Right,4,4,79,80,74,87,84,76,77.0,71,67,90,90,92,34,30,76,High/Medium,Normal (170-185)
Suso,Jesús Joaquín Fernández Sáez de la Torre,29,Spain,"RW, CAM",Sevilla,La Liga,1.0,20500000.0,38000.0,43100000.0,80,80,2,72.0,76.0,80.0,83.0,32.0,51.0,Left,3,4,74,81,82,84,85,79,76.0,62,50,73,71,79,48,23,78,High/Low,Normal (170-185)
L. Spinazzola,Leonardo Spinazzola,30,Italy,"LWB, LM",Roma,Serie A,1.0,18000000.0,63000.0,30600000.0,80,80,3,91.0,64.0,72.0,79.0,76.0,69.0,Right,4,4,60,76,79,80,79,72,69.0,69,66,93,90,80,75,78,77,High/Medium,Lean (185+)
M. Sabitzer,Marcel Sabitzer,29,Austria,"CM, CAM, CDM",Borussia Dortmund,Bundesliga,1.0,20500000.0,54000.0,34900000.0,80,80,3,69.0,81.0,80.0,80.0,72.0,75.0,Right,4,3,78,83,74,79,83,81,80.0,73,74,73,65,74,73,76,77,Medium/Medium,Normal (170-185)
N. Füllkrug,Niclas Füllkrug,30,Germany,ST,Borussia Dortmund,Bundesliga,1.0,20500000.0,56000.0,34900000.0,80,80,2,62.0,83.0,70.0,74.0,40.0,78.0,Right,4,3,84,74,65,74,79,75,80.0,64,84,62,62,60,41,40,83,High/Medium,Stocky (185+)
L. Ocampos,Lucas Ariel Ocampos,28,Argentina,"RW, LW",Sevilla,La Liga,1.0,21000000.0,38000.0,44100000.0,80,80,2,79.0,80.0,77.0,81.0,62.0,83.0,Right,3,4,80,80,79,83,82,77,81.0,88,81,78,80,78,58,57,81,High/High,Normal (185+)
T. Savanier,Téji Tedy Savanier,31,France,"CAM, CM",Montpellier,Ligue 1,1.0,17500000.0,31000.0,35000000.0,80,80,2,62.0,75.0,83.0,82.0,68.0,70.0,Right,5,4,73,83,83,81,82,84,84.0,77,62,67,57,86,67,71,76,High/Medium,Normal (170-185)
Saúl,Saúl Ñíguez Esclápez,28,Spain,"CM, LM, LWB",Atlético Madrid,La Liga,1.0,21000000.0,61000.0,43100000.0,80,80,3,69.0,76.0,76.0,78.0,77.0,75.0,Left,4,3,73,80,69,79,80,80,80.0,75,75,67,70,72,76,77,77,Medium/Medium,Lean (170-185)
E. Forsberg,Emil Peter Forsberg,31,Sweden,"CAM, CF",RB Leipzig,Bundesliga,1.0,17500000.0,58000.0,29800000.0,80,80,3,65.0,73.0,82.0,82.0,36.0,61.0,Right,4,4,74,85,81,82,84,83,81.0,67,59,67,64,78,38,27,77,Medium/Low,Normal (170-185)
M. de Roon,Marten Elco de Roon,32,Netherlands,"CDM, CM, CB",Atalanta,Serie A,1.0,14000000.0,51000.0,23800000.0,80,80,3,69.0,70.0,71.0,72.0,82.0,83.0,Right,3,3,63,76,68,71,75,70,83.0,86,81,64,73,61,82,84,70,Medium/High,Normal (185+)
N. Tagliafico,Nicolás Alejandro Tagliafico,30,Argentina,LB,Olympique Lyonnais,Ligue 1,1.0,18000000.0,40000.0,34200000.0,80,80,3,79.0,56.0,72.0,75.0,78.0,80.0,Left,2,3,57,76,75,73,76,69,76.0,87,75,79,79,78,78,77,69,Medium/High,Normal (170-185)
Álex Moreno,Alexandre Moreno Lopera,30,Spain,LB,Aston Villa,Premier League,1.0,18000000.0,81000.0,34200000.0,80,80,1,87.0,69.0,73.0,77.0,76.0,70.0,Left,3,3,73,77,78,77,77,72,60.0,89,60,85,88,83,77,78,74,High/Medium,Lean (170-185)
H. Traoré,Hamari Traoré,31,Mali,RB,Real Sociedad,La Liga,1.0,15500000.0,36000.0,32600000.0,80,80,2,82.0,57.0,72.0,76.0,75.0,78.0,Right,3,3,52,75,80,76,77,66,72.0,90,73,80,84,75,73,79,72,High/Medium,Normal (170-185)
M. Pašalić,Mario Pašalić,28,Croatia,"CAM, CF, CM",Atalanta,Serie A,1.0,21000000.0,58000.0,35700000.0,80,80,2,73.0,78.0,76.0,80.0,67.0,77.0,Right,4,4,80,81,68,82,86,77,77.0,83,75,72,74,74,61,72,84,Medium/Medium,Normal (185+)
V. Muriqi,Vedat Muriqi,29,Kosovo,ST,Mallorca,La Liga,1.0,21000000.0,38000.0,44100000.0,80,80,2,55.0,82.0,63.0,73.0,29.0,82.0,Left,3,3,84,78,35,77,83,66,75.0,72,91,43,64,42,23,25,81,Medium/Medium,Normal (185+)
V. Rongier,Valentin Rongier,28,France,"CDM, CM",Olympique de Marseille,Ligue 1,1.0,18500000.0,45000.0,35200000.0,80,80,2,68.0,65.0,75.0,78.0,76.0,80.0,Right,4,3,59,80,65,76,79,78,82.0,88,77,71,66,74,78,80,65,Medium/High,Normal (170-185)
David Soria,David Soria Solís,30,Spain,GK,Getafe,La Liga,1.0,14000000.0,26000.0,29400000.0,80,80,2,,,,,,,Right,3,1,19,24,15,16,19,45,58.0,43,75,49,34,49,22,13,12,Medium/Medium,Lean (185+)
A. Marušić,Adam Marušić,30,Montenegro,"LB, RB",Lazio,Serie A,1.0,18000000.0,51000.0,30600000.0,80,80,2,88.0,66.0,67.0,74.0,76.0,82.0,Right,4,3,56,71,76,75,76,60,75.0,82,83,87,89,64,75,78,69,Low/High,Normal (185+)
R. Bensebaini,Ramy Bensebaini,28,Algeria,"LB, CB",Borussia Dortmund,Bundesliga,1.0,19000000.0,50000.0,32300000.0,80,80,2,77.0,70.0,72.0,77.0,79.0,79.0,Left,4,3,73,77,79,79,79,63,75.0,77,78,72,81,67,77,82,66,Medium/Medium,Normal (185+)
Joan Jordán,Joan Jordán Moreno,28,Spain,"CM, CDM",Sevilla,La Liga,1.0,21000000.0,35000.0,44100000.0,80,80,2,56.0,76.0,79.0,77.0,70.0,75.0,Right,4,3,76,81,70,79,80,81,75.0,78,74,53,59,65,67,79,76,Medium/Medium,Lean (170-185)
Álex Berenguer,Alejandro Berenguer Remiro,27,Spain,"LM, RM",Athletic Club,La Liga,1.0,22500000.0,33000.0,47300000.0,80,80,1,82.0,75.0,76.0,82.0,64.0,66.0,Right,4,3,77,77,76,82,81,80,83.0,80,55,85,80,87,65,65,77,High/Medium,Normal (170-185)
M. Dmitrović,Marko Dmitrović,31,Serbia,GK,Sevilla,La Liga,1.0,11000000.0,25000.0,23100000.0,80,80,2,,,,,,,Left,2,1,20,40,30,8,9,45,59.0,45,79,39,35,32,19,22,9,Medium/Medium,Stocky (185+)
E. Ávila,Luis Ezequiel Ávila,29,Argentina,"ST, RM, LM",Osasuna,La Liga,1.0,21000000.0,40000.0,44100000.0,80,80,2,78.0,81.0,65.0,78.0,45.0,85.0,Right,5,3,81,71,59,79,77,68,72.0,76,86,74,82,71,38,46,80,High/High,Stocky (170-185)
Maikel Catarino,Maikel Renan Catarino Fagundes,27,Brazil,"RB, RM",Corinthians,Serie A,1.0,20500000.0,34000.0,39000000.0,80,80,1,76.0,51.0,70.0,77.0,77.0,72.0,Right,3,3,48,73,81,78,77,61,54.0,85,68,81,72,83,79,78,57,High/Medium,Normal (170-185)
Héniton Pires,Héniton Enaldo Pires Tramontino,27,Brazil,GK,Flamengo,Serie A,1.0,16000000.0,35000.0,28800000.0,80,80,1,,,,,,,Right,3,1,11,28,18,14,20,70,41.0,30,64,43,39,42,16,14,13,Medium/Medium,Normal (170-185)
Heberto Gaúcho,Juan Heberto Mestres de Mesquita,27,Brazil,"CB, CDM",Atlético Mineiro,Serie A,1.0,19500000.0,40000.0,35100000.0,80,80,1,71.0,61.0,57.0,63.0,82.0,80.0,Right,3,2,56,67,40,60,64,50,70.0,76,79,68,74,61,77,85,58,High/Medium,Normal (170-185)
Laure Santeiro,Laureano Thomas Santeiro Marre,23,Brazil,"CAM, LM, LW",Fluminense,Serie A,1.0,24500000.0,27000.0,46600000.0,80,80,1,80.0,72.0,77.0,82.0,26.0,45.0,Left,5,4,72,79,73,82,82,80,77.0,67,35,87,75,85,29,13,82,Medium/Medium,Lean (170-185)
Tony Abranjes,Tony Josimar Abranjes Meneses,35,Brazil,CB,Internacional,Serie A,1.0,5500000.0,23000.0,10500000.0,80,80,1,67.0,39.0,55.0,58.0,81.0,85.0,Right,3,2,31,66,39,47,68,43,72.0,81,91,65,69,55,80,81,28,Medium/Medium,Stocky (170-185)
W. Endo,遠藤 航,30,Japan,"CM, CDM",Liverpool,Premier League,1.0,20000000.0,110000.0,37000000.0,80,80,2,67.0,68.0,73.0,80.0,79.0,75.0,Right,4,3,67,83,58,80,82,78,83.0,91,66,73,62,74,81,79,68,High/Medium,Normal (170-185)
X. Simons,Xavi Quentin Shay Simons,20,Netherlands,"CAM, LW, RW",RB Leipzig,Bundesliga,1.0,38500000.0,58000.0,,79,89,2,87.0,73.0,76.0,83.0,61.0,74.0,Right,3,4,77,77,74,83,84,77,78.0,84,67,89,85,89,60,62,74,High/High,Lean (170-185)
R. Gravenberch,Ryan Jiro Gravenberch,21,Netherlands,CM,Liverpool,Premier League,1.0,39500000.0,76000.0,81000000.0,79,87,1,72.0,76.0,78.0,83.0,68.0,72.0,Right,4,4,76,80,75,84,85,80,76.0,80,75,76,69,80,69,69,74,Medium/Medium,Lean (185+)
M. Carnesecchi,Marco Carnesecchi,23,Italy,GK,Atalanta,Serie A,1.0,33500000.0,32000.0,63700000.0,79,87,1,,,,,,,Right,3,1,8,36,11,14,21,54,40.0,28,55,24,39,40,16,15,9,Medium/Medium,Normal (185+)
Yeremy Pino,Yeremy Jesús Pino Santos,20,Spain,"LM, RM, ST",Villarreal,La Liga,1.0,38500000.0,27000.0,88600000.0,79,87,2,76.0,73.0,76.0,79.0,38.0,46.0,Right,4,3,79,78,77,81,80,76,60.0,70,32,77,76,79,31,48,79,High/Low,Lean (170-185)
M. Simakan,Mohamed Simakan,23,France,"CB, RB",RB Leipzig,Bundesliga,1.0,32500000.0,43000.0,61800000.0,79,86,2,74.0,43.0,64.0,68.0,80.0,80.0,Right,3,2,39,70,60,67,68,63,74.0,74,82,71,76,64,76,84,54,Medium/Medium,Normal (185+)
M. Kudus,Mohammed Kudus,22,Ghana,"RW, CAM",West Ham United,Premier League,1.0,35500000.0,69000.0,74600000.0,79,86,3,90.0,74.0,71.0,84.0,59.0,75.0,Left,3,4,76,77,62,86,83,75,76.0,79,76,92,88,85,60,66,77,Medium/Low,Normal (170-185)
F. Balogun,Folarin Balogun,21,United States,ST,Monaco,Ligue 1,1.0,36000000.0,46000.0,75600000.0,79,86,1,80.0,79.0,62.0,77.0,23.0,69.0,Right,4,3,83,69,58,77,78,62,77.0,66,74,78,81,75,18,15,83,High/Medium,Normal (170-185)
W. Fofana,Wesley Fofana,22,France,CB,Chelsea,Premier League,1.0,33000000.0,80000.0,69300000.0,79,86,1,73.0,37.0,55.0,66.0,81.0,77.0,Right,3,2,29,70,39,65,67,47,70.0,65,80,64,80,61,79,82,42,Medium/High,Lean (185+)
J. Timber,Jurriën David Norman Timber,22,Netherlands,"CB, RB",Arsenal,Premier League,1.0,33000000.0,80000.0,69300000.0,79,86,3,78.0,47.0,67.0,77.0,80.0,80.0,Right,3,3,41,80,60,76,78,64,85.0,82,82,79,78,73,83,82,66,High/Medium,Normal (170-185)
G. Raspadori,Giacomo Raspadori,23,Italy,"CF, ST, LW",Napoli,Serie A,1.0,35500000.0,54000.0,67500000.0,79,86,2,81.0,78.0,68.0,81.0,27.0,59.0,Right,5,4,80,78,54,80,83,76,77.0,65,54,85,77,77,24,23,81,High/Low,Normal (170-185)
P. Hincapié,Piero Martín Hincapié Reyna,21,Ecuador,CB,Bayer 04 Leverkusen,Bundesliga,1.0,33000000.0,36000.0,62700000.0,79,86,2,82.0,40.0,64.0,72.0,79.0,77.0,Left,2,3,40,78,55,70,73,53,76.0,74,77,79,85,75,79,79,55,Medium/Medium,Normal (170-185)
P. Schuurs,Perr Schuurs,23,Netherlands,CB,Torino,Serie A,1.0,25000000.0,39000.0,47500000.0,79,85,1,72.0,64.0,74.0,69.0,81.0,75.0,Right,3,2,57,78,69,68,75,70,77.0,75,77,65,78,62,80,83,44,Medium/Medium,Normal (185+)
Nico Williams,Nicholas Williams Arthuer,20,Spain,"RM, LM",Athletic Club,La Liga,1.0,27500000.0,23000.0,63300000.0,79,85,2,93.0,73.0,72.0,83.0,33.0,60.0,Right,5,4,75,76,75,84,83,69,75.0,77,60,92,93,91,36,20,72,Medium/Medium,Lean (170-185)
J. Gomez,Joe Gomez,26,England,"CB, RB",Liverpool,Premier League,1.0,23000000.0,95000.0,44300000.0,79,84,2,82.0,27.0,68.0,70.0,79.0,77.0,Right,3,3,20,78,71,69,74,62,72.0,64,81,75,87,63,77,81,51,Medium/Medium,Unique
A. Disasi,Axel Arthur Disasi,25,France,CB,Chelsea,Premier League,1.0,23000000.0,89000.0,45400000.0,79,84,2,49.0,48.0,53.0,56.0,80.0,84.0,Right,2,2,46,69,25,54,63,54,71.0,72,92,40,56,35,80,80,42,Medium/Medium,Normal (185+)
E. Eze,Eberechi Eze,25,England,"CAM, CM, LW",Crystal Palace,Premier League,1.0,26000000.0,45000.0,51400000.0,79,84,1,77.0,76.0,77.0,82.0,49.0,68.0,Right,3,4,78,81,72,83,81,80,79.0,74,68,77,77,82,40,58,76,Medium/Medium,Lean (170-185)
V. Castellanos,Valentín Mariano José Castellanos Giménez,24,Argentina,ST,Lazio,Serie A,1.0,27000000.0,51000.0,47900000.0,79,84,3,76.0,79.0,69.0,76.0,42.0,78.0,Right,3,3,82,78,58,76,77,74,75.0,87,71,76,76,72,43,37,83,Medium/High,Normal (170-185)
A. Gouiri,Amine Gouiri,23,France,"ST, LM, LW",Rennes,Ligue 1,1.0,27000000.0,49000.0,53300000.0,79,84,2,76.0,81.0,76.0,80.0,45.0,71.0,Right,3,4,81,79,76,82,80,76,78.0,72,73,80,73,76,45,41,82,Medium/Low,Normal (170-185)
C. Baumgartner,Christoph Baumgartner,23,Austria,"CAM, CM, CF",RB Leipzig,Bundesliga,1.0,26500000.0,48000.0,47000000.0,79,84,2,75.0,73.0,74.0,81.0,45.0,59.0,Right,3,4,76,79,63,82,80,81,76.0,71,49,82,70,81,31,55,79,Medium/Medium,Lean (170-185)
J. Todibo,Jean-Clair Dimitri Roger Todibo,23,France,CB,Nice,Ligue 1,1.0,24000000.0,37000.0,47400000.0,79,84,2,74.0,47.0,63.0,67.0,80.0,78.0,Right,2,3,44,78,49,66,72,56,78.0,73,82,67,80,54,80,80,45,Medium/Medium,Normal (185+)
K. Thuram,Khéphren Thuram-Ulien,22,France,"CM, CDM",Nice,Ligue 1,1.0,27000000.0,42000.0,53300000.0,79,84,2,72.0,72.0,77.0,78.0,77.0,79.0,Right,3,3,75,82,72,80,80,79,79.0,82,80,73,72,71,77,77,78,High/High,Normal (185+)
Vivian,Daniel Vivian Moreno,23,Spain,CB,Athletic Club,La Liga,1.0,24000000.0,25000.0,52200000.0,79,84,1,75.0,48.0,56.0,62.0,80.0,78.0,Right,2,2,48,70,46,52,70,46,65.0,73,80,73,77,64,82,81,30,High/Medium,Normal (170-185)
Matheus Nunes,Matheus Luiz Nunes,24,Portugal,"CM, LM",Manchester City,Premier League,1.0,26500000.0,100000.0,51000000.0,79,84,1,83.0,71.0,74.0,81.0,73.0,77.0,Right,3,3,71,80,59,83,82,77,80.0,83,74,79,86,79,75,75,79,High/Medium,Lean (170-185)
Carlos Augusto,Carlos Augusto Zopolato Neves,24,Brazil,LM,Inter,Serie A,1.0,26500000.0,48000.0,,79,84,1,79.0,70.0,76.0,79.0,76.0,80.0,Left,2,2,67,77,78,80,80,75,77.0,85,78,79,79,80,75,78,78,Medium/Medium,Normal (170-185)
M. Di Gregorio,Michele Di Gregorio,25,Italy,GK,Monza,Serie A,1.0,19000000.0,38000.0,33700000.0,79,83,1,,,,,,,Right,3,1,9,28,13,18,20,65,56.0,36,62,45,43,45,21,14,9,Medium/Medium,Normal (185+)
M. Guendouzi,Mattéo Elias Kenzo Guendouzi Olié,24,France,"CM, CF",Lazio,Serie A,1.0,25000000.0,38000.0,,79,83,2,74.0,69.0,78.0,78.0,74.0,81.0,Right,3,4,66,83,67,76,80,81,82.0,88,75,73,74,84,72,76,74,Medium/High,Lean (185+)
Douglas Luiz,Douglas Luiz Soares de Paulo,25,Brazil,"CDM, CM",Aston Villa,Premier League,1.0,22000000.0,73000.0,43500000.0,79,83,2,66.0,72.0,82.0,78.0,74.0,72.0,Right,2,3,70,82,83,76,81,82,82.0,78,68,68,64,74,76,77,61,High/Low,Normal (170-185)
Cucurella,Marc Cucurella Saseta,24,Spain,"LB, CB, LWB",Chelsea,Premier League,1.0,23500000.0,80000.0,46400000.0,79,83,2,75.0,68.0,77.0,79.0,75.0,74.0,Left,3,3,68,79,79,79,80,76,77.0,86,66,78,72,77,77,80,76,High/High,Normal (170-185)
R. Baku,Ridle Bote Baku,25,Germany,"RB, RW",VfL Wolfsburg,Bundesliga,1.0,22500000.0,44000.0,39900000.0,79,83,2,81.0,73.0,74.0,81.0,72.0,77.0,Right,4,3,74,76,79,83,78,75,76.0,88,73,84,78,85,74,74,76,High/Medium,Normal (170-185)
L. Majer,Lovro Majer,25,Croatia,CM,VfL Wolfsburg,Bundesliga,1.0,24500000.0,48000.0,43500000.0,79,83,2,66.0,73.0,81.0,83.0,60.0,67.0,Left,3,4,71,82,79,85,84,80,78.0,77,64,75,59,84,56,65,77,High/Medium,Lean (170-185)
K. Phillips,Kalvin Phillips,27,England,"CDM, CM",Manchester City,Premier League,1.0,20000000.0,105000.0,38500000.0,79,82,2,66.0,65.0,76.0,75.0,77.0,76.0,Right,3,3,62,81,70,72,79,74,78.0,73,75,69,64,72,79,80,66,Medium/High,Stocky (170-185)
E. Konsa,Ezri Konsa Ngoyo,25,England,CB,Aston Villa,Premier League,1.0,20500000.0,73000.0,40500000.0,79,82,2,77.0,39.0,62.0,71.0,80.0,76.0,Right,3,2,34,74,51,70,74,58,79.0,72,78,71,82,63,83,80,50,Medium/Medium,Lean (170-185)
C. Pulisic,Christian Pulisic,24,United States,"LW, RW, LM",Milan,Serie A,1.0,24000000.0,63000.0,42600000.0,79,82,3,84.0,71.0,73.0,84.0,37.0,55.0,Right,4,4,73,77,74,86,83,78,79.0,64,54,88,80,87,38,32,78,Medium/Medium,Lean (170-185)
M. Thuram,Marcus Lilian Thuram-Ulien,25,France,ST,Inter,Serie A,1.0,23500000.0,80000.0,41700000.0,79,82,2,84.0,77.0,71.0,78.0,48.0,76.0,Right,3,3,77,74,74,83,74,76,75.0,79,85,77,89,76,38,49,80,Medium/Low,Normal (185+)
E. Audero,Emil Audero Mulyadi,26,Italy,GK,Inter,Serie A,1.0,17500000.0,5000.0,,79,82,1,,,,,,,Right,2,1,16,29,13,19,18,30,56.0,25,55,55,49,53,10,10,8,Medium/Medium,Normal (185+)
Robert Sánchez,Robert Lynch Sánchez,25,Spain,GK,Chelsea,Premier League,1.0,18000000.0,71000.0,35600000.0,79,82,1,,,,,,,Right,4,1,14,51,12,15,37,65,65.0,40,66,45,44,40,18,13,12,Medium/Medium,Normal (185+)
D. Zakaria,Denis Lemi Zakaria Lako Lado,26,Switzerland,"CDM, CM",Monaco,Ligue 1,1.0,20500000.0,50000.0,40500000.0,79,82,2,80.0,63.0,72.0,76.0,78.0,84.0,Right,3,3,62,79,68,78,77,71,82.0,76,87,72,87,67,80,81,65,High/High,Lean (185+)
D. Henderson,Dean Henderson,26,England,GK,Crystal Palace,Premier League,1.0,17500000.0,35000.0,34600000.0,79,82,2,,,,,,,Right,3,1,9,45,14,13,35,55,60.0,32,64,55,56,61,15,14,8,Medium/Medium,Normal (185+)
F. Neuhaus,Florian Christian Neuhaus,26,Germany,CM,Borussia Mönchengladbach,Bundesliga,1.0,23000000.0,34000.0,40800000.0,79,82,2,67.0,72.0,78.0,79.0,67.0,69.0,Right,4,3,71,83,68,80,78,80,76.0,81,66,64,69,77,67,67,71,Medium/Medium,Lean (185+)
Y. Bissouma,Yves Bissouma,26,Mali,"CDM, CM",Tottenham Hotspur,Premier League,1.0,20500000.0,76000.0,40500000.0,79,82,2,72.0,67.0,74.0,77.0,77.0,76.0,Right,3,4,58,79,65,78,77,74,79.0,78,74,71,72,72,76,81,68,High/Medium,Lean (170-185)
S. McTominay,Scott McTominay,26,Scotland,"CDM, CM",Manchester United,Premier League,1.0,20500000.0,100000.0,40500000.0,79,82,2,59.0,74.0,72.0,73.0,77.0,84.0,Right,3,3,70,77,65,77,75,70,76.0,80,83,58,59,58,75,79,72,Medium/High,Normal (185+)
N. Milenković,Nikola Milenković,25,Serbia,CB,Fiorentina,Serie A,1.0,20500000.0,50000.0,36400000.0,79,82,2,64.0,45.0,62.0,62.0,79.0,83.0,Right,3,2,38,69,66,60,70,55,78.0,79,84,67,62,50,78,81,25,Medium/High,Normal (185+)
N. Casale,Nicolò Casale,25,Italy,CB,Lazio,Serie A,1.0,20500000.0,46000.0,36400000.0,79,82,1,77.0,53.0,66.0,69.0,80.0,79.0,Right,3,2,47,70,69,70,69,63,77.0,67,84,74,80,60,82,80,54,Medium/High,Normal (185+)
Edgar,Edgar González Estrada,26,Spain,"CB, CDM",Almería,La Liga,1.0,20500000.0,29000.0,44600000.0,79,82,1,65.0,49.0,65.0,63.0,82.0,79.0,Right,2,2,52,75,50,60,71,72,70.0,79,77,63,67,51,84,83,52,Medium/Medium,Lean (185+)
Renan Lodi,Renan Augusto Lodi dos Santos,25,Brazil,"LB, LWB",Olympique de Marseille,Ligue 1,1.0,21500000.0,38000.0,42500000.0,79,82,1,81.0,67.0,75.0,77.0,74.0,73.0,Left,3,4,65,75,79,77,77,72,76.0,82,67,82,81,80,73,76,74,High/High,Lean (170-185)
K. Zouma,Kurt Happy Zouma,28,France,CB,West Ham United,Premier League,1.0,17500000.0,69000.0,34600000.0,79,81,2,61.0,51.0,61.0,56.0,79.0,83.0,Right,3,2,47,67,49,50,62,60,73.0,62,92,52,68,47,79,79,49,Medium/Medium,Normal (185+)
L. Klostermann,Lukas Manuel Klostermann,27,Germany,"CB, RB",RB Leipzig,Bundesliga,1.0,18500000.0,50000.0,32800000.0,79,81,2,81.0,50.0,64.0,71.0,81.0,77.0,Right,3,2,55,74,72,71,73,55,68.0,80,77,80,81,63,82,81,68,Low/Medium,Normal (185+)
N. Mukiele,Nordi Mukiele Mulere,25,France,"RB, RWB, CB",Paris Saint Germain,Ligue 1,1.0,20000000.0,68000.0,38500000.0,79,81,2,77.0,49.0,68.0,72.0,80.0,80.0,Right,3,3,40,72,71,72,74,64,72.0,79,79,76,78,67,79,83,60,Medium/High,Normal (185+)
M. Cash,Matty Cash,25,Poland,"RB, RWB",Aston Villa,Premier League,1.0,20000000.0,73000.0,39500000.0,79,81,2,80.0,66.0,71.0,75.0,74.0,75.0,Right,2,3,66,73,77,75,74,66,72.0,86,68,79,80,78,77,77,71,High/High,Normal (185+)
J. Aidoo,Joseph Aidoo,27,Ghana,CB,Celta de Vigo,La Liga,1.0,18500000.0,26000.0,40200000.0,79,81,1,75.0,27.0,47.0,50.0,78.0,88.0,Right,3,2,18,73,34,35,58,23,63.0,81,91,69,79,68,74,80,25,Medium/High,Normal (170-185)
G. Montiel,Gonzalo Ariel Montiel,26,Argentina,"RB, RWB",Nottingham Forest,Premier League,1.0,20000000.0,29000.0,,79,81,1,82.0,62.0,69.0,75.0,76.0,81.0,Right,3,3,58,72,73,74,73,70,75.0,93,72,83,82,82,76,76,77,High/Medium,Normal (170-185)
P. Lienhart,Philipp Lienhart,26,Austria,CB,SC Freiburg,Bundesliga,1.0,19000000.0,31000.0,33700000.0,79,81,2,70.0,28.0,59.0,63.0,81.0,76.0,Right,3,2,24,74,41,59,64,53,75.0,67,79,63,75,64,83,80,35,Medium/Medium,Normal (185+)
N. Aguerd,Nayef Aguerd,27,Morocco,CB,West Ham United,Premier League,1.0,18500000.0,66000.0,36500000.0,79,81,2,71.0,50.0,64.0,64.0,81.0,75.0,Left,3,2,40,74,48,58,74,60,72.0,69,76,61,80,58,79,83,52,Medium/Medium,Lean (185+)
M. Perin,Mattia Perin,30,Italy,GK,Juventus,Serie A,1.0,13000000.0,73000.0,23100000.0,79,80,2,,,,,,,Right,3,1,11,33,11,19,23,44,65.0,30,52,57,56,53,20,12,12,Medium/Medium,Lean (185+)
J. Musso,Juan Agustín Musso,29,Argentina,GK,Atalanta,Serie A,1.0,13500000.0,41000.0,24000000.0,79,80,1,,,,,,,Right,3,1,18,31,20,16,20,48,67.0,35,70,46,42,32,12,14,19,Medium/Medium,Normal (185+)
A. Sørloth,Alexander Sørloth,27,Norway,ST,Villarreal,La Liga,1.0,20500000.0,40000.0,44600000.0,79,80,2,79.0,78.0,69.0,74.0,36.0,85.0,Left,4,3,81,74,66,77,78,73,82.0,82,90,74,83,57,39,23,77,High/Medium,Normal (185+)
Dani Ceballos,Daniel Ceballos Fernández,26,Spain,"CM, CDM, LW",Real Madrid,La Liga,1.0,20500000.0,140000.0,43600000.0,79,80,2,63.0,71.0,78.0,82.0,70.0,67.0,Right,3,4,68,82,74,83,84,79,81.0,76,60,69,58,79,74,71,78,Medium/Medium,Lean (170-185)
Sergio Herrera,Sergio Herrera Pirón,30,Spain,GK,Osasuna,La Liga,1.0,13000000.0,25000.0,28300000.0,79,80,1,,,,,,,Right,3,1,16,24,20,15,27,37,53.0,42,67,45,50,45,15,17,13,Medium/Medium,Lean (185+)
J. Bowen,Jarrod Bowen,26,England,"RM, RW",West Ham United,Premier League,1.0,20500000.0,72000.0,40500000.0,79,80,2,77.0,77.0,74.0,80.0,44.0,66.0,Left,3,4,80,76,77,80,81,74,76.0,79,63,79,75,77,49,40,79,High/Medium,Normal (170-185)
L. Bailey,Leon Bailey Butler,25,Jamaica,"RM, ST, RW",Aston Villa,Premier League,1.0,21000000.0,80000.0,41500000.0,79,80,3,90.0,77.0,73.0,82.0,33.0,62.0,Left,3,4,78,72,73,84,81,77,75.0,66,61,93,87,85,45,25,79,High/Low,Normal (170-185)
Carlos Soler,Carlos Soler Barragán,26,Spain,CM,Paris Saint Germain,Ligue 1,1.0,20500000.0,78000.0,39500000.0,79,80,2,77.0,76.0,80.0,79.0,70.0,72.0,Right,4,3,76,82,77,80,81,80,76.0,81,71,77,77,76,67,77,78,Medium/Medium,Normal (170-185)
L. Robertone,Lucas Gastón Robertone,26,Argentina,"CM, CAM, CDM",Almería,La Liga,1.0,20500000.0,32000.0,44600000.0,79,80,2,84.0,77.0,77.0,80.0,72.0,73.0,Right,4,4,77,80,71,80,81,78,68.0,86,60,87,81,90,60,79,75,Medium/High,Normal (170-)
T. Souček,Tomáš Souček,28,Czech Republic,"CDM, CM",West Ham United,Premier League,1.0,17000000.0,69000.0,33600000.0,79,80,2,56.0,70.0,71.0,70.0,80.0,83.0,Right,3,3,70,75,68,72,75,72,73.0,87,84,51,60,49,79,82,74,High/Medium,Lean (185+)
Catena,Alejandro Catena Marugán,28,Spain,CB,Osasuna,La Liga,1.0,16500000.0,32000.0,35900000.0,79,80,1,65.0,39.0,63.0,53.0,80.0,78.0,Right,3,2,38,80,39,35,70,55,71.0,78,78,64,65,60,79,82,33,Low/High,Lean (185+)
A. Consigli,Andrea Consigli,36,Italy,GK,Sassuolo,Serie A,1.0,1900000.0,11000.0,3200000.0,79,79,2,,,,,,,Right,3,1,10,31,10,10,23,46,63.0,31,51,48,34,57,10,17,10,Medium/Medium,Normal (185+)
S. Mandanda,Steve Mandanda,38,France,GK,Rennes,Ligue 1,1.0,1900000.0,25000.0,3600000.0,79,79,3,,,,,,,Right,2,1,13,60,14,19,27,59,62.0,31,61,53,43,52,13,15,11,Medium/Medium,Normal (185+)
Ł. Fabiański,Łukasz Fabiański,38,Poland,GK,West Ham United,Premier League,1.0,1900000.0,35000.0,3600000.0,79,79,2,,,,,,,Right,2,1,13,32,14,14,22,57,63.0,25,65,50,47,53,14,12,15,Medium/Medium,Normal (185+)
A. Candreva,Antonio Candreva,36,Italy,"CF, RM, CM",Salernitana,Serie A,1.0,6000000.0,32000.0,10800000.0,79,79,3,69.0,79.0,80.0,81.0,62.0,63.0,Right,4,4,74,82,79,81,83,80,73.0,75,55,73,65,79,62,63,80,Medium/Medium,Normal (170-185)
A. Witsel,Axel Laurent Angel Lambert Witsel,34,Belgium,"CDM, CB, CM",Atlético Madrid,La Liga,1.0,6000000.0,51000.0,12300000.0,79,79,3,35.0,63.0,77.0,75.0,79.0,74.0,Right,4,3,62,85,68,75,79,75,85.0,70,77,33,36,63,78,81,69,Low/Medium,Unique
I. Perišić,Ivan Perišić,34,Croatia,"LW, LWB",Tottenham Hotspur,Premier League,1.0,8000000.0,90000.0,15200000.0,79,79,3,71.0,78.0,80.0,79.0,73.0,75.0,Right,5,4,76,80,86,80,82,77,85.0,82,73,74,68,69,74,74,78,High/Medium,Lean (185+)
Yuri Berchiche,Yuri Berchiche Izeta,33,Spain,LB,Athletic Club,La Liga,1.0,9000000.0,29000.0,18900000.0,79,79,2,80.0,68.0,74.0,75.0,76.0,82.0,Left,3,3,61,78,77,72,76,71,78.0,83,79,81,80,80,75,77,62,High/Medium,Normal (170-185)
Azpilicueta,César Azpilicueta Tanco,33,Spain,"RB, CB",Atlético Madrid,La Liga,1.0,9000000.0,51000.0,18500000.0,79,79,3,61.0,55.0,76.0,72.0,81.0,73.0,Right,3,2,46,79,78,68,76,72,78.0,70,70,64,58,67,81,82,62,Medium/Medium,Normal (170-185)
G. Bonaventura,Giacomo Bonaventura,33,Italy,"CM, CAM",Fiorentina,Serie A,1.0,11000000.0,58000.0,18700000.0,79,79,2,69.0,78.0,80.0,80.0,70.0,67.0,Right,3,4,75,82,79,79,83,80,82.0,76,61,68,69,75,70,71,80,High/Medium,Normal (170-185)
Pedro,Pedro Eliezer Rodríguez Ledesma,35,Spain,"RW, LW",Lazio,Serie A,1.0,7000000.0,44000.0,11900000.0,79,79,3,70.0,74.0,76.0,86.0,36.0,50.0,Right,5,4,74,81,69,84,88,82,80.0,67,40,77,64,90,41,29,77,High/Low,Normal (170-)
B. Mee,Ben Mee,33,England,CB,Brentford,Premier League,1.0,8500000.0,56000.0,16200000.0,79,79,2,51.0,42.0,54.0,57.0,82.0,76.0,Left,3,2,36,54,59,50,61,52,75.0,67,77,50,52,56,85,82,40,Medium/High,Normal (170-185)
B. André,Benjamin André,32,France,"CDM, CM",Lille,Ligue 1,1.0,11500000.0,35000.0,21900000.0,79,79,2,63.0,64.0,73.0,75.0,78.0,83.0,Right,3,3,61,78,70,75,75,72,76.0,91,79,60,65,70,75,80,70,Medium/High,Normal (170-185)
M. Silvestri,Marco Silvestri,32,Italy,GK,Udinese,Serie A,1.0,8500000.0,16000.0,15300000.0,79,79,1,,,,,,,Right,3,1,20,22,12,18,20,47,44.0,34,60,58,61,65,8,18,14,Medium/Medium,Normal (185+)
Ander Herrera,Ander Herrera Agüera,33,Spain,"CM, CDM",Athletic Club,La Liga,1.0,11000000.0,32000.0,23100000.0,79,79,3,60.0,71.0,77.0,78.0,79.0,74.0,Right,4,3,68,80,71,77,80,80,84.0,79,69,65,55,72,82,80,76,High/High,Lean (170-185)
Marcos Alonso,Marcos Alonso Mendoza,32,Spain,"LB, CB",FC Barcelona,La Liga,1.0,12000000.0,115000.0,24600000.0,79,79,2,51.0,74.0,81.0,77.0,78.0,76.0,Left,3,3,70,84,84,78,83,74,79.0,79,74,55,48,64,72,82,77,High/Low,Lean (185+)
R. Cabella,Rémy Cabella,33,France,"CAM, LM",Lille,Ligue 1,1.0,11000000.0,38000.0,20900000.0,79,79,2,76.0,73.0,77.0,81.0,40.0,54.0,Right,4,4,74,79,73,83,80,80,71.0,75,45,79,73,85,35,33,74,High/Low,Lean (170-185)
K. Kampl,Kevin Kampl,32,Slovenia,"CM, CDM",RB Leipzig,Bundesliga,1.0,14000000.0,55000.0,23800000.0,79,79,3,65.0,66.0,80.0,81.0,64.0,61.0,Right,4,3,62,87,72,80,80,78,79.0,86,47,74,58,88,70,60,70,High/High,Lean (170-185)
D. Burn,Dan Burn,31,England,"CB, LB",Newcastle United,Premier League,1.0,12000000.0,95000.0,22800000.0,79,79,2,51.0,34.0,67.0,64.0,80.0,85.0,Left,3,2,25,75,68,69,67,60,75.0,78,89,40,60,33,82,80,56,Medium/High,Lean (185+)
Marc Bartra,Marc Bartra Aregall,32,Spain,CB,Real Betis,La Liga,1.0,11500000.0,26000.0,24200000.0,79,79,3,71.0,61.0,72.0,72.0,79.0,77.0,Right,3,3,55,79,57,69,76,76,76.0,71,79,69,72,69,78,80,61,High/High,Lean (170-185)
L. Muriel,Luis Fernando Muriel Fruto,32,Colombia,ST,Atalanta,Serie A,1.0,14000000.0,57000.0,23800000.0,79,79,2,88.0,80.0,73.0,85.0,27.0,68.0,Right,4,4,80,78,70,87,83,76,82.0,71,72,87,88,85,26,24,78,High/Medium,Normal (170-185)
M. Gregoritsch,Michael Gregoritsch,29,Austria,ST,SC Freiburg,Bundesliga,1.0,17500000.0,38000.0,29800000.0,79,79,2,59.0,79.0,71.0,72.0,42.0,76.0,Left,3,3,82,73,65,73,79,74,73.0,71,85,55,62,55,36,40,83,Medium/Low,Normal (185+)
M. Sels,Matz Willy Els Sels,31,Belgium,GK,Strasbourg,Ligue 1,1.0,9500000.0,22000.0,19000000.0,79,79,2,,,,,,,Right,2,1,16,38,16,19,33,49,62.0,26,67,37,35,36,14,15,18,Medium/Medium,Normal (185+)
S. Ortega,Stefan Ortega Moreno,30,Germany,GK,Manchester City,Premier League,1.0,11500000.0,86000.0,21300000.0,79,79,1,,,,,,,Right,4,1,15,40,18,20,38,66,56.0,33,73,51,53,42,29,12,10,Medium/Medium,Normal (185+)
S. Rode,Sebastian Rode,32,Germany,"CDM, CM",Eintracht Frankfurt,Bundesliga,1.0,11500000.0,39000.0,19600000.0,79,79,2,64.0,65.0,72.0,74.0,78.0,74.0,Right,3,3,63,79,67,72,77,72,80.0,69,72,69,60,67,79,79,72,High/High,Normal (170-185)
L. Digne,Lucas Digne,29,France,LB,Aston Villa,Premier League,1.0,15500000.0,80000.0,29500000.0,79,79,2,76.0,69.0,78.0,76.0,76.0,74.0,Left,2,3,60,77,86,76,77,75,79.0,80,69,78,74,72,76,77,73,High/Low,Unique
K. Volland,Kevin Volland,30,Germany,"ST, CAM, CF",FC Union Berlin,Bundesliga,1.0,17000000.0,44000.0,28900000.0,79,79,2,68.0,82.0,78.0,78.0,46.0,84.0,Left,4,3,82,78,78,78,79,80,82.0,83,85,69,68,73,36,50,82,High/High,Stocky (170-185)
F. Rønnow,Frederik Riis Rønnow,30,Denmark,GK,FC Union Berlin,Bundesliga,1.0,11500000.0,30000.0,19600000.0,79,79,2,,,,,,,Right,2,1,9,25,14,13,12,48,31.0,32,67,48,45,34,15,11,14,Medium/Medium,Lean (185+)
David López,David López Silva,33,Spain,"CB, CDM",Girona,La Liga,1.0,8500000.0,29000.0,17900000.0,79,79,1,45.0,57.0,70.0,65.0,80.0,74.0,Right,3,2,50,81,55,63,76,72,70.0,58,80,48,43,40,80,80,60,Medium/High,Normal (170-185)
J. Tarkowski,James Tarkowski,30,England,CB,Everton,Premier League,1.0,14500000.0,43000.0,27600000.0,79,79,1,55.0,45.0,62.0,60.0,81.0,79.0,Right,4,2,40,63,59,55,64,62,76.0,68,83,49,59,55,81,83,43,Medium/High,Stocky (185+)
H. Maguire,Harry Maguire,30,England,CB,Manchester United,Premier League,1.0,14500000.0,100000.0,27600000.0,79,79,3,46.0,57.0,67.0,65.0,78.0,82.0,Right,3,2,48,77,51,68,73,67,75.0,64,90,44,47,36,76,79,61,High/Medium,Stocky (185+)
S. Umtiti,Samuel Yves Umtiti,29,France,CB,Lille,Ligue 1,1.0,14500000.0,37000.0,27600000.0,79,79,3,62.0,62.0,68.0,65.0,80.0,75.0,Left,3,2,51,76,61,61,69,58,74.0,55,82,59,65,58,81,80,51,Low/Medium,Unique
P. Terracciano,Pietro Terracciano,33,Italy,GK,Fiorentina,Serie A,1.0,5500000.0,43000.0,9400000.0,79,79,1,,,,,,,Right,2,1,11,27,13,15,22,42,63.0,33,60,40,42,41,20,11,12,Medium/Medium,Lean (185+)
Moi Gómez,Moisés Gómez Bordonado,29,Spain,"CM, LM, RM",Osasuna,La Liga,1.0,17000000.0,35000.0,35700000.0,79,79,1,66.0,75.0,80.0,78.0,61.0,61.0,Right,5,4,77,81,79,78,81,80,75.0,78,56,71,61,74,65,60,78,Medium/Medium,Normal (170-185)
S. March,Solomon March,28,England,RM,Brighton & Hove Albion,Premier League,1.0,17500000.0,87000.0,33300000.0,79,79,1,75.0,70.0,76.0,80.0,67.0,66.0,Left,2,3,69,78,79,83,79,77,79.0,82,61,77,74,74,70,68,78,High/High,Lean (170-185)
Óliver Torres,Óliver Torres Muñoz,28,Spain,"CM, CAM, LW",Sevilla,La Liga,1.0,17500000.0,33000.0,36800000.0,79,79,2,68.0,72.0,79.0,82.0,65.0,49.0,Right,4,3,73,81,75,84,83,83,80.0,70,33,65,71,77,65,69,76,High/Medium,Normal (170-185)
C. Günter,Christian Günter,30,Germany,"LB, LM",SC Freiburg,Bundesliga,1.0,15000000.0,31000.0,25500000.0,79,79,2,81.0,58.0,71.0,71.0,74.0,84.0,Left,2,3,51,72,84,73,71,59,71.0,89,82,78,84,64,74,75,65,High/Medium,Stocky (170-185)
Raúl de Tomás,Raúl De Tomás Gómez,28,Spain,ST,Rayo Vallecano,La Liga,1.0,18000000.0,29000.0,37800000.0,79,79,2,74.0,79.0,76.0,79.0,39.0,75.0,Right,4,4,79,80,66,80,79,76,75.0,73,74,75,73,80,36,35,79,High/High,Normal (170-185)
J. McGinn,John McGinn,28,Scotland,"CM, RM, CDM",Aston Villa,Premier League,1.0,17500000.0,87000.0,33300000.0,79,79,2,68.0,74.0,75.0,77.0,73.0,81.0,Left,2,3,71,79,69,77,77,76,71.0,92,76,73,64,77,72,79,73,High/High,Normal (170-185)
S. Dimitrievski,Stole Dimitrievski,29,North Macedonia,GK,Rayo Vallecano,La Liga,1.0,12000000.0,20000.0,25200000.0,79,79,1,,,,,,,Right,2,1,20,23,11,18,19,51,53.0,40,72,35,38,44,19,19,15,Medium/Medium,Normal (185+)
P. Frankowski,Przemysław Frankowski,28,Poland,"RWB, LWB",Lens,Ligue 1,1.0,16000000.0,39000.0,30400000.0,79,79,2,91.0,72.0,75.0,76.0,69.0,74.0,Right,3,3,71,77,78,76,77,74,78.0,85,70,92,91,75,68,71,74,High/Medium,Normal (170-185)
T. Mings,Tyrone Mings,30,England,CB,Aston Villa,Premier League,1.0,14500000.0,76000.0,27600000.0,79,79,2,71.0,44.0,67.0,66.0,78.0,83.0,Left,2,3,37,75,70,68,67,57,71.0,74,86,61,79,55,79,78,53,High/Medium,Normal (185+)
José Sá,José Pedro Malheiro de Sá,30,Portugal,GK,Wolverhampton Wanderers,Premier League,1.0,11500000.0,52000.0,21900000.0,79,79,2,,,,,,,Right,2,1,15,48,18,17,19,50,45.0,34,75,52,53,62,14,19,17,Medium/Medium,Normal (185+)
Ayoze Pérez,Ayoze Pérez Gutiérrez,29,Spain,"LM, RM, CAM",Real Betis,La Liga,1.0,17000000.0,30000.0,35700000.0,79,79,2,76.0,72.0,76.0,82.0,58.0,64.0,Right,4,4,74,79,76,84,82,77,77.0,63,58,78,75,80,61,61,78,High/High,Lean (170-185)
D. Zappacosta,Davide Zappacosta,31,Italy,"LWB, LM, RM",Atalanta,Serie A,1.0,12500000.0,48000.0,21300000.0,79,79,2,78.0,67.0,73.0,74.0,75.0,72.0,Right,3,3,60,75,81,76,74,68,73.0,81,66,77,78,71,74,77,72,High/High,Lean (170-185)
Álvaro García,Álvaro García Rivera,30,Spain,LM,Rayo Vallecano,La Liga,1.0,17000000.0,25000.0,35700000.0,79,79,1,91.0,69.0,73.0,79.0,51.0,44.0,Left,3,3,75,73,79,78,76,77,73.0,72,32,92,90,89,55,45,78,Medium/High,Lean (170-)
Morales,José Luis Morales Nogales,35,Spain,"ST, LM",Villarreal,La Liga,1.0,7500000.0,31000.0,15800000.0,79,79,2,79.0,82.0,75.0,81.0,52.0,67.0,Right,4,4,83,77,75,82,79,74,79.0,68,69,81,78,79,44,54,82,High/Medium,Lean (170-185)
C. Tolisso,Corentin Tolisso,28,France,"CDM, CM",Olympique Lyonnais,Ligue 1,1.0,15500000.0,39000.0,29500000.0,79,79,3,58.0,78.0,77.0,77.0,77.0,74.0,Right,2,3,75,82,65,77,83,79,75.0,63,75,60,57,66,75,78,77,Medium/Medium,Normal (170-185)
L. Ajorque,Ludovic Ajorque,29,France,ST,FSV Mainz 05,Bundesliga,1.0,17500000.0,38000.0,29800000.0,79,79,2,58.0,79.0,63.0,70.0,46.0,87.0,Left,3,3,83,73,50,72,76,74,78.0,77,94,59,57,52,43,45,84,High/High,Normal (185+)
P. Ciurria,Patrick Ciurria,28,Italy,RM,Monza,Serie A,1.0,17500000.0,57000.0,29800000.0,79,79,1,81.0,74.0,77.0,79.0,48.0,61.0,Left,4,3,73,81,72,78,80,78,75.0,81,54,79,83,82,44,53,75,High/Medium,Lean (170-185)
R. Gosens,Robin Everardus Gosens,28,Germany,"LWB, LM",FC Union Berlin,Bundesliga,1.0,16000000.0,39000.0,27200000.0,79,79,3,78.0,74.0,73.0,75.0,76.0,79.0,Left,3,3,78,77,76,75,77,67,77.0,84,76,76,80,71,73,77,79,Medium/Medium,Normal (170-185)
A. Golovin,Aleksandr Golovin,27,Russia,"LM, RM, CAM",Monaco,Ligue 1,1.0,18500000.0,55000.0,35200000.0,79,79,3,76.0,72.0,78.0,82.0,60.0,66.0,Right,4,4,70,79,75,83,82,79,80.0,81,56,75,77,86,45,72,76,High/High,Lean (170-185)
Emelvinson,Emelvin William Anjos Rochedo,35,Brazil,GK,Bragantino,Serie A,1.0,1900000.0,11000.0,3600000.0,79,79,1,,,,,,,Right,2,1,8,18,10,9,21,45,67.0,29,79,41,42,34,20,17,20,Medium/Medium,Normal (185+)
Diego Essler,Ronaldo Diego Essler Domingues,23,Brazil,"LB, LM",Atlético Mineiro,Serie A,1.0,18500000.0,32000.0,33300000.0,79,79,1,89.0,58.0,70.0,77.0,74.0,59.0,Left,3,4,45,76,78,76,74,68,76.0,76,44,90,89,87,75,77,69,High/Medium,Lean (170-)
Adnan Vidual,Adnan Claudiano Vidual Machado,31,Brazil,RB,Internacional,Serie A,1.0,12500000.0,30000.0,23800000.0,79,79,1,83.0,52.0,70.0,71.0,76.0,72.0,Right,3,2,47,75,78,68,74,66,67.0,81,71,85,82,73,75,79,66,Medium/Medium,Lean (170-185)
Jorge Andrão,Everton Jorge Andrade Zanon,27,Brazil,"CDM, CM",Fluminense,Serie A,1.0,16500000.0,27000.0,31400000.0,79,79,1,67.0,62.0,74.0,75.0,78.0,76.0,Right,4,2,58,78,75,75,77,73,68.0,89,68,68,66,76,80,81,54,High/High,Stocky (170-185)
Melvin Parrela,Melvin Luan Parrela Porfírio,23,Brazil,CDM,Bragantino,Serie A,1.0,18000000.0,17000.0,34200000.0,79,79,1,71.0,70.0,70.0,72.0,80.0,84.0,Right,3,2,68,78,52,72,74,72,76.0,87,82,62,78,67,82,84,67,Medium/Medium,Normal (185+)
Gabri Prestão,Bernard Gabriel Prestão Chaves,31,Brazil,GK,Internacional,Serie A,1.0,9500000.0,25000.0,18100000.0,79,79,1,,,,,,,Right,3,1,9,11,8,18,20,60,64.0,23,60,58,62,66,22,9,5,Medium/Medium,Normal (185+)
Luimo Boas Santos,Luan Vágner Boas Macedo,23,Brazil,ST,Santos,Serie A,1.0,20500000.0,32000.0,39000000.0,79,79,1,83.0,79.0,65.0,81.0,28.0,64.0,Right,4,4,81,74,42,82,81,75,73.0,79,63,86,80,82,27,20,82,High/Medium,Normal (170-185)
M. Lazzari,Manuel Lazzari,29,Italy,RB,Lazio,Serie A,1.0,15500000.0,51000.0,26400000.0,79,79,2,92.0,62.0,76.0,82.0,70.0,66.0,Right,3,3,67,78,83,82,81,74,76.0,86,56,93,92,89,72,75,74,High/Medium,Lean (170-185)
E. Pinnock,Ethan Rupert Pinnock,30,Jamaica,CB,Brentford,Premier League,1.0,14500000.0,56000.0,27600000.0,79,79,1,70.0,37.0,57.0,62.0,80.0,82.0,Left,3,2,33,67,42,60,66,58,71.0,75,86,65,74,51,83,81,39,Medium/High,Lean (185+)
T. Teuma,Teddy Teuma,29,Malta,"CM, CAM, CDM",Stade de Reims,Ligue 1,1.0,17000000.0,31000.0,34000000.0,79,79,1,68.0,77.0,79.0,76.0,73.0,76.0,Left,5,3,73,79,77,75,79,82,80.0,81,72,69,68,72,75,76,77,High/Medium,Normal (170-185)
Ansu Fati,Anssumane Fati,20,Spain,"LW, ST",Brighton & Hove Albion,Premier League,1.0,31000000.0,95000.0,,78,88,3,89.0,76.0,72.0,81.0,30.0,53.0,Right,4,4,79,73,69,80,79,73,82.0,63,49,91,87,89,23,32,78,High/Medium,Unique
E. Wahi,Sepe Elye Wahi,20,France,"ST, LM",Lens,Ligue 1,1.0,31000000.0,31000.0,65100000.0,78,88,2,90.0,78.0,67.0,78.0,31.0,67.0,Right,4,4,80,72,64,79,78,68,75.0,70,69,90,90,80,25,29,78,Medium/Medium,Normal (170-185)
M. Kean,Moise Bioty Kean,23,Italy,"ST, LW",Juventus,Serie A,1.0,28500000.0,86000.0,54200000.0,78,85,2,86.0,76.0,58.0,76.0,40.0,76.0,Right,3,3,77,68,48,77,75,58,72.0,79,80,84,87,79,40,36,81,High/Medium,Normal (170-185)
M. Guéhi,Addji Keaninkin Marc-Israel Guéhi,22,England,CB,Crystal Palace,Premier League,1.0,26500000.0,34000.0,55700000.0,78,85,2,72.0,39.0,59.0,69.0,79.0,75.0,Right,4,2,42,76,35,65,72,54,74.0,70,77,68,75,68,81,79,35,Medium/Medium,Normal (170-185)
B. Badiashile,Benoît Badiashile Mukinayi,22,France,CB,Chelsea,Premier League,1.0,26500000.0,73000.0,55700000.0,78,85,2,61.0,47.0,67.0,60.0,79.0,76.0,Left,3,2,38,78,48,58,67,68,75.0,64,84,53,68,42,79,80,47,Medium/High,Normal (185+)
Lee Kang In,이강인 Kang In Lee,22,Korea Republic,"LW, ST",Paris Saint Germain,Ligue 1,1.0,28500000.0,68000.0,58400000.0,78,85,2,74.0,74.0,79.0,80.0,30.0,61.0,Left,3,4,75,80,77,81,81,79,72.0,58,59,75,74,82,26,23,78,Medium/Medium,Lean (170-185)
G. Reyna,Giovanni Alejandro Reyna,20,United States,"RM, CAM, LM",Borussia Dortmund,Bundesliga,1.0,28000000.0,33000.0,53200000.0,78,85,2,77.0,73.0,74.0,82.0,37.0,70.0,Right,2,4,71,79,70,85,80,78,78.0,72,74,77,77,84,35,35,73,Medium/Medium,Normal (185+)
Fran García,Francisco José García Torres,23,Spain,LB,Real Madrid,La Liga,1.0,27000000.0,100000.0,60800000.0,78,85,2,89.0,49.0,69.0,77.0,71.0,68.0,Left,3,3,42,76,75,76,76,62,69.0,80,62,90,89,84,65,79,66,High/Medium,Normal (170-)
André Almeida,Domingos André Ribeiro Almeida,23,Portugal,"CM, CAM, CDM",Valencia,La Liga,1.0,28000000.0,31000.0,64400000.0,78,85,1,73.0,66.0,76.0,80.0,68.0,67.0,Right,3,3,57,78,69,82,79,78,82.0,82,59,75,71,78,66,73,69,Medium/Medium,Lean (170-185)
P. Kalulu,Pierre Kazeye Rommel Kalulu Kyatengwa,23,France,"CB, RB",Milan,Serie A,1.0,26000000.0,47000.0,49400000.0,78,85,1,80.0,50.0,68.0,69.0,79.0,75.0,Right,3,2,43,78,70,64,74,59,77.0,72,74,77,83,69,80,80,60,Medium/High,Normal (170-185)
N. Jackson,Nicolas Jackson,22,Senegal,ST,Chelsea,Premier League,1.0,29000000.0,89000.0,60900000.0,78,85,1,76.0,79.0,63.0,78.0,42.0,69.0,Right,3,3,83,73,55,82,80,62,62.0,73,73,76,76,74,41,38,76,High/Low,Lean (185+)
M. van de Ven,Mickey van de Ven,22,Netherlands,"CB, LB",Tottenham Hotspur,Premier League,1.0,26500000.0,59000.0,55700000.0,78,85,1,85.0,43.0,59.0,68.0,79.0,80.0,Left,3,3,37,69,58,68,73,46,68.0,70,84,77,91,59,78,81,48,High/Medium,Normal (185+)
E. Smith Rowe,Emile Smith Rowe,22,England,"LW, CAM",Arsenal,Premier League,1.0,22500000.0,89000.0,47300000.0,78,84,1,76.0,71.0,75.0,81.0,32.0,62.0,Right,4,4,73,80,74,83,81,78,78.0,72,61,76,76,80,37,30,80,High/High,Normal (170-185)
M. Camara,Mohamed Camara,23,Mali,"CDM, CM",Monaco,Ligue 1,1.0,20500000.0,39000.0,43100000.0,78,84,2,80.0,58.0,69.0,78.0,73.0,77.0,Right,3,3,51,78,53,74,77,70,77.0,90,69,82,79,88,73,78,63,Medium/High,Normal (170-185)
M. Olise,Michael Olise,21,France,RW,Crystal Palace,Premier League,1.0,22500000.0,35000.0,47300000.0,78,84,1,80.0,70.0,77.0,83.0,50.0,56.0,Left,2,4,71,78,77,83,82,78,74.0,68,46,81,79,91,52,56,69,Medium/Medium,Lean (185+)
L. Chevalier,Lucas Chevalier,21,France,GK,Lille,Ligue 1,1.0,18500000.0,17000.0,38900000.0,78,84,1,,,,,,,Right,3,1,9,25,12,14,17,47,45.0,34,53,42,40,32,10,10,7,Medium/Medium,Lean (185+)
P. Wimmer,Patrick Wimmer,22,Austria,"RW, CF",VfL Wolfsburg,Bundesliga,1.0,22500000.0,44000.0,42800000.0,78,84,2,83.0,69.0,71.0,81.0,49.0,72.0,Right,4,4,69,74,73,84,79,79,68.0,83,71,85,82,84,53,47,77,High/Medium,Lean (170-185)
G. Scamacca,Gianluca Scamacca,24,Italy,ST,Atalanta,Serie A,1.0,21500000.0,46000.0,38200000.0,78,83,2,68.0,78.0,66.0,74.0,36.0,74.0,Right,3,4,80,74,44,74,79,70,78.0,65,85,61,74,61,40,28,81,Medium/Medium,Normal (185+)
Pepelu,Jose Luís García Vayá,24,Spain,CDM,Valencia,La Liga,1.0,19500000.0,28000.0,42400000.0,78,83,1,64.0,62.0,77.0,70.0,72.0,77.0,Right,3,3,58,80,72,68,74,78,74.0,89,74,62,66,67,72,75,62,Medium/Medium,Lean (185+)
L. Blas,Ludovic Blas,25,France,"CAM, RM, RW",Rennes,Ligue 1,1.0,20500000.0,45000.0,40500000.0,78,83,2,72.0,76.0,76.0,83.0,58.0,65.0,Left,2,4,72,79,73,85,82,78,84.0,74,63,77,68,80,47,64,73,High/Medium,Normal (170-185)
A. Lafont,Alban Lafont,24,France,GK,Nantes,Ligue 1,1.0,17000000.0,16000.0,35300000.0,78,83,2,,,,,,,Right,3,1,6,54,13,14,10,56,61.0,40,70,48,45,60,20,14,4,Medium/Medium,Lean (185+)
T. Tomiyasu,冨安 健洋,24,Japan,"RB, LB",Arsenal,Premier League,1.0,20000000.0,73000.0,39500000.0,78,83,1,71.0,33.0,67.0,71.0,80.0,79.0,Right,5,2,29,75,65,69,74,63,72.0,77,80,72,71,69,81,81,58,Medium/High,Lean (185+)
E. Ndicka,Obite Evan N'Dicka,23,France,CB,Roma,Serie A,1.0,19000000.0,47000.0,33700000.0,78,83,2,77.0,53.0,72.0,71.0,77.0,79.0,Left,3,2,49,79,68,72,76,72,80.0,76,81,74,79,54,78,78,68,High/Medium,Normal (185+)
J. Willock,Joseph Willock,23,England,CM,Newcastle United,Premier League,1.0,21000000.0,81000.0,41500000.0,78,83,1,81.0,72.0,74.0,81.0,72.0,72.0,Right,3,3,74,79,66,84,80,80,78.0,83,66,77,84,79,70,75,79,High/High,Lean (185+)
T. Malacia,Tyrell Malacia,23,Netherlands,LB,Manchester United,Premier League,1.0,20000000.0,78000.0,39500000.0,78,83,1,83.0,56.0,69.0,78.0,74.0,77.0,Left,3,3,50,77,70,78,74,62,75.0,83,71,82,83,84,70,80,57,Medium/High,Normal (170-)
C. Gallagher,Conor Gallagher,23,England,"CM, CDM",Chelsea,Premier League,1.0,21000000.0,81000.0,41500000.0,78,83,2,73.0,75.0,74.0,76.0,68.0,75.0,Right,2,3,75,77,69,77,78,75,72.0,93,64,68,77,68,64,75,78,High/High,Normal (170-185)
Matheus Cunha,Matheus Santos Carneiro Da Cunha,24,Brazil,"ST, CAM, LM",Wolverhampton Wanderers,Premier League,1.0,21500000.0,61000.0,42500000.0,78,83,2,80.0,78.0,75.0,82.0,40.0,73.0,Right,4,4,77,78,75,84,82,77,81.0,78,72,76,84,83,38,38,79,High/High,Lean (170-185)
C. Doucouré,Cheick Oumar Doucouré,23,Mali,"CDM, CM",Crystal Palace,Premier League,1.0,19500000.0,34000.0,38500000.0,78,83,1,66.0,57.0,69.0,75.0,75.0,77.0,Right,3,3,56,77,54,76,77,74,77.0,78,76,64,67,70,74,77,67,Medium/High,Normal (170-185)
M. Caqueret,Maxence Caqueret,23,France,"CM, CDM",Olympique Lyonnais,Ligue 1,1.0,21000000.0,33000.0,41500000.0,78,83,2,75.0,58.0,75.0,80.0,74.0,69.0,Right,3,3,55,81,66,78,80,78,78.0,86,56,76,74,86,75,80,69,High/High,Lean (170-185)
J. Ramsey,Jacob Ramsey,22,England,"LM, CM",Aston Villa,Premier League,1.0,21500000.0,66000.0,42500000.0,78,83,1,76.0,75.0,73.0,80.0,68.0,76.0,Right,4,3,77,77,71,81,78,75,78.0,79,75,75,77,79,69,73,78,High/Medium,Normal (170-185)
Moncayola,Jon Moncayola Tollar,25,Spain,"CM, CDM, RB",Osasuna,La Liga,1.0,20500000.0,29000.0,44600000.0,78,83,1,64.0,66.0,75.0,78.0,73.0,70.0,Right,4,3,68,82,67,82,78,77,73.0,74,67,64,64,66,72,78,74,Medium/High,Lean (170-185)
L. Sinisterra,Luis Fernando Sinisterra Lucumí,24,Colombia,"LM, RM, CAM",AFC Bournemouth,Premier League,1.0,20000000.0,41000.0,,78,82,1,89.0,72.0,70.0,84.0,53.0,61.0,Right,4,4,73,75,68,85,81,73,77.0,70,56,92,87,93,56,48,76,High/Medium,Normal (170-185)
Santi Comesaña,Santiago Comesaña Veiga,26,Spain,"CDM, CM",Villarreal,La Liga,1.0,17500000.0,31000.0,38100000.0,78,82,1,55.0,68.0,69.0,74.0,77.0,74.0,Right,4,3,69,79,49,76,77,72,76.0,76,75,59,52,61,77,81,63,Medium/Medium,Lean (170-185)
D. Raum,David Raum,25,Germany,"LB, LM",RB Leipzig,Bundesliga,1.0,18000000.0,43000.0,32000000.0,78,82,2,88.0,59.0,77.0,77.0,71.0,78.0,Left,2,3,57,75,85,78,77,78,75.0,87,76,86,89,77,70,73,59,High/Low,Normal (170-185)
M. Berisha,Mërgim Berisha,25,Germany,"ST, CF",TSG Hoffenheim,Bundesliga,1.0,20000000.0,38000.0,35500000.0,78,82,2,73.0,79.0,72.0,75.0,37.0,74.0,Right,3,3,80,75,69,75,78,73,75.0,75,76,74,73,69,38,32,81,High/Medium,Normal (185+)
A. Haidara,Amadou Haïdara,25,Mali,"CM, CDM, RM",RB Leipzig,Bundesliga,1.0,19500000.0,48000.0,34600000.0,78,82,2,64.0,72.0,76.0,80.0,70.0,70.0,Right,2,3,69,80,74,81,81,77,76.0,81,65,74,55,78,70,71,74,Medium/Medium,Normal (170-185)
T. Reijnders,Tijjani Reijnders,24,Netherlands,CM,Milan,Serie A,1.0,20000000.0,52000.0,35500000.0,78,82,1,77.0,74.0,75.0,80.0,71.0,73.0,Right,4,3,73,77,72,79,80,78,79.0,92,65,82,73,84,72,71,78,High/Medium,Lean (185+)
K. Mavropanos,Konstantinos Mavropanos,25,Greece,"CB, RB",West Ham United,Premier League,1.0,17500000.0,57000.0,34600000.0,78,82,2,79.0,56.0,54.0,59.0,78.0,82.0,Right,4,2,50,62,45,60,60,44,63.0,65,91,73,83,52,69,86,38,High/Medium,Normal (185+)
A. Saelemaekers,Alexis Jesse Saelemaekers,24,Belgium,"RM, RW",Bologna,Serie A,1.0,20000000.0,52000.0,,78,82,1,80.0,67.0,75.0,81.0,64.0,66.0,Right,4,4,68,77,80,81,81,71,74.0,80,59,82,79,87,68,66,74,High/High,Lean (170-185)
S. Abdul Samed,Salis Abdul Samed,23,Ghana,"CDM, CM",Lens,Ligue 1,1.0,18500000.0,29000.0,36500000.0,78,82,1,62.0,47.0,66.0,71.0,76.0,80.0,Right,2,2,48,76,48,68,75,73,75.0,91,73,61,63,65,77,79,58,Medium/High,Lean (170-185)
M. Trésor,Mike Trésor Ndayishimiye,24,Belgium,"LM, CAM",Burnley,Premier League,1.0,20000000.0,17000.0,,78,82,1,79.0,71.0,79.0,80.0,38.0,58.0,Right,3,5,71,77,83,81,78,84,76.0,69,52,84,75,88,41,35,71,High/Low,Lean (170-185)
Pablo Maffeo,Pablo Carmine Maffeo Becerra,25,Spain,"RWB, LWB",Mallorca,La Liga,1.0,17000000.0,25000.0,37000000.0,78,81,1,82.0,52.0,70.0,78.0,75.0,69.0,Right,3,3,53,75,77,80,80,64,62.0,71,69,85,79,75,73,81,67,High/Medium,Normal (170-185)
M. Lopez,Maxime Lopez,25,France,"CM, CDM",Fiorentina,Serie A,1.0,18500000.0,19000.0,,78,81,1,71.0,71.0,79.0,82.0,67.0,57.0,Right,3,4,72,83,75,79,83,81,73.0,85,34,73,69,90,68,69,63,Medium/Medium,Normal (170-)
G. Castrovilli,Gaetano Castrovilli,26,Italy,CM,Fiorentina,Serie A,1.0,18000000.0,52000.0,32000000.0,78,81,2,73.0,67.0,76.0,82.0,66.0,67.0,Right,3,4,69,82,75,82,83,76,77.0,73,66,74,72,84,64,70,78,High/Medium,Lean (185+)
Renato Sanches,Renato Júnior Luz Sanches,25,Portugal,"CM, RM",Roma,Serie A,1.0,18500000.0,68000.0,,78,81,3,82.0,70.0,77.0,81.0,72.0,82.0,Right,4,4,60,80,75,80,79,79,83.0,77,83,84,81,84,73,75,75,High/High,Normal (170-185)
I. Diop,Issa Diop,26,France,CB,Fulham,Premier League,1.0,16500000.0,69000.0,32600000.0,78,81,2,64.0,37.0,53.0,57.0,79.0,80.0,Right,3,2,30,68,37,52,62,43,70.0,67,87,56,70,52,78,79,42,Medium/Medium,Lean (185+)
J. Karlsson,Karl Jesper Karlsson,24,Sweden,"LM, LW",Bologna,Serie A,1.0,19000000.0,30000.0,35600000.0,78,81,2,83.0,76.0,72.0,82.0,35.0,61.0,Right,3,5,72,72,73,80,82,72,77.0,83,52,84,82,90,32,36,74,High/Medium,Lean (170-185)
Caio Henrique,Caio Henrique Oliveira Silva,25,Brazil,"LB, LWB",Monaco,Ligue 1,1.0,17000000.0,43000.0,33600000.0,78,81,2,80.0,58.0,78.0,78.0,72.0,67.0,Left,2,3,54,78,84,78,81,77,80.0,83,58,79,80,73,72,75,75,High/Medium,Lean (170-185)
R. Doan,堂安 律,25,Japan,"RM, CAM",SC Freiburg,Bundesliga,1.0,18500000.0,29000.0,32800000.0,78,81,2,82.0,71.0,75.0,83.0,40.0,61.0,Left,3,4,70,78,72,83,82,78,74.0,78,59,84,81,89,39,36,71,Medium/Medium,Normal (170-185)
Marcão,Marcos do Nascimento Teixeira,27,Brazil,CB,Sevilla,La Liga,1.0,16000000.0,26000.0,34800000.0,78,81,1,63.0,36.0,60.0,70.0,78.0,85.0,Left,3,2,31,75,35,69,74,58,78.0,85,83,63,63,61,80,78,25,High/High,Normal (185+)
S. Özcan,Salih Özcan,25,Turkey,"CDM, CM",Borussia Dortmund,Bundesliga,1.0,17000000.0,39000.0,30200000.0,78,81,2,75.0,62.0,71.0,76.0,76.0,81.0,Right,3,3,66,76,62,75,75,73,76.0,82,80,77,73,78,74,76,68,Low/High,Stocky (170-185)
S. Longstaff,Sean Longstaff,25,England,CM,Newcastle United,Premier League,1.0,18500000.0,89000.0,36500000.0,78,81,1,64.0,65.0,75.0,74.0,73.0,72.0,Right,3,2,60,80,63,75,78,78,77.0,87,67,61,66,59,75,75,75,High/High,Lean (170-185)
M. Pessina,Matteo Pessina,26,Italy,"CAM, CM, CF",Monza,Serie A,1.0,18500000.0,50000.0,32800000.0,78,81,2,72.0,70.0,77.0,79.0,71.0,72.0,Left,2,3,70,83,70,80,82,80,78.0,81,68,69,75,69,72,73,78,Medium/Medium,Lean (185+)
M. Olivera,Mathías Olivera Miramontes,25,Uruguay,"LB, LWB",Napoli,Serie A,1.0,17000000.0,44000.0,30200000.0,78,81,1,75.0,50.0,69.0,73.0,77.0,77.0,Left,3,3,49,74,76,74,78,62,70.0,78,74,73,76,66,76,78,64,High/Medium,Normal (170-185)
P. Rajković,Predrag Rajković,27,Serbia,GK,Mallorca,La Liga,1.0,14000000.0,21000.0,30500000.0,78,81,2,,,,,,,Right,2,1,9,31,13,8,18,42,32.0,26,66,30,18,32,11,10,4,Medium/Medium,Normal (185+)
B. Mbeumo,Bryan Mbeumo,23,Cameroon,"RW, ST",Brentford,Premier League,1.0,19000000.0,53000.0,37500000.0,78,81,1,83.0,77.0,72.0,78.0,45.0,74.0,Left,2,4,77,72,75,79,76,75,72.0,78,69,87,79,87,44,41,80,High/High,Normal (170-185)
Reguilón,Sergio Reguilón Rodríguez,26,Spain,"LB, LWB",Manchester United,Premier League,1.0,17000000.0,69000.0,,78,81,1,82.0,57.0,74.0,77.0,75.0,70.0,Left,3,3,53,77,79,77,77,73,74.0,72,65,83,81,76,75,77,76,High/Medium,Lean (170-185)
Y. Mvogo,Yvon Landry Mvogo Nganoma,29,Switzerland,GK,Lorient,Ligue 1,1.0,11500000.0,21000.0,23900000.0,78,80,1,,,,,,,Right,3,1,10,24,13,18,27,58,30.0,28,74,43,41,58,28,18,13,Medium/Medium,Normal (185+)
B. Embolo,Breel-Donald Embolo,26,Switzerland,ST,Monaco,Ligue 1,1.0,17500000.0,54000.0,34600000.0,78,80,2,81.0,77.0,70.0,75.0,51.0,83.0,Right,4,3,77,76,63,76,75,72,74.0,78,86,77,84,67,40,63,82,High/Medium,Stocky (185+)
J. Andersen,Joachim Andersen,27,Denmark,CB,Crystal Palace,Premier League,1.0,15000000.0,39000.0,29600000.0,78,80,2,53.0,50.0,70.0,66.0,78.0,81.0,Right,3,2,40,79,49,64,75,67,77.0,70,86,50,55,47,78,78,45,Medium/Medium,Normal (185+)
B. Henrichs,Benjamin Henrichs,26,Germany,"RB, RM, LB",RB Leipzig,Bundesliga,1.0,16000000.0,46000.0,28400000.0,78,80,2,74.0,53.0,73.0,77.0,75.0,73.0,Right,4,3,50,79,77,78,77,69,73.0,75,74,75,73,75,75,77,64,Medium/Medium,Normal (185+)
D. Sow,Mohameth Djibril Ibrahima Sow,26,Switzerland,"CM, CDM",Sevilla,La Liga,1.0,17500000.0,29000.0,38100000.0,78,80,2,79.0,69.0,75.0,77.0,75.0,78.0,Right,4,3,69,79,70,74,81,75,80.0,87,75,76,82,75,75,77,74,Medium/High,Lean (170-185)
D. Doekhi,Danilho Raimundo Doekhi,25,Netherlands,CB,FC Union Berlin,Bundesliga,1.0,15500000.0,32000.0,27500000.0,78,80,1,64.0,42.0,59.0,65.0,78.0,82.0,Right,3,2,39,70,46,60,69,57,75.0,77,86,57,69,64,79,79,49,Medium/High,Normal (185+)
T. Adams,Tyler Shaan Adams,24,United States,"CDM, CM",AFC Bournemouth,Premier League,1.0,16500000.0,40000.0,32600000.0,78,80,3,78.0,48.0,67.0,72.0,77.0,77.0,Right,3,3,48,76,55,68,72,71,77.0,89,68,85,73,77,74,82,65,Medium/High,Normal (170-185)
N. Vlašić,Nikola Vlašić,25,Croatia,"CF, LM, CAM",Torino,Serie A,1.0,18000000.0,47000.0,32000000.0,78,80,2,77.0,75.0,76.0,81.0,57.0,73.0,Right,5,3,73,80,71,82,82,77,77.0,77,70,79,76,78,54,62,75,Medium/Medium,Stocky (170-185)
Emerson Royal,Emerson Aparecido Leite de Souza Junior,24,Brazil,"RB, RWB",Tottenham Hotspur,Premier League,1.0,17000000.0,59000.0,33600000.0,78,80,2,72.0,62.0,71.0,73.0,75.0,77.0,Right,3,3,57,78,75,74,76,65,65.0,80,74,71,73,70,75,77,73,High/Medium,Lean (170-185)
A. Areola,Alphonse Areola,30,France,GK,West Ham United,Premier League,1.0,10500000.0,49000.0,20700000.0,78,79,2,,,,,,,Right,3,1,19,48,20,15,22,59,64.0,38,79,56,54,58,13,18,17,Medium/Medium,Unique
A. Webster,Adam Webster,28,England,CB,Brighton & Hove Albion,Premier League,1.0,13500000.0,72000.0,26700000.0,78,79,1,69.0,31.0,62.0,70.0,79.0,76.0,Right,4,2,30,77,50,69,74,55,78.0,69,79,63,73,62,82,80,26,Medium/Medium,Normal (185+)
S. Gigot,Samuel Gigot,29,France,CB,Olympique de Marseille,Ligue 1,1.0,13000000.0,38000.0,25700000.0,78,79,2,64.0,38.0,62.0,61.0,78.0,81.0,Right,3,2,35,71,61,56,68,55,68.0,71,85,61,67,58,75,79,54,High/Medium,Normal (185+)
A. Sanabria,Arnaldo Antonio Sanabria Ayala,27,Paraguay,ST,Torino,Serie A,1.0,16500000.0,49000.0,29300000.0,78,79,1,78.0,76.0,69.0,81.0,32.0,61.0,Right,4,4,81,77,63,81,82,69,78.0,64,68,80,76,83,42,20,82,High/Medium,Normal (170-185)
R. Tapia,Renato Fabrizio Tapia Cortijo,27,Peru,"CDM, CM, CB",Celta de Vigo,La Liga,1.0,14500000.0,24000.0,31500000.0,78,79,1,68.0,66.0,71.0,69.0,79.0,84.0,Right,4,3,62,77,65,66,71,69,70.0,85,86,69,67,66,76,84,68,Medium/High,Normal (185+)
R. Henry,Rico Henry,25,England,"LB, LWB",Brentford,Premier League,1.0,15500000.0,48000.0,30600000.0,78,79,1,89.0,41.0,62.0,75.0,74.0,72.0,Left,2,3,40,69,68,71,74,55,72.0,80,65,91,87,89,78,78,67,High/High,Lean (170-)
Pedraza,Alfonso Pedraza Sag,27,Spain,LB,Villarreal,La Liga,1.0,15000000.0,31000.0,32600000.0,78,79,1,80.0,72.0,72.0,75.0,74.0,75.0,Left,2,3,72,74,76,77,76,69,66.0,81,74,78,81,75,74,77,75,High/Medium,Lean (170-185)
Arthur,Arthur Henrique Ramos de Oliveira Melo,26,Brazil,"CM, CDM",Fiorentina,Serie A,1.0,16500000.0,90000.0,,78,79,2,65.0,65.0,79.0,84.0,71.0,66.0,Right,3,4,56,83,78,83,86,77,83.0,67,65,67,63,79,73,72,70,Medium/Medium,Unique
D. Lukébakio,Dodi Lukébakio,25,Belgium,"RM, ST",Sevilla,La Liga,1.0,17000000.0,27000.0,37000000.0,78,79,2,84.0,78.0,70.0,82.0,31.0,59.0,Left,3,4,77,73,73,85,83,70,76.0,64,68,82,86,77,31,29,77,Medium/Low,Lean (185+)
R. Orsolini,Riccardo Orsolini,26,Italy,"RM, CF, RW",Bologna,Serie A,1.0,16500000.0,35000.0,30900000.0,78,79,2,79.0,75.0,74.0,82.0,39.0,65.0,Left,4,4,73,74,75,84,84,77,73.0,67,72,79,79,83,52,26,72,Medium/Medium,Normal (170-185)
M. Nzola,M'Bala Nzola,26,Angola,ST,Fiorentina,Serie A,1.0,17000000.0,57000.0,30200000.0,78,79,1,89.0,75.0,60.0,75.0,29.0,82.0,Left,4,3,80,69,52,75,78,53,76.0,78,89,87,90,66,20,24,78,High/Medium,Stocky (185+)
Vesga,Mikel Vesga Arruti,30,Spain,CM,Athletic Club,La Liga,1.0,13500000.0,29000.0,28400000.0,78,78,1,47.0,78.0,74.0,67.0,77.0,81.0,Left,3,3,83,80,63,68,74,80,68.0,83,87,37,55,47,77,80,72,Medium/High,Normal (185+)
Dante,Dante Bonfim da Costa Santos,39,Brazil,CB,Nice,Ligue 1,1.0,2500000.0,26000.0,4800000.0,78,78,3,32.0,52.0,68.0,65.0,79.0,79.0,Left,4,3,47,77,58,61,77,64,79.0,67,86,32,32,41,81,79,41,Low/High,Normal (185+)
Ó. Trejo,Óscar Guido Trejo,35,Argentina,CAM,Rayo Vallecano,La Liga,1.0,6000000.0,17000.0,12600000.0,78,78,2,67.0,76.0,78.0,82.0,70.0,76.0,Right,4,3,75,81,73,84,78,80,76.0,87,74,65,69,91,70,71,75,High/Medium,Normal (170-185)
E. Choupo-Moting,Jean-Eric Maxim Choupo-Moting,34,Cameroon,ST,FC Bayern München,Bundesliga,1.0,7000000.0,60000.0,11600000.0,78,78,2,64.0,77.0,69.0,79.0,38.0,70.0,Right,4,3,83,75,67,81,80,70,75.0,55,81,55,72,73,31,36,82,Medium/Medium,Normal (185+)
Guaita,Vicente Guaita Panadero,36,Spain,GK,Celta de Vigo,La Liga,1.0,1600000.0,13000.0,3400000.0,78,78,2,,,,,,,Right,3,1,11,44,34,16,24,54,62.0,41,64,46,52,63,23,15,13,Medium/Medium,Normal (185+)
M. Antonio,Michail Antonio,33,Jamaica,ST,West Ham United,Premier League,1.0,9000000.0,71000.0,17100000.0,78,78,2,78.0,74.0,73.0,76.0,54.0,82.0,Right,3,4,75,75,74,78,76,73,73.0,70,86,72,83,65,48,56,79,High/Medium,Stocky (170-185)
P. Groß,Pascal Groß,32,Germany,"CM, CDM, RB",Brighton & Hove Albion,Premier League,1.0,11000000.0,76000.0,20900000.0,78,78,2,52.0,75.0,82.0,77.0,62.0,72.0,Right,4,4,74,82,84,77,79,82,83.0,85,68,55,50,67,66,63,79,High/High,Lean (170-185)
S. El Shaarawy,Stephan El Shaarawy,30,Italy,"LM, LW",Roma,Serie A,1.0,13500000.0,59000.0,23000000.0,78,78,3,86.0,75.0,75.0,79.0,49.0,63.0,Right,3,4,73,75,76,76,79,78,77.0,69,63,86,86,91,65,42,76,Medium/Medium,Lean (170-185)
Alex Sandro,Alex Sandro Lobo Silva,32,Brazil,"LB, CB",Juventus,Serie A,1.0,9500000.0,82000.0,16200000.0,78,78,3,73.0,65.0,74.0,78.0,75.0,77.0,Left,3,3,55,76,82,79,81,72,78.0,77,77,71,74,69,73,78,69,Medium/Medium,Unique
R. Pereyra,Roberto Maximiliano Pereyra,32,Argentina,"CM, RM, CF",Udinese,Serie A,1.0,11000000.0,20000.0,19800000.0,78,78,2,77.0,74.0,78.0,81.0,68.0,71.0,Right,4,4,74,80,76,82,82,79,78.0,78,68,79,76,76,66,72,77,High/High,Lean (170-185)
Aitor,Aitor Fernández Abarisketa,32,Spain,GK,Osasuna,La Liga,1.0,7000000.0,22000.0,14700000.0,78,78,1,,,,,,,Right,2,1,12,38,30,22,14,50,55.0,42,52,58,53,55,14,13,15,Medium/Medium,Normal (170-185)
Neto,Norberto Murara Neto,33,Brazil,GK,AFC Bournemouth,Premier League,1.0,4600000.0,37000.0,8700000.0,78,78,2,,,,,,,Right,2,1,15,36,11,19,24,42,64.0,40,61,56,52,59,17,14,11,Medium/Medium,Lean (185+)
F. Kainz,Florian Kainz,30,Austria,"CAM, LM",FC Köln,Bundesliga,1.0,13500000.0,31000.0,24300000.0,78,78,2,70.0,75.0,79.0,79.0,44.0,64.0,Right,5,4,75,79,79,78,79,80,77.0,79,54,79,63,85,55,41,75,High/Medium,Lean (170-185)
D. Lovren,Dejan Lovren,33,Croatia,CB,Olympique Lyonnais,Ligue 1,1.0,6500000.0,34000.0,12400000.0,78,78,3,55.0,40.0,60.0,62.0,79.0,78.0,Right,4,2,33,68,59,63,65,56,69.0,64,83,46,63,46,76,81,21,Medium/High,Normal (185+)
S. Aurier,Serge Alain Stéphane Aurier,30,Côte d'Ivoire,"RB, RWB",Nottingham Forest,Premier League,1.0,12000000.0,58000.0,22800000.0,78,78,2,69.0,62.0,74.0,74.0,76.0,74.0,Right,3,3,58,81,80,73,78,71,73.0,66,72,73,66,68,76,76,68,High/Medium,Stocky (170-185)
Dani Rodríguez,Daniel José Rodríguez Vázquez,35,Spain,"RM, LM, CM",Mallorca,La Liga,1.0,6000000.0,21000.0,12600000.0,78,78,1,84.0,75.0,76.0,74.0,63.0,69.0,Right,3,3,79,78,72,75,78,76,66.0,77,68,78,89,65,58,69,74,High/High,Normal (170-185)
Pablo Sarabia,Pablo Sarabia García,31,Spain,"RM, CAM",Wolverhampton Wanderers,Premier League,1.0,11500000.0,64000.0,21900000.0,78,78,2,69.0,73.0,80.0,80.0,57.0,60.0,Left,4,4,72,81,81,80,81,81,76.0,67,59,72,67,81,60,54,77,High/Medium,Lean (170-185)
A. Marchesín,Agustín Federico Marchesín,35,Argentina,GK,Celta de Vigo,La Liga,1.0,1600000.0,13000.0,3400000.0,78,78,1,,,,,,,Right,3,1,14,37,18,24,20,65,64.0,38,59,55,52,65,22,15,18,Medium/Medium,Normal (185+)
Ismaily,Ismaily Gonçalves dos Santos,33,Brazil,LB,Lille,Ligue 1,1.0,7500000.0,32000.0,14300000.0,78,78,2,80.0,64.0,73.0,78.0,73.0,75.0,Left,2,4,60,77,78,78,79,71,79.0,86,75,84,77,72,75,74,77,High/Medium,Stocky (170-185)
Gabriel Paulista,Gabriel Armando de Abreu,32,Brazil,CB,Valencia,La Liga,1.0,9000000.0,33000.0,18900000.0,78,78,2,65.0,49.0,66.0,62.0,79.0,79.0,Right,2,2,42,72,63,58,65,62,69.0,74,78,64,66,65,78,78,51,Low/High,Lean (185+)
R. Freuler,Remo Marco Freuler,31,Switzerland,"CDM, CM",Bologna,Serie A,1.0,10000000.0,32000.0,18000000.0,78,78,2,64.0,69.0,73.0,76.0,74.0,73.0,Right,3,4,65,78,63,76,80,75,82.0,88,69,63,65,67,78,78,75,Medium/Medium,Normal (170-185)
Héctor Bellerín,Héctor Bellerín Moruno,28,Spain,"RB, RWB",Real Betis,La Liga,1.0,12500000.0,25000.0,26300000.0,78,78,3,81.0,51.0,70.0,76.0,74.0,64.0,Right,2,3,52,76,76,76,78,66,70.0,72,57,79,82,75,74,77,67,High/Low,Lean (170-185)
P. Gazzaniga,Paulo Dino Gazzaniga,31,Argentina,GK,Girona,La Liga,1.0,7500000.0,21000.0,15800000.0,78,78,1,,,,,,,Right,3,1,12,49,23,20,31,64,61.0,42,55,57,56,65,23,21,15,Medium/Medium,Lean (185+)
Fernando,Fernando Martínez Rubio,33,Spain,GK,Almería,La Liga,1.0,4600000.0,21000.0,9700000.0,78,78,1,,,,,,,Right,2,1,19,32,17,14,23,51,50.0,30,64,48,47,43,15,11,16,Medium/Medium,Normal (170-185)
J. Ward-Prowse,James Ward-Prowse,28,England,CM,West Ham United,Premier League,1.0,14000000.0,68000.0,26600000.0,78,78,2,57.0,72.0,85.0,74.0,64.0,71.0,Right,3,3,70,84,90,71,80,81,77.0,92,60,63,52,72,62,70,65,High/High,Normal (170-185)
T. Stepanenko,Taras Stepanenko,33,Ukraine,CDM,Shakhtar Donetsk,Premier League,1.0,7000000.0,1000.0,15400000.0,78,78,1,65.0,62.0,71.0,68.0,76.0,79.0,Left,3,3,56,80,63,64,73,67,77.0,80,76,68,63,63,78,76,60,High/High,Normal (170-185)
Felipe,Felipe Augusto de Almeida Monteiro,34,Brazil,CB,Nottingham Forest,Premier League,1.0,4600000.0,58000.0,8700000.0,78,78,3,52.0,44.0,56.0,58.0,78.0,81.0,Right,3,2,40,69,45,55,61,50,71.0,62,88,48,55,56,78,78,34,Low/High,Normal (185+)
S. Kolašinac,Sead Kolašinac,30,Bosnia and Herzegovina,"CB, LB",Atalanta,Serie A,1.0,11500000.0,44000.0,19600000.0,78,78,2,69.0,63.0,67.0,68.0,76.0,84.0,Left,2,2,60,72,73,67,72,65,70.0,73,88,65,73,59,76,77,69,Medium/High,Stocky (170-185)
J. Veltman,Joël Ivo Veltman,31,Netherlands,"RB, CB",Brighton & Hove Albion,Premier League,1.0,10000000.0,69000.0,19000000.0,78,78,2,61.0,49.0,68.0,71.0,80.0,74.0,Right,4,2,50,77,73,68,74,55,79.0,74,72,60,61,66,81,81,55,Medium/Medium,Normal (170-185)
A. Belotti,Andrea Belotti,29,Italy,ST,Roma,Serie A,1.0,14000000.0,67000.0,23800000.0,78,78,3,73.0,76.0,58.0,76.0,38.0,82.0,Right,5,3,77,68,42,75,75,61,81.0,75,85,70,75,74,44,23,84,High/Medium,Normal (170-185)
A. Thomasson,Adrien Thomasson,29,France,"LW, RW, CM",Lens,Ligue 1,1.0,14000000.0,42000.0,26600000.0,78,78,2,69.0,74.0,78.0,80.0,65.0,70.0,Right,4,4,75,80,79,80,81,79,77.0,77,67,68,69,77,63,68,78,High/High,Lean (170-185)
Rubén García,Rubén García Santos,29,Spain,"LM, CAM, RM",Osasuna,La Liga,1.0,14000000.0,31000.0,29400000.0,78,78,2,76.0,76.0,79.0,78.0,45.0,52.0,Left,2,4,77,80,80,78,79,78,67.0,63,44,83,71,81,45,47,74,High/Medium,Normal (170-185)
P. Max,Philipp Martin Max,29,Germany,"LWB, LM",Eintracht Frankfurt,Bundesliga,1.0,12500000.0,37000.0,21300000.0,78,78,2,77.0,65.0,77.0,75.0,70.0,74.0,Left,3,3,63,76,84,73,76,73,74.0,82,70,79,75,76,69,72,69,Medium/Medium,Normal (170-185)
M. Lemina,Mario René Junior Lemina,29,Gabon,"CDM, CM",Wolverhampton Wanderers,Premier League,1.0,12000000.0,61000.0,22800000.0,78,78,2,68.0,67.0,75.0,75.0,75.0,77.0,Right,4,3,59,79,71,76,77,72,78.0,77,76,67,68,69,76,77,69,Medium/Medium,Normal (170-185)
S. Azmoun,Sardar Azmoun,28,Iran,"ST, CAM",Roma,Serie A,1.0,14500000.0,56000.0,,78,78,2,79.0,75.0,71.0,78.0,40.0,73.0,Right,4,3,76,77,64,77,79,77,79.0,68,76,78,79,77,39,33,82,Medium/Medium,Normal (185+)
G. Simeone,Giovanni Pablo Simeone,27,Argentina,ST,Napoli,Serie A,1.0,15000000.0,55000.0,25500000.0,78,78,2,75.0,79.0,64.0,75.0,41.0,75.0,Right,4,3,81,71,55,74,78,60,75.0,73,74,76,74,75,44,38,79,High/Medium,Normal (170-185)
M. Dahoud,Mahmoud Dahoud,27,Germany,"CM, CDM",Brighton & Hove Albion,Premier League,1.0,15000000.0,76000.0,28500000.0,78,78,2,67.0,68.0,77.0,83.0,66.0,68.0,Right,4,4,60,83,67,84,83,80,75.0,83,59,77,59,86,74,61,66,High/Medium,Lean (170-185)
H. Hateboer,Hans Hateboer,29,Netherlands,"RWB, RM, RB",Atalanta,Serie A,1.0,12500000.0,46000.0,21300000.0,78,78,3,79.0,64.0,72.0,77.0,74.0,76.0,Right,3,3,64,75,79,78,78,72,76.0,74,75,78,80,68,72,77,76,High/Medium,Lean (185+)
Munir,Munir El Haddadi Mohamed,27,Morocco,"LM, ST, RM",Las Palmas,La Liga,1.0,15000000.0,23000.0,33000000.0,78,78,1,75.0,78.0,77.0,80.0,35.0,62.0,Left,3,4,79,80,76,80,81,78,75.0,67,59,78,73,83,38,27,75,High/Low,Lean (170-185)
M. Dúbravka,Martin Dúbravka,34,Slovakia,GK,Newcastle United,Premier League,1.0,2400000.0,69000.0,4600000.0,78,78,2,,,,,,,Right,2,1,10,48,12,19,33,58,59.0,38,60,48,44,47,19,15,12,Medium/Medium,Normal (185+)
S. Benrahma,Mohamed Saïd Benrahma,27,Algeria,"LM, CAM",West Ham United,Premier League,1.0,15000000.0,66000.0,28500000.0,78,78,2,74.0,75.0,75.0,82.0,40.0,57.0,Right,4,4,72,77,74,83,81,78,74.0,70,53,78,70,85,45,35,76,High/Medium,Normal (170-185)
N. Keïta,Naby Keïta,28,Guinea,CM,Werder Bremen,Bundesliga,1.0,14000000.0,29000.0,25200000.0,78,78,3,69.0,72.0,75.0,84.0,69.0,67.0,Right,4,4,72,81,63,83,83,79,83.0,69,62,77,62,87,69,73,74,Medium/Medium,Lean (170-185)
J. Gradit,Jonathan Gradit,30,France,CB,Lens,Ligue 1,1.0,11500000.0,34000.0,21900000.0,78,78,1,71.0,29.0,63.0,69.0,78.0,79.0,Right,2,2,19,74,63,68,71,60,74.0,77,79,72,70,64,78,80,54,Medium/High,Normal (170-185)
Lee Jae Sung,이재성 李在成,30,Korea Republic,"CAM, CF, CM",FSV Mainz 05,Bundesliga,1.0,13500000.0,31000.0,23000000.0,78,78,2,65.0,71.0,75.0,82.0,59.0,62.0,Left,3,3,71,80,68,82,82,80,78.0,87,48,74,58,85,53,59,80,High/Medium,Lean (170-185)
R. Karsdorp,Rick Karsdorp,28,Netherlands,"RM, RWB, RB",Roma,Serie A,1.0,14000000.0,62000.0,23800000.0,78,78,2,80.0,63.0,75.0,78.0,76.0,79.0,Right,3,3,53,79,78,77,83,70,78.0,80,79,76,83,70,76,78,77,Medium/Medium,Normal (170-185)
S. Becker,Sheraldo Becker,28,Suriname,"ST, RM",FC Union Berlin,Bundesliga,1.0,14500000.0,41000.0,24700000.0,78,78,2,94.0,76.0,70.0,79.0,35.0,69.0,Right,2,3,79,74,74,80,78,66,73.0,73,73,93,95,78,21,32,78,Medium/Low,Normal (170-185)
M. Wolf,Marius Wolf,28,Germany,"RB, RM",Borussia Dortmund,Bundesliga,1.0,12500000.0,42000.0,21300000.0,78,78,2,81.0,71.0,73.0,75.0,72.0,79.0,Right,4,3,73,74,80,77,75,72,80.0,84,77,78,83,67,73,75,76,High/Medium,Lean (185+)
Nélson Semedo,Nélson Cabral Semedo,29,Portugal,"RB, RWB",Wolverhampton Wanderers,Premier League,1.0,12500000.0,61000.0,23800000.0,78,78,2,83.0,57.0,69.0,79.0,74.0,74.0,Right,3,4,50,75,75,78,80,64,78.0,78,69,82,83,80,73,78,72,High/Medium,Unique
R. Krunić,Rade Krunić,29,Bosnia and Herzegovina,"CM, CAM, CDM",Milan,Serie A,1.0,13500000.0,62000.0,23000000.0,78,78,1,67.0,72.0,77.0,78.0,74.0,73.0,Right,3,3,70,82,70,78,82,77,75.0,76,72,71,64,73,74,75,76,High/High,Normal (170-185)
S. Sensi,Stefano Sensi,27,Italy,"CM, CAM, CF",Inter,Serie A,1.0,15000000.0,70000.0,25500000.0,78,78,1,73.0,62.0,83.0,82.0,65.0,57.0,Right,4,4,53,88,78,82,85,82,78.0,65,48,78,68,82,61,69,62,Medium/Medium,Unique
Gerson Armão,Gérson Adriano Gutierres Serra,23,Brazil,"LB, LWB, LM",Internacional,Serie A,1.0,15000000.0,24000.0,28500000.0,78,78,1,79.0,67.0,71.0,71.0,74.0,79.0,Left,5,3,54,77,76,71,72,56,77.0,89,67,77,80,68,74,77,57,High/High,Normal (185+)
Wellington Sabrão,Wellingt. Edson Sabrão Rolim,35,Brazil,"RB, LB",Flamengo,Serie A,1.0,4300000.0,26000.0,7700000.0,78,78,1,92.0,56.0,68.0,73.0,72.0,70.0,Right,3,2,50,73,76,75,71,60,71.0,78,69,94,90,74,72,75,60,High/High,Normal (170-)
Zervandro,A. Zervandro Chiamuloira Paes,23,Brazil,"CB, LB",Internacional,Serie A,1.0,14000000.0,24000.0,26600000.0,78,78,1,68.0,48.0,60.0,54.0,79.0,74.0,Left,3,2,51,68,55,44,62,47,70.0,63,74,67,69,49,81,78,24,Medium/Medium,Normal (170-185)
Pedrão Tofico,Pedro Tofico Dourado Hermes,27,Brazil,CB,Flamengo,Serie A,1.0,13000000.0,37000.0,23400000.0,78,78,1,58.0,29.0,63.0,58.0,77.0,85.0,Right,3,2,21,71,65,51,69,59,66.0,71,93,54,62,51,73,81,37,Low/High,Normal (185+)
Hediselton,Hediselton Simão Resende,23,Brazil,"RB, RM, CM",Bragantino,Serie A,1.0,15000000.0,16000.0,28500000.0,78,78,1,78.0,71.0,71.0,76.0,74.0,74.0,Right,3,4,69,76,76,76,75,64,80.0,88,67,84,73,77,78,75,76,Medium/Medium,Normal (170-185)
Vieirundinho,Danilo Manuel Vieira Espíndola,35,Brazil,CB,Santos,Serie A,1.0,3700000.0,20000.0,7000000.0,78,78,1,59.0,39.0,53.0,57.0,80.0,82.0,Right,2,2,29,69,42,48,67,32,68.0,79,84,62,57,61,83,80,26,Medium/Medium,Normal (185+)
Albertinho Dutra,Alberto Marcelo Dutra Cirino,31,Brazil,"LW, LM",São Paulo,Serie A,1.0,11500000.0,43000.0,21900000.0,78,78,1,81.0,72.0,81.0,80.0,23.0,50.0,Left,3,4,73,85,86,80,79,69,71.0,75,46,82,80,88,28,20,73,High/Low,Normal (170-185)
Guilson Paiva,G. Pierre Paiva Souza,27,Brazil,"RM, RW",Flamengo,Serie A,1.0,15000000.0,40000.0,27000000.0,78,78,1,83.0,69.0,75.0,78.0,42.0,69.0,Right,4,3,69,78,75,81,77,75,62.0,69,72,90,78,73,36,49,73,Medium/Medium,Lean (170-185)
Arturo Inálcio,Arturo Adolfo Inálcio Dutra,23,Brazil,"CM, CAM",Flamengo,Serie A,1.0,16000000.0,35000.0,28800000.0,78,78,1,83.0,72.0,75.0,78.0,52.0,48.0,Right,3,2,70,85,63,78,80,77,60.0,74,35,80,86,90,24,66,74,Medium/Medium,Normal (170-)
Fredditinho,Fred Claudinei Tófoli Vilela,35,Brazil,ST,Palmeiras,Serie A,1.0,6000000.0,33000.0,10800000.0,78,78,1,73.0,80.0,63.0,74.0,39.0,77.0,Right,1,2,83,69,50,72,74,65,72.0,65,90,74,73,82,26,39,78,Medium/Medium,Normal (185+)
Jason Bardeira,Jason Bardeira Cunha,23,Brazil,ST,Corinthians,Serie A,1.0,16500000.0,31000.0,31400000.0,78,78,1,73.0,82.0,62.0,70.0,31.0,75.0,Right,3,2,86,66,59,69,70,65,80.0,74,79,77,70,70,38,19,74,High/High,Stocky (185+)
Jonatão Praz,Jonathan Prazeres Conradi,23,Brazil,LW,Flamengo,Serie A,1.0,16000000.0,38000.0,28800000.0,78,78,1,78.0,69.0,77.0,79.0,45.0,54.0,Left,4,4,74,79,82,82,77,75,69.0,58,49,81,75,79,50,38,77,High/Low,Normal (170-185)
R. Malinovskyi,Ruslan Malinovskyi,30,Ukraine,"CF, CAM",Genoa,Serie A,1.0,14000000.0,43000.0,,78,78,3,74.0,79.0,80.0,78.0,64.0,80.0,Left,4,4,74,80,79,79,80,80,75.0,80,81,74,74,69,55,72,76,Medium/Medium,Stocky (170-185)
J. Ito,伊东 纯也,30,Japan,"RM, ST",Stade de Reims,Ligue 1,1.0,13500000.0,27000.0,27000000.0,78,78,2,88.0,70.0,73.0,78.0,58.0,68.0,Right,4,4,71,73,75,78,77,78,77.0,89,60,91,85,84,54,61,75,High/Medium,Lean (170-185)
A. Barák,Antonín Barák,28,Czech Republic,"CM, CAM, CF",Fiorentina,Serie A,1.0,14000000.0,55000.0,23800000.0,78,78,1,73.0,77.0,79.0,80.0,65.0,75.0,Left,3,4,76,81,77,80,83,78,80.0,82,75,73,73,73,61,67,79,High/Medium,Normal (185+)
N. Maksimović,Nemanja Maksimović,28,Serbia,"CM, CDM",Getafe,La Liga,1.0,14000000.0,31000.0,29400000.0,78,78,1,47.0,72.0,74.0,73.0,77.0,76.0,Right,3,3,74,78,65,75,77,79,76.0,82,74,49,45,58,76,79,79,High/High,Normal (185+)
Junior Messias,Junior Walter Messias,32,Brazil,"RM, RW",Genoa,Serie A,1.0,11000000.0,59000.0,,78,78,1,82.0,73.0,73.0,81.0,49.0,60.0,Left,3,3,75,77,69,84,81,74,65.0,66,58,80,84,81,45,51,73,High/Medium,Lean (170-185)
Luis Milla,Luis Milla Manzanares,28,Spain,"CM, CDM",Getafe,La Liga,1.0,14000000.0,31000.0,29400000.0,78,78,2,68.0,72.0,77.0,74.0,75.0,73.0,Right,3,3,70,81,72,72,78,78,79.0,84,70,72,65,69,76,81,79,High/High,Lean (170-185)
V. Coufal,Vladimír Coufal,30,Czech Republic,RB,West Ham United,Premier League,1.0,12000000.0,60000.0,22800000.0,78,78,2,65.0,56.0,72.0,73.0,77.0,80.0,Right,3,3,50,75,78,72,75,68,72.0,84,75,70,61,64,77,81,68,High/High,Normal (170-185)
A. Espino,Luis Alfonso Espino García,31,Uruguay,LB,Rayo Vallecano,La Liga,1.0,10000000.0,21000.0,21000000.0,78,78,2,87.0,63.0,68.0,73.0,75.0,82.0,Left,3,3,60,67,77,76,69,60,69.0,90,78,88,86,73,72,78,70,High/Medium,Stocky (170-185)
M. Uzuni,Myrto Uzuni,28,Albania,"ST, LM, RM",Granada,La Liga,1.0,14500000.0,26000.0,31900000.0,78,78,1,82.0,79.0,70.0,81.0,32.0,65.0,Right,3,4,84,72,73,83,81,72,80.0,67,60,81,83,82,22,22,76,High/Medium,Stocky (170-185)
A. Güler,Arda Güler,18,Turkey,"CAM, CM, RW",Real Madrid,La Liga,1.0,22000000.0,41000.0,49500000.0,77,88,1,72.0,70.0,80.0,81.0,52.0,50.0,Left,3,4,68,81,80,83,81,80,77.0,70,43,75,69,82,52,57,68,High/Medium,Lean (170-185)
Y. Moukoko,Youssoufa Moukoko,18,Germany,ST,Borussia Dortmund,Bundesliga,1.0,22500000.0,18000.0,42800000.0,77,87,2,80.0,75.0,59.0,80.0,34.0,65.0,Left,4,4,79,71,47,79,81,59,75.0,68,68,82,79,85,30,31,78,Medium/Low,Unique
F. Parisi,Fabiano Parisi,22,Italy,LB,Fiorentina,Serie A,1.0,22500000.0,39000.0,42800000.0,77,87,1,80.0,67.0,70.0,77.0,72.0,75.0,Left,3,2,60,74,77,79,76,56,72.0,80,73,80,80,77,75,75,69,High/Medium,Normal (170-185)
N. Fagioli,Nicolò Fagioli,22,Italy,"CM, CDM",Juventus,Serie A,1.0,23500000.0,73000.0,44700000.0,77,87,1,76.0,63.0,78.0,79.0,70.0,70.0,Right,4,4,52,83,69,79,81,80,72.0,79,65,75,77,77,69,74,62,Medium/Medium,Normal (170-185)
T. Baldanzi,Tommaso Baldanzi,20,Italy,"CAM, CF",Empoli,Serie A,1.0,23000000.0,10000.0,46000000.0,77,87,1,78.0,73.0,73.0,79.0,41.0,50.0,Left,3,3,72,78,68,79,80,77,69.0,68,40,79,78,83,42,41,76,High/Medium,Normal (170-)
A. Buongiorno,Alessandro Buongiorno,24,Italy,CB,Torino,Serie A,1.0,22000000.0,33000.0,41800000.0,77,86,1,66.0,45.0,69.0,64.0,79.0,74.0,Left,3,2,36,77,63,60,71,67,70.0,70,77,62,69,57,81,81,37,Medium/Medium,Lean (185+)
N. Rovella,Nicolò Rovella,21,Italy,"CM, CDM",Lazio,Serie A,1.0,23500000.0,62000.0,,77,86,1,77.0,63.0,76.0,77.0,74.0,71.0,Right,4,3,52,81,67,75,79,76,74.0,87,59,75,79,79,74,79,68,Medium/Medium,Lean (170-185)
D. Udogie,Iyenoma Destiny Udogie,20,Italy,"LB, LM",Tottenham Hotspur,Premier League,1.0,22000000.0,46000.0,46200000.0,77,86,1,88.0,63.0,68.0,76.0,70.0,77.0,Left,3,3,64,74,76,76,78,60,64.0,79,75,86,89,80,68,73,69,High/High,Normal (185+)
H. Elliott,Harvey Elliott,20,England,"CAM, CM, RW",Liverpool,Premier League,1.0,23000000.0,65000.0,47200000.0,77,85,1,75.0,64.0,75.0,81.0,46.0,52.0,Left,4,4,64,78,75,81,79,80,76.0,74,41,79,71,87,45,50,79,High/Medium,Lean (170-)
J. Doku,Jérémy Doku,21,Belgium,"RM, RW",Manchester City,Premier League,1.0,23500000.0,73000.0,48200000.0,77,85,3,91.0,67.0,68.0,82.0,25.0,65.0,Right,3,4,70,73,67,85,77,71,72.0,63,68,94,89,92,22,28,72,Medium/Medium,Normal (170-185)
A. Hložek,Adam Hložek,20,Czech Republic,"ST, CAM",Bayer 04 Leverkusen,Bundesliga,1.0,23500000.0,39000.0,44700000.0,77,85,1,76.0,77.0,73.0,77.0,31.0,79.0,Right,4,3,78,75,69,77,79,78,78.0,76,83,80,73,69,23,32,77,Medium/Medium,Normal (185+)
K. Koné,Emmanuel Kouadio Koné,22,France,CM,Borussia Mönchengladbach,Bundesliga,1.0,23500000.0,25000.0,44700000.0,77,85,2,73.0,70.0,74.0,82.0,69.0,75.0,Right,3,4,71,78,70,84,82,78,77.0,75,75,76,71,78,64,74,69,Medium/Medium,Lean (185+)
Riquelme,Rodrigo Riquelme Reche,23,Spain,"LM, CAM",Atlético Madrid,La Liga,1.0,23500000.0,41000.0,52900000.0,77,85,1,78.0,75.0,74.0,80.0,38.0,50.0,Right,3,3,76,77,74,82,79,74,73.0,55,43,80,77,83,37,32,73,High/Medium,Lean (170-185)
N. Madueke,Chukwunonso Tristan Madueke,21,England,"RW, RM",Chelsea,Premier League,1.0,23500000.0,72000.0,49400000.0,77,85,1,90.0,71.0,68.0,82.0,35.0,62.0,Left,4,4,72,71,66,85,81,69,72.0,64,64,91,89,84,41,31,67,Medium/Low,Lean (170-185)
M. Thiaw,Malick Laye Thiaw,21,Germany,CB,Milan,Serie A,1.0,22000000.0,36000.0,41800000.0,77,85,1,74.0,47.0,61.0,65.0,77.0,75.0,Right,4,2,43,72,49,62,68,55,71.0,65,79,72,76,67,77,78,42,Medium/Medium,Normal (185+)
Rodri,Rodrigo Sánchez Rodríguez,23,Spain,"LM, RM, CAM",Real Betis,La Liga,1.0,23500000.0,21000.0,54100000.0,77,85,1,74.0,73.0,75.0,79.0,38.0,53.0,Left,4,3,74,81,68,79,80,79,65.0,62,49,78,71,82,32,42,74,High/Medium,Normal (170-)
C. Lukeba,Junior Castello Lukeba,20,France,CB,RB Leipzig,Bundesliga,1.0,21500000.0,31000.0,40900000.0,77,85,2,78.0,43.0,67.0,71.0,78.0,76.0,Left,2,2,41,77,59,70,72,67,80.0,74,78,71,83,69,78,79,44,Medium/High,Lean (170-185)
Luiz Henrique,Luiz Henrique André Rosa da Silva,22,Brazil,"RM, LM",Real Betis,La Liga,1.0,23500000.0,21000.0,54100000.0,77,85,1,83.0,70.0,69.0,81.0,53.0,65.0,Left,4,4,71,74,75,84,83,66,63.0,74,61,84,83,79,47,56,74,High/Medium,Lean (170-185)
M. Retegui,Mateo Retegui,24,Italy,ST,Genoa,Serie A,1.0,21500000.0,25000.0,43000000.0,77,84,1,74.0,77.0,64.0,70.0,36.0,77.0,Right,3,3,82,70,51,69,76,67,75.0,74,85,69,78,62,34,29,81,High/Low,Normal (185+)
M. Shaparenko,Mykola Shaparenko,24,Ukraine,"CM, CAM",Dynamo Kyiv,Premier League,1.0,21000000.0,1000.0,50400000.0,77,84,1,77.0,72.0,77.0,78.0,65.0,69.0,Right,3,3,70,78,73,78,80,80,70.0,78,60,80,75,82,65,69,72,High/Medium,Lean (170-185)
E. Le Fée,Enzo Jérémy Le Fée,23,France,"CM, CAM",Rennes,Ligue 1,1.0,21000000.0,38000.0,44100000.0,77,84,2,60.0,56.0,78.0,79.0,62.0,50.0,Right,3,4,49,84,69,79,82,80,80.0,64,41,57,63,68,63,65,77,Medium/Medium,Lean (170-)
F. Nmecha,Felix Kalu Nmecha,22,Germany,"CM, LM",Borussia Dortmund,Bundesliga,1.0,21500000.0,36000.0,40900000.0,77,84,1,82.0,68.0,72.0,79.0,70.0,74.0,Right,3,4,66,80,56,80,80,78,76.0,77,75,80,83,78,57,78,76,High/Medium,Normal (185+)
Samuel Lino,Samuel Dias Lino,23,Brazil,LM,Atlético Madrid,La Liga,1.0,21000000.0,41000.0,47300000.0,77,84,1,82.0,70.0,69.0,78.0,32.0,65.0,Right,3,3,72,75,64,79,77,71,72.0,86,58,85,80,81,30,22,75,High/High,Lean (170-)
L. Badé,Loïc Badé,23,France,CB,Sevilla,La Liga,1.0,19500000.0,21000.0,44900000.0,77,84,1,55.0,45.0,56.0,63.0,77.0,77.0,Right,3,2,45,74,31,58,75,57,73.0,66,84,51,58,52,77,79,33,Medium/High,Normal (185+)
A. Adli,Amine Adli,23,France,"ST, LM",Bayer 04 Leverkusen,Bundesliga,1.0,21500000.0,45000.0,40900000.0,77,84,1,81.0,75.0,69.0,82.0,41.0,68.0,Left,3,4,78,73,66,83,82,71,71.0,79,60,87,76,86,44,35,78,Medium/High,Lean (170-185)
Vanderson,Vanderson de Oliveira Campos,22,Brazil,"RB, RM, RWB",Monaco,Ligue 1,1.0,20500000.0,37000.0,43100000.0,77,84,2,78.0,62.0,74.0,76.0,72.0,71.0,Right,3,3,63,76,77,77,76,74,72.0,77,67,79,77,76,71,74,72,High/Medium,Lean (170-185)
Y. Diouf,Yehvann Diouf,23,France,GK,Stade de Reims,Ligue 1,1.0,13500000.0,15000.0,29700000.0,77,83,1,,,,,,,Right,3,1,8,35,13,13,21,41,46.0,44,62,45,44,35,13,11,6,Medium/Medium,Lean (170-185)
M. Gibbs-White,Morgan Anthony Gibbs-White,23,England,"CAM, CF, LW",Nottingham Forest,Premier League,1.0,16500000.0,52000.0,34700000.0,77,83,1,75.0,72.0,75.0,79.0,57.0,69.0,Right,2,4,73,78,67,80,79,76,74.0,78,66,77,73,83,57,57,74,High/High,Normal (170-185)
N. Domínguez,Nicolás Martín Domínguez,25,Argentina,"CDM, CM",Nottingham Forest,Premier League,1.0,15000000.0,52000.0,31500000.0,77,83,1,75.0,66.0,71.0,76.0,72.0,77.0,Right,5,3,65,80,60,74,78,74,60.0,89,67,74,75,82,66,78,63,High/High,Lean (170-185)
Miranda,Juan Miranda González,23,Spain,LB,Real Betis,La Liga,1.0,15500000.0,19000.0,35700000.0,77,83,1,79.0,62.0,72.0,75.0,73.0,66.0,Left,3,3,55,76,80,77,78,64,62.0,68,63,79,79,73,69,78,68,Medium/Medium,Lean (185+)
C. Jones,Curtis Jones,22,England,CM,Liverpool,Premier League,1.0,17000000.0,76000.0,34900000.0,77,83,1,68.0,68.0,73.0,79.0,68.0,72.0,Right,4,4,65,79,65,80,81,76,82.0,79,69,68,68,76,69,72,72,High/Medium,Unique
J. Lindstrøm,Jesper Grænge Lindstrøm,23,Denmark,"CAM, RM, CF",Napoli,Serie A,1.0,16500000.0,42000.0,31400000.0,77,83,2,86.0,73.0,70.0,81.0,43.0,64.0,Right,3,4,76,73,62,83,81,78,72.0,75,55,88,85,83,46,44,75,High/Medium,Lean (170-185)
Bryan Gil,Bryan Gil Salvatierra,22,Spain,"LW, LM",Tottenham Hotspur,Premier League,1.0,17000000.0,68000.0,35700000.0,77,83,1,75.0,67.0,74.0,81.0,31.0,41.0,Left,3,3,73,75,79,82,78,71,81.0,45,34,77,74,89,31,32,78,High/Medium,Lean (170-185)
Thierry Correia,Thierry Rendall Correia,24,Portugal,"RB, RM",Valencia,La Liga,1.0,15500000.0,26000.0,35700000.0,77,83,1,90.0,49.0,68.0,75.0,72.0,70.0,Right,4,3,43,72,74,76,73,64,72.0,71,69,88,92,75,73,76,65,High/Medium,Normal (170-185)
Fábio Vieira,Fábio Daniel Ferreira Vieira,23,Portugal,"CAM, CM",Arsenal,Premier League,1.0,16500000.0,76000.0,34700000.0,77,83,1,74.0,71.0,77.0,77.0,40.0,53.0,Left,3,3,69,79,73,78,79,82,75.0,62,48,75,73,76,41,42,73,High/Medium,Lean (170-185)
T. Adarabioyo,Oluwatosin Adarabioyo,25,England,CB,Fulham,Premier League,1.0,14000000.0,62000.0,27700000.0,77,82,1,73.0,31.0,57.0,62.0,77.0,77.0,Right,3,2,30,73,38,56,72,51,76.0,68,82,66,78,51,77,80,28,Low/Medium,Lean (185+)
C. Montes,César Jasib Montes Castro,26,Mexico,CB,Almería,La Liga,1.0,14000000.0,25000.0,30500000.0,77,82,1,59.0,46.0,63.0,66.0,78.0,80.0,Right,3,2,48,73,41,63,68,65,74.0,77,81,64,54,75,78,79,56,Medium/High,Normal (185+)
L. Nmecha,Lukas Nmecha,24,Germany,ST,VfL Wolfsburg,Bundesliga,1.0,16000000.0,41000.0,28400000.0,77,82,2,78.0,77.0,66.0,77.0,40.0,78.0,Right,4,3,78,76,58,77,80,68,71.0,76,80,78,78,73,43,33,76,Medium/Low,Normal (185+)
T. Chalobah,Trevoh Chalobah,23,England,"CB, RB, CDM",Chelsea,Premier League,1.0,14500000.0,68000.0,28600000.0,77,82,1,64.0,47.0,65.0,68.0,78.0,77.0,Right,3,3,44,75,53,69,72,64,69.0,68,82,60,67,51,78,79,49,Medium/High,Lean (185+)
J. Kluivert,Justin Kluivert,24,Netherlands,"RM, LM",AFC Bournemouth,Premier League,1.0,16000000.0,41000.0,31600000.0,77,82,1,88.0,73.0,71.0,79.0,38.0,63.0,Right,4,4,71,71,77,81,77,74,71.0,67,60,88,88,86,43,35,72,High/Medium,Normal (170-185)
S. Bueno,Santiago Ignacio Bueno Sciutto,24,Uruguay,CB,Wolverhampton Wanderers,Premier League,1.0,14500000.0,47000.0,28600000.0,77,82,1,50.0,31.0,55.0,56.0,78.0,78.0,Right,3,2,20,73,30,47,69,50,67.0,73,80,52,49,44,78,78,30,Medium/High,Lean (185+)
O. Skipp,Oliver Skipp,22,England,"CDM, CM",Tottenham Hotspur,Premier League,1.0,15000000.0,56000.0,29600000.0,77,82,1,64.0,47.0,68.0,71.0,75.0,71.0,Right,3,2,41,78,52,69,74,71,74.0,73,66,69,60,65,77,77,54,Medium/High,Normal (170-185)
S. Diop,Sofiane Diop,23,France,"LM, RM, CF",Nice,Ligue 1,1.0,16000000.0,35000.0,31600000.0,77,82,2,70.0,71.0,75.0,81.0,54.0,53.0,Right,3,4,70,76,77,82,81,77,77.0,76,37,72,68,81,56,58,76,High/Medium,Lean (170-185)
M. Solomon,Manor Solomon,23,Israel,"LW, RW",Tottenham Hotspur,Premier League,1.0,16000000.0,68000.0,31600000.0,77,82,1,83.0,72.0,75.0,81.0,43.0,58.0,Right,4,4,75,78,73,85,76,73,78.0,66,64,84,82,84,50,47,74,High/High,Normal (170-)
Éderson,Éderson José dos Santos Lourenço da Silva,23,Brazil,"CM, CAM",Atalanta,Serie A,1.0,16000000.0,39000.0,28400000.0,77,82,1,70.0,66.0,73.0,78.0,71.0,73.0,Right,3,3,62,79,64,79,82,76,76.0,79,69,72,68,69,70,74,71,Medium/Medium,Normal (170-185)
L. Jović,Luka Jović,25,Serbia,ST,Milan,Serie A,1.0,15000000.0,58000.0,26600000.0,77,81,1,70.0,76.0,68.0,76.0,29.0,71.0,Right,5,3,75,72,67,76,77,70,76.0,66,76,71,70,73,25,26,80,Medium/Medium,Stocky (170-185)
Dodô,Domilson Cordeiro dos Santos,24,Brazil,RB,Fiorentina,Serie A,1.0,14000000.0,39000.0,24900000.0,77,81,1,87.0,59.0,73.0,78.0,71.0,72.0,Right,3,3,60,77,78,77,79,72,76.0,79,67,85,88,82,73,74,78,High/Medium,Normal (170-)
Pedro Neto,Pedro Lomba Neto,23,Portugal,"LM, RW, ST",Wolverhampton Wanderers,Premier League,1.0,15000000.0,52000.0,29600000.0,77,81,1,84.0,74.0,70.0,79.0,31.0,59.0,Left,4,4,75,74,71,80,78,73,66.0,66,57,85,84,84,32,23,76,High/Medium,Unique
Unai Núñez,Unai Núñez Gestoso,26,Spain,CB,Celta de Vigo,La Liga,1.0,13000000.0,25000.0,,77,81,1,69.0,24.0,51.0,51.0,77.0,78.0,Right,2,2,18,75,34,40,67,34,62.0,68,82,65,73,34,77,76,26,Medium/High,Normal (185+)
P. Gueye,Pape Alassane Gueye,24,Senegal,"CM, CDM",Olympique de Marseille,Ligue 1,1.0,15000000.0,33000.0,29600000.0,77,81,1,61.0,59.0,71.0,69.0,75.0,77.0,Left,3,2,52,80,58,69,75,78,63.0,78,78,60,62,54,72,80,79,Medium/Medium,Lean (185+)
Luís Maximiano,Luís Manuel Arantes Maximiano,24,Portugal,GK,Almería,La Liga,1.0,12000000.0,27000.0,,77,81,1,,,,,,,Right,2,1,5,44,10,16,21,55,56.0,23,68,55,55,58,21,15,6,Medium/Medium,Normal (185+)
T. Moffi,Terem Igobor Moffi,24,Nigeria,ST,Nice,Ligue 1,1.0,15500000.0,39000.0,30600000.0,77,81,2,91.0,77.0,54.0,72.0,25.0,77.0,Left,3,2,79,65,50,76,75,47,68.0,66,88,89,93,58,18,23,72,High/Medium,Normal (185+)
A. Theate,Arthur Nicolas Theate,23,Belgium,CB,Rennes,Ligue 1,1.0,13500000.0,34000.0,26700000.0,77,81,1,71.0,40.0,55.0,59.0,78.0,80.0,Left,3,2,23,63,53,53,64,50,72.0,72,84,65,75,59,77,81,23,Medium/Medium,Normal (185+)
L. Montipò,Lorenzo Montipò,27,Italy,GK,Hellas Verona,Serie A,1.0,10500000.0,21000.0,19700000.0,77,80,1,,,,,,,Right,3,1,20,21,15,19,20,40,38.0,35,55,40,45,46,10,19,15,Medium/Medium,Normal (185+)
M. Valjent,Martin Valjent,27,Slovakia,CB,Mallorca,La Liga,1.0,12000000.0,25000.0,26100000.0,77,80,2,63.0,36.0,59.0,65.0,77.0,83.0,Right,2,2,25,75,39,62,69,53,58.0,82,85,67,59,72,79,80,52,Medium/Medium,Normal (185+)
D. van de Beek,Donny van de Beek,26,Netherlands,"CM, CAM, CDM",Manchester United,Premier League,1.0,13500000.0,95000.0,26700000.0,77,80,3,65.0,77.0,74.0,76.0,70.0,70.0,Right,3,3,75,79,63,74,83,77,78.0,65,70,63,66,69,68,72,78,High/Medium,Unique
D. Calvert-Lewin,Dominic Calvert-Lewin,26,England,ST,Everton,Premier League,1.0,14000000.0,44000.0,27700000.0,77,80,2,78.0,75.0,64.0,72.0,39.0,76.0,Right,3,3,77,71,65,71,77,64,75.0,62,82,69,85,66,38,31,77,High/Medium,Unique
S. Posch,Stefan Posch,26,Austria,"RB, CB",Bologna,Serie A,1.0,12500000.0,30000.0,23400000.0,77,80,2,78.0,29.0,58.0,46.0,81.0,75.0,Right,3,2,23,74,60,34,54,36,70.0,69,78,76,80,46,79,82,36,Medium/Medium,Lean (185+)
M. Schwäbe,Marvin Schwäbe,28,Germany,GK,FC Köln,Bundesliga,1.0,9500000.0,23000.0,17800000.0,77,80,2,,,,,,,Right,3,1,15,53,21,20,41,66,61.0,36,70,49,43,45,21,16,12,Medium/Medium,Normal (185+)
L. Tousart,Lucas Simon Pierre Tousart,26,France,"CDM, CM",FC Union Berlin,Bundesliga,1.0,12500000.0,31000.0,22200000.0,77,80,2,62.0,56.0,65.0,69.0,77.0,84.0,Right,3,2,47,77,56,71,70,60,68.0,90,82,52,70,59,75,79,57,Medium/High,Normal (185+)
L. Martínez Quarta,Lucas Martínez Quarta,27,Argentina,CB,Fiorentina,Serie A,1.0,12000000.0,45000.0,21300000.0,77,80,2,63.0,56.0,69.0,70.0,76.0,79.0,Right,3,3,50,76,64,68,72,68,79.0,73,79,56,68,73,72,79,52,Medium/Medium,Lean (170-185)
T. Awoniyi,Taiwo Michael Awoniyi,25,Nigeria,ST,Nottingham Forest,Premier League,1.0,14000000.0,63000.0,27700000.0,77,80,1,77.0,76.0,59.0,70.0,32.0,81.0,Right,2,3,78,69,57,72,70,53,63.0,68,88,70,83,64,25,27,79,High/Medium,Stocky (185+)
U. Sadiq,Umar Sadiq Mesbah,26,Nigeria,ST,Real Sociedad,La Liga,1.0,14000000.0,34000.0,30500000.0,77,80,2,83.0,76.0,60.0,72.0,30.0,76.0,Right,3,3,80,72,51,76,75,61,67.0,71,90,80,86,66,37,20,71,High/Medium,Lean (185+)
Rafa Mir,Rafael Mir Vicente,26,Spain,ST,Sevilla,La Liga,1.0,14000000.0,29000.0,30500000.0,77,80,2,78.0,77.0,66.0,72.0,45.0,79.0,Right,3,3,76,73,69,72,74,64,75.0,74,85,73,82,67,42,43,79,High/Low,Normal (185+)
K. Itakura,板仓 晃,26,Japan,"CB, CDM",Borussia Mönchengladbach,Bundesliga,1.0,12000000.0,26000.0,21300000.0,77,80,2,73.0,45.0,59.0,70.0,79.0,77.0,Right,4,3,41,74,34,68,70,59,76.0,84,75,77,70,71,77,80,48,Medium/High,Lean (185+)
J. Ikoné,Nanitamo Jonathan Ikoné,25,France,"RW, RM",Fiorentina,Serie A,1.0,14000000.0,51000.0,24900000.0,77,80,3,89.0,67.0,72.0,83.0,35.0,61.0,Left,3,4,64,73,73,85,79,76,76.0,72,54,90,89,92,32,36,72,High/Medium,Normal (170-185)
T. Hübers,Timo Bernd Hübers,26,Germany,CB,FC Köln,Bundesliga,1.0,12000000.0,26000.0,22500000.0,77,80,2,76.0,40.0,56.0,59.0,79.0,75.0,Right,4,2,36,67,40,56,61,53,66.0,67,78,77,75,60,78,78,42,Medium/Medium,Normal (185+)
C. Kouamé,Christian Michael Kouamé Kouakou,25,Côte d'Ivoire,"ST, RW, LW",Fiorentina,Serie A,1.0,14000000.0,51000.0,24900000.0,77,80,1,82.0,72.0,68.0,77.0,40.0,73.0,Right,4,3,75,74,70,79,77,69,70.0,74,71,78,85,77,34,38,80,High/High,Lean (185+)
Melendo,Óscar Melendo Jiménez,25,Spain,"CM, RM, CAM",Granada,La Liga,1.0,14000000.0,21000.0,31900000.0,77,80,1,80.0,68.0,78.0,78.0,60.0,60.0,Left,2,4,71,82,74,76,78,81,72.0,63,56,81,79,86,50,68,77,High/Medium,Lean (170-)
R. Faivre,Romain Faivre,24,France,"RM, CM, CAM",Lorient,Ligue 1,1.0,14500000.0,41000.0,,77,80,2,72.0,73.0,76.0,79.0,62.0,67.0,Left,3,4,72,76,77,80,79,78,79.0,81,63,78,67,80,58,64,73,High/Medium,Lean (170-185)
C. Lenglet,Clément Nicolas Laurent Lenglet,28,France,CB,Aston Villa,Premier League,1.0,10500000.0,105000.0,,77,79,2,66.0,45.0,69.0,64.0,77.0,75.0,Left,4,2,39,83,55,57,72,66,79.0,71,76,64,68,61,80,75,54,Medium/Medium,Unique
Y. Mina,Yerry Fernando Mina González,28,Colombia,CB,Fiorentina,Serie A,1.0,10500000.0,47000.0,18600000.0,77,79,2,37.0,54.0,58.0,57.0,77.0,73.0,Right,3,2,51,71,43,59,60,56,75.0,34,89,33,40,31,77,79,48,Medium/Medium,Normal (185+)
N. Elvedi,Nico Elvedi,26,Switzerland,CB,Borussia Mönchengladbach,Bundesliga,1.0,11500000.0,26000.0,20400000.0,77,79,2,69.0,39.0,64.0,66.0,78.0,78.0,Right,3,2,30,76,65,62,72,60,70.0,75,81,68,70,64,78,78,53,Low/Medium,Normal (185+)
N. Amiri,Nadiem Amiri,26,Germany,"CAM, CM",Bayer 04 Leverkusen,Bundesliga,1.0,13000000.0,47000.0,23100000.0,77,79,2,67.0,72.0,77.0,81.0,55.0,68.0,Right,3,4,68,78,78,83,81,76,72.0,77,65,76,59,81,60,53,74,Medium/Medium,Normal (170-185)
M. Niakhaté,Moussa Niakhaté,27,Senegal,CB,Nottingham Forest,Premier League,1.0,11000000.0,55000.0,21700000.0,77,79,2,75.0,42.0,63.0,65.0,78.0,77.0,Left,3,2,37,71,63,65,64,58,73.0,63,83,62,86,60,77,78,49,Medium/High,Normal (185+)
J. Ryerson,Julian Ryerson,25,Norway,"LB, RB",Borussia Dortmund,Bundesliga,1.0,12000000.0,36000.0,21300000.0,77,79,2,74.0,60.0,68.0,75.0,73.0,80.0,Right,4,2,57,74,75,77,74,62,68.0,82,78,75,73,75,79,73,62,Medium/High,Normal (170-185)
M. Turner,Matthew Charles Turner,29,United States,GK,Nottingham Forest,Premier League,1.0,8500000.0,47000.0,16800000.0,77,79,1,,,,,,,Right,2,1,15,24,13,16,24,55,59.0,35,64,38,42,48,11,11,15,Medium/Medium,Lean (185+)
Domingos Duarte,Domingos Sousa Coutinho Meneses Duarte,28,Portugal,CB,Getafe,La Liga,1.0,10500000.0,27000.0,22800000.0,77,79,1,47.0,35.0,58.0,52.0,78.0,78.0,Right,3,2,30,76,54,48,62,44,64.0,70,81,51,44,31,77,79,40,Medium/Medium,Lean (185+)
M. Munetsi,Marshall Nyasha Munetsi,27,Zimbabwe,"CDM, CAM, CM",Stade de Reims,Ligue 1,1.0,11500000.0,23000.0,23900000.0,77,79,2,68.0,69.0,69.0,70.0,73.0,80.0,Right,3,3,68,76,55,72,75,76,74.0,88,80,63,72,54,72,75,75,High/High,Normal (185+)
S. Kalajdžić,Saša Kalajdžić,25,Austria,ST,Wolverhampton Wanderers,Premier League,1.0,13500000.0,63000.0,26700000.0,77,79,2,55.0,75.0,68.0,72.0,46.0,71.0,Right,3,3,82,77,59,74,78,75,74.0,67,83,57,53,52,39,46,81,Medium/Medium,Unique
Andreas Pereira,Andreas Hugo Hoelgebaum Pereira,27,Brazil,CAM,Fulham,Premier League,1.0,12000000.0,71000.0,23700000.0,77,78,1,76.0,75.0,78.0,78.0,66.0,69.0,Right,4,4,70,76,82,79,78,78,71.0,78,60,77,75,77,67,66,75,Medium/Medium,Normal (170-185)
R. Loftus-Cheek,Ruben Loftus-Cheek,27,England,"CM, CDM, RWB",Milan,Serie A,1.0,12000000.0,56000.0,21300000.0,77,78,1,65.0,68.0,75.0,78.0,67.0,75.0,Right,3,4,66,81,69,82,80,76,77.0,70,79,61,68,62,64,74,78,Medium/Medium,Normal (185+)
A. Miranchuk,Aleksey Miranchuk,27,Russia,"CF, CAM",Atalanta,Serie A,1.0,12500000.0,49000.0,22200000.0,77,78,1,72.0,72.0,76.0,80.0,31.0,61.0,Left,2,3,73,80,69,80,80,79,76.0,68,64,73,72,80,22,28,80,Medium/Medium,Normal (170-185)
G. Maripán,Guillermo Alfonso Maripán Loaysa,29,Chile,CB,Monaco,Ligue 1,1.0,9500000.0,45000.0,18800000.0,77,78,2,32.0,42.0,58.0,53.0,78.0,79.0,Right,2,2,39,70,41,49,63,56,75.0,56,91,32,32,30,78,79,46,High/Medium,Normal (185+)
P. Billing,Philip Billing,27,Denmark,"CM, CAM",AFC Bournemouth,Premier League,1.0,12000000.0,47000.0,23700000.0,77,78,1,59.0,78.0,73.0,75.0,71.0,81.0,Left,3,3,78,78,62,78,79,74,81.0,81,82,53,63,54,69,71,82,Medium/Medium,Lean (185+)
L. Boyé,Lucas Ariel Boyé,27,Argentina,ST,Granada,La Liga,1.0,12500000.0,23000.0,28400000.0,77,78,1,69.0,76.0,64.0,79.0,49.0,81.0,Right,2,4,79,68,60,82,81,67,67.0,69,88,68,70,71,45,45,76,High/Low,Normal (170-185)
T. Castagne,Timothy Castagne,27,Belgium,"RB, LB, RW",Fulham,Premier League,1.0,11000000.0,65000.0,21700000.0,77,78,1,73.0,56.0,71.0,75.0,74.0,71.0,Right,3,3,56,75,77,76,77,69,68.0,79,66,71,75,68,75,74,76,High/Medium,Lean (185+)
Guruzeta,Gorka Guruzeta Rodríguez,26,Spain,ST,Athletic Club,La Liga,1.0,12500000.0,29000.0,27200000.0,77,78,1,72.0,76.0,68.0,76.0,42.0,74.0,Right,4,3,79,78,60,77,78,71,71.0,71,75,73,72,73,42,35,75,High/Medium,Lean (185+)
Ç. Söyüncü,Çağlar Söyüncü,27,Turkey,CB,Atlético Madrid,La Liga,1.0,10500000.0,43000.0,22300000.0,77,78,1,69.0,46.0,59.0,64.0,76.0,78.0,Right,4,2,39,74,46,62,66,52,76.0,63,82,61,75,61,75,77,42,Medium/Medium,Normal (185+)
K. Tsimikas,Konstantinos Tsimikas,27,Greece,LB,Liverpool,Premier League,1.0,11000000.0,80000.0,21200000.0,77,78,1,80.0,56.0,72.0,75.0,72.0,75.0,Left,3,3,48,72,80,75,75,69,70.0,77,71,83,78,77,72,75,72,High/High,Normal (170-185)
Gabriel Strefezza,Gabriel Tadeu Strefezza Rebelato,26,Brazil,"RW, ST",Lecce,Serie A,1.0,12500000.0,21000.0,23400000.0,77,78,1,82.0,68.0,75.0,79.0,29.0,50.0,Right,3,3,73,79,73,79,77,77,68.0,77,37,85,80,89,32,25,76,High/Medium,Normal (170-)
S. Lukić,Saša Lukić,26,Serbia,"CM, CDM",Fulham,Premier League,1.0,12500000.0,71000.0,24700000.0,77,78,1,59.0,68.0,77.0,78.0,68.0,72.0,Right,3,3,65,82,69,81,81,80,77.0,81,69,62,56,65,65,72,70,Medium/Medium,Normal (170-185)
M. Gómez,Maximiliano Gómez González,26,Uruguay,ST,Cádiz,La Liga,1.0,12500000.0,52000.0,,77,78,1,63.0,78.0,68.0,72.0,32.0,82.0,Right,3,3,78,73,59,70,77,70,80.0,78,88,62,63,66,35,20,81,Medium/Low,Normal (185+)
De Frutos,Jorge de Frutos Sebastián,26,Spain,RM,Rayo Vallecano,La Liga,1.0,12500000.0,22000.0,27200000.0,77,78,1,83.0,72.0,74.0,78.0,41.0,64.0,Right,4,4,73,74,76,80,76,77,76.0,80,57,84,83,81,44,38,72,Medium/Medium,Normal (170-185)
Pepe Reina,José Manuel Reina Páez,40,Spain,GK,Villarreal,La Liga,1.0,1200000.0,14000.0,2500000.0,77,77,3,,,,,,,Right,3,1,14,37,11,10,23,65,64.0,34,70,43,49,50,20,22,13,Medium/Medium,Unique
J. Milner,James Philip Milner,37,England,"CM, RB",Brighton & Hove Albion,Premier League,1.0,3300000.0,52000.0,6300000.0,77,77,2,53.0,70.0,79.0,76.0,76.0,75.0,Right,4,3,62,79,82,76,79,76,80.0,77,70,54,52,62,77,78,71,Medium/High,Stocky (170-185)
Raúl García,Raúl García Escudero,36,Spain,"ST, CAM",Athletic Club,La Liga,1.0,3600000.0,22000.0,7600000.0,77,77,2,33.0,80.0,81.0,75.0,59.0,83.0,Right,3,3,78,82,80,77,81,82,81.0,73,87,34,33,51,44,59,82,Medium/High,Normal (170-185)
Willian,Willian Borges da Silva,34,Brazil,"LM, RM",Fulham,Premier League,1.0,4900000.0,71000.0,9300000.0,77,77,3,72.0,77.0,77.0,81.0,49.0,55.0,Right,4,4,75,78,75,82,79,79,83.0,60,56,76,68,82,43,55,77,Medium/Low,Normal (170-185)
C. Stuani,Cristhian Ricardo Stuani Curbelo,36,Uruguay,ST,Girona,La Liga,1.0,3600000.0,22000.0,7600000.0,77,77,2,66.0,80.0,69.0,70.0,48.0,84.0,Right,3,4,80,72,68,70,72,69,76.0,78,89,65,67,63,45,49,82,High/Low,Normal (185+)
A. Budimir,Ante Budimir,31,Croatia,ST,Osasuna,La Liga,1.0,9000000.0,31000.0,18900000.0,77,77,2,59.0,77.0,49.0,74.0,35.0,77.0,Left,4,3,81,64,41,79,80,39,72.0,63,83,54,63,53,29,35,80,Medium/Medium,Lean (185+)
A. Cresswell,Aaron Cresswell,33,England,"LB, CB",West Ham United,Premier League,1.0,5500000.0,56000.0,10500000.0,77,77,2,58.0,60.0,75.0,75.0,77.0,67.0,Left,3,3,54,77,83,76,77,68,73.0,73,61,66,51,63,78,78,60,High/Medium,Normal (170-185)
Ł. Skorupski,Łukasz Skorupski,32,Poland,GK,Bologna,Serie A,1.0,5000000.0,24000.0,9000000.0,77,77,2,,,,,,,Right,2,1,11,29,19,18,23,32,58.0,31,58,51,51,48,18,12,13,Medium/Medium,Normal (185+)
D. Blind,Daley Blind,33,Netherlands,"CB, LB",Girona,La Liga,1.0,5000000.0,25000.0,10500000.0,77,77,3,35.0,62.0,80.0,78.0,81.0,66.0,Left,3,3,56,81,80,77,81,82,83.0,62,68,36,34,69,80,81,66,Medium/Medium,Normal (170-185)
Jaume Costa,Jaume Vicent Costa Jordá,35,Spain,LWB,Mallorca,La Liga,1.0,3200000.0,18000.0,6700000.0,77,77,1,70.0,61.0,70.0,72.0,76.0,68.0,Left,3,3,57,76,76,70,76,57,69.0,69,62,70,70,70,77,75,66,Medium/Medium,Lean (170-185)
C. Trimmel,Christopher Trimmel,36,Austria,"RWB, RM",FC Union Berlin,Bundesliga,1.0,2300000.0,23000.0,3900000.0,77,77,2,70.0,65.0,74.0,68.0,75.0,81.0,Right,3,3,61,72,86,69,71,67,70.0,80,82,62,76,58,76,76,66,Medium/Medium,Normal (185+)
I. Gueye,Idrissa Gana Gueye,33,Senegal,"CDM, CM",Everton,Premier League,1.0,5000000.0,37000.0,9500000.0,77,77,2,61.0,60.0,66.0,72.0,80.0,70.0,Right,3,3,54,73,60,69,73,60,74.0,80,60,66,56,78,78,83,51,Low/High,Lean (170-185)
C. Dawson,Craig Dawson,33,England,CB,Wolverhampton Wanderers,Premier League,1.0,5000000.0,55000.0,9500000.0,77,77,2,44.0,47.0,59.0,55.0,80.0,76.0,Right,2,2,49,66,65,48,63,51,69.0,67,78,46,42,50,79,79,56,Medium/Medium,Normal (185+)
D. Ings,Daniel William John Ings,30,England,ST,West Ham United,Premier League,1.0,10500000.0,67000.0,20000000.0,77,77,1,70.0,80.0,69.0,75.0,45.0,68.0,Right,3,3,80,74,66,73,78,70,79.0,67,68,74,66,74,38,45,81,High/High,Normal (170-185)
Y. Rakitskyi,Yaroslav Rakitskyi,33,Ukraine,CB,Shakhtar Donetsk,Premier League,1.0,5000000.0,1000.0,11000000.0,77,77,2,64.0,67.0,76.0,69.0,77.0,80.0,Left,3,3,59,78,68,67,71,75,78.0,72,83,65,64,61,78,79,53,High/Medium,Normal (170-185)
M. Ducksch,Marvin Ducksch,29,Germany,ST,Werder Bremen,Bundesliga,1.0,10500000.0,30000.0,18900000.0,77,77,1,69.0,78.0,76.0,73.0,34.0,70.0,Right,3,3,80,79,73,72,78,78,73.0,74,73,72,66,66,27,35,80,High/Medium,Lean (185+)
F. Lejeune,Florian Lejeune,32,France,CB,Rayo Vallecano,La Liga,1.0,7000000.0,20000.0,14700000.0,77,77,2,48.0,57.0,63.0,64.0,77.0,70.0,Right,3,2,50,77,51,62,70,46,77.0,42,79,44,52,52,79,76,46,Medium/High,Normal (185+)
N. Redmond,Nathan Redmond,29,England,"RM, LM, ST",Burnley,Premier League,1.0,10500000.0,49000.0,21000000.0,77,77,2,84.0,75.0,70.0,81.0,30.0,60.0,Right,3,4,76,73,69,82,79,73,70.0,73,62,87,81,89,33,26,77,High/Medium,Lean (170-185)
D. D'Ambrosio,Danilo D'Ambrosio,34,Italy,CB,Monza,Serie A,1.0,3400000.0,43000.0,5800000.0,77,77,2,65.0,56.0,67.0,71.0,78.0,75.0,Right,3,3,48,71,73,71,69,58,73.0,65,78,68,63,67,77,80,66,Low/Medium,Normal (170-185)
M. Riemann,Manuel Riemann,34,Germany,GK,VfL Bochum 1848,Bundesliga,1.0,1800000.0,19000.0,3200000.0,77,77,2,,,,,,,Right,5,1,12,59,17,30,47,69,67.0,43,65,57,45,49,30,14,13,Medium/Medium,Normal (185+)
J. Draxler,Julian Draxler,29,Germany,"LW, CM",Paris Saint Germain,Ligue 1,1.0,10500000.0,75000.0,19400000.0,77,77,3,72.0,75.0,77.0,80.0,58.0,64.0,Right,5,4,72,80,74,81,84,76,81.0,64,66,74,70,74,48,64,72,Medium/Low,Lean (185+)
E. Dier,Eric Dier,29,England,CB,Tottenham Hotspur,Premier League,1.0,9000000.0,68000.0,17100000.0,77,77,2,51.0,63.0,68.0,63.0,76.0,81.0,Right,2,2,52,71,64,65,68,62,70.0,68,87,49,53,34,75,77,51,Medium/High,Stocky (185+)
G. Caprari,Gianluca Caprari,29,Italy,CF,Monza,Serie A,1.0,10500000.0,53000.0,17900000.0,77,77,2,84.0,75.0,76.0,82.0,33.0,54.0,Right,4,3,76,77,74,82,81,75,71.0,71,50,89,80,89,33,28,73,High/Low,Normal (170-185)
R. Knoche,Robin Knoche,31,Germany,CB,FC Union Berlin,Bundesliga,1.0,7000000.0,31000.0,11900000.0,77,77,2,34.0,42.0,54.0,50.0,81.0,75.0,Right,4,2,38,74,30,42,54,42,74.0,68,78,33,34,52,84,81,35,Medium/Medium,Lean (185+)
I. Balliu,Iván Balliu Campeny,31,Albania,RB,Rayo Vallecano,La Liga,1.0,7500000.0,20000.0,15800000.0,77,77,1,81.0,51.0,70.0,74.0,72.0,71.0,Right,3,3,50,72,77,72,77,64,74.0,84,63,78,83,78,73,75,67,High/Medium,Normal (170-185)
D. Suárez,Damián Nicolás Suárez Suárez,35,Uruguay,"RWB, RB, RM",Getafe,La Liga,1.0,3200000.0,19000.0,6700000.0,77,77,1,69.0,69.0,72.0,73.0,76.0,75.0,Right,3,3,64,73,78,72,74,62,74.0,75,69,69,69,69,75,79,63,High/Medium,Normal (170-185)
C. Kramer,Christoph Kramer,32,Germany,"CDM, CM",Borussia Mönchengladbach,Bundesliga,1.0,7000000.0,26000.0,11900000.0,77,77,2,48.0,52.0,71.0,72.0,75.0,75.0,Right,3,3,52,78,61,74,77,73,80.0,85,72,41,53,53,78,75,72,Medium/High,Lean (185+)
J. Blaswich,Janis Jonathan Blaswich,32,Germany,GK,RB Leipzig,Bundesliga,1.0,5000000.0,35000.0,8500000.0,77,77,1,,,,,,,Right,3,1,18,38,20,19,31,46,54.0,31,74,47,38,31,10,15,11,Medium/Medium,Normal (185+)
B. Davies,Benjamin Thomas Davies,30,Wales,"CB, LB, LWB",Tottenham Hotspur,Premier League,1.0,8500000.0,65000.0,16200000.0,77,77,2,64.0,58.0,72.0,72.0,78.0,72.0,Left,3,3,58,78,71,70,76,64,76.0,70,70,63,65,64,79,79,60,Medium/Medium,Normal (170-185)
J. Ferri,Jordan Ferri,31,France,"CDM, CM",Montpellier,Ligue 1,1.0,7500000.0,23000.0,15000000.0,77,77,2,53.0,65.0,76.0,74.0,70.0,75.0,Right,2,3,60,81,68,72,76,79,75.0,80,69,56,51,69,71,72,70,Medium/High,Normal (170-185)
A. Plea,Alassane Alexandre Pléa,30,France,"CAM, CF, LM",Borussia Mönchengladbach,Bundesliga,1.0,10000000.0,29000.0,17000000.0,77,77,2,70.0,76.0,79.0,78.0,39.0,73.0,Right,3,4,75,80,77,77,77,79,78.0,74,73,75,65,81,29,40,78,Medium/Medium,Normal (170-185)
Y. Abdelhamid,Yunis Abdelhamid,35,Morocco,CB,Stade de Reims,Ligue 1,1.0,2800000.0,16000.0,5600000.0,77,77,2,32.0,33.0,57.0,60.0,78.0,80.0,Left,3,2,25,75,32,61,67,45,73.0,73,83,33,31,31,79,78,38,Medium/High,Normal (185+)
Manu Trigueros,Manuel Trigueros Muñoz,31,Spain,"CM, LM",Villarreal,La Liga,1.0,8500000.0,31000.0,17900000.0,77,77,2,45.0,73.0,78.0,74.0,72.0,64.0,Right,4,4,70,80,75,73,77,80,76.0,68,60,44,46,68,69,77,77,High/Medium,Normal (170-185)
M. Weiser,Mitchell Weiser,29,Germany,RWB,Werder Bremen,Bundesliga,1.0,9500000.0,25000.0,17100000.0,77,77,2,82.0,63.0,74.0,80.0,69.0,68.0,Right,4,4,65,77,75,82,78,77,76.0,76,64,77,86,84,66,70,73,High/Medium,Normal (170-185)
L. Paredes,Leandro Daniel Paredes,29,Argentina,"CM, CDM",Roma,Serie A,1.0,10500000.0,58000.0,17900000.0,77,77,3,62.0,64.0,81.0,79.0,71.0,75.0,Right,4,4,50,83,77,79,84,80,82.0,73,72,65,60,68,70,75,62,Medium/Medium,Normal (170-185)
M. Keane,Michael Keane,30,England,CB,Everton,Premier League,1.0,8500000.0,37000.0,16200000.0,77,77,2,52.0,49.0,63.0,61.0,79.0,77.0,Right,3,2,50,70,57,59,64,60,71.0,61,85,50,53,52,79,79,29,Medium/Medium,Normal (185+)
A. Doucouré,Abdoulaye Doucouré,30,Mali,"CM, CDM",Everton,Premier League,1.0,10000000.0,40000.0,19000000.0,77,77,2,66.0,76.0,70.0,75.0,76.0,80.0,Right,3,3,75,76,66,77,79,74,77.0,82,81,65,67,61,75,79,75,Medium/Medium,Unique
Lucas Torró,Lucas Torró Marset,28,Spain,"CDM, CM",Osasuna,La Liga,1.0,9500000.0,27000.0,20000000.0,77,77,1,46.0,63.0,69.0,68.0,75.0,75.0,Right,3,2,59,79,52,64,78,69,69.0,78,76,49,44,64,74,77,59,Medium/Medium,Lean (185+)
B. Djimsiti,Berat Djimsiti,30,Albania,CB,Atalanta,Serie A,1.0,8500000.0,41000.0,14500000.0,77,77,1,69.0,39.0,59.0,48.0,78.0,80.0,Right,3,2,36,67,53,34,64,56,74.0,76,82,67,71,40,79,78,55,Medium/Medium,Normal (185+)
A. Januzaj,Adnan Januzaj,28,Belgium,"RW, LW",Sevilla,La Liga,1.0,10500000.0,30000.0,22100000.0,77,77,2,76.0,71.0,77.0,82.0,30.0,58.0,Left,4,4,69,80,78,84,81,75,75.0,64,62,78,75,84,30,23,74,Medium/Low,Normal (185+)
Clinton Mata,Clinton Mukoni Mata Pedro Lourenço,30,Angola,"RB, CB",Olympique Lyonnais,Ligue 1,1.0,9000000.0,32000.0,17100000.0,77,77,1,81.0,61.0,68.0,74.0,75.0,78.0,Right,3,3,53,72,62,72,72,64,77.0,86,73,78,84,84,76,76,67,High/High,Normal (170-185)
D. Machís,Darwin Daniel Machís Marcano,30,Venezuela,LM,Cádiz,La Liga,1.0,10000000.0,13000.0,,77,77,2,86.0,76.0,72.0,82.0,38.0,67.0,Right,4,4,75,72,75,83,79,70,75.0,64,66,89,84,91,40,35,72,High/Medium,Stocky (170-185)
C. Nørgaard,Christian Thers Nørgaard,29,Denmark,CDM,Brentford,Premier League,1.0,9000000.0,50000.0,17100000.0,77,77,1,57.0,60.0,69.0,69.0,76.0,79.0,Right,3,3,61,74,64,66,74,65,74.0,81,77,59,56,61,76,78,64,Medium/High,Lean (185+)
Emerson,Emerson Palmieri dos Santos,28,Italy,LB,West Ham United,Premier League,1.0,9500000.0,59000.0,18100000.0,77,77,2,76.0,63.0,75.0,78.0,73.0,64.0,Left,2,3,51,77,78,79,80,67,77.0,72,59,78,75,71,74,75,70,Medium/Medium,Lean (170-185)
D. Cataldi,Danilo Cataldi,28,Italy,CDM,Lazio,Serie A,1.0,9500000.0,43000.0,16200000.0,77,77,2,72.0,71.0,77.0,78.0,73.0,73.0,Right,4,3,66,81,69,77,79,77,79.0,77,69,75,69,75,75,73,67,Medium/High,Normal (170-185)
André Gomes,André Filipe Tavares Gomes,29,Portugal,"CDM, CM",Everton,Premier League,1.0,9000000.0,38000.0,17100000.0,77,77,2,45.0,67.0,76.0,75.0,72.0,76.0,Right,4,4,62,80,65,75,80,78,84.0,74,77,46,44,60,73,72,72,Low/Medium,Normal (185+)
D. Kohr,Dominik Kohr,29,Germany,"CDM, CM",FSV Mainz 05,Bundesliga,1.0,9000000.0,27000.0,15300000.0,77,77,2,83.0,63.0,63.0,71.0,78.0,82.0,Right,3,3,58,74,42,69,74,67,76.0,82,77,77,88,67,79,80,52,Medium/High,Normal (170-185)
Y. Gerhardt,Yannick Gerhardt,29,Germany,CM,VfL Wolfsburg,Bundesliga,1.0,10500000.0,45000.0,17900000.0,77,77,2,67.0,70.0,74.0,75.0,71.0,76.0,Left,3,3,69,77,69,75,80,78,72.0,78,76,66,67,67,76,71,77,High/Medium,Normal (170-185)
Diego Llorente,Diego Javier Llorente Ríos,29,Spain,CB,Roma,Serie A,1.0,9000000.0,43000.0,,77,77,2,66.0,40.0,63.0,68.0,76.0,77.0,Right,3,2,39,75,55,65,75,60,70.0,68,78,66,66,61,77,74,43,Medium/High,Lean (185+)
J. Lerma,Jefferson Andrés Lerma Solís,28,Colombia,"CDM, CM",Crystal Palace,Premier League,1.0,9500000.0,38000.0,18100000.0,77,77,1,68.0,67.0,68.0,72.0,76.0,79.0,Right,4,3,62,75,64,70,76,58,73.0,81,75,67,69,67,74,75,63,Medium/Medium,Normal (170-185)
J. Mojica,Johan Andrés Mojica Palacio,30,Colombia,"LB, LWB, LM",Osasuna,La Liga,1.0,9000000.0,29000.0,,77,77,1,88.0,65.0,73.0,72.0,72.0,70.0,Left,2,3,62,77,77,72,75,65,70.0,65,70,86,90,70,70,77,69,High/Low,Lean (185+)
J. Correa,Carlos Joaquín Correa,28,Argentina,"CF, ST",Olympique de Marseille,Ligue 1,1.0,11000000.0,74000.0,,77,77,1,68.0,73.0,74.0,83.0,40.0,65.0,Right,4,4,74,75,74,85,85,79,73.0,70,69,68,68,83,39,37,75,Medium/Low,Normal (185+)
S. Guirassy,Serhou Yadaly Guirassy,27,Guinea,ST,VfB Stuttgart,Bundesliga,1.0,11500000.0,28000.0,20700000.0,77,77,2,65.0,77.0,66.0,76.0,38.0,77.0,Right,3,3,77,73,56,77,79,68,73.0,71,81,65,65,67,42,29,80,High/Low,Normal (185+)
A. Petagna,Andrea Petagna,28,Italy,ST,Cagliari,Serie A,1.0,11000000.0,53000.0,,77,77,2,58.0,76.0,68.0,75.0,34.0,79.0,Left,3,3,80,75,60,76,80,74,74.0,65,93,52,62,55,40,27,80,Medium/Medium,Stocky (185+)
Y. Sabaly,Youssouf Sabaly,30,Senegal,"RB, RM",Real Betis,La Liga,1.0,9000000.0,22000.0,18900000.0,77,77,2,78.0,54.0,65.0,74.0,74.0,71.0,Right,3,3,47,74,76,73,74,45,70.0,76,70,76,79,72,75,77,72,Medium/Medium,Normal (170-185)
M. Sportiello,Marco Sportiello,31,Italy,GK,Milan,Serie A,1.0,5500000.0,41000.0,9400000.0,77,77,2,,,,,,,Right,2,1,18,32,13,19,22,44,65.0,37,66,48,38,55,26,17,18,Medium/Medium,Normal (185+)
I. Bebou,Ihlas Bebou,29,Togo,"ST, RM, RW",TSG Hoffenheim,Bundesliga,1.0,10500000.0,39000.0,17900000.0,77,77,2,87.0,75.0,68.0,79.0,34.0,64.0,Right,3,4,78,74,74,81,77,69,73.0,69,69,86,87,78,26,35,80,High/Medium,Normal (185+)
D. Djené,Djené Dakonam Ortega,31,Togo,"CB, CDM",Getafe,La Liga,1.0,7000000.0,26000.0,14700000.0,77,77,2,68.0,38.0,61.0,62.0,78.0,77.0,Right,4,2,29,72,60,50,70,42,73.0,68,76,71,65,71,78,79,49,Medium/High,Normal (170-185)
G. Escalante,Gonzalo Escalante,30,Argentina,"CM, CDM",Cádiz,La Liga,1.0,10000000.0,30000.0,21000000.0,77,77,1,60.0,73.0,74.0,74.0,75.0,74.0,Right,3,3,73,79,68,75,77,76,80.0,75,70,61,60,62,73,78,74,Medium/High,Normal (170-185)
B. Santamaria,Baptiste Santamaría,28,France,"CDM, CM",Rennes,Ligue 1,1.0,9500000.0,42000.0,18100000.0,77,77,2,42.0,65.0,72.0,74.0,73.0,73.0,Right,2,3,61,79,61,74,77,75,71.0,81,70,43,41,67,74,76,69,Medium/Medium,Lean (170-185)
M. Vecino,Matías Vecino Falero,31,Uruguay,"CM, CDM",Lazio,Serie A,1.0,8500000.0,45000.0,14500000.0,77,77,2,60.0,72.0,74.0,76.0,77.0,81.0,Right,3,3,68,79,69,76,80,78,80.0,75,83,63,58,68,76,76,77,High/Medium,Lean (185+)
Diego Rico,Diego Rico Salguero,30,Spain,LB,Getafe,La Liga,1.0,9000000.0,29000.0,,77,77,1,73.0,55.0,73.0,71.0,76.0,74.0,Left,2,2,40,76,75,69,74,69,70.0,67,77,72,74,63,76,78,64,High/Medium,Stocky (170-185)
F. Cervi,Franco Emanuel Cervi,29,Argentina,"LM, RM",Celta de Vigo,La Liga,1.0,10500000.0,25000.0,22100000.0,77,77,1,88.0,67.0,72.0,80.0,55.0,53.0,Left,3,4,70,75,71,77,79,70,73.0,81,31,89,88,93,51,64,76,High/Medium,Normal (170-)
W. Weghorst,Wout Weghorst,30,Netherlands,ST,TSG Hoffenheim,Bundesliga,1.0,10500000.0,51000.0,,77,77,2,56.0,76.0,61.0,68.0,58.0,88.0,Right,3,2,75,77,38,65,80,70,74.0,85,90,52,60,54,48,64,80,High/High,Normal (185+)
J. Bamba,Jonathan Bamba,27,France,LM,Celta de Vigo,La Liga,1.0,11000000.0,24000.0,23100000.0,77,77,2,83.0,73.0,73.0,79.0,39.0,67.0,Right,4,4,70,74,75,80,78,75,74.0,76,63,84,83,81,33,39,73,Medium/Medium,Normal (170-185)
Pablo Fornals,Pablo Fornals Malla,27,Spain,"LM, CAM",West Ham United,Premier League,1.0,11000000.0,61000.0,20900000.0,77,77,2,64.0,71.0,78.0,77.0,69.0,71.0,Right,3,4,66,80,77,76,81,79,77.0,81,67,68,61,76,70,72,76,High/High,Lean (170-185)
F. Sotoca,Florian Sotoca,32,France,"ST, RW",Lens,Ligue 1,1.0,8500000.0,38000.0,16200000.0,77,77,1,73.0,75.0,74.0,73.0,50.0,81.0,Right,3,3,77,76,75,72,77,77,77.0,87,80,69,76,71,47,46,80,High/High,Lean (185+)
Leander Baia,Alessandro L. Baia Marques,35,Brazil,"RB, RM",Atlético Mineiro,Serie A,1.0,3200000.0,23000.0,5800000.0,77,77,1,76.0,48.0,69.0,75.0,74.0,70.0,Right,3,3,51,77,72,77,71,56,73.0,80,61,74,77,81,77,76,55,High/Medium,Normal (170-185)
Enzo Chissano,Enzo Leandro Chissano Baia,31,Brazil,"LB, RB, CB",Palmeiras,Serie A,1.0,7500000.0,34000.0,13500000.0,77,77,1,79.0,62.0,71.0,70.0,74.0,69.0,Left,3,2,58,73,76,69,69,60,78.0,75,65,76,82,74,76,74,44,Medium/Medium,Stocky (170-)
Claudio Coíntra,Claudio Nuno Coíntra Calegari,27,Brazil,"CAM, CF",Palmeiras,Serie A,1.0,11000000.0,38000.0,19800000.0,77,77,1,79.0,73.0,76.0,78.0,27.0,61.0,Left,5,4,73,75,74,75,76,79,84.0,75,60,89,71,88,17,28,78,High/Medium,Normal (170-185)
Wagner Laranjo,Wagner Mauro Laranjo Coelho,39,Brazil,"CDM, CM",Palmeiras,Serie A,1.0,2100000.0,23000.0,3800000.0,77,77,1,67.0,72.0,75.0,73.0,74.0,78.0,Right,3,2,69,82,61,70,82,77,79.0,82,78,69,66,63,76,73,60,Medium/Medium,Normal (170-185)
Andeson Trigo,Andeson Jaime Trigo Gonçalves,35,Brazil,"LB, LM, CAM",Fluminense,Serie A,1.0,3200000.0,16000.0,6100000.0,77,77,1,82.0,63.0,75.0,77.0,71.0,65.0,Left,3,3,60,75,75,76,73,73,80.0,84,52,85,79,89,76,74,72,High/Medium,Lean (170-185)
Jadsinho Mei,Jadson José Meireles Correia,27,Brazil,"CDM, CM",Flamengo,Serie A,1.0,10000000.0,34000.0,18000000.0,77,77,1,58.0,61.0,65.0,58.0,72.0,80.0,Right,3,2,53,78,41,45,74,74,60.0,89,77,59,57,54,74,69,59,Medium/Medium,Normal (170-185)
Rodrigo Vuarte,Rodrigo Éder Vuarte Ruiz,31,Brazil,"CDM, CM",Atlético Mineiro,Serie A,1.0,7500000.0,32000.0,13500000.0,77,77,1,65.0,65.0,70.0,63.0,76.0,77.0,Left,3,2,65,78,67,56,73,60,52.0,82,75,63,66,62,83,76,57,Medium/Medium,Normal (170-185)
Victorio Jabim,Victorio Martin Maia Padilha Jabim,27,Brazil,"RB, RM",Palmeiras,Serie A,1.0,10000000.0,34000.0,18000000.0,77,77,1,79.0,54.0,71.0,73.0,75.0,64.0,Right,3,3,52,73,72,71,77,71,72.0,78,56,76,81,72,80,74,61,Medium/Medium,Normal (170-185)
Murildo Kauê,Murildo Kauê Cadete Teixeira,23,Brazil,LM,Palmeiras,Serie A,1.0,12000000.0,33000.0,21600000.0,77,77,1,81.0,63.0,72.0,75.0,37.0,70.0,Left,3,3,68,74,74,77,75,75,59.0,82,74,81,81,77,35,40,80,Medium/Medium,Stocky (170-185)
Sidney Pessinho,Sidney Adrián Pessoa Vidigal,31,Brazil,"CDM, CM",Internacional,Serie A,1.0,7500000.0,26000.0,14300000.0,77,77,1,69.0,62.0,74.0,69.0,76.0,81.0,Right,3,2,56,75,71,72,71,72,67.0,76,85,69,69,52,80,76,52,High/High,Normal (185+)
Y. Wissa,Yoane Wissa,26,Congo DR,"LW, ST",Brentford,Premier League,1.0,11500000.0,57000.0,21900000.0,77,77,1,85.0,77.0,69.0,78.0,29.0,70.0,Right,3,3,79,74,71,78,78,70,73.0,76,68,83,87,82,25,23,78,Medium/Medium,Lean (170-185)
J. Pavlenka,Jiří Pavlenka,31,Czech Republic,GK,Werder Bremen,Bundesliga,1.0,5500000.0,19000.0,9900000.0,77,77,2,,,,,,,Right,3,1,16,27,11,12,19,25,39.0,20,68,35,36,39,12,10,14,Medium/Medium,Normal (185+)
J. Juranović,Josip Juranović,27,Croatia,"RWB, LWB",FC Union Berlin,Bundesliga,1.0,10000000.0,31000.0,17000000.0,77,77,1,85.0,64.0,75.0,74.0,70.0,70.0,Right,4,2,57,76,78,73,72,74,73.0,82,61,85,85,82,71,75,69,High/High,Normal (170-185)
R. Højlund,Rasmus Winther Højlund,20,Denmark,ST,Manchester United,Premier League,1.0,18000000.0,72000.0,45500000.0,76,89,1,85.0,75.0,55.0,74.0,29.0,78.0,Left,3,3,78,68,38,75,76,54,72.0,73,84,84,85,69,27,24,77,Medium/High,Normal (185+)
S. Ricci,Samuele Ricci,21,Italy,"CDM, CM",Torino,Serie A,1.0,16000000.0,26000.0,30400000.0,76,86,1,74.0,55.0,71.0,75.0,72.0,70.0,Right,3,3,42,78,62,73,78,72,78.0,82,64,75,74,76,74,75,68,Medium/Medium,Lean (170-185)
W. Singo,Wilfried Stephane Singo,22,Côte d'Ivoire,"RWB, RM, RB",Monaco,Ligue 1,1.0,16000000.0,34000.0,33600000.0,76,85,1,80.0,57.0,67.0,73.0,72.0,75.0,Right,2,2,55,74,78,78,69,55,58.0,78,76,79,80,79,69,74,66,Medium/Low,Stocky (185+)
M. Gusto,Malo Gusto,20,France,RB,Chelsea,Premier League,1.0,15500000.0,53000.0,32600000.0,76,85,1,88.0,49.0,68.0,75.0,68.0,73.0,Right,3,3,44,71,77,76,74,64,72.0,85,66,86,90,74,65,72,71,High/High,Lean (170-185)
O. Solet,Oumar Mickael Solet Bomawoko,23,France,CB,Salzburg,Bundesliga,1.0,15500000.0,15000.0,26400000.0,76,84,1,81.0,43.0,57.0,67.0,75.0,85.0,Right,4,2,35,74,31,69,68,56,69.0,84,88,74,86,65,77,75,59,Medium/High,Normal (185+)
M. Lacroix,Maxence Lacroix,23,France,CB,VfL Wolfsburg,Bundesliga,1.0,15500000.0,31000.0,29500000.0,76,84,2,84.0,33.0,55.0,67.0,77.0,77.0,Right,2,2,29,71,35,66,68,50,80.0,67,82,82,86,64,77,77,32,Medium/High,Normal (185+)
N. Seiwald,Nicolas Seiwald,22,Austria,"CM, CDM",RB Leipzig,Bundesliga,1.0,17000000.0,38000.0,32300000.0,76,84,1,73.0,62.0,74.0,74.0,73.0,74.0,Right,3,2,58,77,70,72,75,74,70.0,92,65,74,73,77,71,76,68,High/High,Normal (170-185)
B. Barcola,Bradley Barcola,20,France,"RW, ST, RM",Paris Saint Germain,Ligue 1,1.0,16500000.0,51000.0,33800000.0,76,84,1,84.0,73.0,71.0,77.0,31.0,62.0,Right,3,3,75,74,73,79,77,75,77.0,68,59,80,87,75,23,35,75,High/Medium,Lean (185+)
João Gomes,João Victor Gomes da Silva,22,Brazil,"CDM, CM",Wolverhampton Wanderers,Premier League,1.0,16000000.0,44000.0,33600000.0,76,84,1,69.0,64.0,71.0,73.0,76.0,73.0,Right,3,3,59,78,62,72,75,69,68.0,76,71,67,70,72,75,77,63,Medium/Medium,Normal (170-185)
A. Gomes,Adilson Angel Abreu de Almeida Gomes,22,England,"CAM, CDM",Lille,Ligue 1,1.0,15000000.0,26000.0,31500000.0,76,83,1,76.0,70.0,74.0,79.0,71.0,68.0,Right,4,4,71,78,65,77,78,76,73.0,76,63,77,76,87,71,72,70,Medium/Medium,Lean (170-)
M. Damsgaard,Mikkel Krogh Damsgaard,22,Denmark,"CAM, LW, CM",Brentford,Premier League,1.0,15000000.0,42000.0,31500000.0,76,83,2,81.0,69.0,71.0,81.0,55.0,65.0,Right,3,4,70,73,62,82,80,76,74.0,65,62,85,78,82,54,64,72,High/High,Lean (170-185)
N. Okafor,Noah Arinzechukwu Okafor,23,Switzerland,"ST, CAM",Milan,Serie A,1.0,15000000.0,50000.0,28500000.0,76,83,1,91.0,74.0,69.0,77.0,31.0,74.0,Right,4,4,76,72,66,76,78,73,73.0,71,83,91,91,87,38,25,75,High/Medium,Normal (185+)
L. Beltrán,Lucas Beltrán,22,Argentina,ST,Fiorentina,Serie A,1.0,15500000.0,44000.0,29500000.0,76,83,1,75.0,76.0,68.0,76.0,46.0,79.0,Right,3,3,80,74,56,75,76,75,77.0,73,80,78,73,79,42,46,81,High/High,Stocky (170-185)
O. Kossounou,Odilon Kossounou,22,Côte d'Ivoire,"CB, RWB",Bayer 04 Leverkusen,Bundesliga,1.0,14000000.0,34000.0,26600000.0,76,83,1,78.0,32.0,60.0,66.0,76.0,78.0,Right,3,2,26,69,58,66,69,57,65.0,76,81,74,81,62,74,78,44,Low/Medium,Lean (185+)
N. Collins,Nathan Michael Collins,22,Republic of Ireland,"CB, RB",Brentford,Premier League,1.0,14000000.0,38000.0,29400000.0,76,83,1,67.0,30.0,55.0,62.0,77.0,76.0,Right,3,2,29,68,50,62,66,39,74.0,72,78,59,73,46,77,78,24,Medium/High,Normal (185+)
B. Johnson,Brennan Price Johnson,22,Wales,"RW, ST",Tottenham Hotspur,Premier League,1.0,15000000.0,63000.0,31500000.0,76,83,1,89.0,74.0,67.0,77.0,41.0,59.0,Right,4,3,77,67,72,80,74,71,70.0,78,52,87,91,88,41,42,70,High/Medium,Lean (170-185)
C. De Ketelaere,Charles De Ketelaere,22,Belgium,"CAM, ST",Atalanta,Serie A,1.0,15000000.0,45000.0,,76,83,1,72.0,73.0,75.0,78.0,57.0,72.0,Left,3,4,71,76,74,78,81,76,72.0,83,71,70,74,78,45,61,76,Medium/Medium,Lean (185+)
A. Truffert,Adrien Truffert,21,France,LB,Rennes,Ligue 1,1.0,14500000.0,27000.0,30500000.0,76,83,2,74.0,55.0,70.0,74.0,72.0,69.0,Left,3,2,52,72,77,75,74,66,68.0,79,65,72,76,70,71,77,71,High/Medium,Lean (170-185)
A. Onana,Amadou Zeund Georges Ba Mvom Onana,21,Belgium,"CDM, CM",Everton,Premier League,1.0,14500000.0,25000.0,30500000.0,76,83,1,73.0,59.0,69.0,71.0,73.0,78.0,Right,4,3,57,76,61,72,74,70,70.0,75,80,66,78,63,71,75,65,High/High,Lean (185+)
Álex Baena,Alejandro Baena Rodríguez,21,Spain,"CM, LM",Villarreal,La Liga,1.0,15000000.0,22000.0,34500000.0,76,83,1,75.0,76.0,75.0,75.0,68.0,64.0,Right,4,3,77,77,69,74,79,77,68.0,70,59,76,75,77,69,70,76,High/Medium,Normal (170-185)
I. Ilić,Ivan Ilić,22,Serbia,"CM, CF",Torino,Serie A,1.0,15000000.0,34000.0,28500000.0,76,83,1,70.0,72.0,77.0,77.0,66.0,71.0,Left,3,3,68,80,71,78,81,78,69.0,72,70,73,67,73,68,68,68,High/Medium,Lean (185+)
N. Zalewski,Nicola Zalewski,21,Poland,"RM, LM",Roma,Serie A,1.0,15000000.0,38000.0,28500000.0,76,83,1,86.0,60.0,73.0,77.0,60.0,58.0,Right,4,3,58,77,72,77,79,73,70.0,79,46,85,86,79,63,64,74,Medium/Medium,Normal (170-185)
N. Pérez,Patricio Nehuen Pérez,23,Argentina,CB,Udinese,Serie A,1.0,11000000.0,14000.0,22000000.0,76,82,1,57.0,25.0,47.0,51.0,78.0,75.0,Right,3,2,21,69,21,39,61,36,70.0,69,75,60,55,48,79,80,26,Medium/High,Normal (185+)
L. Barreiro Martins,Leandro Barreiro Martins,23,Luxembourg,"CM, CDM",FSV Mainz 05,Bundesliga,1.0,12000000.0,23000.0,22800000.0,76,82,2,68.0,61.0,69.0,80.0,73.0,64.0,Right,3,3,63,77,54,79,79,74,74.0,90,47,76,62,88,75,74,69,Medium/High,Lean (170-185)
A. Hickey,Aaron Buchanan Hickey,21,Scotland,"RB, RWB, LB",Brentford,Premier League,1.0,11500000.0,32000.0,24200000.0,76,82,1,75.0,55.0,70.0,75.0,73.0,68.0,Right,5,2,48,76,73,78,75,67,72.0,78,59,75,75,71,75,76,59,High/High,Lean (185+)
T. Pobega,Tommaso Pobega,23,Italy,CM,Milan,Serie A,1.0,12000000.0,45000.0,22800000.0,76,82,1,76.0,77.0,72.0,76.0,74.0,79.0,Left,4,3,77,77,72,75,78,68,71.0,84,78,75,77,75,73,76,80,High/Medium,Normal (185+)
Tiago Djaló,Tiago Emanuel Embaló Djaló,23,Portugal,CB,Lille,Ligue 1,1.0,11000000.0,24000.0,23100000.0,76,82,1,81.0,42.0,61.0,64.0,76.0,79.0,Right,3,2,36,69,57,62,67,56,69.0,70,84,79,83,65,76,78,51,Medium/High,Lean (185+)
A. Ounahi,Azzedine Ounahi,23,Morocco,CM,Olympique de Marseille,Ligue 1,1.0,12000000.0,30000.0,25200000.0,76,82,1,64.0,63.0,72.0,78.0,64.0,69.0,Right,3,3,61,81,57,78,81,76,76.0,85,65,63,64,75,63,66,73,High/High,Lean (170-185)
Danilo,Danilo dos Santos de Oliveira,22,Brazil,"CDM, CM",Nottingham Forest,Premier League,1.0,11000000.0,44000.0,23100000.0,76,82,1,70.0,62.0,68.0,69.0,73.0,70.0,Left,3,2,64,79,52,63,76,65,57.0,84,60,70,70,77,72,75,62,High/High,Lean (170-185)
N. Dorsch,Niklas Bernd Dorsch,25,Germany,"CDM, CM",FC Augsburg,Bundesliga,1.0,10000000.0,23000.0,18800000.0,76,81,2,66.0,72.0,74.0,78.0,72.0,73.0,Right,3,3,66,80,65,77,80,74,73.0,76,69,74,60,80,73,74,64,Medium/Medium,Normal (170-185)
E. Cömert,Eray Ervin Cömert,25,Switzerland,CB,Nantes,Ligue 1,1.0,10000000.0,27000.0,,76,81,1,73.0,49.0,63.0,57.0,76.0,78.0,Right,4,2,30,74,49,41,71,59,66.0,76,79,71,75,68,74,77,33,Medium/Medium,Normal (170-185)
T. Mitchell,Tyrick Mitchell,23,England,LB,Crystal Palace,Premier League,1.0,10500000.0,29000.0,20700000.0,76,81,1,75.0,39.0,60.0,70.0,75.0,68.0,Left,3,2,36,63,69,68,70,59,61.0,74,63,76,75,76,76,79,59,High/High,Lean (170-185)
Igor,Igor Júlio dos Santos de Paulo,25,Brazil,CB,Brighton & Hove Albion,Premier League,1.0,10000000.0,58000.0,19800000.0,76,81,1,72.0,31.0,50.0,55.0,77.0,85.0,Left,2,2,22,67,24,44,63,56,65.0,78,90,69,74,66,76,81,48,Medium/Medium,Stocky (185+)
S. Bornauw,Sebastiaan Bornauw,24,Belgium,CB,VfL Wolfsburg,Bundesliga,1.0,10000000.0,31000.0,17800000.0,76,81,2,77.0,45.0,59.0,55.0,76.0,78.0,Right,3,2,44,64,57,52,58,52,68.0,67,81,67,85,49,76,75,48,Medium/Medium,Lean (185+)
L. Balerdi,Leonardo Julián Balerdi Rossa,24,Argentina,CB,Olympique de Marseille,Ligue 1,1.0,10000000.0,27000.0,19800000.0,76,81,2,65.0,36.0,61.0,65.0,76.0,75.0,Right,3,2,29,75,42,64,69,60,69.0,67,78,63,66,62,76,77,48,Medium/Medium,Normal (185+)
D. McNeil,Dwight McNeil,23,England,"LM, RM",Everton,Premier League,1.0,11500000.0,33000.0,22700000.0,76,81,1,68.0,66.0,75.0,78.0,54.0,66.0,Left,2,3,66,76,77,80,79,75,76.0,77,64,70,67,75,57,57,73,High/High,Lean (170-185)
M. Salisu,Mohamed Salisu Abdul Karim,24,Ghana,CB,Monaco,Ligue 1,1.0,10000000.0,34000.0,19800000.0,76,81,1,68.0,36.0,50.0,53.0,77.0,79.0,Left,3,2,30,71,40,47,62,24,56.0,67,85,63,72,50,77,77,35,Medium/High,Normal (185+)
Adrià Pedrosa,Adrià Giner Pedrosa,25,Spain,LB,Sevilla,La Liga,1.0,10000000.0,22000.0,21800000.0,76,81,1,90.0,60.0,69.0,78.0,69.0,73.0,Left,3,3,61,72,72,81,74,68,73.0,89,63,91,89,83,69,71,70,High/High,Lean (170-185)
R. Sottil,Riccardo Sottil,24,Italy,"LW, RW",Fiorentina,Serie A,1.0,11500000.0,44000.0,20400000.0,76,81,1,89.0,66.0,69.0,78.0,34.0,52.0,Right,3,4,66,74,69,79,79,72,68.0,55,50,90,89,77,32,35,75,Medium/Low,Normal (170-185)
Álvaro Valles,Álvaro Vallés Rosa,25,Spain,GK,Las Palmas,La Liga,1.0,9000000.0,14000.0,20500000.0,76,81,1,,,,,,,Right,2,1,6,39,16,12,14,60,27.0,40,57,29,30,29,9,10,9,Medium/Medium,Normal (185+)
A. Král,Alex Král,25,Czech Republic,"CDM, CM",FC Union Berlin,Bundesliga,1.0,10000000.0,28000.0,17800000.0,76,81,2,69.0,70.0,71.0,76.0,74.0,79.0,Right,3,3,66,76,68,76,76,72,72.0,84,76,67,70,76,74,75,69,High/Medium,Lean (185+)
Nuno Tavares,Nuno Albertino Varela Tavares,23,Portugal,"LB, LM",Nottingham Forest,Premier League,1.0,10500000.0,64000.0,,76,81,1,86.0,65.0,69.0,74.0,68.0,80.0,Left,4,3,61,71,78,75,75,62,73.0,84,81,82,90,77,66,75,76,High/Medium,Normal (170-185)
A. Kalimuendo,Arnaud Kalimuendo-Muinga,21,France,ST,Rennes,Ligue 1,1.0,11500000.0,34000.0,22700000.0,76,81,2,80.0,75.0,59.0,77.0,29.0,67.0,Right,3,3,77,65,51,76,77,63,76.0,56,72,82,79,75,32,21,78,High/Low,Stocky (170-185)
W. Omari,Warmed Omari,23,France,CB,Rennes,Ligue 1,1.0,10000000.0,32000.0,19800000.0,76,81,1,65.0,34.0,58.0,62.0,77.0,73.0,Right,3,2,25,73,44,59,68,51,69.0,70,75,61,69,56,77,79,34,Low/Medium,Normal (185+)
Vitinha,Vítor Manuel Carvalho Oliveira,23,Portugal,ST,Olympique de Marseille,Ligue 1,1.0,11500000.0,34000.0,22700000.0,76,81,1,76.0,75.0,62.0,75.0,33.0,81.0,Right,3,3,76,66,58,77,74,65,72.0,79,80,78,75,71,23,29,76,High/Medium,Normal (170-185)
A. Nübel,Alexander Nübel,26,Germany,GK,VfB Stuttgart,Bundesliga,1.0,8000000.0,36000.0,,76,80,2,,,,,,,Right,5,1,18,29,15,18,20,32,32.0,39,70,49,46,34,23,14,10,Medium/Medium,Normal (185+)
V. Milinković-Savić,Vanja Milinković-Savić,26,Serbia,GK,Torino,Serie A,1.0,8000000.0,29000.0,14200000.0,76,80,1,,,,,,,Right,3,1,20,31,18,15,18,58,65.0,33,73,41,45,38,11,15,12,Medium/Medium,Normal (185+)
M. Svanberg,Mattias Olof Svanberg,24,Sweden,"CM, CDM",VfL Wolfsburg,Bundesliga,1.0,10500000.0,35000.0,18600000.0,76,80,2,76.0,68.0,75.0,77.0,62.0,69.0,Right,3,3,64,79,68,77,79,78,73.0,76,68,74,78,76,62,66,66,Medium/Medium,Normal (185+)
M. Wöber,Maximilian Wöber,25,Austria,"CB, LB",Borussia Mönchengladbach,Bundesliga,1.0,9500000.0,36000.0,,76,80,1,65.0,52.0,67.0,64.0,75.0,79.0,Left,3,2,41,72,63,63,67,60,67.0,72,82,62,68,62,76,75,56,Medium/High,Normal (185+)
Y. Herrera,Yangel Clemente Herrera Ravelo,25,Venezuela,"CM, CDM, CAM",Girona,La Liga,1.0,10500000.0,24000.0,22800000.0,76,80,1,60.0,72.0,72.0,74.0,76.0,76.0,Right,3,3,73,78,60,76,77,75,65.0,75,76,62,58,64,76,77,75,Medium/Medium,Lean (170-185)
O. Mangala,Orel Mangala,25,Belgium,"CM, CDM",Nottingham Forest,Premier League,1.0,10500000.0,54000.0,20700000.0,76,80,2,63.0,54.0,72.0,82.0,71.0,72.0,Right,3,3,43,79,61,83,82,76,82.0,78,70,75,54,77,76,72,64,Medium/Medium,Stocky (170-185)
Diogo Leite,Diogo Filipe Monteiro Pinto Leite,24,Portugal,CB,FC Union Berlin,Bundesliga,1.0,9500000.0,25000.0,16900000.0,76,80,1,57.0,38.0,51.0,61.0,78.0,75.0,Left,3,2,30,72,29,55,67,34,68.0,72,78,57,57,63,77,79,30,Low/Medium,Lean (185+)
J. Brekalo,Josip Brekalo,25,Croatia,"CF, LW, LM",Fiorentina,Serie A,1.0,10500000.0,48000.0,18600000.0,76,80,2,77.0,74.0,76.0,81.0,38.0,54.0,Right,4,4,73,76,77,80,81,74,77.0,70,50,78,77,87,35,42,75,High/Low,Lean (170-185)
H. Aouar,Houssem Aouar,25,Algeria,"CAM, LM, CM",Roma,Serie A,1.0,10500000.0,50000.0,18600000.0,76,80,2,69.0,68.0,75.0,80.0,64.0,67.0,Right,3,4,66,79,65,80,80,78,75.0,69,66,70,69,83,66,64,72,High/Low,Unique
V. Janelt,Vitaly Janelt,25,Germany,"CDM, CM",Brentford,Premier League,1.0,9500000.0,42000.0,18800000.0,76,80,1,67.0,69.0,71.0,72.0,73.0,77.0,Left,3,3,67,75,68,72,74,73,75.0,80,76,67,67,68,74,76,71,High/High,Lean (170-185)
W. McKennie,Weston James Earl McKennie,24,United States,"CM, CDM, RM",Juventus,Serie A,1.0,10500000.0,68000.0,18600000.0,76,80,2,72.0,72.0,75.0,77.0,77.0,78.0,Right,3,3,70,76,75,80,79,75,74.0,76,77,70,73,68,73,78,76,Medium/Medium,Stocky (185+)
A. Matusiwa,Azor Matusiwa,25,Netherlands,"CDM, CM",Stade de Reims,Ligue 1,1.0,9500000.0,20000.0,19700000.0,76,80,2,50.0,47.0,63.0,69.0,74.0,79.0,Right,3,3,38,73,46,66,70,65,72.0,83,76,58,43,74,75,76,55,Low/High,Stocky (170-185)
H. Traorè,Hamed Junior Traorè,23,Côte d'Ivoire,"LM, LW, CAM",AFC Bournemouth,Premier League,1.0,11000000.0,38000.0,21700000.0,76,80,1,79.0,69.0,72.0,78.0,57.0,62.0,Right,3,3,69,73,71,79,80,74,67.0,63,62,83,76,81,60,60,72,High/Low,Normal (170-185)
J. Wind,Jonas Older Wind,24,Denmark,"ST, CF",VfL Wolfsburg,Bundesliga,1.0,11000000.0,38000.0,19500000.0,76,80,1,60.0,75.0,71.0,75.0,36.0,78.0,Right,3,3,77,76,58,74,79,76,73.0,78,82,66,55,71,35,29,77,High/Medium,Normal (185+)
M. Kilman,Maximilian Kilman,26,England,CB,Wolverhampton Wanderers,Premier League,1.0,9000000.0,51000.0,17800000.0,76,80,1,61.0,42.0,64.0,63.0,77.0,78.0,Left,4,2,36,74,54,62,67,63,72.0,68,85,53,68,50,77,79,47,Medium/High,Normal (185+)
Tuta,Lucas Silva Melo,23,Brazil,CB,Eintracht Frankfurt,Bundesliga,1.0,9500000.0,27000.0,16900000.0,76,80,2,75.0,49.0,63.0,70.0,75.0,78.0,Right,2,2,48,75,60,67,73,50,76.0,74,79,68,81,68,77,74,45,Medium/Medium,Normal (185+)
A. Szalai,Attila Árpád Szalai,25,Hungary,CB,TSG Hoffenheim,Bundesliga,1.0,9500000.0,28000.0,16900000.0,76,80,1,73.0,45.0,64.0,65.0,76.0,82.0,Left,3,2,37,70,64,64,66,53,72.0,82,84,67,77,67,76,77,62,Medium/High,Normal (185+)
F. Gatti,Federico Gatti,25,Italy,CB,Juventus,Serie A,1.0,9500000.0,68000.0,16900000.0,76,80,1,66.0,35.0,50.0,59.0,78.0,76.0,Right,3,2,30,63,34,55,65,40,74.0,67,79,63,69,51,78,79,27,Medium/High,Lean (185+)
P. Gollini,Pierluigi Gollini,28,Italy,GK,Napoli,Serie A,1.0,7000000.0,33000.0,,76,79,2,,,,,,,Right,2,1,14,31,17,18,24,32,63.0,40,68,46,48,56,20,12,12,Medium/Medium,Normal (185+)
V. Černý,Václav Černý,25,Czech Republic,RW,VfL Wolfsburg,Bundesliga,1.0,10000000.0,42000.0,17800000.0,76,79,1,89.0,70.0,67.0,79.0,38.0,64.0,Left,3,3,72,70,68,80,79,71,67.0,86,55,88,90,87,40,37,69,High/Medium,Lean (170-185)
D. Ćaleta-Car,Duje Ćaleta-Car,26,Croatia,CB,Olympique Lyonnais,Ligue 1,1.0,8500000.0,38000.0,,76,79,2,56.0,39.0,58.0,60.0,76.0,80.0,Right,3,2,32,75,28,59,67,60,75.0,63,87,51,60,38,77,75,54,Medium/High,Normal (185+)
R. Mandragora,Rolando Mandragora,26,Italy,"CM, CDM",Fiorentina,Serie A,1.0,9500000.0,46000.0,16900000.0,76,79,2,55.0,66.0,75.0,75.0,74.0,75.0,Left,3,3,65,80,70,76,77,76,70.0,82,75,56,55,67,77,75,64,Medium/High,Lean (170-185)
T. Kehrer,Jan Thilo Kehrer,26,Germany,"CB, RB",West Ham United,Premier League,1.0,8500000.0,52000.0,16800000.0,76,79,2,71.0,44.0,65.0,65.0,76.0,75.0,Right,5,2,37,73,64,64,66,59,69.0,68,77,64,76,62,74,78,53,Medium/Medium,Lean (185+)
M. Matviienko,Mykola Matviienko,27,Ukraine,"CB, LB",Shakhtar Donetsk,Premier League,1.0,8500000.0,950.0,19300000.0,76,79,1,77.0,48.0,67.0,69.0,77.0,74.0,Left,3,2,40,79,66,68,68,60,72.0,74,75,75,78,71,79,80,60,High/Medium,Normal (170-185)
S. Serdar,Suat Serdar,26,Germany,CM,Hellas Verona,Serie A,1.0,9500000.0,16000.0,,76,79,2,68.0,71.0,71.0,79.0,73.0,77.0,Right,3,4,70,74,62,80,80,75,75.0,81,74,69,67,73,72,74,70,High/Medium,Normal (170-185)
M. Diakhaby,Mouctar Diakhaby,26,Guinea,"CB, CDM",Valencia,La Liga,1.0,8500000.0,29000.0,18500000.0,76,79,1,55.0,39.0,55.0,59.0,77.0,76.0,Right,3,2,36,71,31,57,62,59,69.0,70,79,56,54,60,76,78,47,Medium/Medium,Lean (185+)
R. Nicolaisen,Rasmus Schmidt Nicolaisen,26,Denmark,CB,Toulouse,Ligue 1,1.0,8500000.0,21000.0,17600000.0,76,79,2,47.0,41.0,57.0,60.0,76.0,80.0,Left,3,2,41,74,39,54,68,45,75.0,73,84,40,53,54,77,78,48,Low/High,Lean (185+)
I. Sarr,Ismaïla Sarr,25,Senegal,"RM, LM, RW",Olympique de Marseille,Ligue 1,1.0,10000000.0,34000.0,19800000.0,76,79,1,94.0,76.0,66.0,79.0,22.0,68.0,Right,2,4,75,69,68,81,78,66,76.0,73,71,93,94,78,25,16,72,High/Medium,Lean (185+)
R. Koch,Robin Koch,26,Germany,"CB, CDM",Eintracht Frankfurt,Bundesliga,1.0,8500000.0,38000.0,,76,79,2,61.0,38.0,60.0,64.0,78.0,74.0,Right,4,2,27,74,40,60,70,64,74.0,68,76,52,69,61,78,78,52,Medium/High,Lean (185+)
Carles Pérez,Carles Pérez Sayol,25,Spain,"RM, CAM",Celta de Vigo,La Liga,1.0,10000000.0,22000.0,21800000.0,76,79,1,80.0,74.0,70.0,80.0,37.0,63.0,Left,2,4,73,76,68,80,83,68,57.0,64,64,81,79,81,38,37,74,High/Low,Normal (170-185)
D. Ljubičić,Dejan Ljubičić,25,Austria,"RM, CDM, CM",FC Köln,Bundesliga,1.0,10000000.0,26000.0,18800000.0,76,79,1,76.0,70.0,71.0,75.0,72.0,78.0,Right,3,3,73,75,69,75,77,74,73.0,87,74,67,84,71,71,74,70,Medium/High,Lean (185+)
A. Bayındır,Altay Bayındır,25,Turkey,GK,Manchester United,Premier League,1.0,7500000.0,60000.0,14800000.0,76,79,1,,,,,,,Right,2,1,10,35,11,10,16,55,62.0,31,68,30,31,51,14,13,14,Medium/Medium,Lean (185+)
H. Boudaoui,Hicham Boudaoui,23,Algeria,"CM, RM, CDM",Nice,Ligue 1,1.0,10000000.0,33000.0,19800000.0,76,79,1,75.0,65.0,73.0,77.0,74.0,75.0,Right,3,3,68,77,68,77,78,73,73.0,86,69,74,75,79,72,76,73,Medium/Medium,Lean (170-185)
W. Falcone,Wladimiro Falcone,28,Italy,GK,Lecce,Serie A,1.0,6500000.0,14000.0,12200000.0,76,78,1,,,,,,,Right,2,1,19,25,17,13,20,35,44.0,28,62,26,28,33,6,11,5,Medium/Medium,Normal (185+)
R. Zentner,Robin Zentner,28,Germany,GK,FSV Mainz 05,Bundesliga,1.0,6500000.0,21000.0,11500000.0,76,78,2,,,,,,,Right,3,1,14,29,17,11,16,22,46.0,29,83,65,65,30,17,17,10,Medium/Medium,Stocky (185+)
Z. Çelik,Mehmet Zeki Çelik,26,Turkey,"RWB, RM, RB",Roma,Serie A,1.0,8500000.0,47000.0,15100000.0,76,78,2,75.0,59.0,69.0,70.0,73.0,78.0,Right,3,3,57,72,72,69,73,68,74.0,84,77,73,76,68,73,74,70,High/Medium,Normal (170-185)
S. Spierings,Stijn Spierings,27,Netherlands,"CDM, CM",Lens,Ligue 1,1.0,8000000.0,30000.0,15800000.0,76,78,1,56.0,66.0,68.0,70.0,76.0,75.0,Right,3,3,64,77,48,69,72,68,73.0,75,77,55,56,67,77,78,54,Medium/High,Lean (185+)
J. Cullen,Joshua Jon Cullen,27,Republic of Ireland,"CDM, CM",Burnley,Premier League,1.0,8000000.0,40000.0,16600000.0,76,78,1,68.0,56.0,74.0,73.0,73.0,70.0,Right,3,3,48,78,73,68,76,71,79.0,85,63,71,65,75,75,75,62,High/High,Normal (170-185)
A. Laïdouni,Aïssa Bilal Laïdouni,26,Tunisia,"CDM, CM",FC Union Berlin,Bundesliga,1.0,8500000.0,29000.0,15100000.0,76,78,1,71.0,60.0,67.0,74.0,70.0,79.0,Right,2,3,59,77,58,73,76,65,81.0,87,75,66,75,74,71,72,66,Medium/Medium,Normal (170-185)
J. Mæhle,Joakim Mæhle Pedersen,26,Denmark,"LB, LW, RW",VfL Wolfsburg,Bundesliga,1.0,8500000.0,37000.0,15100000.0,76,78,2,83.0,57.0,69.0,71.0,70.0,77.0,Right,3,3,50,73,73,71,74,66,73.0,87,74,78,87,67,70,72,76,Medium/Medium,Normal (185+)
M. Senesi,Marcos Nicolás Senesi Barón,26,Argentina,CB,AFC Bournemouth,Premier League,1.0,8000000.0,40000.0,15800000.0,76,78,2,59.0,42.0,69.0,72.0,76.0,75.0,Left,4,3,32,75,63,73,75,75,75.0,71,77,65,54,66,77,76,32,Low/Medium,Normal (170-185)
A. Caci,Anthony Caci,26,France,"LWB, CB, LM",FSV Mainz 05,Bundesliga,1.0,8500000.0,25000.0,15100000.0,76,78,2,69.0,52.0,71.0,70.0,76.0,73.0,Right,5,3,53,74,76,69,73,63,68.0,76,73,67,70,68,75,76,65,Medium/Medium,Lean (185+)
O. Alderete,Omar Federico Alderete Fernández,26,Paraguay,CB,Getafe,La Liga,1.0,8000000.0,24000.0,17400000.0,76,78,1,63.0,56.0,58.0,64.0,78.0,77.0,Left,3,2,54,64,56,62,63,49,68.0,71,79,63,63,70,78,79,62,Medium/Medium,Normal (185+)
H. Reed,Harrison Reed,28,England,"CDM, CM",Fulham,Premier League,1.0,7000000.0,63000.0,13800000.0,76,77,1,68.0,60.0,72.0,71.0,72.0,75.0,Right,3,3,59,74,73,69,72,71,72.0,82,69,75,62,74,74,75,67,Medium/High,Normal (170-185)
M. Cornet,Gnaly Maxwel Cornet,26,Côte d'Ivoire,"LM, CF",West Ham United,Premier League,1.0,9000000.0,57000.0,17800000.0,76,77,2,85.0,75.0,70.0,76.0,67.0,72.0,Left,4,3,74,73,73,78,76,70,67.0,73,70,83,86,75,64,70,79,High/Medium,Lean (170-185)
K. Tete,Kenny Joelle Tete,27,Netherlands,RB,Fulham,Premier League,1.0,8000000.0,60000.0,15800000.0,76,77,1,75.0,47.0,68.0,69.0,75.0,76.0,Right,2,2,42,72,77,68,70,58,66.0,76,75,74,75,72,76,77,61,Medium/Medium,Normal (170-185)
M. Targett,Matt Targett,27,England,LB,Newcastle United,Premier League,1.0,8000000.0,74000.0,15800000.0,76,77,1,66.0,47.0,72.0,72.0,75.0,68.0,Left,2,3,40,74,81,73,75,63,67.0,77,66,67,65,63,76,77,62,High/Medium,Normal (170-185)
J. Laporte,Julien Laporte,29,France,CB,Lorient,Ligue 1,1.0,7000000.0,22000.0,14500000.0,76,77,2,37.0,29.0,46.0,51.0,77.0,83.0,Right,3,2,22,69,27,40,66,29,57.0,82,86,38,37,39,78,77,29,Medium/Medium,Normal (185+)
R. Holding,Rob Holding,27,England,CB,Crystal Palace,Premier League,1.0,7500000.0,34000.0,14800000.0,76,77,1,53.0,34.0,61.0,65.0,78.0,73.0,Right,3,2,30,75,50,64,69,57,74.0,61,77,55,52,53,77,80,40,Low/High,Lean (185+)
F. Grillitsch,Florian Grillitsch,27,Austria,"CDM, CB",TSG Hoffenheim,Bundesliga,1.0,7500000.0,29000.0,13300000.0,76,77,2,64.0,60.0,76.0,75.0,73.0,66.0,Right,3,3,58,81,66,74,79,80,78.0,69,71,61,67,67,73,73,70,Medium/Medium,Lean (185+)
A. Robinson,Antonee Robinson,25,United States,"LB, LWB",Fulham,Premier League,1.0,8000000.0,58000.0,15800000.0,76,77,1,87.0,45.0,68.0,76.0,70.0,76.0,Left,3,3,44,72,73,79,73,63,67.0,79,72,85,88,79,66,75,65,High/Medium,Normal (170-185)
J. Harrison,Jack Harrison,26,England,"LM, RM",Everton,Premier League,1.0,9000000.0,42000.0,,76,77,1,80.0,70.0,70.0,79.0,49.0,69.0,Left,3,4,69,73,76,80,77,75,73.0,84,64,82,78,81,60,43,74,High/High,Normal (170-185)
A. Harit,Amine Harit,26,Morocco,"LM, CF",Olympique de Marseille,Ligue 1,1.0,9000000.0,35000.0,17800000.0,76,77,2,80.0,62.0,72.0,82.0,40.0,48.0,Right,3,5,65,75,72,84,81,75,76.0,62,40,82,79,84,44,44,69,Medium/Medium,Lean (170-185)
Odriozola,Álvaro Odriozola Arzalluz,27,Spain,RB,Real Sociedad,La Liga,1.0,8000000.0,27000.0,17400000.0,76,77,1,80.0,55.0,69.0,74.0,72.0,65.0,Right,3,3,48,71,75,75,74,63,67.0,78,58,76,83,74,73,72,69,High/High,Lean (170-185)
R. Sallai,Roland Sallai,26,Hungary,"RM, CF, CAM",SC Freiburg,Bundesliga,1.0,9000000.0,27000.0,16000000.0,76,77,2,73.0,70.0,71.0,78.0,37.0,69.0,Right,4,4,73,76,75,80,79,74,65.0,63,69,77,70,77,32,37,76,Medium/Medium,Normal (170-185)
R. Marin,Răzvan Gabriel Marin,27,Romania,"CM, CDM",Empoli,Serie A,1.0,8500000.0,25000.0,,76,77,1,71.0,74.0,77.0,75.0,69.0,73.0,Right,4,4,68,78,76,74,77,74,75.0,82,68,72,70,74,72,67,69,Medium/Medium,Normal (170-185)
Eric Curbelo,Eric Curbelo de la Fe,29,Spain,"CB, RB",Las Palmas,La Liga,1.0,7000000.0,19000.0,15900000.0,76,77,1,84.0,38.0,66.0,67.0,76.0,81.0,Right,5,2,37,74,58,61,68,71,70.0,85,80,82,86,76,77,77,49,Medium/High,Lean (170-185)
Gorosabel,Andoni Gorosabel Espinosa,26,Spain,RB,Deportivo Alavés,La Liga,1.0,8000000.0,21000.0,18200000.0,76,77,1,74.0,46.0,70.0,72.0,74.0,67.0,Right,2,2,38,75,75,71,73,67,68.0,70,66,72,76,70,73,76,67,Medium/Medium,Normal (170-185)
I. Baba,Iddrisu Baba Mohammed,27,Ghana,"CM, CDM",Almería,La Liga,1.0,8500000.0,25000.0,,76,77,1,61.0,66.0,68.0,69.0,72.0,77.0,Right,4,2,70,78,46,72,73,75,57.0,79,77,62,61,51,64,79,74,Medium/High,Lean (185+)
A. Young,Ashley Young,37,England,"LB, RB, LM",Everton,Premier League,1.0,1700000.0,25000.0,3200000.0,76,76,2,65.0,66.0,77.0,75.0,76.0,71.0,Right,3,4,63,78,78,74,76,74,79.0,68,68,67,64,70,78,77,72,High/Medium,Lean (170-185)
A. Guardado,José Andrés Guardado Hernández,36,Mexico,CDM,Real Betis,La Liga,1.0,1500000.0,15000.0,3200000.0,76,76,3,59.0,68.0,79.0,78.0,71.0,67.0,Left,2,3,64,82,75,77,78,78,75.0,79,59,63,56,77,71,73,65,Medium/Medium,Lean (170-)
F. Forster,Fraser Forster,35,England,GK,Tottenham Hotspur,Premier League,1.0,825000.0,32000.0,1600000.0,76,76,2,,,,,,,Right,5,1,13,27,19,20,33,48,54.0,29,80,26,32,44,11,13,13,Medium/Medium,Normal (185+)
K. Gameiro,Kévin Gameiro,36,France,ST,Strasbourg,Ligue 1,1.0,2600000.0,19000.0,5200000.0,76,76,3,79.0,77.0,73.0,75.0,41.0,65.0,Right,4,3,79,76,69,73,77,74,76.0,66,64,76,81,77,44,33,78,Medium/Medium,Stocky (170-185)
A. Lallana,Adam David Lallana,35,England,"CAM, CM, CDM",Brighton & Hove Albion,Premier League,1.0,3100000.0,49000.0,5900000.0,76,76,2,56.0,70.0,77.0,77.0,63.0,61.0,Right,5,4,69,81,74,78,80,78,81.0,54,60,63,51,68,61,65,74,High/Medium,Lean (170-185)
A. Ogbonna,Angelo Obinze Ogbonna,35,Italy,CB,West Ham United,Premier League,1.0,2000000.0,38000.0,3800000.0,76,76,2,40.0,40.0,59.0,59.0,79.0,67.0,Left,3,2,25,66,51,58,61,52,73.0,33,80,35,44,46,80,80,44,Medium/Medium,Normal (185+)
D. Welbeck,Daniel Nii Tackie Mensah Welbeck,32,England,ST,Brighton & Hove Albion,Premier League,1.0,6000000.0,72000.0,11400000.0,76,76,2,68.0,73.0,70.0,76.0,42.0,71.0,Right,3,3,76,74,69,76,82,74,78.0,63,72,64,72,67,43,39,80,High/High,Normal (185+)
F. Caputo,Francesco Caputo,35,Italy,ST,Empoli,Serie A,1.0,3200000.0,10000.0,5800000.0,76,76,1,74.0,77.0,62.0,76.0,30.0,64.0,Right,4,3,81,70,50,75,76,65,72.0,65,67,77,72,84,40,20,81,Medium/Low,Lean (170-185)
Aridane,Aridane Hernández Umpiérrez,34,Spain,CB,Rayo Vallecano,La Liga,1.0,2400000.0,18000.0,5000000.0,76,76,1,47.0,36.0,54.0,54.0,76.0,84.0,Right,3,2,26,65,45,40,67,47,66.0,77,91,40,53,65,75,75,35,Medium/High,Normal (185+)
K. Vogt,Kevin Vogt,31,Germany,CB,TSG Hoffenheim,Bundesliga,1.0,5000000.0,29000.0,8500000.0,76,76,2,69.0,57.0,72.0,68.0,76.0,76.0,Right,3,2,50,80,63,67,73,67,80.0,67,83,66,72,54,75,76,55,High/Medium,Normal (185+)
G. Pezzella,Germán Alejandro Pezzella,32,Argentina,CB,Real Betis,La Liga,1.0,4900000.0,21000.0,10300000.0,76,76,1,53.0,49.0,49.0,56.0,77.0,74.0,Right,3,2,48,69,40,54,64,22,72.0,58,77,51,55,32,78,77,47,Medium/Medium,Normal (185+)
Willian José,Willian José da Silva,31,Brazil,ST,Real Betis,La Liga,1.0,6500000.0,25000.0,13700000.0,76,76,2,63.0,77.0,65.0,71.0,39.0,80.0,Right,4,4,78,73,53,73,75,74,77.0,65,89,60,65,65,40,32,79,Medium/Low,Normal (185+)
M. Faraoni,Marco Davide Faraoni,31,Italy,"RWB, RM, RB",Hellas Verona,Serie A,1.0,5500000.0,24000.0,9900000.0,76,76,1,76.0,72.0,74.0,75.0,70.0,72.0,Right,4,3,66,76,78,74,76,67,73.0,74,68,77,76,71,68,72,74,High/High,Normal (170-185)
N. Höfler,Nicolas Höfler,33,Germany,"CDM, CM",SC Freiburg,Bundesliga,1.0,3700000.0,25000.0,6300000.0,76,76,2,57.0,47.0,66.0,68.0,77.0,76.0,Right,3,2,41,76,54,65,68,65,75.0,90,73,54,59,67,78,78,53,Medium/Medium,Normal (170-185)
M. Bizot,Marco Bizot,32,Netherlands,GK,Brest,Ligue 1,1.0,3700000.0,15000.0,7400000.0,76,76,2,,,,,,,Right,2,1,15,28,20,12,32,47,47.0,32,64,45,47,50,11,12,13,Medium/Medium,Normal (185+)
B. Lecomte,Benjamin Lecomte,32,France,GK,Montpellier,Ligue 1,1.0,3700000.0,17000.0,7400000.0,76,76,2,,,,,,,Left,3,1,11,30,13,11,23,44,61.0,34,68,41,40,36,17,11,10,Medium/Medium,Normal (185+)
J. Schlupp,Jeffrey Schlupp,30,Ghana,"CDM, CM",Crystal Palace,Premier League,1.0,6500000.0,34000.0,12400000.0,76,76,1,82.0,71.0,70.0,76.0,74.0,75.0,Left,2,3,69,74,66,77,75,72,69.0,77,73,83,82,73,74,77,75,Medium/Medium,Normal (170-185)
R. Saponara,Riccardo Saponara,31,Italy,"LM, LW, CF",Hellas Verona,Serie A,1.0,6000000.0,26000.0,10800000.0,76,76,2,68.0,71.0,78.0,79.0,41.0,59.0,Right,4,4,66,80,73,80,82,84,77.0,62,60,69,67,71,54,34,76,Medium/Medium,Normal (170-185)
A. Mandi,Aïssa Mandi,31,Algeria,"CB, RB",Villarreal,La Liga,1.0,5000000.0,27000.0,10500000.0,76,76,1,60.0,46.0,71.0,67.0,77.0,72.0,Right,3,2,41,76,69,64,71,68,74.0,60,76,64,57,67,75,79,65,High/Medium,Lean (170-185)
M. Haïdara,Massadio Haïdara,30,Mali,"LWB, CB",Lens,Ligue 1,1.0,6500000.0,30000.0,12400000.0,76,76,1,77.0,58.0,64.0,72.0,74.0,79.0,Left,3,3,52,70,70,70,75,56,73.0,82,78,74,80,69,73,75,57,Medium/High,Normal (170-185)
T. Meunier,Thomas Meunier,31,Belgium,"RB, RM",Borussia Dortmund,Bundesliga,1.0,5500000.0,36000.0,9400000.0,76,76,3,68.0,74.0,72.0,71.0,74.0,82.0,Right,4,3,70,67,81,75,71,73,74.0,80,84,66,69,62,71,74,74,Medium/Medium,Normal (185+)
J. Roussillon,Jérôme Roussillon,30,France,"LWB, LM",FC Union Berlin,Bundesliga,1.0,6500000.0,29000.0,11100000.0,76,76,2,82.0,65.0,69.0,76.0,71.0,73.0,Left,2,3,63,72,69,76,77,66,75.0,73,73,81,82,77,72,72,66,High/Medium,Stocky (170-185)
W. Boly,Willy-Arnaud Zobo Boly,32,Côte d'Ivoire,CB,Nottingham Forest,Premier League,1.0,4900000.0,51000.0,9300000.0,76,76,1,53.0,36.0,60.0,58.0,76.0,77.0,Right,4,2,32,68,50,57,64,61,79.0,51,91,47,57,39,73,79,45,Medium/Medium,Normal (185+)
D. Klaassen,Davy Klaassen,30,Netherlands,"CM, CAM",Inter,Serie A,1.0,7000000.0,61000.0,11900000.0,76,76,2,61.0,78.0,72.0,72.0,71.0,77.0,Right,3,3,79,75,67,69,79,77,79.0,83,74,69,54,65,70,73,82,High/Medium,Normal (170-185)
B. De Cordova-Reid,Bobby De Cordova-Reid,30,Jamaica,"RM, LM",Fulham,Premier League,1.0,7000000.0,66000.0,13300000.0,76,76,1,75.0,72.0,71.0,77.0,59.0,65.0,Right,3,3,73,74,71,75,75,73,70.0,83,60,78,72,86,59,59,77,High/High,Lean (170-)
J. Brooks,John Anthony Brooks,30,United States,CB,TSG Hoffenheim,Bundesliga,1.0,6000000.0,29000.0,10200000.0,76,76,2,56.0,40.0,57.0,61.0,77.0,76.0,Left,3,2,39,70,36,59,63,58,81.0,61,85,53,58,53,76,80,40,Low/Medium,Normal (185+)
R. Jiménez,Raúl Alonso Jiménez Rodríguez,32,Mexico,ST,Fulham,Premier League,1.0,6000000.0,72000.0,11400000.0,76,76,3,66.0,77.0,75.0,74.0,45.0,78.0,Right,4,3,75,78,73,75,76,76,78.0,69,82,65,67,66,43,38,78,Medium/Medium,Normal (185+)
Ruiz de Galarreta,Iñigo Ruiz de Galarreta Etxeberria,29,Spain,"CM, CDM",Athletic Club,La Liga,1.0,7500000.0,26000.0,15800000.0,76,76,1,67.0,62.0,71.0,73.0,71.0,70.0,Right,3,3,60,80,53,70,73,77,74.0,77,63,66,67,83,66,80,74,High/Medium,Lean (170-185)
Alberto Moreno,Alberto Moreno Pérez,30,Spain,"LB, LM",Villarreal,La Liga,1.0,6500000.0,27000.0,13700000.0,76,76,2,79.0,69.0,73.0,76.0,71.0,68.0,Left,2,3,65,77,78,75,75,69,68.0,74,59,77,80,80,67,76,77,High/Medium,Normal (170-185)
M. De Sciglio,Mattia De Sciglio,30,Italy,"RB, RM, LB",Juventus,Serie A,1.0,6500000.0,72000.0,11100000.0,76,76,2,66.0,46.0,70.0,74.0,76.0,69.0,Right,4,3,33,74,78,74,75,63,74.0,75,66,64,68,73,76,79,64,Medium/Medium,Lean (170-185)
S. Johnstone,Sam Johnstone,30,England,GK,Crystal Palace,Premier League,1.0,5000000.0,28000.0,9500000.0,76,76,2,,,,,,,Right,3,1,11,27,17,16,18,48,32.0,37,68,38,45,55,22,17,11,Medium/Medium,Normal (185+)
J. Murphy,Jacob Murphy,28,England,"RW, LW",Newcastle United,Premier League,1.0,7500000.0,90000.0,14300000.0,76,76,1,83.0,68.0,70.0,78.0,62.0,64.0,Right,4,3,65,70,76,80,78,73,70.0,76,61,83,83,74,63,67,76,High/Medium,Normal (170-185)
Patric,Patricio Gabarrón Gil,30,Spain,CB,Lazio,Serie A,1.0,6000000.0,38000.0,10200000.0,76,76,1,68.0,53.0,69.0,71.0,77.0,73.0,Right,3,2,49,77,69,68,74,66,72.0,68,72,69,68,69,75,79,55,Medium/High,Normal (170-185)
Pablo Marí,Pablo Marí Villar,29,Spain,CB,Monza,Serie A,1.0,6500000.0,42000.0,11100000.0,76,76,2,59.0,40.0,51.0,54.0,77.0,75.0,Left,3,2,38,70,32,49,60,37,74.0,57,82,56,62,49,75,79,34,Medium/Medium,Normal (185+)
Y. Poulsen,Yussuf Yurary Poulsen,29,Denmark,ST,RB Leipzig,Bundesliga,1.0,7500000.0,49000.0,12800000.0,76,76,2,74.0,71.0,67.0,73.0,56.0,81.0,Right,3,3,76,73,68,75,75,71,72.0,80,80,77,71,68,53,59,79,Medium/High,Normal (185+)
J. Gastien,Johan Gastien,35,France,"CDM, CM",Clermont,Ligue 1,1.0,2100000.0,13000.0,4200000.0,76,76,2,42.0,63.0,68.0,71.0,72.0,75.0,Right,3,2,65,76,52,66,75,74,76.0,84,70,42,42,72,78,74,66,Medium/High,Lean (170-185)
Jonny,Jonathan Castro Otto,29,Spain,"LB, LWB, RWB",Wolverhampton Wanderers,Premier League,1.0,6500000.0,54000.0,12400000.0,76,76,2,68.0,54.0,69.0,74.0,75.0,67.0,Right,3,3,51,70,75,74,76,67,73.0,72,59,74,63,71,75,76,66,Medium/Medium,Normal (170-)
K. Mbabu,Melingo Kevin Mbabu,28,Switzerland,RB,FC Augsburg,Bundesliga,1.0,7000000.0,63000.0,,76,76,2,84.0,51.0,67.0,71.0,72.0,80.0,Right,3,3,49,67,73,71,69,69,70.0,83,78,86,82,78,70,73,70,High/Medium,Normal (170-185)
E. Hysaj,Elseid Hysaj,29,Albania,"LB, RB",Lazio,Serie A,1.0,6500000.0,40000.0,11100000.0,76,76,2,75.0,51.0,66.0,73.0,73.0,70.0,Right,3,3,47,73,73,72,75,59,74.0,74,65,73,77,74,74,75,63,Medium/Medium,Normal (170-185)
M. Sanson,Morgan Sanson,28,France,"CM, CAM",Nice,Ligue 1,1.0,7500000.0,69000.0,,76,76,2,67.0,73.0,77.0,76.0,70.0,70.0,Right,4,4,71,78,74,76,77,78,77.0,64,72,70,64,74,68,74,74,Medium/Medium,Normal (170-185)
R. Khedira,Rani Khedira,29,Germany,"CDM, CB",FC Union Berlin,Bundesliga,1.0,6500000.0,31000.0,11100000.0,76,76,2,60.0,43.0,58.0,61.0,79.0,83.0,Right,3,2,34,69,42,57,68,59,67.0,83,83,53,65,54,82,78,43,Low/High,Normal (185+)
D. Lazović,Darko Lazović,32,Serbia,"LM, CF",Hellas Verona,Serie A,1.0,6000000.0,26000.0,10800000.0,76,76,1,77.0,72.0,73.0,77.0,64.0,62.0,Right,4,3,69,75,76,77,75,69,70.0,80,51,80,75,84,63,67,74,High/Medium,Lean (170-185)
L. Abergel,Laurent Abergel,30,France,"CDM, CM",Lorient,Ligue 1,1.0,6500000.0,21000.0,13000000.0,76,76,1,66.0,50.0,69.0,73.0,72.0,75.0,Right,3,3,42,76,67,70,77,67,64.0,89,68,72,61,74,70,77,58,Medium/High,Normal (170-)
A. Iwobi,Alex Iwobi,27,Nigeria,"RM, CM",Fulham,Premier League,1.0,8000000.0,66000.0,15200000.0,76,76,2,74.0,64.0,73.0,78.0,56.0,74.0,Right,3,4,60,77,70,81,78,75,76.0,90,72,73,75,73,52,62,73,High/High,Normal (185+)
Adama Traoré,Adama Traoré Diarra,27,Spain,"RW, RM, ST",Fulham,Premier League,1.0,8000000.0,72000.0,15200000.0,76,76,1,93.0,65.0,66.0,83.0,39.0,81.0,Right,2,4,62,71,74,89,78,66,73.0,73,88,94,93,78,37,41,65,High/Low,Unique
S. Widmer,Silvan Dominic Widmer,30,Switzerland,"RWB, RM, CB",FSV Mainz 05,Bundesliga,1.0,6500000.0,25000.0,11100000.0,76,76,2,77.0,62.0,71.0,73.0,71.0,78.0,Right,3,3,59,70,77,72,73,70,76.0,89,77,75,79,75,72,72,71,High/Medium,Normal (170-185)
Dani García,Daniel García Carrillo,33,Spain,CM,Athletic Club,La Liga,1.0,4600000.0,25000.0,9700000.0,76,76,1,38.0,63.0,71.0,70.0,76.0,82.0,Right,3,3,58,78,55,66,74,74,68.0,89,81,36,40,66,78,80,74,Low/High,Normal (170-185)
Danilo,Danilo Teodoro Soares,31,Brazil,LB,VfL Bochum 1848,Bundesliga,1.0,5500000.0,22000.0,9900000.0,76,76,2,72.0,59.0,67.0,78.0,74.0,70.0,Left,3,3,54,73,72,77,76,58,76.0,76,65,77,67,84,74,76,64,Medium/Medium,Normal (170-)
Embarba,Adrián Embarba Blázquez,31,Spain,"LM, RM",Almería,La Liga,1.0,6000000.0,25000.0,12600000.0,76,76,2,76.0,75.0,75.0,75.0,43.0,69.0,Right,4,4,73,75,75,76,75,74,73.0,75,64,77,75,75,36,48,74,High/Low,Normal (170-185)
D. Machado,Deiver Andrés Machado Mena,29,Colombia,"LWB, LB",Lens,Ligue 1,1.0,6500000.0,31000.0,12400000.0,76,76,1,82.0,63.0,68.0,75.0,68.0,72.0,Left,3,2,59,73,75,75,74,66,74.0,79,68,83,82,76,68,70,68,High/Medium,Stocky (170-185)
F. Honorat,Franck Honorat,26,France,"RM, LM",Borussia Mönchengladbach,Bundesliga,1.0,8000000.0,27000.0,13600000.0,76,76,2,79.0,75.0,71.0,76.0,47.0,60.0,Right,3,4,74,72,77,78,76,72,74.0,80,54,80,78,78,51,45,73,High/Medium,Lean (170-185)
R. Borré,Rafael Santos Borré Maury,27,Colombia,ST,Werder Bremen,Bundesliga,1.0,8000000.0,37000.0,,76,76,2,76.0,75.0,74.0,77.0,45.0,76.0,Right,3,3,75,77,71,75,76,78,80.0,85,67,83,70,84,44,45,78,High/High,Normal (170-185)
R. Aguilar,Ruben Aguilar,30,France,RB,Lens,Ligue 1,1.0,6500000.0,30000.0,12400000.0,76,76,2,73.0,53.0,70.0,75.0,72.0,76.0,Right,2,3,49,74,74,74,75,69,72.0,92,66,77,70,78,72,74,70,High/High,Normal (170-)
Hwang Hee Chan,황희찬 黄喜灿,27,Korea Republic,"LM, ST",Wolverhampton Wanderers,Premier League,1.0,8000000.0,56000.0,15200000.0,76,76,1,81.0,75.0,70.0,77.0,39.0,72.0,Right,4,4,76,73,68,79,73,76,76.0,76,70,87,76,87,39,36,78,High/Medium,Normal (170-185)
A. Fulgini,Angelo Fulgini,26,France,"LW, CM, CAM",Lens,Ligue 1,1.0,8000000.0,36000.0,15200000.0,76,76,2,71.0,70.0,76.0,79.0,69.0,74.0,Right,4,4,73,77,75,81,81,78,75.0,82,71,69,73,74,66,73,76,High/Medium,Lean (170-185)
F. Guilbert,Frédéric Guilbert,28,France,RWB,Strasbourg,Ligue 1,1.0,7000000.0,22000.0,14000000.0,76,76,2,72.0,47.0,68.0,71.0,73.0,75.0,Right,3,3,38,73,74,69,74,63,67.0,76,73,73,71,67,71,74,65,High/Medium,Normal (170-185)
G. Prömel,Grischa Prömel,28,Germany,"CM, CDM",TSG Hoffenheim,Bundesliga,1.0,7500000.0,34000.0,12800000.0,76,76,2,67.0,71.0,69.0,74.0,75.0,81.0,Right,4,3,71,76,61,74,76,71,76.0,92,76,65,69,67,73,76,73,High/High,Normal (170-185)
K. Onisiwo,Karim Onisiwo,31,Austria,"ST, CF",FSV Mainz 05,Bundesliga,1.0,6500000.0,29000.0,11100000.0,76,76,2,78.0,73.0,64.0,73.0,51.0,84.0,Right,3,3,76,64,68,76,72,68,74.0,79,85,75,80,65,44,53,79,High/High,Normal (185+)
M. Jensen,Mathias Jensen,27,Denmark,CM,Brentford,Premier League,1.0,8000000.0,49000.0,15200000.0,76,76,1,62.0,64.0,77.0,74.0,69.0,73.0,Right,4,3,64,78,77,73,74,79,79.0,80,70,58,65,77,73,69,70,Medium/High,Lean (170-185)
P. Lees-Melou,Pierre Lees-Melou,30,France,"CM, CDM, CAM",Brest,Ligue 1,1.0,7000000.0,20000.0,14000000.0,76,76,2,62.0,72.0,77.0,75.0,69.0,75.0,Right,4,3,69,78,77,75,77,76,77.0,85,72,64,61,71,73,70,74,High/High,Lean (185+)
Lúcio Corteijo,Lúcio Anselmo Corteijo Salazar,35,Brazil,RB,América Mineiro,Serie A,1.0,2300000.0,12000.0,4400000.0,76,76,1,77.0,45.0,66.0,64.0,74.0,73.0,Right,3,2,37,68,78,62,65,61,59.0,78,71,74,79,71,76,77,66,Medium/Medium,Normal (170-185)
Antonaldinho,Antonaldo David Machado Chagas,35,Brazil,CB,Atlético Mineiro,Serie A,1.0,2000000.0,22000.0,3600000.0,76,76,1,68.0,36.0,56.0,60.0,79.0,80.0,Right,3,2,38,68,46,55,62,49,60.0,83,79,74,63,70,82,81,36,Medium/Medium,Lean (185+)
Cris Laranjeiros,Cristian Also Laranjeiro Sá,31,Brazil,CB,Athletico Paranaense,Serie A,1.0,5000000.0,15000.0,9500000.0,76,76,1,70.0,54.0,61.0,64.0,75.0,82.0,Right,3,2,54,65,66,61,67,56,70.0,76,85,64,74,67,72,79,55,Medium/Medium,Normal (185+)
Fred Aníbão,Fred Marcos Aníbal Dias,31,Brazil,GK,Athletico Paranaense,Serie A,1.0,4000000.0,12000.0,7600000.0,76,76,1,,,,,,,Right,2,1,7,15,9,8,21,44,66.0,23,84,31,33,42,14,8,20,Medium/Medium,Normal (185+)
Pierrino Faria,Pierre Tomás Torres De Faria,39,Brazil,GK,Santos,Serie A,1.0,825000.0,12000.0,1600000.0,76,76,1,,,,,,,Right,2,1,11,32,20,16,22,70,61.0,44,52,41,55,31,12,16,12,Medium/Medium,Normal (185+)
Nicolás Filhei,Nicolás Evandro Filheiro Stein,27,Brazil,"CM, CAM, CDM",Palmeiras,Serie A,1.0,8000000.0,35000.0,14400000.0,76,76,1,72.0,69.0,76.0,76.0,57.0,45.0,Right,4,3,69,82,65,75,77,78,72.0,53,42,76,69,77,23,73,75,High/High,Normal (170-185)
Rubem Esteiro,Rubem Thomas Esteiro Branco,35,Brazil,"RM, CM",Palmeiras,Serie A,1.0,3100000.0,26000.0,5600000.0,76,76,1,76.0,65.0,73.0,76.0,54.0,61.0,Right,4,3,67,71,84,76,76,75,64.0,80,57,77,75,80,55,49,68,Medium/Medium,Normal (170-185)
David Seijalbo,David Jefferson Seijalbo Vaz,27,Brazil,CDM,Atlético Mineiro,Serie A,1.0,7000000.0,30000.0,12600000.0,76,76,1,65.0,53.0,63.0,63.0,74.0,82.0,Left,2,2,45,77,48,50,70,52,80.0,88,80,58,70,77,81,77,36,Medium/High,Stocky (170-185)
Jairzinho Aníbal,Gabriel Jairo Aníbal Rangel,31,Brazil,"CDM, CM",Bragantino,Serie A,1.0,5000000.0,16000.0,9500000.0,76,76,1,67.0,62.0,66.0,65.0,74.0,78.0,Right,3,2,57,76,62,59,72,56,73.0,89,71,67,67,65,80,70,65,Medium/High,Normal (170-185)
Simão Acunha,Simão Alvin Acunha Bardini,35,Brazil,"CAM, CF, RW",Atlético Mineiro,Serie A,1.0,3100000.0,24000.0,5600000.0,76,76,1,77.0,68.0,77.0,77.0,36.0,62.0,Right,2,4,66,79,74,76,78,80,71.0,72,61,80,74,79,30,32,67,High/Low,Lean (170-185)
Adilson Edrada,Adilson Patrick Edrada Pereira,31,Brazil,CAM,Santos,Serie A,1.0,6000000.0,26000.0,11400000.0,76,76,1,77.0,71.0,70.0,80.0,32.0,55.0,Right,3,3,73,76,63,87,75,77,67.0,52,60,74,80,79,16,32,76,Medium/Low,Lean (170-185)
Rafael Cachoira,Rafael Jorgino Cachoira Rebelo,23,Brazil,"CB, CDM",Bragantino,Serie A,1.0,7500000.0,14000.0,14300000.0,76,76,1,53.0,40.0,58.0,59.0,77.0,78.0,Right,3,2,30,66,56,58,62,36,70.0,62,83,46,59,54,82,77,40,Medium/Medium,Stocky (185+)
Nacho Vidal,Ignacio Vidal Miralles,28,Spain,"RB, RWB",Osasuna,La Liga,1.0,7000000.0,25000.0,14700000.0,76,76,1,75.0,56.0,69.0,70.0,73.0,65.0,Right,3,3,60,76,78,69,72,59,68.0,63,63,73,77,69,66,79,61,High/Medium,Lean (170-185)
Aitor Ruibal,Aitor Ruibal García,27,Spain,"RB, RM, LM",Real Betis,La Liga,1.0,7000000.0,21000.0,14700000.0,76,76,1,84.0,72.0,70.0,75.0,72.0,68.0,Right,3,3,73,74,76,76,78,67,65.0,63,68,82,85,73,70,73,72,Medium/High,Normal (170-185)
Óscar Valentín,Óscar Valentín Martín Luengo,28,Spain,CDM,Rayo Vallecano,La Liga,1.0,6500000.0,19000.0,13700000.0,76,76,1,65.0,47.0,65.0,64.0,75.0,76.0,Right,3,2,28,77,51,59,69,65,67.0,82,72,64,65,64,73,81,65,Medium/High,Lean (170-185)
V. Buyalskyi,Vitaliy Buyalskyi,30,Ukraine,"CM, CAM",Dynamo Kyiv,Premier League,1.0,7000000.0,1000.0,15400000.0,76,76,1,75.0,69.0,72.0,79.0,69.0,55.0,Right,4,3,69,77,64,80,73,75,73.0,80,47,70,79,86,69,75,74,High/High,Lean (170-185)
Alejandro Garnacho,Alejandro Garnacho Ferreyra,19,Argentina,"LW, LM",Manchester United,Premier League,1.0,13500000.0,54000.0,34100000.0,75,88,1,84.0,69.0,65.0,77.0,33.0,58.0,Right,4,3,70,69,68,77,75,68,71.0,67,50,86,83,85,28,35,76,High/Medium,Lean (170-185)
F. Miretti,Fabio Miretti,19,Italy,"CM, CAM",Juventus,Serie A,1.0,13500000.0,42000.0,31400000.0,75,88,1,77.0,60.0,75.0,78.0,66.0,72.0,Right,4,3,52,79,71,79,79,76,72.0,79,67,77,77,79,64,71,68,Medium/Medium,Normal (170-185)
W. Zaïre-Emery,Warren Zaïre-Emery,17,France,"CM, CDM",Paris Saint Germain,Ligue 1,1.0,13000000.0,8000.0,32200000.0,75,88,1,75.0,62.0,72.0,76.0,72.0,71.0,Right,3,3,60,78,62,76,77,76,76.0,72,69,74,76,70,69,78,73,Medium/Medium,Normal (170-185)
R. Cherki,Mathis Rayan Cherki,19,France,"CAM, LW, RW",Olympique Lyonnais,Ligue 1,1.0,12000000.0,18000.0,25200000.0,75,86,2,69.0,67.0,72.0,83.0,21.0,61.0,Left,5,5,64,73,70,87,79,76,77.0,54,67,72,66,83,19,23,70,High/Low,Stocky (170-185)
A. Zakharyan,Arsen Zakharyan,20,Russia,"LW, RW, CAM",Real Sociedad,La Liga,1.0,12500000.0,23000.0,28800000.0,75,86,1,80.0,70.0,77.0,74.0,53.0,60.0,Right,4,3,68,76,75,74,77,79,70.0,74,53,82,78,69,57,54,69,High/High,Lean (170-185)
G. Scalvini,Giorgio Scalvini,19,Italy,CB,Atalanta,Serie A,1.0,11500000.0,19000.0,21900000.0,75,86,1,55.0,31.0,51.0,55.0,78.0,71.0,Right,3,2,23,68,38,48,67,49,69.0,68,69,56,55,38,79,80,28,Medium/Medium,Normal (185+)
F. Chaïbi,Farès Chaïbi,20,Algeria,"LM, CM",Eintracht Frankfurt,Bundesliga,1.0,12500000.0,24000.0,23800000.0,75,86,1,73.0,67.0,73.0,73.0,68.0,71.0,Right,3,3,76,79,67,75,74,74,73.0,74,71,74,72,63,67,69,73,High/High,Normal (170-185)
E. Loiodice,Enzo Loiodice,22,France,"CM, CDM",Las Palmas,La Liga,1.0,12500000.0,17000.0,30000000.0,75,85,1,66.0,64.0,70.0,77.0,69.0,67.0,Left,3,3,58,79,43,77,79,79,69.0,81,58,64,67,72,71,72,63,Medium/High,Lean (170-185)
M. Greenwood,Mason Greenwood,21,England,"RM, ST",Getafe,La Liga,1.0,12500000.0,61000.0,,75,85,1,82.0,78.0,70.0,77.0,39.0,60.0,Left,5,4,79,72,66,78,75,70,72.0,60,59,81,83,83,35,39,77,High/Medium,Lean (170-185)
M. Mudryk,Mykhailo Mudryk,22,Ukraine,"LW, LM",Chelsea,Premier League,1.0,12500000.0,74000.0,26300000.0,75,85,1,91.0,66.0,68.0,79.0,44.0,58.0,Right,4,4,66,66,69,80,79,75,70.0,63,53,93,90,86,51,52,69,High/Medium,Normal (170-185)
Sergio Camello,Sergio Camello Pérez,22,Spain,ST,Rayo Vallecano,La Liga,1.0,12500000.0,18000.0,28800000.0,75,85,1,70.0,76.0,66.0,77.0,28.0,57.0,Right,4,4,77,75,48,78,79,76,75.0,66,56,69,71,68,33,18,79,Medium/Medium,Lean (170-185)
B. Verbruggen,Bart Verbruggen,20,Netherlands,GK,Brighton & Hove Albion,Premier League,1.0,10500000.0,30000.0,22100000.0,75,85,1,,,,,,,Right,3,1,8,35,10,15,18,38,30.0,26,72,57,55,52,12,17,4,Medium/Medium,Normal (185+)
H. Sudakov,Heorhii Sudakov,20,Ukraine,"CAM, CM",Shakhtar Donetsk,Premier League,1.0,12500000.0,750.0,30000000.0,75,85,1,75.0,72.0,71.0,74.0,52.0,64.0,Right,5,3,71,76,56,75,74,79,73.0,72,68,76,75,74,55,54,69,Medium/Medium,Lean (170-185)
B. Šeško,Benjamin Šeško,20,Slovenia,ST,RB Leipzig,Bundesliga,1.0,12500000.0,34000.0,23800000.0,75,85,1,81.0,74.0,60.0,73.0,42.0,77.0,Right,3,3,75,66,55,72,76,61,73.0,73,83,78,84,74,42,42,74,Medium/Medium,Lean (185+)
M. Kerkez,Milos Kerkez,19,Hungary,LB,AFC Bournemouth,Premier League,1.0,11500000.0,20000.0,24200000.0,75,85,1,82.0,53.0,66.0,73.0,69.0,74.0,Left,3,3,53,69,73,73,71,67,65.0,89,65,85,79,83,68,69,62,High/Medium,Lean (170-185)
Moleiro,Alberto Moleiro González,19,Spain,"LM, CM, CAM",Las Palmas,La Liga,1.0,12000000.0,11000.0,28800000.0,75,85,1,79.0,65.0,71.0,78.0,46.0,61.0,Right,3,3,65,77,59,80,78,81,60.0,67,57,85,74,80,40,48,74,Medium/Medium,Normal (170-185)
A. Veliz,Alejo Véliz,19,Argentina,ST,Tottenham Hotspur,Premier League,1.0,12000000.0,41000.0,25200000.0,75,85,1,71.0,74.0,54.0,70.0,25.0,73.0,Right,3,3,79,62,49,70,75,46,56.0,68,72,70,72,60,17,23,76,High/Medium,Normal (185+)
Lázaro,Lázaro Vinicius Marques,21,Brazil,"LM, RM, ST",Almería,La Liga,1.0,12500000.0,18000.0,28800000.0,75,85,1,79.0,71.0,69.0,75.0,43.0,61.0,Right,3,4,77,73,69,78,77,72,55.0,67,64,77,80,67,32,42,72,Medium/Medium,Normal (170-185)
A. Gordon,Anthony Gordon,22,England,"LW, RW, LM",Newcastle United,Premier League,1.0,12500000.0,74000.0,26300000.0,75,84,1,88.0,69.0,72.0,75.0,37.0,62.0,Right,3,3,68,73,75,77,76,68,65.0,73,56,86,90,72,34,40,68,High/Medium,Lean (170-185)
Barrenetxea,Ander Barrenetxea Muguruza,21,Spain,"LW, RW, LM",Real Sociedad,La Liga,1.0,12500000.0,23000.0,28800000.0,75,84,1,78.0,71.0,65.0,80.0,24.0,46.0,Right,4,3,74,68,70,81,78,70,74.0,58,42,80,76,85,33,12,72,High/Medium,Normal (170-185)
T. Dallinga,Thijs Dallinga,22,Netherlands,ST,Toulouse,Ligue 1,1.0,12500000.0,21000.0,27500000.0,75,84,1,73.0,75.0,63.0,69.0,27.0,66.0,Right,4,2,79,72,49,69,72,72,76.0,76,70,71,74,53,20,24,81,Medium/Medium,Normal (170-185)
J. Kamiński,Jakub Kamiński,21,Poland,"LW, LB",VfL Wolfsburg,Bundesliga,1.0,12500000.0,32000.0,23800000.0,75,84,1,85.0,67.0,67.0,78.0,47.0,58.0,Right,3,3,71,68,68,80,78,73,63.0,74,54,87,83,86,43,45,71,High/Medium,Lean (170-185)
A. Bondarenko,Artem Bondarenko,22,Ukraine,"CAM, CDM",Shakhtar Donetsk,Premier League,1.0,12500000.0,900.0,30000000.0,75,84,1,75.0,70.0,66.0,76.0,61.0,62.0,Left,2,3,69,76,44,80,77,75,65.0,65,60,73,76,69,57,64,69,Medium/Medium,Lean (170-185)
Víctor Chust,Víctor Chust García,23,Spain,CB,Cádiz,La Liga,1.0,11500000.0,21000.0,26500000.0,75,84,1,68.0,30.0,52.0,54.0,76.0,67.0,Right,5,2,28,76,28,41,73,35,68.0,55,72,66,70,37,77,78,41,Low/Medium,Normal (170-185)
A. Ahmedhodžić,Anel Ahmedhodžić,24,Bosnia and Herzegovina,CB,Sheffield United,Premier League,1.0,11500000.0,25000.0,25300000.0,75,83,1,78.0,41.0,60.0,63.0,74.0,78.0,Right,3,2,40,71,45,59,65,60,74.0,73,82,72,82,67,74,74,37,Medium/Medium,Lean (185+)
K. Nakamura,中村 敬斗,22,Japan,LM,Stade de Reims,Ligue 1,1.0,12500000.0,19000.0,27500000.0,75,83,1,76.0,74.0,71.0,75.0,41.0,71.0,Right,3,4,75,73,69,76,75,72,73.0,81,70,77,75,77,38,41,73,High/Medium,Normal (170-185)
Hugo Guillamón,Hugo Guillamón Sammartín,23,Spain,CDM,Valencia,La Liga,1.0,12000000.0,23000.0,27600000.0,75,83,1,55.0,53.0,69.0,64.0,75.0,70.0,Right,4,2,55,78,58,59,71,69,67.0,74,67,58,53,62,76,76,35,Low/High,Lean (170-185)
S. Koita,Sékou Koïta,23,Mali,"ST, CAM",Salzburg,Bundesliga,1.0,12500000.0,18000.0,21300000.0,75,83,1,93.0,74.0,69.0,77.0,35.0,74.0,Left,4,3,74,73,63,76,73,74,73.0,75,72,92,93,91,30,37,75,High/Medium,Normal (170-185)
S. Pavlović,Strahinja Pavlović,22,Serbia,CB,Salzburg,Bundesliga,1.0,12000000.0,15000.0,20400000.0,75,83,1,67.0,43.0,50.0,64.0,74.0,83.0,Left,3,2,43,60,53,63,68,31,68.0,78,86,64,69,57,75,74,34,Medium/High,Normal (185+)
A. Broja,Armando Broja,21,Albania,ST,Chelsea,Premier League,1.0,12500000.0,64000.0,26300000.0,75,83,1,74.0,74.0,54.0,75.0,30.0,76.0,Right,3,3,77,65,40,78,76,58,72.0,69,82,64,82,64,23,33,76,Medium/Low,Normal (185+)
I. Hien,Isak Hien,24,Sweden,CB,Hellas Verona,Serie A,1.0,11500000.0,20000.0,23000000.0,75,83,1,73.0,37.0,49.0,56.0,75.0,78.0,Right,3,2,30,62,28,54,61,49,58.0,54,89,67,78,49,77,76,39,Low/High,Normal (185+)
Copete,José Manuel Arias Copete,23,Spain,CB,Mallorca,La Liga,1.0,11500000.0,19000.0,26500000.0,75,83,1,57.0,33.0,54.0,57.0,77.0,70.0,Left,2,2,32,74,36,50,71,44,62.0,66,70,61,54,40,77,78,31,Medium/Medium,Lean (185+)
Saúl Coco,Saúl Basilio Coco Bassey Oubiña,24,Equatorial Guinea,CB,Las Palmas,La Liga,1.0,11500000.0,15000.0,27600000.0,75,83,1,83.0,48.0,56.0,60.0,76.0,78.0,Right,3,2,31,69,34,59,63,58,60.0,65,84,79,86,61,79,76,30,Medium/Medium,Normal (185+)
S. Sazonov,Saba Sazonov,21,Georgia,CB,Torino,Serie A,1.0,12000000.0,25000.0,22800000.0,75,83,1,68.0,40.0,58.0,61.0,75.0,77.0,Right,3,2,31,72,61,58,65,42,60.0,70,78,62,73,60,75,75,33,Medium/High,Normal (185+)
A. Murić,Arijanet Anan Murić,24,Kosovo,GK,Burnley,Premier League,1.0,9500000.0,26000.0,20900000.0,75,82,1,,,,,,,Right,2,1,12,55,13,20,35,60,66.0,29,71,44,46,38,15,17,11,Medium/Medium,Normal (185+)
R. Aït-Nouri,Rayan Aït-Nouri,22,France,"LB, LWB",Wolverhampton Wanderers,Premier League,1.0,11000000.0,42000.0,23100000.0,75,82,1,80.0,53.0,70.0,77.0,71.0,65.0,Left,3,3,51,71,75,79,78,67,69.0,74,59,81,80,75,71,74,67,High/Medium,Lean (170-185)
J. Beyer,Louis Jordan Beyer,23,Germany,CB,Burnley,Premier League,1.0,10500000.0,33000.0,23100000.0,75,82,1,74.0,34.0,62.0,70.0,75.0,75.0,Right,3,2,29,72,61,69,72,53,74.0,68,77,72,76,68,75,77,48,High/Medium,Normal (185+)
M. Kovář,Matěj Kovář,23,Czech Republic,GK,Bayer 04 Leverkusen,Bundesliga,1.0,9500000.0,25000.0,18100000.0,75,82,1,,,,,,,Right,4,1,9,43,15,22,35,57,61.0,28,55,26,37,31,12,14,7,Medium/Medium,Lean (185+)
J. Bijol,Jaka Bijol,24,Slovenia,"CB, CDM",Udinese,Serie A,1.0,10500000.0,13000.0,21000000.0,75,82,1,65.0,59.0,65.0,61.0,75.0,78.0,Right,3,2,57,75,50,60,65,66,70.0,72,84,62,67,53,76,75,53,Medium/Medium,Normal (185+)
Eric García,Eric García Martret,22,Spain,"CB, CDM",Girona,La Liga,1.0,10500000.0,76000.0,,75,82,2,62.0,44.0,69.0,67.0,76.0,71.0,Right,3,2,42,81,54,64,72,68,79.0,65,72,55,68,64,76,77,42,Medium/Medium,Normal (170-185)
B. Diakité,Bafodé Diakité,22,France,"RB, LB, CB",Lille,Ligue 1,1.0,11000000.0,23000.0,23100000.0,75,82,1,76.0,41.0,63.0,70.0,73.0,74.0,Right,3,2,32,72,66,68,73,57,66.0,78,73,71,80,69,74,73,58,Medium/High,Normal (185+)
J. Doig,Josh Thomas Doig,21,Scotland,"LWB, LM, LB",Hellas Verona,Serie A,1.0,11000000.0,16000.0,22000000.0,75,82,1,82.0,63.0,68.0,71.0,68.0,75.0,Left,4,3,62,72,75,74,71,63,60.0,84,72,78,85,71,62,72,69,High/High,Lean (185+)
Vinicius Souza,Vinicius de Souza Costa,24,Brazil,"CDM, CM, CB",Sheffield United,Premier League,1.0,10500000.0,25000.0,23100000.0,75,82,1,66.0,49.0,61.0,67.0,76.0,81.0,Right,3,2,38,70,45,68,70,62,63.0,80,83,64,68,63,74,77,29,Medium/High,Normal (185+)
O. Kabak,Ozan Muhammed Kabak,23,Turkey,CB,TSG Hoffenheim,Bundesliga,1.0,8000000.0,24000.0,15200000.0,75,81,2,63.0,37.0,59.0,66.0,74.0,80.0,Right,3,2,35,76,26,64,71,65,67.0,67,84,52,72,64,73,77,30,High/Medium,Stocky (185+)
L. Ferguson,Lewis Ferguson,23,Scotland,"CM, CDM, CAM",Bologna,Serie A,1.0,9000000.0,25000.0,18000000.0,75,81,1,75.0,74.0,71.0,75.0,68.0,81.0,Right,4,3,76,76,58,74,75,73,75.0,90,76,74,75,79,66,69,77,High/High,Normal (170-185)
Z. Aboukhlal,Zakaria Aboukhlal,23,Morocco,"RM, LM",Toulouse,Ligue 1,1.0,9000000.0,19000.0,19800000.0,75,81,1,85.0,72.0,69.0,75.0,41.0,76.0,Left,5,4,75,73,66,76,73,71,68.0,90,72,86,84,85,53,44,72,High/Medium,Normal (170-185)
J. Stanišić,Josip Stanišić,23,Croatia,"RB, CB",Bayer 04 Leverkusen,Bundesliga,1.0,8500000.0,36000.0,,75,81,1,78.0,39.0,60.0,66.0,76.0,72.0,Right,4,2,39,73,65,65,69,44,55.0,70,74,70,84,66,77,77,43,Low/Medium,Lean (185+)
A. Stach,Anton Stach,24,Germany,"CM, CDM, CF",TSG Hoffenheim,Bundesliga,1.0,9000000.0,27000.0,17100000.0,75,81,2,72.0,67.0,74.0,71.0,74.0,79.0,Right,5,2,58,76,70,72,75,76,68.0,79,81,70,73,62,66,77,74,High/High,Normal (185+)
H. Ekitike,Hugo Ekitike,21,France,ST,Paris Saint Germain,Ligue 1,1.0,9000000.0,49000.0,18500000.0,75,81,1,72.0,75.0,60.0,75.0,25.0,69.0,Right,3,3,80,68,51,77,76,63,73.0,67,72,72,72,68,24,17,78,Medium/Medium,Lean (185+)
A. Knauff,Ansgar Knauff,21,Germany,"RM, LM",Eintracht Frankfurt,Bundesliga,1.0,9000000.0,24000.0,17100000.0,75,81,2,86.0,63.0,69.0,77.0,51.0,60.0,Right,3,3,64,75,71,80,76,71,65.0,72,55,88,84,79,55,48,71,Medium/Medium,Lean (170-185)
M. Rodák,Marek Rodák,26,Slovakia,GK,Fulham,Premier League,1.0,6500000.0,47000.0,12800000.0,75,80,1,,,,,,,Right,3,1,20,33,15,15,21,34,51.0,27,68,51,41,45,8,17,17,Medium/Medium,Lean (185+)
K. Ajer,Kristoffer Vassbakk Ajer,25,Norway,"CB, RB",Brentford,Premier League,1.0,7500000.0,40000.0,14800000.0,75,80,1,66.0,56.0,61.0,70.0,74.0,81.0,Right,3,3,58,71,58,73,74,50,75.0,64,90,53,77,52,73,76,54,High/High,Normal (185+)
H. Ito,伊藤 宏樹,24,Japan,"CB, CDM",VfB Stuttgart,Bundesliga,1.0,7500000.0,18000.0,14100000.0,75,80,2,81.0,56.0,67.0,68.0,76.0,74.0,Left,3,2,48,72,66,66,71,61,72.0,72,76,81,81,66,78,78,53,Medium/Medium,Normal (185+)
D. Geiger,Dennis Geiger,25,Germany,"CDM, CM",TSG Hoffenheim,Bundesliga,1.0,7500000.0,27000.0,13300000.0,75,80,2,46.0,53.0,76.0,79.0,63.0,62.0,Right,3,3,46,81,69,77,81,79,74.0,78,49,56,38,85,67,66,59,Medium/High,Unique
R. Yates,Ryan Yates,25,England,"CDM, CM",Nottingham Forest,Premier League,1.0,7500000.0,46000.0,14800000.0,75,80,1,60.0,59.0,62.0,65.0,74.0,84.0,Right,3,2,60,74,47,64,69,63,65.0,90,81,50,68,65,74,73,58,High/High,Normal (185+)
R. Sessegnon,Kouassi Ryan Sessegnon,23,England,"LB, LWB",Tottenham Hotspur,Premier League,1.0,8000000.0,49000.0,15800000.0,75,80,1,78.0,64.0,72.0,76.0,70.0,65.0,Left,3,4,66,76,75,76,77,75,76.0,73,60,80,77,77,73,73,77,High/Medium,Lean (170-185)
E. Nketiah,Edward Nketiah,24,England,ST,Arsenal,Premier League,1.0,8500000.0,74000.0,16800000.0,75,80,1,79.0,73.0,57.0,77.0,25.0,64.0,Right,3,3,79,72,43,78,77,58,69.0,71,62,83,76,79,24,19,78,High/Medium,Normal (170-185)
A. Maier,Arne Maier,24,Germany,"RM, CM, CDM",FC Augsburg,Bundesliga,1.0,8500000.0,22000.0,15900000.0,75,80,1,68.0,62.0,75.0,76.0,69.0,74.0,Right,3,3,59,80,71,76,78,78,74.0,78,77,66,70,68,71,73,73,High/High,Normal (185+)
K. Diatta,Krépin Diatta,24,Senegal,RM,Monaco,Ligue 1,1.0,8500000.0,36000.0,16800000.0,75,80,1,91.0,69.0,66.0,78.0,47.0,67.0,Right,4,4,68,68,66,79,75,69,70.0,84,61,90,91,89,55,32,69,High/Medium,Lean (170-185)
Óscar,Óscar Rodríguez Arnaiz,25,Spain,"CM, RM, LM",Getafe,La Liga,1.0,8000000.0,23000.0,,75,80,1,57.0,75.0,76.0,75.0,56.0,55.0,Right,3,3,76,79,66,77,78,78,74.0,58,56,58,56,64,47,62,75,High/Medium,Normal (170-185)
E. Zhegrova,Edon Zhegrova,24,Kosovo,RM,Lille,Ligue 1,1.0,8500000.0,25000.0,16800000.0,75,80,1,80.0,67.0,69.0,79.0,25.0,61.0,Left,2,4,66,75,65,79,78,72,68.0,69,61,85,75,85,32,21,71,Medium/Low,Lean (170-185)
C. Hudson-Odoi,Callum Hudson-Odoi,22,England,"LW, RW",Nottingham Forest,Premier League,1.0,8500000.0,51000.0,16800000.0,75,80,2,78.0,67.0,73.0,79.0,48.0,59.0,Right,3,4,70,74,75,80,78,72,72.0,65,58,86,71,83,47,51,69,High/Medium,Normal (170-185)
T. Lamptey,Tariq Lamptey,22,Ghana,"RB, RWB",Brighton & Hove Albion,Premier League,1.0,8000000.0,49000.0,15800000.0,75,80,1,85.0,44.0,66.0,77.0,70.0,51.0,Right,3,2,47,72,76,77,71,59,73.0,61,35,90,81,85,70,73,55,High/Medium,Normal (170-)
L. Suárez,Luis Javier Suárez Charris,25,Colombia,"ST, LM",Almería,La Liga,1.0,8500000.0,25000.0,18500000.0,75,80,2,84.0,77.0,64.0,71.0,40.0,77.0,Right,4,3,79,66,66,73,68,66,63.0,79,75,83,84,74,26,48,79,High/Medium,Normal (185+)
T. Čvančara,Tomáš Čvančara,22,Czech Republic,"ST, RW",Borussia Mönchengladbach,Bundesliga,1.0,8500000.0,24000.0,15100000.0,75,80,1,76.0,73.0,66.0,72.0,25.0,77.0,Right,3,2,75,69,67,73,75,64,70.0,68,83,74,77,68,21,20,79,Medium/Low,Lean (185+)
J. Dina Ebimbe,Eric Junior Dina Ebimbe,22,France,"RM, CM, RWB",Eintracht Frankfurt,Bundesliga,1.0,8500000.0,28000.0,15100000.0,75,80,1,83.0,60.0,71.0,75.0,69.0,76.0,Right,3,3,58,78,65,75,77,71,70.0,80,76,84,83,77,70,70,64,Medium/Medium,Normal (170-185)
Y. Ndayishimiye,Youssouf Ndayishimiye,24,Burundi,"CB, CDM, CM",Nice,Ligue 1,1.0,7500000.0,28000.0,14800000.0,75,80,1,71.0,49.0,64.0,72.0,75.0,78.0,Right,3,2,46,73,56,71,75,59,70.0,78,83,69,73,68,76,75,56,Medium/High,Stocky (170-185)
O. Marmoush,Omar Khaled Mohamed Marmoush,24,Egypt,"ST, LM",Eintracht Frankfurt,Bundesliga,1.0,8500000.0,31000.0,15100000.0,75,80,1,85.0,74.0,63.0,80.0,30.0,68.0,Right,3,4,76,73,49,82,78,69,67.0,69,66,84,86,90,26,24,76,High/Low,Normal (170-185)
S. Lovrič,Sandi Lovrič,25,Slovenia,"CM, CDM",Udinese,Serie A,1.0,8000000.0,16000.0,15000000.0,75,79,1,57.0,64.0,74.0,72.0,69.0,71.0,Right,3,3,66,78,66,72,76,78,70.0,78,68,60,55,63,68,72,72,High/Medium,Normal (170-185)
S. Berge,Sander Gard Bolin Berge,25,Norway,CM,Burnley,Premier League,1.0,8000000.0,40000.0,16600000.0,75,79,1,63.0,65.0,73.0,73.0,74.0,85.0,Right,3,3,63,78,66,75,76,74,83.0,81,91,55,69,56,74,75,69,Medium/Medium,Normal (185+)
F. Uduokhai,Ohis Felix Uduokhai,25,Germany,CB,FC Augsburg,Bundesliga,1.0,7000000.0,22000.0,13100000.0,75,79,2,67.0,39.0,53.0,59.0,76.0,75.0,Left,3,2,33,70,35,49,65,49,72.0,63,83,66,67,66,75,78,35,Medium/Medium,Lean (185+)
J. Bellegarde,Jean-Ricner Bellegarde,25,France,"CM, CDM",Wolverhampton Wanderers,Premier League,1.0,8000000.0,51000.0,15800000.0,75,79,2,77.0,62.0,72.0,77.0,70.0,72.0,Right,3,3,59,77,64,75,76,74,74.0,80,68,76,78,83,70,74,73,Medium/Medium,Normal (170-185)
Marc Roca,Marc Roca Junqué,26,Spain,"CDM, CM",Real Betis,La Liga,1.0,7000000.0,36000.0,,75,79,1,56.0,62.0,74.0,73.0,68.0,68.0,Left,3,3,59,80,63,73,76,77,79.0,69,67,55,57,65,74,68,60,Medium/Medium,Lean (170-185)
G. Maggiore,Giulio Maggiore,25,Italy,"CM, CDM",Salernitana,Serie A,1.0,8000000.0,28000.0,15000000.0,75,79,1,71.0,61.0,70.0,73.0,72.0,72.0,Right,3,3,58,76,58,73,73,76,76.0,81,68,70,71,67,68,76,79,Medium/Medium,Lean (170-185)
M. Tavernier,Marcus Tavernier,24,England,"LM, RM, CAM",AFC Bournemouth,Premier League,1.0,8000000.0,37000.0,15800000.0,75,79,1,78.0,72.0,71.0,77.0,59.0,62.0,Left,3,3,72,72,70,79,76,72,73.0,80,60,79,77,78,56,65,71,High/Medium,Normal (170-185)
E. Dennis,Emmanuel Bonaventure Dennis,25,Nigeria,"ST, LW",Nottingham Forest,Premier League,1.0,8000000.0,56000.0,15800000.0,75,79,1,85.0,74.0,62.0,76.0,38.0,69.0,Right,3,4,76,65,67,75,74,54,69.0,64,70,84,85,87,38,45,72,Medium/Low,Unique
J. Chabot,Julian Chabot,25,Germany,CB,FC Köln,Bundesliga,1.0,7000000.0,22000.0,13100000.0,75,79,1,49.0,28.0,43.0,48.0,77.0,80.0,Left,2,2,21,55,33,47,52,35,64.0,55,90,33,62,34,79,76,23,Medium/Medium,Normal (185+)
U. Račić,Uroš Račić,25,Serbia,"CM, CDM",Sassuolo,Serie A,1.0,8000000.0,16000.0,14200000.0,75,79,1,64.0,73.0,74.0,73.0,76.0,81.0,Right,4,3,68,78,70,73,78,72,73.0,71,88,60,67,62,75,78,71,Medium/Medium,Normal (185+)
V. Mykolenko,Vitaliy Mykolenko,24,Ukraine,"LB, LWB",Everton,Premier League,1.0,7500000.0,28000.0,14800000.0,75,79,1,76.0,45.0,64.0,61.0,73.0,62.0,Left,2,2,42,72,76,54,66,52,59.0,72,57,75,77,69,74,75,41,Medium/Medium,Normal (170-185)
M. Kumbulla,Marash Kumbulla,23,Albania,CB,Roma,Serie A,1.0,7000000.0,39000.0,12400000.0,75,79,1,47.0,32.0,53.0,56.0,77.0,75.0,Right,3,2,26,61,45,52,60,54,63.0,68,78,38,54,51,79,77,22,Medium/Medium,Normal (185+)
I. Grbić,Ivo Grbić,27,Croatia,GK,Atlético Madrid,La Liga,1.0,6000000.0,31000.0,12800000.0,75,79,1,,,,,,,Right,3,1,9,35,14,15,21,42,33.0,27,73,34,28,30,13,13,9,Medium/Medium,Normal (185+)
E. Agbadou,Emmanuel Elysee Djedje Agbadou,26,Côte d'Ivoire,CB,Stade de Reims,Ligue 1,1.0,7000000.0,20000.0,14500000.0,75,79,1,64.0,47.0,50.0,59.0,74.0,82.0,Right,3,2,51,61,36,58,61,51,69.0,68,88,54,73,51,73,76,55,Medium/Medium,Stocky (185+)
Pedro Chirivella,Pedro Chirivella Burgos,26,Spain,"CDM, CM",Nantes,Ligue 1,1.0,6500000.0,20000.0,13500000.0,75,78,2,55.0,54.0,71.0,73.0,69.0,70.0,Right,3,3,46,77,63,70,78,72,73.0,81,64,53,57,72,69,71,55,Medium/Medium,Lean (170-185)
D. Solanke,Dominic Solanke,25,England,ST,AFC Bournemouth,Premier League,1.0,7500000.0,44000.0,14800000.0,75,78,1,72.0,74.0,64.0,73.0,28.0,79.0,Right,3,3,76,72,54,75,72,71,75.0,86,79,65,78,64,21,25,76,High/Medium,Lean (185+)
A. Hanche-Olsen,Andreas Schjølberg Hanche-Olsen,26,Norway,CB,FSV Mainz 05,Bundesliga,1.0,6500000.0,23000.0,11500000.0,75,78,1,73.0,38.0,55.0,63.0,75.0,81.0,Right,3,2,35,62,58,62,60,45,74.0,74,81,68,77,66,75,78,48,Medium/High,Normal (185+)
S. Amallah,Selim Amallah,26,Morocco,"CAM, CM, LM",Valencia,La Liga,1.0,7500000.0,12000.0,,75,78,1,67.0,76.0,75.0,75.0,65.0,76.0,Right,3,3,75,77,70,77,76,76,72.0,73,76,68,66,73,62,67,76,High/Medium,Normal (185+)
W. Anton,Waldemar Anton,26,Germany,CB,VfB Stuttgart,Bundesliga,1.0,6500000.0,21000.0,12200000.0,75,78,2,67.0,46.0,59.0,65.0,75.0,82.0,Right,3,3,42,74,42,63,67,52,74.0,85,83,55,77,62,78,76,52,Medium/Medium,Normal (185+)
R. Perraud,Romain Perraud,25,France,LB,Nice,Ligue 1,1.0,7000000.0,35000.0,,75,78,1,70.0,72.0,73.0,75.0,72.0,72.0,Left,2,3,65,75,72,75,74,71,69.0,77,64,74,67,73,73,73,76,High/Medium,Normal (170-185)
O. Edouard,Odsonne Édouard,25,France,ST,Crystal Palace,Premier League,1.0,7500000.0,37000.0,14800000.0,75,78,1,76.0,74.0,68.0,78.0,45.0,73.0,Right,4,4,76,73,58,79,78,74,80.0,71,79,74,78,75,44,46,74,High/Medium,Normal (185+)
J. Lotomba,Jordan Lotomba,24,Switzerland,"RB, LB",Nice,Ligue 1,1.0,7000000.0,28000.0,13800000.0,75,78,1,78.0,48.0,65.0,72.0,71.0,68.0,Right,4,2,44,72,69,71,73,59,65.0,78,66,78,78,73,72,71,58,Medium/Medium,Normal (170-185)
P. Rosario,Pablo Paulino Rosario,26,Netherlands,"CDM, CM, CB",Nice,Ligue 1,1.0,6500000.0,33000.0,12800000.0,75,78,1,61.0,64.0,68.0,73.0,74.0,79.0,Right,3,3,59,73,59,72,76,72,75.0,80,81,58,64,68,74,74,64,Medium/Medium,Normal (185+)
Aarón,Aarón Martín Caricol,26,Spain,"LB, LM, LWB",Genoa,Serie A,1.0,7000000.0,21000.0,13100000.0,75,78,1,61.0,54.0,73.0,76.0,73.0,67.0,Left,3,3,43,75,78,75,77,65,70.0,77,64,69,54,78,74,74,65,Medium/Medium,Normal (170-185)
E. Demirović,Ermedin Demirović,25,Bosnia and Herzegovina,"LM, ST",FC Augsburg,Bundesliga,1.0,7500000.0,24000.0,14100000.0,75,78,2,72.0,76.0,70.0,76.0,41.0,75.0,Right,3,3,77,74,68,77,78,73,73.0,71,76,69,74,70,38,39,77,High/Medium,Normal (185+)
B. Soumaré,Boubakary Soumaré,24,France,"CDM, CM",Sevilla,La Liga,1.0,7000000.0,31000.0,,75,78,1,67.0,56.0,73.0,74.0,70.0,77.0,Right,3,3,51,78,65,75,78,76,76.0,72,81,64,69,59,70,73,66,Medium/Medium,Lean (185+)
Jovane Cabral,Jovane Eduardo Borges Cabral,25,Cape Verde Islands,"LM, RM",Salernitana,Serie A,1.0,7500000.0,12000.0,,75,78,1,81.0,74.0,71.0,76.0,38.0,70.0,Right,4,4,70,70,70,77,76,71,77.0,71,74,83,80,76,37,35,73,High/Medium,Stocky (170-185)
Iago,Iago Amaral Borduchi,26,Brazil,"LB, LM",FC Augsburg,Bundesliga,1.0,7000000.0,23000.0,13100000.0,75,78,2,80.0,58.0,69.0,73.0,71.0,70.0,Left,2,3,58,73,74,73,73,67,74.0,75,67,77,82,76,70,71,67,High/Medium,Lean (170-185)
Matheus Henrique,Matheus Henrique de Souza,25,Brazil,CM,Sassuolo,Serie A,1.0,7500000.0,16000.0,13300000.0,75,78,1,73.0,60.0,76.0,79.0,57.0,63.0,Right,4,3,56,80,69,79,81,77,72.0,78,55,78,68,82,63,57,73,Medium/Medium,Normal (170-185)
M. Friedrich,Marvin Friedrich,27,Germany,CB,Borussia Mönchengladbach,Bundesliga,1.0,6000000.0,23000.0,10700000.0,75,77,1,62.0,41.0,57.0,51.0,78.0,73.0,Right,3,2,39,65,43,43,57,59,68.0,63,79,54,68,53,73,83,32,Medium/Medium,Lean (185+)
B. Godfrey,Ben Godfrey,25,England,"CB, LB, RB",Everton,Premier League,1.0,6000000.0,31000.0,11900000.0,75,77,2,82.0,44.0,60.0,65.0,74.0,78.0,Right,3,2,35,70,56,62,68,56,68.0,69,80,72,90,65,73,76,46,Medium/High,Normal (170-185)
R. Kristensen,Rasmus Nissen Kristensen,25,Denmark,"RWB, CB, RB",Roma,Serie A,1.0,6500000.0,35000.0,,75,77,1,69.0,67.0,67.0,70.0,73.0,77.0,Right,4,3,64,68,74,72,70,66,69.0,85,74,63,74,65,73,74,71,High/High,Normal (185+)
G. Hamer,Gustavo Hamer,26,Netherlands,"CM, CDM, CAM",Sheffield United,Premier League,1.0,7000000.0,32000.0,14500000.0,75,77,1,69.0,70.0,76.0,72.0,73.0,77.0,Right,3,3,67,76,74,68,73,77,72.0,82,70,71,68,77,73,72,67,High/High,Stocky (170-)
J. Mateta,Jean-Philippe Mateta,26,France,ST,Crystal Palace,Premier League,1.0,7000000.0,39000.0,13800000.0,75,77,1,69.0,73.0,57.0,72.0,34.0,78.0,Right,4,3,76,70,41,75,75,63,71.0,66,85,61,76,61,35,31,76,Medium/Medium,Normal (185+)
A. Claude-Maurice,Alexis Claude-Maurice,25,France,"CM, LW",Nice,Ligue 1,1.0,7000000.0,35000.0,13800000.0,75,77,2,80.0,72.0,72.0,80.0,69.0,66.0,Right,3,4,70,76,64,80,80,75,74.0,70,62,79,80,88,69,72,72,Medium/Medium,Lean (170-185)
K. Jakić,Kristijan Jakić,26,Croatia,"CDM, CM, CB",Eintracht Frankfurt,Bundesliga,1.0,6000000.0,30000.0,10700000.0,75,77,1,68.0,61.0,65.0,69.0,72.0,81.0,Right,3,2,52,73,53,65,76,66,69.0,86,78,76,61,64,70,74,55,Low/High,Normal (170-185)
F. Baschirotto,Federico Baschirotto,26,Italy,"CB, RB",Lecce,Serie A,1.0,6000000.0,15000.0,11300000.0,75,77,1,74.0,53.0,60.0,55.0,75.0,86.0,Right,3,2,52,63,60,49,54,63,70.0,76,92,71,77,70,80,75,57,Medium/High,Stocky (170-185)
D. Alli,Bamidele Alli,27,England,"CM, CAM",Everton,Premier League,1.0,6500000.0,36000.0,12800000.0,75,76,3,65.0,76.0,75.0,76.0,65.0,71.0,Right,3,4,78,78,70,76,80,75,77.0,65,74,63,66,69,64,65,77,Medium/Medium,Unique
D. Rugani,Daniele Rugani,28,Italy,CB,Juventus,Serie A,1.0,5500000.0,72000.0,9800000.0,75,76,2,53.0,40.0,55.0,61.0,78.0,69.0,Right,3,2,33,69,40,58,65,50,72.0,51,77,51,54,55,78,78,28,Low/Medium,Lean (185+)
N. Bentaleb,Nabil Bentaleb,28,Algeria,"CDM, CM",Lille,Ligue 1,1.0,5500000.0,28000.0,10900000.0,75,76,2,48.0,72.0,74.0,79.0,69.0,73.0,Left,2,4,65,77,65,80,81,79,77.0,66,76,52,45,72,70,72,65,Medium/Medium,Lean (185+)
J. Brownhill,Josh Brownhill,27,England,"CM, CAM, CDM",Burnley,Premier League,1.0,6500000.0,42000.0,13500000.0,75,76,1,69.0,70.0,72.0,74.0,75.0,77.0,Right,3,3,70,74,69,74,76,73,74.0,89,71,72,66,70,72,77,72,Medium/High,Normal (170-185)
H. Wilson,Harry Wilson,26,Wales,"RM, RW",Fulham,Premier League,1.0,6500000.0,63000.0,12800000.0,75,76,1,73.0,77.0,75.0,76.0,43.0,58.0,Left,2,3,74,75,77,74,76,75,76.0,71,56,76,71,78,44,45,74,High/Low,Normal (170-185)
Walace,Walace Souza Silva,28,Brazil,"CDM, CM",Udinese,Serie A,1.0,5500000.0,16000.0,10300000.0,75,76,1,66.0,66.0,68.0,70.0,72.0,76.0,Right,3,3,58,79,50,69,75,70,72.0,79,74,64,68,60,71,74,59,Medium/High,Normal (185+)
J. Boga,Jérémie Boga,26,Côte d'Ivoire,"LM, LW, CF",Nice,Ligue 1,1.0,6500000.0,36000.0,12800000.0,75,76,1,84.0,70.0,71.0,81.0,37.0,63.0,Right,3,4,66,73,72,84,79,66,74.0,66,63,90,79,88,24,42,68,Medium/Medium,Normal (170-185)
C. Roberts,Connor Roberts,27,Wales,"RB, RWB",Burnley,Premier League,1.0,6000000.0,38000.0,12500000.0,75,76,1,78.0,61.0,71.0,72.0,69.0,74.0,Right,4,3,60,75,74,72,73,70,66.0,87,70,79,77,71,70,72,69,High/Medium,Normal (170-185)
Kike Barja,Enrique Barja Afonso,26,Spain,"RM, LM",Osasuna,La Liga,1.0,6500000.0,25000.0,14100000.0,75,76,1,77.0,67.0,69.0,76.0,35.0,60.0,Right,3,3,73,71,74,78,77,73,69.0,66,60,80,74,75,35,30,75,Medium/Medium,Normal (170-185)
M. Eggestein,Maximilian Eggestein,26,Germany,"CDM, CM",SC Freiburg,Bundesliga,1.0,6000000.0,23000.0,10700000.0,75,76,2,59.0,63.0,70.0,73.0,72.0,75.0,Right,4,3,59,76,67,72,75,68,75.0,84,73,63,55,70,70,76,61,Medium/Medium,Normal (170-185)
Rubén Duarte,Rubén Duarte Sánchez,27,Spain,LB,Deportivo Alavés,La Liga,1.0,6000000.0,20000.0,13700000.0,75,76,1,64.0,38.0,66.0,68.0,76.0,70.0,Left,2,3,28,75,76,64,74,44,65.0,67,71,66,62,64,77,76,55,Medium/Medium,Normal (170-185)
N. Nández,Nahitan Michel Nández Acosta,27,Uruguay,"CM, RM",Cagliari,Serie A,1.0,6500000.0,23000.0,12200000.0,75,76,2,85.0,63.0,71.0,79.0,69.0,80.0,Right,2,3,60,75,70,78,75,69,72.0,91,72,88,82,88,63,72,74,High/High,Normal (170-185)
Aurélio Buta,Aurélio Gabriel Ulineia Buta,26,Portugal,"RM, RWB",Eintracht Frankfurt,Bundesliga,1.0,6500000.0,32000.0,11500000.0,75,76,1,80.0,60.0,69.0,77.0,67.0,67.0,Right,4,4,54,71,77,76,76,69,76.0,77,60,89,73,85,69,70,73,Medium/Medium,Lean (170-185)
D. Samassékou,Diadié Samassékou,27,Mali,"CDM, CM",TSG Hoffenheim,Bundesliga,1.0,6000000.0,28000.0,10700000.0,75,76,2,65.0,49.0,64.0,72.0,75.0,73.0,Right,3,3,42,72,57,68,72,63,79.0,80,66,70,60,79,75,74,55,Low/High,Lean (170-185)
Mama Baldé,Mama Samba Baldé,27,Guinea Bissau,"ST, LM, RM",Olympique Lyonnais,Ligue 1,1.0,6500000.0,9000.0,,75,76,1,89.0,74.0,67.0,73.0,50.0,78.0,Right,3,3,75,71,69,73,70,65,66.0,78,76,86,91,80,41,52,73,Medium/Low,Normal (170-185)
M. Richter,Marco Richter,25,Germany,"RM, CAM",FSV Mainz 05,Bundesliga,1.0,6500000.0,24000.0,11500000.0,75,76,2,73.0,74.0,68.0,79.0,48.0,62.0,Right,4,4,74,71,69,80,77,69,76.0,69,65,85,64,83,38,56,73,Medium/Medium,Normal (170-185)
N. Tenaglia,Facundo Nahuel Tenaglia,27,Argentina,"RB, CB",Deportivo Alavés,La Liga,1.0,6000000.0,20000.0,13700000.0,75,76,1,71.0,43.0,65.0,72.0,74.0,80.0,Right,3,3,37,70,68,72,70,68,76.0,84,77,71,71,74,77,71,64,Medium/Medium,Lean (170-185)
N. Radonjić,Nemanja Radonjić,27,Serbia,"CF, LW, RW",Torino,Serie A,1.0,6500000.0,41000.0,11500000.0,75,76,1,88.0,74.0,69.0,74.0,30.0,61.0,Right,4,3,75,70,66,77,72,75,68.0,64,65,89,88,76,31,30,71,High/Low,Normal (185+)
D. Kyereh,Daniel-Kofi Kyereh,27,Ghana,"CAM, ST",SC Freiburg,Bundesliga,1.0,6500000.0,26000.0,11500000.0,75,76,1,80.0,72.0,66.0,81.0,24.0,61.0,Right,3,5,77,72,58,82,78,71,65.0,78,58,88,74,90,24,15,74,Medium/Medium,Normal (170-185)
D. Undav,Deniz Undav,26,Germany,"ST, CAM",VfB Stuttgart,Bundesliga,1.0,6500000.0,69000.0,,75,76,1,67.0,79.0,70.0,74.0,32.0,72.0,Right,5,3,80,72,67,73,77,77,79.0,66,74,66,67,68,25,37,80,Medium/Low,Stocky (170-185)
G. Bushchan,Georgiy Bushchan,29,Ukraine,GK,Dynamo Kyiv,Premier League,1.0,4300000.0,800.0,9800000.0,75,76,1,,,,,,,Right,3,1,5,23,12,14,15,35,36.0,18,73,24,32,35,14,10,6,Medium/Medium,Normal (185+)
Negredo,Álvaro Negredo Sánchez,37,Spain,ST,Cádiz,La Liga,1.0,1900000.0,22000.0,4000000.0,75,75,3,50.0,79.0,64.0,70.0,36.0,75.0,Left,2,3,78,73,43,69,72,67,70.0,52,85,51,49,64,33,31,78,Medium/Low,Stocky (185+)
Falcao,Radamel Falcao García Zárate,37,Colombia,ST,Rayo Vallecano,La Liga,1.0,1900000.0,16000.0,4000000.0,75,75,3,47.0,77.0,67.0,74.0,41.0,66.0,Right,4,3,78,76,55,72,77,63,79.0,53,69,54,42,70,32,42,81,High/Medium,Normal (170-185)
J. Evans,Jonathan Grant Evans,35,Northern Ireland,CB,Manchester United,Premier League,1.0,1500000.0,54000.0,2900000.0,75,75,2,37.0,32.0,60.0,58.0,78.0,69.0,Right,4,2,28,72,52,51,69,57,81.0,56,71,39,36,33,84,75,31,Medium/High,Lean (185+)
S. Coleman,Séamus Coleman,34,Republic of Ireland,"RB, RWB",Everton,Premier League,1.0,2100000.0,33000.0,4000000.0,75,75,2,61.0,65.0,72.0,74.0,76.0,70.0,Right,3,3,61,77,73,75,73,70,82.0,65,68,60,61,65,76,80,70,High/Medium,Normal (170-185)
Víctor Díaz,Víctor David Díaz Miguel,35,Spain,"CB, RB, CDM",Granada,La Liga,1.0,1500000.0,13000.0,3300000.0,75,75,1,69.0,56.0,68.0,65.0,75.0,76.0,Right,3,2,56,72,77,62,71,65,64.0,80,75,69,69,60,74,77,62,Medium/High,Lean (170-185)
José Callejón,José María Callejón Bueno,36,Spain,"LM, ST, RM",Granada,La Liga,1.0,1800000.0,14000.0,4000000.0,75,75,3,75.0,72.0,75.0,75.0,49.0,61.0,Right,4,3,71,76,77,71,78,78,79.0,67,59,74,75,82,60,32,77,Medium/Medium,Lean (170-185)
C. Kouyaté,Cheikhou Kouyaté,33,Senegal,"CDM, CM, CB",Nottingham Forest,Premier League,1.0,2800000.0,49000.0,5300000.0,75,75,2,57.0,64.0,63.0,67.0,75.0,81.0,Right,3,3,63,71,53,66,71,67,72.0,75,83,50,63,60,76,78,63,High/High,Lean (185+)
C. Wood,Christopher Grant Wood,31,New Zealand,ST,Nottingham Forest,Premier League,1.0,4800000.0,58000.0,9100000.0,75,75,1,54.0,76.0,60.0,69.0,40.0,78.0,Right,3,2,76,69,46,69,77,64,75.0,63,85,49,58,49,39,30,76,Medium/Medium,Stocky (185+)
W. Foderingham,Wesley Foderingham,32,England,GK,Sheffield United,Premier League,1.0,2800000.0,24000.0,5600000.0,75,75,1,,,,,,,Left,3,1,13,49,21,12,28,60,53.0,34,71,46,40,62,12,20,12,Medium/Medium,Normal (185+)
R. Rodríguez,Ricardo Iván Rodríguez Araya,30,Switzerland,"CB, LM, LB",Torino,Serie A,1.0,4600000.0,34000.0,7800000.0,75,75,2,69.0,67.0,75.0,75.0,76.0,74.0,Left,3,3,58,75,77,75,78,68,77.0,71,74,67,70,64,78,77,64,Medium/Medium,Normal (170-185)
A. Yarmolenko,Andriy Yarmolenko,33,Ukraine,"RM, ST",Dynamo Kyiv,Premier League,1.0,3500000.0,1000.0,7700000.0,75,75,3,57.0,78.0,76.0,76.0,42.0,72.0,Left,2,4,77,76,77,78,79,75,74.0,61,77,54,60,63,37,35,77,Medium/Low,Normal (185+)
S. Bell,Stefan Bell,31,Germany,CB,FSV Mainz 05,Bundesliga,1.0,3800000.0,23000.0,6500000.0,75,75,2,44.0,38.0,54.0,49.0,78.0,76.0,Right,2,2,31,63,43,47,50,47,76.0,55,87,33,53,34,80,78,32,Low/Medium,Normal (185+)
Álex Fernández,Alejandro Fernández Iglesias,30,Spain,"CAM, CM, CDM",Cádiz,La Liga,1.0,5500000.0,27000.0,11600000.0,75,75,2,49.0,70.0,80.0,73.0,67.0,63.0,Right,4,3,69,84,77,67,79,79,77.0,75,57,59,41,79,68,72,76,Medium/Medium,Lean (170-185)
A. Losilla,Anthony Losilla,37,France,"CDM, CM, CB",VfL Bochum 1848,Bundesliga,1.0,1100000.0,15000.0,2000000.0,75,75,1,51.0,59.0,67.0,71.0,73.0,76.0,Right,3,3,55,75,55,71,74,67,75.0,84,75,51,51,66,72,75,41,Medium/High,Normal (185+)
N. Pallois,Nicolas Pallois,35,France,CB,Nantes,Ligue 1,1.0,1500000.0,15000.0,3000000.0,75,75,2,35.0,54.0,60.0,60.0,75.0,82.0,Left,2,2,44,70,54,61,64,51,74.0,64,89,33,36,48,73,77,22,Medium/High,Normal (185+)
M. Uth,Mark Uth,31,Germany,"CAM, ST",FC Köln,Bundesliga,1.0,4700000.0,26000.0,8500000.0,75,75,2,67.0,77.0,74.0,76.0,40.0,62.0,Left,3,3,75,75,72,76,77,75,74.0,51,66,71,64,74,34,39,76,Medium/Low,Lean (185+)
Juan Jesus,Juan Guilherme Nunes Jesus,32,Brazil,CB,Napoli,Serie A,1.0,3600000.0,39000.0,6100000.0,75,75,2,66.0,33.0,51.0,60.0,78.0,73.0,Left,3,2,20,56,60,58,56,34,73.0,61,74,67,66,65,78,79,35,Low/High,Normal (185+)
M. Doherty,Matthew James Doherty,31,Republic of Ireland,"RB, RWB",Wolverhampton Wanderers,Premier League,1.0,4100000.0,49000.0,7800000.0,75,75,1,68.0,65.0,71.0,72.0,73.0,74.0,Right,4,3,64,74,77,71,75,70,71.0,77,72,69,67,66,72,74,75,High/Medium,Normal (170-185)
N. Sansone,Nicola Domenico Sansone,31,Italy,"CAM, LW, ST",Lecce,Serie A,1.0,4700000.0,17000.0,8500000.0,75,75,2,77.0,71.0,71.0,80.0,44.0,53.0,Right,3,4,70,72,69,78,80,74,75.0,50,50,76,77,88,46,44,75,High/Medium,Normal (170-185)
J. Gouweleeuw,Jeffrey Gouweleeuw,31,Netherlands,CB,FC Augsburg,Bundesliga,1.0,3800000.0,23000.0,6800000.0,75,75,2,66.0,58.0,66.0,64.0,77.0,75.0,Right,2,2,46,68,60,60,66,71,74.0,68,77,66,66,65,78,77,61,High/Medium,Normal (185+)
D. Demme,Diego Demme,31,Germany,"CDM, CM",Napoli,Serie A,1.0,3900000.0,39000.0,6600000.0,75,75,2,53.0,47.0,74.0,75.0,71.0,71.0,Right,4,3,39,78,70,72,78,74,73.0,82,63,60,47,75,72,72,65,Medium/Medium,Normal (170-185)
J. Lascelles,Jamaal Lascelles,29,England,CB,Newcastle United,Premier League,1.0,4700000.0,74000.0,8900000.0,75,75,2,41.0,35.0,49.0,51.0,75.0,75.0,Right,3,2,34,61,46,41,60,40,60.0,51,83,40,41,53,74,75,23,Low/Medium,Stocky (185+)
A. Florenzi,Alessandro Florenzi,32,Italy,"RB, RM",Milan,Serie A,1.0,3900000.0,45000.0,6600000.0,75,75,3,73.0,76.0,78.0,78.0,74.0,56.0,Right,4,3,71,80,75,75,81,80,79.0,63,48,76,71,86,75,74,69,High/Medium,Unique
P. Kadeřábek,Pavel Kadeřábek,31,Czech Republic,"RWB, RM",TSG Hoffenheim,Bundesliga,1.0,4100000.0,28000.0,7000000.0,75,75,2,72.0,45.0,70.0,70.0,72.0,76.0,Right,2,3,34,72,76,69,73,71,73.0,77,76,75,69,66,70,71,70,Medium/Medium,Normal (170-185)
K. Stöger,Kevin Stöger,29,Austria,"CM, CDM, CAM",VfL Bochum 1848,Bundesliga,1.0,5500000.0,24000.0,9900000.0,75,75,2,58.0,66.0,78.0,74.0,60.0,63.0,Left,3,3,64,79,74,71,76,82,72.0,75,63,62,55,78,62,62,69,High/High,Normal (170-185)
Portu,Cristian Portugués Manzanera,31,Spain,"RM, LM, RW",Girona,La Liga,1.0,4700000.0,24000.0,9900000.0,75,75,1,81.0,74.0,72.0,75.0,56.0,76.0,Right,4,3,73,70,74,74,73,74,74.0,79,72,80,81,82,55,55,75,High/Medium,Normal (170-)
Denis Suárez,Denis Suárez Fernández,29,Spain,"CM, CAM, CDM",Villarreal,La Liga,1.0,5500000.0,29000.0,11600000.0,75,75,2,63.0,71.0,78.0,78.0,64.0,54.0,Right,3,3,71,79,75,78,79,79,74.0,57,55,67,60,79,69,65,75,Medium/Medium,Lean (170-185)
J. Akpa Akpro,Jean-Daniel Dave Lewis Akpa Akpro,30,Côte d'Ivoire,CM,Monza,Serie A,1.0,5500000.0,40000.0,,75,75,1,77.0,67.0,71.0,78.0,72.0,77.0,Right,4,3,65,75,67,78,78,71,77.0,84,73,76,78,79,69,75,76,High/Medium,Lean (170-185)
Luís Hernández,Luís Hernández Rodríguez,34,Spain,CB,Cádiz,La Liga,1.0,1800000.0,25000.0,3800000.0,75,75,2,62.0,50.0,64.0,65.0,74.0,78.0,Right,4,2,37,71,67,59,70,55,73.0,71,81,61,62,63,77,70,55,Medium/High,Normal (170-185)
A. Cragno,Alessio Cragno,29,Italy,GK,Sassuolo,Serie A,1.0,3800000.0,33000.0,,75,75,1,,,,,,,Right,3,1,12,31,15,13,21,42,59.0,43,55,41,37,37,20,11,15,Medium/Medium,Normal (170-185)
Léo Baptistão,Leonardo Carrilho Baptistão,30,Brazil,"RM, ST",Almería,La Liga,1.0,5500000.0,24000.0,11600000.0,75,75,2,77.0,73.0,70.0,75.0,33.0,69.0,Right,2,4,73,75,67,74,76,74,72.0,78,71,75,78,79,36,24,78,Medium/Medium,Lean (185+)
S. Prcić,Sanjin Prcić,29,Bosnia and Herzegovina,"CDM, CM",Strasbourg,Ligue 1,1.0,4800000.0,21000.0,9600000.0,75,75,1,50.0,60.0,74.0,74.0,71.0,72.0,Right,4,3,54,78,67,75,77,73,70.0,79,70,49,50,70,73,73,62,Medium/Medium,Normal (170-185)
Juan Cruz,Juan Cruz Álvaro Armada,30,Spain,"LB, CB",Osasuna,La Liga,1.0,4800000.0,23000.0,10100000.0,75,75,1,73.0,40.0,62.0,64.0,73.0,73.0,Left,3,2,34,76,63,60,71,45,56.0,78,70,75,71,67,74,75,35,High/Medium,Stocky (170-185)
P. Hofmann,Philipp Hofmann,30,Germany,ST,VfL Bochum 1848,Bundesliga,1.0,5500000.0,25000.0,9900000.0,75,75,1,52.0,74.0,55.0,65.0,38.0,83.0,Left,2,2,76,69,35,65,73,66,75.0,63,93,41,61,46,26,40,80,Medium/Medium,Normal (185+)
R. Olsen,Robin Patrick Olsen,33,Sweden,GK,Aston Villa,Premier League,1.0,1800000.0,47000.0,3400000.0,75,75,1,,,,,,,Right,2,1,11,32,20,11,18,59,45.0,37,75,31,40,32,22,12,13,Medium/Medium,Normal (185+)
B. Traoré,Bertrand Isidore Traoré,27,Burkina Faso,"RM, RW",Aston Villa,Premier League,1.0,6000000.0,63000.0,11400000.0,75,75,2,76.0,72.0,72.0,81.0,45.0,62.0,Left,1,4,73,74,71,81,85,73,74.0,55,65,75,77,85,40,40,72,Medium/Low,Lean (170-185)
L. Kübler,Lukas Kübler,30,Germany,"RB, CB, RM",SC Freiburg,Bundesliga,1.0,4800000.0,23000.0,8200000.0,75,75,2,78.0,47.0,60.0,68.0,73.0,75.0,Right,2,2,44,70,70,67,69,49,64.0,73,77,71,83,66,74,75,47,Low/Medium,Normal (170-185)
C. Jullien,Christopher Jullien,30,France,CB,Montpellier,Ligue 1,1.0,4600000.0,20000.0,9200000.0,75,75,2,61.0,50.0,62.0,56.0,74.0,78.0,Right,3,2,54,72,51,54,67,63,67.0,60,85,60,62,36,72,76,52,Low/High,Normal (185+)
Omar Mascarell,Omar Mascarell González,30,Spain,"CM, CDM, CB",Mallorca,La Liga,1.0,5500000.0,24000.0,11600000.0,75,75,1,53.0,64.0,71.0,74.0,72.0,71.0,Right,5,3,58,78,53,73,76,73,68.0,76,70,60,47,73,70,77,72,Medium/High,Lean (170-185)
M. Schuhen,Marcel Schuhen,30,Germany,GK,Darmstadt 98,Bundesliga,1.0,3700000.0,17000.0,6700000.0,75,75,1,,,,,,,Right,3,1,19,30,19,22,27,55,63.0,40,78,55,50,47,19,16,17,Medium/Medium,Normal (185+)
Samu Castillejo,Samuel Castillejo Azuaga,28,Spain,"RW, RM",Sassuolo,Serie A,1.0,5500000.0,34000.0,,75,75,2,79.0,67.0,73.0,80.0,45.0,57.0,Left,2,4,63,75,73,80,79,73,69.0,65,49,81,77,90,48,43,72,High/Medium,Lean (170-185)
Rubén Peña,Rubén Peña Jiménez,31,Spain,"RB, RM, LB",Osasuna,La Liga,1.0,4100000.0,23000.0,8600000.0,75,75,1,72.0,69.0,70.0,73.0,72.0,65.0,Right,3,4,69,75,77,72,74,65,69.0,69,63,71,73,74,72,73,73,High/Low,Stocky (170-)
G. Lapadula,Gianluca Lapadula Vargas,33,Peru,ST,Cagliari,Serie A,1.0,3600000.0,25000.0,6500000.0,75,75,2,74.0,73.0,60.0,74.0,39.0,73.0,Left,4,3,76,69,50,72,73,63,71.0,72,68,72,76,81,35,39,80,High/Medium,Normal (170-185)
M. Elneny,Mohamed Naser Elsayed Elneny,30,Egypt,"CDM, CM",Arsenal,Premier League,1.0,4700000.0,71000.0,8900000.0,75,75,1,52.0,63.0,71.0,70.0,72.0,70.0,Right,3,3,57,77,64,68,74,69,75.0,71,68,52,52,65,73,73,63,Medium/High,Lean (170-185)
J. Haberer,Janik Haberer,29,Germany,"CM, CDM",FC Union Berlin,Bundesliga,1.0,5500000.0,32000.0,9400000.0,75,75,2,63.0,67.0,72.0,75.0,63.0,71.0,Right,3,3,63,79,59,76,78,76,71.0,78,67,62,63,68,61,64,69,Medium/Medium,Lean (185+)
L. Dendoncker,Leander Dendoncker,28,Belgium,"CM, CDM",Aston Villa,Premier League,1.0,5500000.0,66000.0,10500000.0,75,75,2,61.0,69.0,75.0,70.0,76.0,80.0,Right,4,2,62,78,73,71,76,71,77.0,74,85,52,69,54,74,78,75,Medium/High,Normal (185+)
D. Origi,Divock Okoth Origi,28,Belgium,"ST, LW",Nottingham Forest,Premier League,1.0,6000000.0,56000.0,,75,75,2,75.0,74.0,67.0,74.0,27.0,72.0,Right,4,4,74,73,69,75,76,69,77.0,63,77,67,82,70,16,24,76,High/Medium,Lean (185+)
T. Kleindienst,Tim Kleindienst,27,Germany,ST,Heidenheim,Bundesliga,1.0,6000000.0,30000.0,10800000.0,75,75,1,67.0,76.0,57.0,66.0,33.0,83.0,Left,5,2,77,63,50,64,74,57,78.0,89,86,59,73,51,29,29,78,Medium/High,Normal (185+)
L. Alario,Lucas Nicolás Alario,30,Argentina,ST,Eintracht Frankfurt,Bundesliga,1.0,5500000.0,35000.0,9400000.0,75,75,2,66.0,76.0,58.0,72.0,29.0,74.0,Right,3,3,80,69,48,72,72,65,76.0,68,77,66,66,68,22,27,77,High/Medium,Normal (185+)
Unai García,Unai García Lugea,30,Spain,CB,Osasuna,La Liga,1.0,4600000.0,23000.0,9700000.0,75,75,1,60.0,42.0,62.0,57.0,77.0,75.0,Right,3,2,39,75,56,45,70,53,67.0,80,74,59,60,58,76,78,41,Medium/High,Normal (185+)
P. Mwene,Phillipp Mwene,29,Austria,"RWB, LWB, LM",FSV Mainz 05,Bundesliga,1.0,4900000.0,24000.0,8300000.0,75,75,1,79.0,50.0,66.0,74.0,68.0,70.0,Right,4,3,54,70,74,74,73,63,68.0,83,68,83,76,81,70,73,64,High/Medium,Normal (170-185)
J. Palomino,José Luis Palomino,33,Argentina,CB,Atalanta,Serie A,1.0,2700000.0,37000.0,4600000.0,75,75,2,40.0,32.0,54.0,57.0,75.0,83.0,Left,3,2,26,64,60,54,62,30,78.0,71,90,48,34,46,75,76,28,Low/Medium,Normal (185+)
Sandro,Sandro Ramírez Castillo,27,Spain,"ST, LM",Las Palmas,La Liga,1.0,6000000.0,21000.0,13200000.0,75,75,1,80.0,76.0,67.0,75.0,31.0,62.0,Right,4,3,72,76,65,75,76,56,65.0,50,67,79,80,78,25,25,74,High/Medium,Normal (170-185)
E. Gyasi,Emanuel Quartsin Gyasi,29,Ghana,"RM, ST, LW",Empoli,Serie A,1.0,5500000.0,12000.0,9900000.0,75,75,1,82.0,63.0,66.0,75.0,44.0,73.0,Right,3,3,64,71,71,75,76,69,67.0,84,73,84,81,75,44,46,77,Medium/High,Lean (170-185)
D. Kuzyaev,Daler Kuzyaev,30,Russia,"CM, RM, CDM",Le Havre,Ligue 1,1.0,5500000.0,19000.0,11000000.0,75,75,1,78.0,66.0,74.0,75.0,72.0,66.0,Right,3,3,61,81,67,75,76,71,68.0,76,59,76,79,79,71,76,71,Medium/High,Lean (170-185)
S. Lainer,Stefan Lainer,30,Austria,RB,Borussia Mönchengladbach,Bundesliga,1.0,4800000.0,23000.0,8200000.0,75,75,2,72.0,62.0,67.0,69.0,74.0,78.0,Right,3,2,59,70,70,66,69,60,74.0,85,72,75,69,75,74,75,66,Medium/High,Normal (170-185)
Luis Rioja,Luis Jesús Rioja González,29,Spain,"LM, RM",Deportivo Alavés,La Liga,1.0,5500000.0,23000.0,12100000.0,75,75,1,77.0,74.0,70.0,77.0,37.0,51.0,Left,4,3,75,71,74,79,76,63,62.0,72,44,80,75,85,42,36,73,High/Medium,Normal (170-185)
C. Larin,Cyle Christopher Larin,28,Canada,ST,Mallorca,La Liga,1.0,6000000.0,27000.0,12600000.0,75,75,1,71.0,75.0,65.0,69.0,28.0,78.0,Right,4,3,78,70,69,71,70,67,65.0,72,88,67,74,63,21,25,77,High/Medium,Normal (185+)
Gelson Martins,Gelson Dany Batalha Martins,28,Portugal,"RM, LM",Monaco,Ligue 1,1.0,5500000.0,43000.0,10500000.0,75,75,3,86.0,70.0,68.0,79.0,51.0,57.0,Right,3,4,67,71,70,80,76,70,74.0,84,42,90,83,90,54,51,69,High/Medium,Normal (170-)
Kevin,Kevin Vázquez Comesaña,30,Spain,RB,Celta de Vigo,La Liga,1.0,4800000.0,20000.0,10100000.0,75,75,1,66.0,53.0,67.0,66.0,73.0,66.0,Right,3,3,55,75,77,65,75,57,57.0,67,64,65,67,36,68,78,61,Medium/High,Normal (170-185)
Raíllo,Antonio José Raíllo Arenas,31,Spain,CB,Mallorca,La Liga,1.0,3800000.0,22000.0,8000000.0,75,75,1,44.0,36.0,55.0,55.0,76.0,77.0,Right,3,2,25,76,29,52,63,46,66.0,89,69,43,44,32,76,77,51,Low/High,Lean (185+)
Fali,Rafael Jiménez Jarque,29,Spain,"CB, CDM",Cádiz,La Liga,1.0,4700000.0,26000.0,9900000.0,75,75,1,46.0,53.0,68.0,59.0,74.0,87.0,Right,3,2,40,70,63,54,67,74,63.0,80,90,42,50,43,75,78,42,Medium/High,Normal (185+)
Rubén Alcaraz,Rubén Alcaraz Jiménez,32,Spain,"CM, CDM",Cádiz,La Liga,1.0,4400000.0,27000.0,9200000.0,75,75,2,51.0,73.0,76.0,71.0,74.0,81.0,Right,4,3,68,74,77,70,75,74,76.0,81,80,52,51,54,74,76,62,Low/High,Normal (170-185)
F. Sacko,Falaye Sacko,28,Mali,"RB, CB",Montpellier,Ligue 1,1.0,5000000.0,21000.0,10000000.0,75,75,1,92.0,45.0,62.0,72.0,69.0,73.0,Right,3,3,43,68,68,70,71,56,76.0,92,66,91,93,83,69,69,59,High/Medium,Lean (170-185)
Simão Donatinho,Simão Alvin Donatinho Garcia,27,Brazil,GK,Corinthians,Serie A,1.0,4300000.0,20000.0,8200000.0,75,75,1,,,,,,,Left,2,1,10,20,12,12,25,58,59.0,32,60,41,46,58,23,10,8,Medium/Medium,Normal (185+)
Enaldo Praz,Enaldo Diogo Barbosa Prazeres,39,Brazil,"LB, LWB",Corinthians,Serie A,1.0,1200000.0,16000.0,2300000.0,75,75,1,70.0,49.0,68.0,65.0,74.0,71.0,Left,3,2,45,70,73,61,69,70,68.0,79,64,69,70,67,78,77,51,Medium/Medium,Normal (170-185)
Walexinton,Alexandre Jonas Santos Fernandes,31,Brazil,GK,Athletico Paranaense,Serie A,1.0,3000000.0,11000.0,5700000.0,75,75,1,,,,,,,Right,3,1,14,30,19,17,23,69,66.0,31,64,38,35,67,11,19,10,Medium/Medium,Stocky (170-185)
Estevão Candeira,Estevão Danilo Candeira Inácio,27,Brazil,"RB, LB",Flamengo,Serie A,1.0,5500000.0,30000.0,9900000.0,75,75,1,77.0,59.0,70.0,69.0,70.0,68.0,Right,4,2,52,71,76,68,69,66,72.0,86,59,76,77,71,68,72,65,Medium/Medium,Lean (170-185)
Leo Vimieiro,Leôncio Roger Vimieiro Madeira,27,Brazil,LB,São Paulo,Serie A,1.0,5500000.0,30000.0,10500000.0,75,75,1,73.0,52.0,66.0,70.0,74.0,71.0,Left,3,2,41,70,68,68,71,60,72.0,78,67,68,77,72,75,76,52,Medium/Medium,Stocky (170-)
Kaíquão Castro,Kaíque Osvaldo Castro Rodrigues,27,Brazil,GK,Fluminense,Serie A,1.0,4300000.0,17000.0,8200000.0,75,75,1,,,,,,,Right,2,1,8,20,9,9,21,45,67.0,41,81,34,38,31,23,10,11,Medium/Medium,Normal (185+)
Danisco Fachini,Daniel Clayton Fachini Lobato,35,Brazil,CDM,Flamengo,Serie A,1.0,1600000.0,22000.0,2900000.0,75,75,1,66.0,44.0,67.0,69.0,74.0,70.0,Right,3,2,19,78,55,66,71,55,74.0,79,64,68,65,63,69,74,38,Medium/Medium,Normal (170-)
Joshuando Sá,Joshua Eduardo Sá Madeira,27,Brazil,"LB, LWB, LM",Santos,Serie A,1.0,5500000.0,23000.0,10500000.0,75,75,1,73.0,44.0,64.0,65.0,75.0,74.0,Left,3,2,41,72,74,63,68,49,65.0,72,76,70,75,61,75,76,61,Medium/Medium,Normal (170-185)
Rubens Freitosa,Rubens Jairo Freitosa Costa,39,Brazil,CM,Athletico Paranaense,Serie A,1.0,1800000.0,11000.0,3400000.0,75,75,1,64.0,64.0,73.0,71.0,68.0,76.0,Right,4,2,63,79,65,71,76,72,71.0,88,72,60,68,54,70,70,73,Medium/Medium,Normal (170-185)
Duirval Diniz,Duirval Hélton Diniz Cabral,27,Brazil,"CB, RB",Athletico Paranaense,Serie A,1.0,5000000.0,14000.0,9500000.0,75,75,1,53.0,47.0,55.0,52.0,77.0,74.0,Right,3,2,44,66,45,41,59,45,67.0,62,80,54,52,60,76,82,24,Medium/Medium,Normal (185+)
Pascoal Muscato,Pascoal Simão Muscato Vieira,31,Brazil,"CDM, CM",Santos,Serie A,1.0,3900000.0,23000.0,7400000.0,75,75,1,58.0,68.0,69.0,70.0,73.0,76.0,Right,4,2,59,75,56,70,72,69,72.0,70,80,54,62,64,75,76,64,Medium/Medium,Stocky (170-185)
Elildo Petri,Elias Thiago Petri Taffarel,27,Brazil,"RM, CAM",Palmeiras,Serie A,1.0,6000000.0,33000.0,10800000.0,75,75,1,73.0,68.0,75.0,77.0,29.0,69.0,Right,4,3,65,83,71,80,76,66,68.0,61,73,73,73,72,32,25,71,Medium/Medium,Normal (170-185)
Formosandrinho,Estevão Daniel Formoso Serpa,31,Brazil,"ST, CF",Atlético Mineiro,Serie A,1.0,4800000.0,34000.0,8600000.0,75,75,1,77.0,77.0,60.0,73.0,24.0,61.0,Right,3,3,76,65,57,72,73,56,78.0,61,63,76,78,77,20,14,75,Medium/Medium,Lean (170-185)
Z. Steffen,Zack Steffen,28,United States,GK,Manchester City,Premier League,1.0,4000000.0,69000.0,7400000.0,75,75,1,,,,,,,Right,3,1,9,52,14,15,31,58,58.0,39,69,54,52,58,13,12,9,Medium/Medium,Stocky (185+)
Elieser Baldeiro,Elieser Danilo Baldeiro Lopes,27,Brazil,CB,Flamengo,Serie A,1.0,5000000.0,30000.0,9000000.0,75,75,1,75.0,56.0,60.0,64.0,76.0,76.0,Right,3,2,41,64,62,59,71,62,65.0,72,78,79,71,60,76,78,49,High/High,Stocky (185+)
M. Bülter,Marius Bülter,30,Germany,"LM, ST",TSG Hoffenheim,Bundesliga,1.0,5500000.0,31000.0,9400000.0,75,75,1,82.0,76.0,68.0,73.0,48.0,77.0,Right,3,3,76,72,71,74,73,68,67.0,78,77,80,84,69,45,53,74,High/Medium,Normal (185+)
Vinícius,Carlos Vinícius Alves Morais,28,Brazil,ST,Fulham,Premier League,1.0,6000000.0,71000.0,11400000.0,75,75,2,71.0,76.0,61.0,72.0,41.0,79.0,Left,3,3,77,71,51,72,76,65,80.0,69,83,65,75,66,44,33,77,High/Medium,Normal (185+)
S. Weissman,Shon Zalman Weissman,27,Israel,ST,Granada,La Liga,1.0,6000000.0,21000.0,13200000.0,75,75,1,71.0,78.0,64.0,68.0,38.0,73.0,Right,4,3,80,68,58,65,70,68,76.0,76,73,72,70,69,43,30,80,High/Medium,Stocky (170-185)
E. Ferguson,Evan Ferguson,18,Republic of Ireland,ST,Brighton & Hove Albion,Premier League,1.0,10000000.0,26000.0,21000000.0,74,86,1,72.0,74.0,61.0,70.0,21.0,70.0,Right,3,3,79,74,45,70,73,66,72.0,66,75,70,74,66,20,13,79,Medium/Medium,Normal (185+)
Fábio Carvalho,Fábio Leandro Carvalho,20,Portugal,"CAM, CM, LM",RB Leipzig,Bundesliga,1.0,9500000.0,53000.0,,74,85,1,78.0,68.0,68.0,77.0,45.0,51.0,Right,4,3,73,73,60,76,78,71,73.0,62,48,80,76,82,49,49,75,High/Medium,Lean (170-)
E. Bove,Edoardo Bove,21,Italy,CM,Roma,Serie A,1.0,9500000.0,34000.0,18100000.0,74,85,1,65.0,68.0,67.0,74.0,74.0,72.0,Right,3,2,68,75,60,72,78,65,77.0,77,65,64,65,64,75,78,75,Medium/Medium,Normal (170-185)
Pablo Barrios,Pablo Barrios Rivas,20,Spain,"CM, CDM",Atlético Madrid,La Liga,1.0,9000000.0,29000.0,20300000.0,74,85,1,76.0,68.0,70.0,74.0,68.0,61.0,Right,3,3,69,78,57,74,77,76,74.0,60,61,77,75,72,66,70,72,Medium/Medium,Normal (170-185)
Y. Bisseck,Yann Aurel Ludger Bisseck,22,Germany,CB,Inter,Serie A,1.0,9000000.0,42000.0,17100000.0,74,84,1,72.0,49.0,60.0,68.0,73.0,81.0,Right,3,2,45,75,45,66,71,55,72.0,78,87,73,72,61,72,75,40,High/High,Normal (185+)
A. Diallo,Amad Diallo Traoré,20,Côte d'Ivoire,"RW, CAM",Manchester United,Premier League,1.0,9500000.0,63000.0,20000000.0,74,84,1,85.0,71.0,63.0,79.0,25.0,51.0,Left,4,4,73,68,59,79,78,65,67.0,67,45,88,82,92,19,25,72,High/Medium,Lean (170-185)
W. Pacho,William Joel Pacho Tenorio,21,Ecuador,CB,Eintracht Frankfurt,Bundesliga,1.0,9000000.0,20000.0,17100000.0,74,84,1,83.0,32.0,56.0,59.0,73.0,79.0,Left,2,2,30,67,46,52,65,47,69.0,69,85,80,85,63,73,77,36,Low/Medium,Stocky (185+)
E. Martel,Eric Martel,21,Germany,"CDM, CB",FC Köln,Bundesliga,1.0,9000000.0,16000.0,18000000.0,74,84,1,63.0,51.0,60.0,69.0,75.0,80.0,Right,3,2,50,71,52,69,70,56,70.0,90,77,65,61,67,75,76,56,Medium/High,Normal (185+)
L. Sučić,Luka Sučić,20,Croatia,"CAM, CM",Salzburg,Bundesliga,1.0,9500000.0,13000.0,16200000.0,74,84,1,76.0,73.0,74.0,74.0,49.0,66.0,Left,3,3,71,74,73,76,75,75,70.0,72,66,76,76,74,47,50,68,Medium/Medium,Lean (185+)
F. Rieder,Fabian Rieder,21,Switzerland,"CAM, CM",Rennes,Ligue 1,1.0,9500000.0,27000.0,20000000.0,74,84,1,74.0,69.0,71.0,75.0,51.0,63.0,Left,3,3,70,75,54,74,75,79,74.0,80,59,75,74,82,45,59,69,High/Medium,Lean (170-185)
Miguel Gutiérrez,Miguel Gutiérrez Ortega,21,Spain,"LB, LWB",Girona,La Liga,1.0,9000000.0,15000.0,20700000.0,74,84,1,77.0,53.0,70.0,74.0,69.0,65.0,Left,3,2,51,75,75,74,76,65,65.0,75,62,78,77,75,67,72,62,High/Medium,Lean (170-185)
L. Colwill,Levi Samuels Colwill,20,England,CB,Chelsea,Premier League,1.0,8500000.0,47000.0,17900000.0,74,84,1,72.0,34.0,62.0,68.0,74.0,74.0,Left,3,2,26,74,51,68,71,60,69.0,66,80,66,76,59,73,79,45,High/Medium,Normal (185+)
K. Asllani,Kristjan Asllani,21,Albania,"CM, CDM",Inter,Serie A,1.0,9500000.0,40000.0,18100000.0,74,84,1,66.0,61.0,73.0,73.0,69.0,61.0,Right,3,2,57,78,63,73,78,77,71.0,78,51,65,66,64,66,74,59,Medium/Medium,Normal (170-185)
N. Cambiaghi,Nicolò Cambiaghi,22,Italy,"ST, CAM, LW",Empoli,Serie A,1.0,9500000.0,35000.0,,74,84,1,81.0,73.0,62.0,76.0,38.0,72.0,Right,3,3,73,68,65,78,75,61,63.0,75,69,81,81,78,27,41,73,High/Medium,Normal (170-185)
Sergio Gómez,Sergio Gómez Martín,22,Spain,LB,Manchester City,Premier League,1.0,9000000.0,64000.0,18500000.0,74,83,1,69.0,70.0,75.0,77.0,69.0,65.0,Left,3,4,67,74,78,76,75,76,73.0,75,58,76,63,85,70,72,72,High/Medium,Normal (170-185)
D. Popov,Denys Popov,24,Ukraine,CB,Dynamo Kyiv,Premier League,1.0,8500000.0,750.0,20400000.0,74,83,1,63.0,38.0,48.0,57.0,74.0,74.0,Right,4,2,38,68,29,56,57,34,64.0,64,76,60,66,53,73,75,25,High/Medium,Normal (185+)
I. Maatsen,Ian Ethan Maatsen,21,Netherlands,"LB, LWB",Chelsea,Premier League,1.0,9000000.0,47000.0,18900000.0,74,83,1,83.0,58.0,68.0,75.0,68.0,64.0,Left,4,2,56,71,72,75,73,65,70.0,76,53,85,82,81,68,72,65,High/Medium,Lean (170-)
Y. Musah,Yunus Dimoara Musah,20,United States,"CM, RM",Milan,Serie A,1.0,9000000.0,34000.0,17100000.0,74,83,1,84.0,68.0,71.0,76.0,69.0,72.0,Right,3,4,66,75,66,78,77,72,67.0,71,70,81,87,70,69,73,73,Medium/Medium,Normal (170-185)
A. Cambiaso,Andrea Cambiaso,23,Italy,"LB, LWB, LM",Juventus,Serie A,1.0,9000000.0,54000.0,17100000.0,74,83,1,75.0,54.0,70.0,74.0,69.0,60.0,Left,4,2,49,72,77,75,77,67,67.0,68,52,73,77,72,68,73,65,Medium/Medium,Lean (170-185)
A. Zaroury,Anass Zaroury,22,Morocco,"LM, ST",Burnley,Premier League,1.0,9500000.0,34000.0,20900000.0,74,83,1,84.0,68.0,68.0,76.0,27.0,61.0,Right,5,4,69,69,71,76,75,70,71.0,74,57,86,82,84,18,27,69,High/Medium,Lean (170-185)
T. Livramento,Valentino Livramento,20,England,RB,Newcastle United,Premier League,1.0,9000000.0,47000.0,18900000.0,74,83,1,78.0,47.0,65.0,73.0,71.0,62.0,Right,4,2,47,73,69,74,73,57,66.0,63,57,76,79,74,68,74,60,High/Medium,Normal (170-185)
Z. Amdouni,Mohamed Zeki Amdouni,22,Switzerland,"ST, CAM",Burnley,Premier League,1.0,9500000.0,37000.0,20900000.0,74,83,1,72.0,74.0,69.0,76.0,46.0,70.0,Right,4,3,76,75,58,76,77,77,73.0,72,73,72,72,75,43,42,75,Medium/Low,Normal (185+)
A. Prass,Alexander Prass,22,Austria,"CM, LM",Sturm Graz,Bundesliga,1.0,9500000.0,14000.0,16200000.0,74,83,1,73.0,65.0,73.0,75.0,69.0,75.0,Left,3,3,59,74,73,74,74,75,74.0,85,74,70,76,78,73,69,69,High/Medium,Normal (170-185)
J. Kiwior,Jakub Piotr Kiwior,23,Poland,"CB, CDM",Arsenal,Premier League,1.0,8500000.0,56000.0,17900000.0,74,83,1,67.0,37.0,59.0,61.0,75.0,77.0,Left,3,2,29,70,41,59,63,64,69.0,83,76,61,72,53,76,75,57,Medium/High,Lean (185+)
A. Diouf,Andy Diouf,20,France,"CM, CDM",Lens,Ligue 1,1.0,9000000.0,21000.0,18900000.0,74,83,1,74.0,66.0,69.0,76.0,66.0,75.0,Left,3,3,63,74,56,78,76,74,76.0,73,76,72,75,74,65,69,71,High/Medium,Normal (185+)
N. Krstović,Nikola Krstović,23,Montenegro,ST,Lecce,Serie A,1.0,9500000.0,15000.0,19000000.0,74,83,1,69.0,74.0,54.0,70.0,26.0,74.0,Right,4,2,76,61,46,72,71,57,64.0,66,83,65,72,61,20,18,76,High/Medium,Stocky (185+)
C. Bassey,Calvin Bassey Ughelumba,23,Nigeria,"CB, LB",Fulham,Premier League,1.0,8500000.0,46000.0,17900000.0,74,82,1,83.0,44.0,62.0,66.0,73.0,86.0,Left,3,2,36,66,68,66,64,55,62.0,89,88,78,87,70,70,76,57,High/High,Normal (185+)
J. Burkardt,Jonathan Michael Burkardt,22,Germany,"ST, CF",FSV Mainz 05,Bundesliga,1.0,9500000.0,23000.0,18100000.0,74,82,1,79.0,73.0,67.0,77.0,43.0,75.0,Right,3,3,74,74,62,80,76,71,68.0,77,75,83,76,76,45,38,75,High/Medium,Normal (170-185)
L. Traoré,Lassina Chamste Soudine Franck Traoré,22,Burkina Faso,ST,Shakhtar Donetsk,Premier League,1.0,9500000.0,900.0,22800000.0,74,82,1,78.0,72.0,57.0,69.0,30.0,77.0,Right,3,3,75,67,47,69,70,64,70.0,73,85,76,79,69,22,22,74,High/Medium,Stocky (170-185)
B. Aaronson,Brenden Russell Aaronson,22,United States,"CAM, RM, CM",FC Union Berlin,Bundesliga,1.0,9500000.0,32000.0,,74,82,1,77.0,66.0,70.0,79.0,54.0,62.0,Right,3,3,65,72,64,80,77,76,70.0,93,50,81,74,85,59,60,75,High/Medium,Lean (170-185)
G. Isaksen,Gustav Tang Isaksen,22,Denmark,"RW, ST, CF",Lazio,Serie A,1.0,9500000.0,35000.0,18100000.0,74,82,1,89.0,70.0,65.0,77.0,40.0,51.0,Left,3,3,73,70,59,77,75,67,69.0,81,35,86,92,85,42,40,74,High/Medium,Lean (170-185)
T. Krauß,Tom Krauß,22,Germany,"CDM, CM",FSV Mainz 05,Bundesliga,1.0,9000000.0,19000.0,17100000.0,74,82,1,76.0,66.0,66.0,73.0,71.0,75.0,Right,3,2,61,75,51,73,75,70,65.0,83,67,74,78,70,69,75,72,High/High,Normal (170-185)
Manu Sánchez,Manuel Sánchez de la Peña,22,Spain,"LB, LWB, LM",Celta de Vigo,La Liga,1.0,9000000.0,16000.0,20700000.0,74,82,1,73.0,44.0,62.0,68.0,72.0,60.0,Left,3,3,42,71,67,67,71,57,62.0,74,51,76,70,69,66,78,56,Medium/Medium,Lean (170-185)
A. Rouault,Anthony Rouault,22,France,CB,VfB Stuttgart,Bundesliga,1.0,9000000.0,16000.0,,74,82,1,54.0,30.0,60.0,56.0,75.0,73.0,Right,3,2,25,76,47,45,65,48,72.0,71,74,63,47,58,75,76,35,Medium/Medium,Lean (185+)
Raúl García,Raúl García de Haro,22,Spain,ST,Osasuna,La Liga,1.0,9500000.0,22000.0,21900000.0,74,82,1,70.0,74.0,62.0,71.0,25.0,68.0,Right,3,3,76,77,32,74,76,66,65.0,60,74,66,73,60,19,17,73,High/Low,Lean (185+)
Samú Costa,Samuel de Almeida Costa,22,Portugal,"CDM, CM",Mallorca,La Liga,1.0,9000000.0,17000.0,20700000.0,74,82,1,62.0,63.0,67.0,68.0,70.0,73.0,Left,2,2,57,76,55,66,71,68,66.0,79,71,66,58,67,70,72,61,Medium/Medium,Normal (185+)
Tiago Tomás,Tiago Barreiros de Melo Tomás,21,Portugal,"ST, RW",VfL Wolfsburg,Bundesliga,1.0,9500000.0,29000.0,18100000.0,74,82,1,88.0,70.0,58.0,77.0,39.0,69.0,Right,3,4,71,68,42,78,77,58,66.0,76,67,84,91,77,35,37,74,Medium/Low,Lean (170-185)
M. Estève,Maxime Estève,21,France,CB,Montpellier,Ligue 1,1.0,9000000.0,14000.0,19800000.0,74,82,1,65.0,33.0,52.0,54.0,74.0,77.0,Left,3,2,26,68,53,51,62,33,73.0,64,84,59,69,33,76,75,28,Medium/Medium,Normal (185+)
J. Lucumí,Jhon Janer Lucumí Bonilla,25,Colombia,CB,Bologna,Serie A,1.0,7500000.0,24000.0,15000000.0,74,81,1,68.0,28.0,59.0,63.0,73.0,79.0,Left,3,2,23,72,61,58,68,36,71.0,71,84,67,69,63,70,76,33,Medium/High,Normal (185+)
R. Nelson,Reiss Nelson,23,England,"RW, LW",Arsenal,Premier League,1.0,8500000.0,69000.0,17900000.0,74,81,1,86.0,66.0,69.0,78.0,36.0,55.0,Right,3,4,69,72,69,79,78,71,60.0,70,53,86,86,82,31,37,69,High/Medium,Lean (170-185)
T. Weah,Timothy Tarpeh Weah,23,United States,"RM, LB, RB",Juventus,Serie A,1.0,8500000.0,60000.0,16200000.0,74,81,2,85.0,70.0,67.0,75.0,63.0,70.0,Right,3,3,70,71,67,75,74,69,70.0,74,69,84,86,86,61,64,69,Medium/Medium,Lean (170-185)
N. Williams,Neco Williams,22,Wales,"RWB, RB, LWB",Nottingham Forest,Premier League,1.0,8000000.0,39000.0,16800000.0,74,81,1,74.0,46.0,67.0,72.0,69.0,63.0,Right,3,2,43,72,74,73,72,58,67.0,72,57,74,74,73,69,74,52,Medium/Medium,Lean (170-185)
A. Lunin,Andriy Lunin,24,Ukraine,GK,Real Madrid,La Liga,1.0,7000000.0,59000.0,15800000.0,74,81,1,,,,,,,Right,3,1,8,25,15,11,15,60,56.0,32,61,39,35,36,22,13,11,Medium/Medium,Normal (185+)
N. Moro,Nikola Moro,25,Croatia,"CDM, CM",Bologna,Serie A,1.0,7500000.0,24000.0,15000000.0,74,81,1,68.0,71.0,73.0,73.0,69.0,77.0,Right,5,3,66,75,65,73,77,76,77.0,83,76,69,68,69,69,69,60,High/Medium,Normal (185+)
V. Boniface,Victor Okoh Boniface,22,Nigeria,ST,Bayer 04 Leverkusen,Bundesliga,1.0,8500000.0,37000.0,16200000.0,74,81,1,74.0,74.0,62.0,71.0,37.0,81.0,Right,3,3,73,68,48,71,73,68,71.0,73,88,69,78,68,38,31,73,Medium/Medium,Stocky (185+)
A. Colpani,Andrea Colpani,24,Italy,"CM, CAM, CF",Monza,Serie A,1.0,8500000.0,34000.0,16200000.0,74,81,1,76.0,64.0,74.0,75.0,64.0,64.0,Left,2,3,58,79,66,76,77,74,72.0,76,64,73,79,72,62,68,68,Medium/Medium,Lean (170-185)
Toti Gomes,Tote António Gomes,24,Portugal,"CB, LB",Wolverhampton Wanderers,Premier League,1.0,8000000.0,39000.0,16800000.0,74,81,1,76.0,47.0,63.0,63.0,74.0,75.0,Left,3,2,42,67,62,60,64,64,69.0,64,81,73,78,62,74,75,58,Medium/Medium,Normal (185+)
Terrats,Ramón Terrats Espacio,22,Spain,"CM, CDM, CB",Villarreal,La Liga,1.0,8500000.0,23000.0,19600000.0,74,81,1,57.0,64.0,69.0,70.0,71.0,71.0,Left,3,3,68,79,50,70,74,74,62.0,73,71,57,57,65,70,76,72,Medium/Medium,Normal (170-185)
I. Ndiaye,Iliman Ndiaye,23,Senegal,"ST, CAM",Olympique de Marseille,Ligue 1,1.0,8500000.0,30000.0,17900000.0,74,81,1,84.0,74.0,64.0,80.0,37.0,66.0,Right,3,4,76,72,48,81,78,73,78.0,69,71,83,85,84,44,28,76,Medium/High,Lean (170-185)
T. Douvikas,Anastasios Douvikas,23,Greece,ST,Celta de Vigo,La Liga,1.0,8500000.0,19000.0,19600000.0,74,81,1,81.0,72.0,62.0,73.0,34.0,73.0,Right,4,3,75,69,60,73,74,57,71.0,80,74,83,79,74,28,28,78,High/Medium,Normal (185+)
S. Beukema,Sam Beukema,24,Netherlands,CB,Bologna,Serie A,1.0,8000000.0,21000.0,16000000.0,74,81,1,59.0,55.0,58.0,62.0,75.0,74.0,Right,3,2,50,69,40,60,64,51,70.0,69,78,51,65,54,74,76,57,Medium/Medium,Normal (185+)
Đ. Petrović,Đorđe Petrović,23,Serbia,GK,Chelsea,Premier League,1.0,7000000.0,44000.0,14700000.0,74,81,1,,,,,,,Right,2,1,9,28,13,11,17,48,23.0,25,79,32,29,38,6,13,4,Medium/Medium,Lean (185+)
Jeffinho,Jefferson Ruan Pereira dos Santos,23,Brazil,"LW, LM",Olympique Lyonnais,Ligue 1,1.0,8500000.0,28000.0,17900000.0,74,81,1,87.0,55.0,66.0,80.0,35.0,47.0,Right,3,5,61,72,62,84,77,69,73.0,72,39,85,89,89,32,36,72,High/Medium,Lean (170-185)
B. Brereton Díaz,Benjamin Anthony Brereton Díaz,24,Chile,"LM, ST",Villarreal,La Liga,1.0,6500000.0,23000.0,15000000.0,74,80,1,83.0,73.0,66.0,74.0,41.0,78.0,Right,3,3,75,68,68,75,73,65,72.0,78,80,82,83,76,34,44,74,High/Medium,Normal (185+)
J. Tanganga,Japhet Tanganga,24,England,"RB, CB, RWB",FC Augsburg,Bundesliga,1.0,6000000.0,46000.0,,74,80,1,73.0,33.0,63.0,70.0,75.0,77.0,Right,3,2,28,71,66,72,69,59,71.0,60,81,66,78,68,75,76,47,Medium/High,Normal (170-185)
S. Birindelli,Samuele Birindelli,23,Italy,"RWB, RM, RB",Monza,Serie A,1.0,6000000.0,30000.0,11400000.0,74,80,1,82.0,52.0,65.0,71.0,70.0,66.0,Right,4,3,44,69,67,68,72,59,68.0,79,60,79,85,81,70,72,60,High/Medium,Normal (170-185)
N. Tella,Nathan Tella,23,England,"RM, LM, ST",Bayer 04 Leverkusen,Bundesliga,1.0,6500000.0,34000.0,12400000.0,74,80,1,88.0,69.0,65.0,76.0,33.0,58.0,Right,3,3,74,69,67,77,75,67,68.0,69,52,90,87,84,30,34,72,High/Medium,Lean (170-185)
J. Moder,Jakub Piotr Moder,24,Poland,"CM, CDM, LM",Brighton & Hove Albion,Premier League,1.0,6500000.0,51000.0,13700000.0,74,80,1,64.0,70.0,74.0,72.0,69.0,72.0,Right,5,3,66,77,70,72,75,74,74.0,70,74,62,66,65,68,73,71,Medium/Medium,Unique
B. Johnson,Benjamin Johnson,23,England,"RB, LB, CB",West Ham United,Premier League,1.0,6000000.0,40000.0,12600000.0,74,80,1,75.0,38.0,62.0,67.0,73.0,71.0,Right,4,2,34,69,71,66,69,50,65.0,75,70,73,76,66,74,74,56,High/Medium,Normal (170-185)
A. Sambi Lokonga,Albert-Mboyo Sambi Lokonga,23,Belgium,"CDM, CM",Luton Town,Premier League,1.0,6000000.0,56000.0,,74,80,1,66.0,58.0,74.0,77.0,68.0,68.0,Right,3,3,53,78,68,77,80,74,79.0,76,63,62,69,73,64,71,65,Medium/Medium,Lean (170-185)
F. Gattoni,Federico Agustín Gattoni,24,Argentina,CB,Sevilla,La Liga,1.0,6000000.0,17000.0,13800000.0,74,80,1,71.0,60.0,59.0,64.0,75.0,75.0,Right,4,2,55,70,50,61,68,54,63.0,80,73,68,73,62,76,75,53,Medium/High,Normal (170-185)
J. Scally,Joseph Scally,20,United States,RB,Borussia Mönchengladbach,Bundesliga,1.0,6000000.0,16000.0,11400000.0,74,80,1,81.0,43.0,63.0,71.0,71.0,72.0,Right,3,2,43,67,71,71,69,59,68.0,73,71,79,83,77,69,75,57,Medium/Medium,Normal (170-185)
M. Pedersen,Marcus Holmgren Pedersen,23,Norway,"RB, LB",Sassuolo,Serie A,1.0,6000000.0,12000.0,,74,80,1,90.0,49.0,68.0,72.0,66.0,70.0,Right,4,3,48,69,74,74,68,65,63.0,87,67,89,90,82,68,71,70,High/High,Lean (170-185)
Silas,Silas Katompa Mvumpa,24,Congo DR,"RM, ST",VfB Stuttgart,Bundesliga,1.0,6500000.0,19000.0,13000000.0,74,80,1,87.0,70.0,61.0,80.0,52.0,67.0,Right,2,5,78,68,66,84,77,59,67.0,56,74,85,88,84,53,50,79,High/Medium,Normal (185+)
Iván Martín,Iván Martín Núñez,24,Spain,"CM, RM, CAM",Girona,La Liga,1.0,6500000.0,19000.0,15000000.0,74,80,1,74.0,71.0,74.0,77.0,59.0,52.0,Left,3,3,75,77,73,79,78,74,72.0,62,46,74,74,76,46,70,71,High/Low,Normal (170-185)
J. Chotard,Joris Chotard,21,France,"CDM, CM",Montpellier,Ligue 1,1.0,6000000.0,14000.0,13200000.0,74,80,2,66.0,54.0,72.0,74.0,71.0,68.0,Right,4,3,52,77,68,75,74,73,69.0,77,60,65,66,76,72,73,62,Medium/Medium,Normal (170-185)
David Costa,David Pereira Da Costa,22,Portugal,LW,Lens,Ligue 1,1.0,7000000.0,28000.0,14700000.0,74,80,1,72.0,68.0,67.0,81.0,33.0,43.0,Left,3,3,69,71,65,82,79,69,76.0,46,40,75,70,86,36,30,69,High/Low,Normal (170-)
Mingueza,Óscar Mingueza García,24,Spain,"RB, CB",Celta de Vigo,La Liga,1.0,6000000.0,16000.0,13800000.0,74,80,1,74.0,35.0,65.0,64.0,72.0,74.0,Right,3,2,22,75,66,59,69,55,66.0,77,73,70,77,69,71,72,57,Medium/Medium,Lean (170-185)
Sergi Cardona,Sergi Cardona Bermúdez,23,Spain,"LB, LM",Las Palmas,La Liga,1.0,6000000.0,14000.0,14400000.0,74,80,1,80.0,42.0,60.0,63.0,73.0,69.0,Left,3,2,40,66,68,61,66,55,54.0,81,64,82,78,64,69,76,46,Medium/Medium,Normal (185+)
R. Oxford,Reece Oxford,24,England,"CB, CDM",FC Augsburg,Bundesliga,1.0,6000000.0,19000.0,11300000.0,74,79,1,65.0,33.0,54.0,61.0,75.0,76.0,Right,3,2,23,66,34,59,63,55,67.0,65,82,66,65,62,75,77,34,Medium/Medium,Lean (185+)
Akieme,Sergio Akieme Rodríguez,25,Spain,"LB, LWB, LM",Almería,La Liga,1.0,6000000.0,19000.0,13100000.0,74,79,1,78.0,44.0,60.0,70.0,70.0,69.0,Left,3,3,40,72,71,67,75,45,54.0,75,64,77,78,72,68,72,58,High/Medium,Normal (170-185)
Aleñá,Carles Aleñá Castillo,25,Spain,"CM, LM, RM",Getafe,La Liga,1.0,6000000.0,22000.0,13100000.0,74,79,1,67.0,67.0,74.0,73.0,59.0,60.0,Left,2,4,66,79,67,71,76,77,79.0,64,61,68,67,73,64,59,72,Medium/Medium,Normal (170-185)
C. Zesiger,Cédric Zesiger,25,Switzerland,CB,VfL Wolfsburg,Bundesliga,1.0,5500000.0,31000.0,9800000.0,74,79,1,62.0,45.0,57.0,61.0,72.0,81.0,Left,3,2,39,70,43,61,66,54,69.0,76,85,55,67,49,72,73,48,Medium/Medium,Normal (185+)
D. Zagadou,Dan-Axel Zagadou,24,France,CB,VfB Stuttgart,Bundesliga,1.0,6000000.0,17000.0,11300000.0,74,79,2,58.0,34.0,60.0,50.0,74.0,80.0,Left,3,2,26,72,46,51,52,59,68.0,62,92,48,67,33,70,77,31,Medium/Medium,Stocky (185+)
M. Bakker,Mitchel Bakker,23,Netherlands,"LWB, LM, LB",Atalanta,Serie A,1.0,6000000.0,29000.0,10700000.0,74,79,1,82.0,54.0,65.0,70.0,72.0,77.0,Left,2,2,50,73,65,72,69,58,64.0,75,76,80,83,65,72,74,63,Medium/Low,Normal (185+)
Brenner,Brenner Souza da Silva,23,Brazil,ST,Udinese,Serie A,1.0,6500000.0,15000.0,12200000.0,74,79,1,79.0,71.0,64.0,77.0,32.0,57.0,Right,3,3,75,71,57,77,77,63,70.0,70,58,77,81,79,29,32,77,High/Low,Normal (170-185)
M. Jenz,Moritz Jenz,24,Germany,CB,VfL Wolfsburg,Bundesliga,1.0,6000000.0,28000.0,10700000.0,74,79,1,69.0,29.0,50.0,55.0,72.0,81.0,Right,3,2,27,68,35,51,59,38,66.0,70,85,66,71,51,73,74,25,Medium/Medium,Normal (185+)
P. Pfeiffer,Patric Pfeiffer,23,Germany,CB,FC Augsburg,Bundesliga,1.0,6000000.0,19000.0,11300000.0,74,79,1,72.0,35.0,47.0,57.0,74.0,81.0,Right,5,2,30,64,34,57,62,28,68.0,66,90,63,80,42,74,76,39,Medium/High,Normal (185+)
L. Maina,Linton Maina,24,Germany,"LM, RM, ST",FC Köln,Bundesliga,1.0,6500000.0,21000.0,12200000.0,74,79,1,86.0,62.0,68.0,76.0,29.0,55.0,Right,4,3,67,69,74,76,73,71,66.0,78,47,88,84,85,29,28,67,Medium/Medium,Lean (170-185)
Hugo Duro,Hugo Duro Perales,23,Spain,ST,Valencia,La Liga,1.0,6500000.0,27000.0,14100000.0,74,79,1,73.0,74.0,65.0,72.0,44.0,68.0,Left,4,3,74,70,63,72,74,68,67.0,72,72,71,74,68,45,35,75,High/Medium,Normal (170-185)
R. Giles,Ryan Giles,23,England,"LWB, LB",Luton Town,Premier League,1.0,6000000.0,31000.0,12500000.0,74,79,1,89.0,57.0,73.0,73.0,62.0,65.0,Left,2,3,54,73,80,70,74,70,64.0,85,59,87,90,83,60,70,65,High/Medium,Lean (170-185)
M. Talbi,Montassar Omar Talbi,25,Tunisia,CB,Lorient,Ligue 1,1.0,5500000.0,18000.0,11400000.0,74,79,1,60.0,30.0,42.0,57.0,75.0,77.0,Right,3,2,23,61,27,48,65,30,65.0,64,83,54,64,60,76,79,25,Medium/High,Lean (185+)
N. Capaldo,Nicolás Capaldo Toboas,24,Argentina,"CM, RB",Salzburg,Bundesliga,1.0,6500000.0,15000.0,10200000.0,74,79,1,76.0,69.0,71.0,74.0,69.0,78.0,Right,2,3,71,74,70,72,74,70,74.0,89,73,77,76,81,71,73,71,High/High,Normal (170-185)
C. Richards,Christopher Jeffrey Richards,23,United States,CB,Crystal Palace,Premier League,1.0,6000000.0,26000.0,11900000.0,74,79,1,71.0,27.0,58.0,55.0,74.0,71.0,Right,4,2,23,71,49,47,62,51,61.0,63,76,62,78,61,71,78,38,Medium/Medium,Lean (185+)
M. Bard,Melvin Michel Maxence Bard,22,France,"LB, LWB",Nice,Ligue 1,1.0,6000000.0,26000.0,11900000.0,74,79,1,75.0,52.0,67.0,74.0,70.0,70.0,Left,3,3,45,73,75,73,75,62,67.0,71,68,70,79,74,71,71,68,Medium/Medium,Normal (170-185)
Vallejo,Jesús Vallejo Lázaro,26,Spain,CB,Granada,La Liga,1.0,5000000.0,88000.0,,74,78,1,66.0,42.0,56.0,64.0,76.0,64.0,Right,3,2,44,70,41,57,69,49,75.0,33,72,63,69,66,78,74,34,Low/Medium,Lean (170-185)
M. Sarr,Malang Sarr,24,France,"CB, LB",Chelsea,Premier League,1.0,5500000.0,56000.0,10900000.0,74,78,1,66.0,52.0,69.0,65.0,75.0,74.0,Left,2,2,53,75,68,62,66,63,75.0,68,79,64,68,67,75,76,59,Medium/Medium,Stocky (170-185)
A. Pinamonti,Andrea Pinamonti,24,Italy,ST,Sassuolo,Serie A,1.0,6000000.0,15000.0,10700000.0,74,78,1,74.0,76.0,53.0,71.0,27.0,73.0,Right,3,3,76,64,48,70,74,45,62.0,81,75,74,74,69,15,30,76,Medium/Medium,Normal (185+)
Dani Cárdenas,Daniel Cárdenas Líndez,26,Spain,GK,Rayo Vallecano,La Liga,1.0,4500000.0,13000.0,9800000.0,74,78,1,,,,,,,Right,3,1,5,40,10,13,16,34,42.0,26,52,45,43,55,13,13,5,Medium/Medium,Lean (185+)
M. Friedl,Marco Friedl,25,Austria,CB,Werder Bremen,Bundesliga,1.0,5500000.0,19000.0,10300000.0,74,78,1,73.0,42.0,61.0,67.0,75.0,75.0,Left,2,2,37,65,63,64,71,50,65.0,70,77,67,77,65,75,77,56,Medium/Medium,Normal (185+)
N. Bajrami,Nedim Bajrami,24,Albania,"CAM, RW, LW",Sassuolo,Serie A,1.0,6000000.0,14000.0,10700000.0,74,78,1,74.0,68.0,72.0,76.0,59.0,66.0,Right,4,3,68,77,61,77,77,76,68.0,72,63,74,74,78,58,62,75,Medium/Low,Lean (170-185)
M. Pongračić,Marin Pongračić,25,Croatia,CB,Lecce,Serie A,1.0,5500000.0,14000.0,10300000.0,74,78,1,65.0,26.0,52.0,63.0,73.0,75.0,Right,3,2,21,67,27,63,64,54,65.0,53,85,62,67,63,70,76,28,Medium/High,Normal (185+)
N. Cozza,Nicolas Louis Marcel Cozza,24,France,"LB, CB",VfL Wolfsburg,Bundesliga,1.0,5500000.0,28000.0,9800000.0,74,78,1,74.0,41.0,61.0,70.0,75.0,68.0,Left,3,2,39,69,59,70,70,55,67.0,68,66,76,72,69,75,76,49,Medium/Medium,Normal (170-185)
M. Bayo,Mohamed Lamine Bayo,25,Guinea,ST,Le Havre,Ligue 1,1.0,6000000.0,28000.0,,74,78,1,68.0,75.0,60.0,73.0,26.0,63.0,Right,2,3,77,67,57,75,75,62,75.0,60,73,68,68,67,24,19,75,Low/Medium,Normal (185+)
P. Jaeckel,Paul Jaeckel,24,Germany,CB,FC Union Berlin,Bundesliga,1.0,5500000.0,22000.0,9800000.0,74,78,1,63.0,33.0,52.0,52.0,76.0,75.0,Right,3,2,25,65,35,39,61,53,66.0,69,76,66,60,62,76,78,32,Medium/High,Normal (185+)
L. Pellegrini,Luca Pellegrini,24,Italy,"LB, LWB, LM",Lazio,Serie A,1.0,5500000.0,54000.0,,74,78,1,75.0,54.0,66.0,75.0,71.0,61.0,Left,4,3,46,75,77,76,77,47,69.0,67,52,79,71,70,71,75,68,Medium/Medium,Normal (170-185)
A. Pieper,Amos Pieper,25,Germany,CB,Werder Bremen,Bundesliga,1.0,5500000.0,19000.0,10300000.0,74,78,1,66.0,32.0,52.0,52.0,77.0,75.0,Right,3,2,27,66,37,46,59,48,72.0,76,78,60,70,41,77,79,31,Medium/Medium,Lean (185+)
S. Diomandé,Sinaly Diomandé,22,Côte d'Ivoire,CB,Olympique Lyonnais,Ligue 1,1.0,5500000.0,23000.0,10900000.0,74,78,1,66.0,46.0,61.0,58.0,73.0,76.0,Right,3,2,39,71,49,52,64,59,73.0,68,78,58,73,57,72,75,39,Medium/Medium,Normal (170-185)
Rubén Blanco,Rubén Blanco Veiga,27,Spain,GK,Olympique de Marseille,Ligue 1,1.0,4100000.0,23000.0,8100000.0,74,77,1,,,,,,,Right,3,1,18,35,18,17,10,37,57.0,44,35,54,52,52,25,11,11,Medium/Medium,Lean (185+)
Aarón,Aarón Escandell Banacloche,27,Spain,GK,Las Palmas,La Liga,1.0,4100000.0,13000.0,9300000.0,74,77,1,,,,,,,Right,3,1,15,27,20,19,22,39,42.0,45,51,39,34,41,30,19,12,Medium/Medium,Lean (185+)
S. Luperto,Sebastiano Luperto,26,Italy,CB,Empoli,Serie A,1.0,4900000.0,10000.0,9200000.0,74,77,1,64.0,58.0,62.0,64.0,76.0,71.0,Left,3,2,51,68,67,58,69,53,70.0,67,72,63,64,62,77,76,54,Low/Medium,Lean (185+)
M. Mittelstädt,Maximilian Mittelstädt,26,Germany,"LWB, LM, LB",VfB Stuttgart,Bundesliga,1.0,5000000.0,20000.0,9400000.0,74,77,2,76.0,61.0,67.0,73.0,70.0,67.0,Left,3,3,56,70,74,73,73,60,65.0,74,63,79,74,76,65,72,64,High/Medium,Lean (170-185)
L. Coulibaly,Lassana Coulibaly,27,Mali,"CDM, CM",Salernitana,Serie A,1.0,4900000.0,25000.0,9200000.0,74,77,1,70.0,58.0,67.0,72.0,74.0,77.0,Right,3,3,55,72,62,72,72,67,72.0,82,74,71,70,71,74,74,68,Medium/Medium,Normal (170-185)
I. Sissoko,Ibrahima Sissoko,25,France,"CM, CDM, CB",Strasbourg,Ligue 1,1.0,5500000.0,20000.0,11400000.0,74,77,1,59.0,60.0,70.0,68.0,72.0,84.0,Right,4,3,53,76,59,72,76,73,74.0,83,89,58,59,38,70,74,69,Medium/Medium,Normal (185+)
Dany Mota,Dany Mota Carvalho,25,Portugal,"ST, CF",Monza,Serie A,1.0,5500000.0,40000.0,9800000.0,74,77,1,79.0,73.0,66.0,77.0,31.0,65.0,Right,3,3,76,74,54,77,79,70,72.0,73,69,78,80,73,26,28,74,Medium/Medium,Normal (170-185)
A. Nordin,Arnaud Dominique Nordin,25,France,"RM, ST, RW",Montpellier,Ligue 1,1.0,5500000.0,20000.0,11400000.0,74,77,1,82.0,70.0,70.0,75.0,37.0,58.0,Left,4,3,72,73,68,76,75,72,68.0,61,65,82,82,75,37,32,72,Medium/Medium,Normal (170-)
R. Vargas,Rubén Estephan Vargas Martínez,24,Switzerland,"LM, RM, CF",FC Augsburg,Bundesliga,1.0,6000000.0,21000.0,11300000.0,74,77,2,84.0,69.0,66.0,78.0,54.0,64.0,Right,4,4,68,70,66,77,76,64,63.0,75,62,88,80,91,59,51,70,High/Medium,Lean (170-185)
G. Nyamsi,Gerzino Nyamsi,26,France,CB,Strasbourg,Ligue 1,1.0,4900000.0,19000.0,10200000.0,74,77,1,40.0,33.0,51.0,56.0,74.0,81.0,Right,2,2,24,67,32,52,64,51,66.0,68,90,41,40,45,74,76,31,Medium/Medium,Normal (185+)
E. Rexhbeçaj,Elvis Rexhbeçaj,25,Kosovo,"CM, CDM",FC Augsburg,Bundesliga,1.0,5500000.0,23000.0,10300000.0,74,77,1,66.0,66.0,71.0,74.0,68.0,73.0,Left,3,3,59,77,68,75,76,71,65.0,83,65,63,68,71,67,73,72,High/Medium,Lean (170-185)
J. Beste,Jan-Niklas Beste,24,Germany,LM,Heidenheim,Bundesliga,1.0,6000000.0,22000.0,11300000.0,74,77,1,84.0,67.0,70.0,74.0,60.0,64.0,Left,3,3,70,71,74,74,73,67,70.0,86,55,80,88,82,62,61,67,High/Medium,Lean (170-185)
Ander Guevara,Ander Guevara Lajo,25,Spain,"CM, CDM",Deportivo Alavés,La Liga,1.0,5500000.0,20000.0,12500000.0,74,77,1,46.0,63.0,72.0,71.0,72.0,69.0,Right,3,3,69,78,60,68,74,75,76.0,76,66,51,41,67,72,79,66,Medium/Medium,Normal (170-185)
M. Erlić,Martin Erlić,25,Croatia,CB,Sassuolo,Serie A,1.0,5000000.0,14000.0,8900000.0,74,77,1,63.0,34.0,49.0,52.0,74.0,74.0,Right,2,2,29,68,31,49,57,33,66.0,52,82,53,71,41,72,77,31,Low/Medium,Normal (185+)
Aihen Muñoz,Aihen Muñoz Capellán,25,Spain,LB,Real Sociedad,La Liga,1.0,5000000.0,23000.0,10900000.0,74,77,1,77.0,54.0,69.0,73.0,72.0,70.0,Left,3,3,51,71,72,78,68,66,74.0,77,62,78,77,67,73,72,70,High/Medium,Lean (170-185)
M. Mohamed,Mostafa Mohamed Ahmed Abdallah,25,Egypt,ST,Nantes,Ligue 1,1.0,5500000.0,22000.0,11400000.0,74,77,2,74.0,74.0,57.0,69.0,37.0,79.0,Right,5,3,74,64,52,69,71,57,64.0,75,86,71,77,68,33,31,77,Medium/Medium,Stocky (185+)
K. Akpoguma,Kevin John Ufuoma Akpoguma,28,Nigeria,"CB, RWB",TSG Hoffenheim,Bundesliga,1.0,4200000.0,27000.0,7500000.0,74,76,2,77.0,48.0,59.0,70.0,75.0,74.0,Right,4,3,45,68,65,73,73,46,60.0,65,80,75,78,54,75,76,45,Medium/Medium,Normal (185+)
C. Starfelt,Carl Anders Theodor Starfelt,28,Sweden,CB,Celta de Vigo,La Liga,1.0,4200000.0,19000.0,9100000.0,74,76,1,75.0,31.0,53.0,68.0,74.0,76.0,Right,3,2,25,72,27,68,69,52,67.0,75,75,71,78,67,73,76,32,Medium/Medium,Normal (185+)
L. Cook,Lewis Cook,26,England,"CM, CDM",AFC Bournemouth,Premier League,1.0,5000000.0,39000.0,9900000.0,74,76,1,59.0,63.0,74.0,77.0,66.0,66.0,Right,4,3,61,77,70,77,78,74,73.0,68,61,66,54,75,64,72,65,Medium/Medium,Normal (170-185)
M. Bader,Matthias Bader,26,Germany,"RWB, RM",Darmstadt 98,Bundesliga,1.0,4800000.0,20000.0,9000000.0,74,76,1,70.0,39.0,62.0,71.0,68.0,69.0,Right,3,3,37,72,71,69,72,50,67.0,86,62,74,66,76,70,71,48,High/High,Normal (170-185)
P. Hatzidiakos,Pantelis Hatzidiakos,26,Greece,"CB, RB",Cagliari,Serie A,1.0,4600000.0,20000.0,8600000.0,74,76,1,73.0,53.0,65.0,68.0,73.0,75.0,Right,3,2,45,74,60,65,71,64,72.0,76,74,72,74,69,73,74,44,Medium/Medium,Normal (185+)
T. Davies,Tom Davies,25,England,"CM, CDM",Sheffield United,Premier League,1.0,5500000.0,29000.0,11400000.0,74,76,1,62.0,64.0,73.0,74.0,69.0,69.0,Right,3,3,64,78,66,76,77,75,76.0,64,65,63,61,63,68,74,67,Medium/Medium,Lean (170-185)
J. Worrall,Joe Worrall,26,England,CB,Nottingham Forest,Premier League,1.0,4600000.0,45000.0,9100000.0,74,76,1,50.0,25.0,51.0,45.0,75.0,76.0,Right,2,2,20,68,39,35,54,30,63.0,65,82,48,52,43,76,75,27,Medium/High,Normal (185+)
J. Stage,Jens Dalsgaard Stage,26,Denmark,CM,Werder Bremen,Bundesliga,1.0,5000000.0,22000.0,9400000.0,74,76,1,73.0,65.0,70.0,72.0,72.0,81.0,Right,3,3,65,76,65,70,76,70,73.0,89,78,68,77,67,69,74,73,High/High,Normal (185+)
R. Kouamé,Rominigue Kouamé,26,Mali,"CM, CDM",Cádiz,La Liga,1.0,5000000.0,25000.0,10900000.0,74,76,1,68.0,56.0,69.0,74.0,70.0,80.0,Left,1,3,49,76,62,74,75,72,73.0,89,77,69,67,74,71,71,68,Medium/High,Lean (170-185)
T. Bašić,Toma Bašić,26,Croatia,"CM, CDM",Lazio,Serie A,1.0,5000000.0,37000.0,8900000.0,74,76,1,54.0,66.0,75.0,73.0,72.0,76.0,Left,3,3,57,76,72,74,75,75,73.0,76,78,58,50,62,70,73,73,Medium/Medium,Normal (185+)
Sergio Rico,Sergio Rico González,29,Spain,GK,Paris Saint Germain,Ligue 1,1.0,3200000.0,43000.0,6200000.0,74,75,2,,,,,,,Right,3,1,14,28,17,15,13,53,55.0,36,53,48,46,51,16,13,11,Medium/Medium,Normal (185+)
N. Maupay,Neal Maupay,26,France,ST,Brentford,Premier League,1.0,5000000.0,36000.0,,74,75,1,69.0,76.0,67.0,71.0,41.0,72.0,Right,3,3,76,74,61,66,75,69,70.0,74,67,76,63,76,30,55,77,High/Medium,Normal (170-185)
T. Strakosha,Thomas Strakosha,28,Albania,GK,Brentford,Premier League,1.0,3300000.0,34000.0,6500000.0,74,75,1,,,,,,,Right,2,1,18,26,18,14,15,49,61.0,23,66,41,46,45,20,18,18,Medium/Medium,Lean (185+)
N. Stark,Niklas Stark,28,Germany,"CB, CDM",Werder Bremen,Bundesliga,1.0,4000000.0,21000.0,7500000.0,74,75,2,72.0,50.0,62.0,66.0,74.0,76.0,Right,3,2,45,72,50,65,67,68,69.0,73,79,72,72,65,74,74,50,Medium/Medium,Normal (185+)
R. Skov,Robert Skov,27,Denmark,"RWB, LWB, RM",TSG Hoffenheim,Bundesliga,1.0,4400000.0,26000.0,7800000.0,74,75,1,74.0,77.0,76.0,74.0,66.0,69.0,Left,3,3,72,74,85,74,74,70,71.0,69,67,77,71,75,69,69,71,Medium/Medium,Normal (185+)
P. Mainka,Patrick Mainka,28,Germany,CB,Heidenheim,Bundesliga,1.0,4000000.0,25000.0,7500000.0,74,75,1,54.0,40.0,51.0,53.0,76.0,81.0,Right,3,2,33,64,39,45,59,44,73.0,80,84,48,58,52,75,77,35,Low/Medium,Normal (185+)
L. Waldschmidt,Gian-Luca Waldschmidt,27,Germany,"CF, ST",FC Köln,Bundesliga,1.0,4900000.0,38000.0,,74,75,2,68.0,77.0,69.0,76.0,29.0,61.0,Left,3,3,75,72,63,76,75,75,72.0,68,64,77,60,77,33,19,77,High/Medium,Lean (170-185)
D. Brooks,David Robert Brooks,25,Wales,"RM, RW",AFC Bournemouth,Premier League,1.0,5000000.0,37000.0,9900000.0,74,75,1,66.0,71.0,75.0,78.0,48.0,58.0,Left,3,4,71,78,76,80,79,77,78.0,42,62,69,63,73,47,49,75,High/Medium,Lean (170-185)
M. Diaw,Mory Diaw,30,Senegal,GK,Clermont,Ligue 1,1.0,3200000.0,13000.0,6600000.0,74,75,1,,,,,,,Right,2,1,19,31,17,19,24,42,33.0,31,72,44,42,33,22,19,13,Medium/Medium,Normal (185+)
J. Riedewald,Jaïro Riedewald,26,Netherlands,"CDM, CM",Crystal Palace,Premier League,1.0,4400000.0,30000.0,8700000.0,74,75,1,58.0,56.0,74.0,69.0,73.0,68.0,Left,2,3,51,77,70,66,76,73,70.0,50,74,54,62,60,73,75,53,Medium/Medium,Normal (170-185)
Unai López,Unai López Cabrera,27,Spain,"CDM, CAM",Rayo Vallecano,La Liga,1.0,4300000.0,16000.0,9400000.0,74,75,1,70.0,70.0,77.0,76.0,67.0,68.0,Right,3,3,71,82,73,72,78,74,73.0,78,61,71,69,84,69,70,68,Medium/Medium,Normal (170-)
M. Thorsby,Morten Thorsby,27,Norway,"CM, LM",Genoa,Serie A,1.0,4800000.0,28000.0,,74,75,2,64.0,63.0,70.0,72.0,75.0,81.0,Right,3,2,62,75,68,71,76,70,74.0,86,77,69,60,65,73,78,73,High/High,Normal (185+)
B. Manuel,Benson Manuel Hedilazio,26,Belgium,"RM, RW",Burnley,Premier League,1.0,5000000.0,39000.0,10400000.0,74,75,1,87.0,70.0,69.0,78.0,35.0,63.0,Left,4,4,67,71,70,79,76,71,72.0,73,65,90,84,87,29,34,66,High/Medium,Stocky (170-)
T. Ebuehi,Tyronne Ebuehi,27,Nigeria,RB,Empoli,Serie A,1.0,4400000.0,10000.0,8300000.0,74,75,1,87.0,51.0,60.0,72.0,69.0,72.0,Right,3,2,48,70,72,74,69,41,63.0,76,69,83,90,77,72,68,64,High/Medium,Lean (185+)
J. Gorenc Stanković,Jon Gorenc Stanković,27,Slovenia,CDM,Sturm Graz,Bundesliga,1.0,4300000.0,15000.0,6800000.0,74,75,1,45.0,46.0,59.0,66.0,75.0,82.0,Right,3,2,44,70,41,64,72,64,76.0,84,86,44,45,53,77,75,53,Medium/High,Lean (185+)
Borja Mayoral,Borja Mayoral Moya,26,Spain,"ST, RM, LM",Getafe,La Liga,1.0,5000000.0,25000.0,10900000.0,74,75,2,64.0,74.0,67.0,74.0,38.0,65.0,Right,4,3,75,74,60,73,76,67,78.0,62,72,63,65,72,40,29,80,Medium/Medium,Normal (170-185)
A. Ounas,Adam Mohamed Ounas,26,Algeria,"RM, ST",Lille,Ligue 1,1.0,5000000.0,27000.0,9900000.0,74,75,2,83.0,66.0,70.0,79.0,44.0,63.0,Left,4,4,64,72,68,80,78,72,65.0,71,53,86,80,90,28,54,68,Medium/Low,Lean (170-185)
A. Guðmundsson,Albert Guðmundsson,26,Iceland,"ST, LM, RM",Genoa,Serie A,1.0,5000000.0,24000.0,9400000.0,74,75,1,84.0,73.0,68.0,78.0,36.0,71.0,Right,4,3,74,72,63,79,77,70,75.0,79,72,82,86,82,25,39,69,High/Low,Lean (170-185)
Chris Ramos,Christopher Ramos de la Flor,26,Spain,"ST, LM, RM",Cádiz,La Liga,1.0,5000000.0,27000.0,10900000.0,74,75,1,81.0,73.0,63.0,72.0,35.0,67.0,Right,2,3,78,64,66,77,72,66,56.0,65,79,78,84,69,39,24,69,High/Medium,Normal (185+)
Neto Borges,Vivaldo Borges dos Santos Neto,26,Brazil,"LWB, LB",Clermont,Ligue 1,1.0,4500000.0,16000.0,9300000.0,74,75,1,70.0,50.0,65.0,72.0,69.0,80.0,Left,3,3,48,69,71,73,73,66,73.0,81,84,70,70,70,70,70,68,High/Medium,Normal (185+)
Carlos Neva,Carlos Neva Tey,27,Spain,"LB, LM",Granada,La Liga,1.0,4400000.0,16000.0,10000000.0,74,75,1,77.0,52.0,62.0,70.0,71.0,68.0,Left,2,3,48,71,73,70,69,51,66.0,80,61,78,76,75,71,73,68,High/Medium,Lean (170-185)
Bebé,Tiago Manuel Dias Correia,32,Cape Verde Islands,"LM, RM",Rayo Vallecano,La Liga,1.0,3300000.0,18000.0,6900000.0,74,74,1,82.0,78.0,71.0,72.0,41.0,85.0,Right,4,3,74,74,69,77,70,71,71.0,77,93,74,89,69,62,28,72,High/Low,Normal (185+)
Zanka,Mathias Jattah-Njie Jørgensen,33,Denmark,CB,Brentford,Premier League,1.0,2000000.0,39000.0,3800000.0,74,74,1,53.0,39.0,58.0,57.0,74.0,78.0,Right,2,2,34,68,47,50,64,62,67.0,65,83,47,57,55,76,75,43,Medium/Medium,Normal (185+)
O. Norwood,Oliver Norwood,32,Northern Ireland,"CDM, CM",Sheffield United,Premier League,1.0,2800000.0,27000.0,5600000.0,74,74,1,48.0,66.0,77.0,67.0,68.0,63.0,Right,3,2,59,76,76,62,73,76,73.0,76,56,49,47,65,67,68,60,Medium/Medium,Lean (170-185)
J. Ward,Joel Ward,33,England,RB,Crystal Palace,Premier League,1.0,2200000.0,30000.0,4200000.0,74,74,1,51.0,52.0,68.0,66.0,77.0,70.0,Right,3,3,46,72,74,64,69,66,72.0,64,71,50,52,61,78,76,64,Medium/High,Lean (185+)
S. Ulreich,Sven Ulreich,34,Germany,GK,FC Bayern München,Bundesliga,1.0,725000.0,32000.0,1200000.0,74,74,2,,,,,,,Right,2,1,12,34,14,13,22,42,45.0,29,63,41,40,36,16,18,8,Medium/Medium,Normal (185+)
Kiko Femenía,Francisco Femenía Far,32,Spain,"RB, RWB",Villarreal,La Liga,1.0,2900000.0,24000.0,6100000.0,74,74,1,73.0,56.0,70.0,72.0,71.0,67.0,Right,3,3,53,74,75,69,74,67,66.0,75,61,75,71,75,73,72,64,High/Medium,Normal (170-185)
N. Clyne,Nathaniel Edwin Clyne,32,England,RB,Crystal Palace,Premier League,1.0,2900000.0,30000.0,5500000.0,74,74,2,63.0,60.0,70.0,71.0,74.0,64.0,Right,2,3,54,73,77,71,73,66,73.0,62,60,68,58,65,75,74,66,Medium/High,Stocky (170-185)
A. Smith,Adam Smith,32,England,"RB, RWB",AFC Bournemouth,Premier League,1.0,2900000.0,36000.0,5500000.0,74,74,1,64.0,60.0,70.0,70.0,73.0,71.0,Right,3,3,52,74,69,68,74,68,71.0,75,69,65,64,66,74,75,65,Medium/Medium,Lean (170-185)
Kike García,Enrique García Martínez,33,Spain,ST,Deportivo Alavés,La Liga,1.0,2700000.0,23000.0,5900000.0,74,74,1,54.0,75.0,64.0,72.0,44.0,72.0,Right,4,3,76,74,56,74,75,67,78.0,60,78,56,52,61,45,34,79,High/Medium,Normal (185+)
M. Gonalons,Maxime Gonalons,34,France,"CDM, CM",Clermont,Ligue 1,1.0,1400000.0,16000.0,2800000.0,74,74,3,40.0,61.0,70.0,67.0,73.0,66.0,Right,4,3,55,76,61,65,74,71,73.0,51,68,47,34,51,73,75,60,Low/Medium,Lean (185+)
V. Le Goff,Vincent Le Goff,33,France,"LB, LWB, CB",Lorient,Ligue 1,1.0,2200000.0,19000.0,4400000.0,74,74,1,67.0,60.0,67.0,70.0,71.0,71.0,Left,3,3,58,70,72,68,71,62,72.0,82,65,68,66,77,74,74,69,High/Medium,Lean (170-185)
Borja García,Borja García Freire,32,Spain,"CM, LM, CAM",Girona,La Liga,1.0,3300000.0,22000.0,6900000.0,74,74,1,72.0,70.0,74.0,75.0,60.0,65.0,Right,3,3,71,78,70,76,76,75,69.0,64,70,73,71,76,45,73,73,Medium/Medium,Normal (170-185)
W. Khazri,Wahbi Khazri,32,Tunisia,"ST, LM, CAM",Montpellier,Ligue 1,1.0,3400000.0,22000.0,6800000.0,74,74,2,67.0,78.0,75.0,76.0,43.0,70.0,Right,4,4,77,75,78,75,77,76,80.0,69,70,65,68,77,31,46,77,High/Medium,Stocky (170-185)
T. Cairney,Tom Cairney,32,Scotland,"CM, CAM",Fulham,Premier League,1.0,3300000.0,58000.0,6300000.0,74,74,1,56.0,72.0,77.0,75.0,62.0,65.0,Left,2,3,70,78,77,75,78,75,79.0,64,68,63,51,73,65,63,72,Medium/Low,Normal (185+)
J. Ayew,Jordan Pierre Ayew,31,Ghana,"RW, LW",Crystal Palace,Premier League,1.0,3500000.0,36000.0,6700000.0,74,74,2,74.0,72.0,69.0,77.0,55.0,73.0,Right,3,4,71,73,72,78,77,72,69.0,73,72,73,74,78,51,58,74,Medium/High,Normal (170-185)
N. Mendy,Nampalys Mendy,31,Senegal,"CDM, CM",Lens,Ligue 1,1.0,3000000.0,26000.0,5700000.0,74,74,1,57.0,54.0,69.0,75.0,73.0,65.0,Right,3,3,49,78,61,71,78,63,75.0,51,67,66,50,75,75,75,56,Low/High,Normal (170-)
R. Barkley,Ross Barkley,29,England,"CAM, CM",Luton Town,Premier League,1.0,4100000.0,41000.0,8200000.0,74,74,2,67.0,72.0,73.0,75.0,56.0,70.0,Right,5,4,68,76,67,78,77,72,77.0,56,76,65,68,65,53,60,70,Medium/Low,Normal (185+)
L. Caldirola,Luca Caldirola,32,Italy,CB,Monza,Serie A,1.0,2700000.0,35000.0,4600000.0,74,74,2,43.0,42.0,63.0,60.0,76.0,69.0,Left,3,2,28,68,62,59,61,57,72.0,47,79,43,43,53,76,78,50,Medium/Medium,Normal (185+)
R. Žulj,Robert Žulj,31,Austria,"CAM, CF",LASK Linz,Bundesliga,1.0,3500000.0,20000.0,5300000.0,74,74,1,60.0,75.0,76.0,73.0,40.0,73.0,Right,3,3,75,77,74,74,77,78,78.0,68,81,54,64,59,49,29,79,Medium/Low,Normal (185+)
D. da Costa,Danny Vieira da Costa,29,Germany,"RWB, RM",FSV Mainz 05,Bundesliga,1.0,3700000.0,23000.0,6300000.0,74,74,2,78.0,56.0,65.0,69.0,71.0,81.0,Right,3,3,51,64,69,71,68,68,65.0,84,80,76,79,65,68,73,70,High/High,Normal (185+)
D. Foulquier,Dimitri Foulquier,30,France,"RB, RWB, CB",Valencia,La Liga,1.0,3600000.0,25000.0,7600000.0,74,74,1,74.0,60.0,64.0,67.0,73.0,76.0,Right,3,3,59,67,70,68,67,61,65.0,77,77,74,74,67,72,74,72,High/Medium,Lean (170-185)
J. Egan,John Egan,30,Republic of Ireland,CB,Sheffield United,Premier League,1.0,3500000.0,27000.0,7000000.0,74,74,1,64.0,46.0,54.0,61.0,73.0,78.0,Right,3,2,43,71,32,55,68,44,64.0,72,80,62,65,60,72,73,38,Low/Medium,Normal (185+)
M. Nastasić,Matija Nastasić,30,Serbia,CB,Mallorca,La Liga,1.0,3500000.0,20000.0,7400000.0,74,74,1,61.0,36.0,62.0,56.0,74.0,73.0,Left,2,2,30,68,50,43,65,55,79.0,60,78,57,64,64,74,73,30,Low/High,Normal (185+)
C. Chambers,Calum Chambers,28,England,"CB, RB, CDM",Aston Villa,Premier League,1.0,3600000.0,56000.0,6800000.0,74,74,2,62.0,56.0,70.0,68.0,75.0,70.0,Right,3,2,54,75,70,66,74,65,67.0,54,75,61,62,60,75,76,57,Medium/Medium,Normal (170-185)
W. Hughes,Will Hughes,28,England,"CM, CDM",Crystal Palace,Premier League,1.0,4200000.0,34000.0,8000000.0,74,74,1,48.0,63.0,77.0,74.0,68.0,61.0,Left,3,4,65,80,76,75,78,78,79.0,60,58,64,34,63,69,71,72,Medium/Medium,Lean (185+)
T. Foket,Thomas Foket,28,Belgium,RB,Stade de Reims,Ligue 1,1.0,3800000.0,20000.0,7600000.0,74,74,1,70.0,57.0,68.0,71.0,72.0,72.0,Right,3,3,50,70,69,70,73,65,69.0,76,70,73,67,70,73,72,68,Medium/Medium,Lean (170-185)
A. Duncan,Joseph Alfred Duncan,30,Ghana,CM,Fiorentina,Serie A,1.0,4000000.0,40000.0,6800000.0,74,74,2,72.0,64.0,72.0,74.0,76.0,81.0,Left,3,3,50,80,68,73,76,67,78.0,80,79,72,72,71,74,81,68,Medium/High,Normal (170-185)
Rubén Sobrino,Rubén Sobrino Pozuelo,31,Spain,"LM, RM, ST",Cádiz,La Liga,1.0,3500000.0,25000.0,7400000.0,74,74,1,75.0,74.0,71.0,76.0,37.0,63.0,Right,4,3,75,75,72,79,77,68,65.0,49,67,72,78,71,40,31,71,High/Medium,Lean (185+)
S. Mitrović,Stefan Mitrović,33,Serbia,CB,Getafe,La Liga,1.0,2000000.0,21000.0,4200000.0,74,74,1,32.0,34.0,54.0,53.0,74.0,81.0,Right,5,2,22,70,38,51,61,43,70.0,71,86,31,32,33,75,75,31,Low/High,Normal (185+)
T. Lockyer,Thomas Alun Lockyer,28,Wales,CB,Luton Town,Premier League,1.0,3600000.0,37000.0,7200000.0,74,74,1,64.0,36.0,54.0,61.0,74.0,79.0,Right,4,2,38,63,45,55,63,49,65.0,77,80,65,64,68,74,74,38,Medium/High,Normal (185+)
K. Linetty,Karol Linetty,28,Poland,"CM, CF",Torino,Serie A,1.0,4200000.0,36000.0,7100000.0,74,74,2,63.0,63.0,71.0,75.0,72.0,68.0,Right,3,3,64,78,60,74,76,76,70.0,75,61,72,55,73,72,74,68,High/High,Normal (170-185)
R. Gagliardini,Roberto Gagliardini,29,Italy,"CDM, CM",Monza,Serie A,1.0,3600000.0,37000.0,6100000.0,74,74,2,47.0,63.0,70.0,71.0,75.0,71.0,Right,3,3,54,75,64,71,74,72,73.0,66,71,47,47,62,75,76,68,Medium/Medium,Normal (185+)
W. Saïd,Wesley Saïd,28,France,ST,Lens,Ligue 1,1.0,4300000.0,33000.0,8200000.0,74,74,1,72.0,74.0,67.0,77.0,30.0,58.0,Right,3,4,76,71,64,76,75,69,73.0,65,59,73,72,85,28,25,77,Medium/Medium,Normal (170-185)
A. Tameze,Adrien Tameze,29,France,"CM, CDM",Torino,Serie A,1.0,4100000.0,36000.0,7000000.0,74,74,1,78.0,64.0,68.0,77.0,74.0,77.0,Right,3,3,63,78,54,78,76,66,80.0,85,72,77,79,78,67,80,69,Medium/High,Normal (170-185)
Puertas,Antonio José Rodríguez Díaz,31,Spain,"RM, LM",Granada,La Liga,1.0,3500000.0,18000.0,7700000.0,74,74,1,76.0,72.0,71.0,73.0,43.0,74.0,Right,3,3,72,71,74,73,73,71,73.0,76,75,75,77,77,44,39,78,High/High,Normal (170-185)
R. Christie,Ryan Christie,28,Scotland,"RM, RW",AFC Bournemouth,Premier League,1.0,4200000.0,41000.0,8000000.0,74,74,1,77.0,71.0,72.0,75.0,65.0,75.0,Left,4,3,71,73,72,75,74,72,77.0,73,74,78,76,77,65,69,73,High/High,Lean (170-185)
A. Izzo,Armando Izzo,31,Italy,CB,Monza,Serie A,1.0,2900000.0,35000.0,4900000.0,74,74,2,56.0,33.0,47.0,65.0,75.0,75.0,Right,4,2,19,62,35,63,66,33,68.0,64,77,52,59,61,75,76,16,Medium/Medium,Normal (170-185)
M. Philipp,Maximilian Philipp,29,Germany,"CF, CAM",SC Freiburg,Bundesliga,1.0,4200000.0,40000.0,,74,74,2,77.0,75.0,69.0,77.0,42.0,59.0,Right,4,3,73,72,66,78,77,72,69.0,63,65,76,78,76,39,48,72,Medium/Low,Lean (170-185)
M. Simon,Moses Daddy-Ajala Simon,27,Nigeria,"LM, ST",Nantes,Ligue 1,1.0,4500000.0,21000.0,9000000.0,74,74,2,88.0,68.0,68.0,78.0,33.0,61.0,Right,4,4,66,69,71,77,74,68,72.0,69,66,88,88,90,30,31,70,High/Medium,Normal (170-)
Zaldúa,Joseba Zaldúa Bengoetxea,31,Spain,RB,Cádiz,La Liga,1.0,3100000.0,23000.0,6500000.0,74,74,1,62.0,37.0,66.0,65.0,73.0,73.0,Right,3,2,32,74,76,60,72,50,66.0,73,70,63,62,62,71,76,44,High/Medium,Normal (170-185)
Iza Carcelén,Isaac Carcelén Valencia,30,Spain,"RB, RM",Cádiz,La Liga,1.0,3600000.0,23000.0,7600000.0,74,74,1,76.0,58.0,70.0,70.0,69.0,70.0,Right,3,3,47,75,76,70,72,59,62.0,90,57,77,76,70,69,71,69,High/Medium,Normal (170-185)
H. Kamara,Hassane Kamara,29,Côte d'Ivoire,"LWB, LM, LB",Udinese,Serie A,1.0,3700000.0,15000.0,6700000.0,74,74,1,84.0,59.0,67.0,73.0,67.0,76.0,Left,3,3,57,69,71,73,67,65,72.0,80,73,86,83,83,66,70,68,High/Medium,Normal (170-)
O. Duda,Ondrej Duda,28,Slovakia,"CM, CAM, CF",Hellas Verona,Serie A,1.0,4200000.0,24000.0,7600000.0,74,74,2,69.0,72.0,73.0,78.0,61.0,62.0,Right,4,4,70,76,65,79,78,73,78.0,76,57,71,68,77,63,65,72,Medium/Medium,Lean (170-185)
B. Schmitz,Benno Schmitz,28,Germany,RB,FC Köln,Bundesliga,1.0,3800000.0,23000.0,6800000.0,74,74,2,61.0,50.0,71.0,70.0,75.0,74.0,Right,4,2,35,73,73,68,72,72,74.0,74,74,68,56,66,77,76,67,Medium/Medium,Normal (170-185)
M. Nakamba,Marvelous Nakamba,29,Zimbabwe,"CDM, CM",Luton Town,Premier League,1.0,3600000.0,37000.0,7200000.0,74,74,1,59.0,49.0,62.0,71.0,74.0,75.0,Left,2,3,36,74,46,70,69,62,67.0,73,74,69,51,76,77,78,55,Low/High,Normal (170-185)
A. Zedadka,Akim Zedadka,28,Algeria,"RB, RWB",Lille,Ligue 1,1.0,3800000.0,26000.0,7200000.0,74,74,1,80.0,55.0,65.0,72.0,67.0,66.0,Right,3,3,56,69,71,71,71,58,68.0,85,58,81,79,76,66,72,65,High/Medium,Normal (170-185)
I. Ordets,Ivan Ordets,30,Ukraine,CB,VfL Bochum 1848,Bundesliga,1.0,3500000.0,20000.0,6300000.0,74,74,1,63.0,53.0,49.0,46.0,75.0,82.0,Right,3,2,46,60,41,38,51,34,72.0,73,91,54,71,47,74,75,38,Medium/Medium,Normal (185+)
Lekue,Íñigo Lekue Martínez,30,Spain,"RB, LB",Athletic Club,La Liga,1.0,3600000.0,20000.0,7600000.0,74,74,1,81.0,62.0,68.0,70.0,69.0,73.0,Right,3,3,64,71,70,70,71,68,64.0,80,71,82,81,71,69,71,71,High/Medium,Lean (170-185)
T. Minamino,南野 拓実,28,Japan,"LM, RM",Monaco,Ligue 1,1.0,4200000.0,40000.0,8000000.0,74,74,1,76.0,73.0,69.0,79.0,38.0,61.0,Right,4,3,74,72,65,78,76,71,76.0,71,55,83,71,89,34,33,73,High/Medium,Lean (170-185)
Melero,Gonzalo Julián Melero Manzanares,29,Spain,"CM, CAM, CDM",Almería,La Liga,1.0,4100000.0,23000.0,8600000.0,74,74,1,49.0,75.0,73.0,70.0,70.0,74.0,Right,3,3,75,80,63,70,74,74,71.0,68,79,48,50,59,66,72,78,Medium/Medium,Normal (170-185)
Toni Villa,Laureano Antonio Villa Suárez,28,Spain,"LM, RM",Girona,La Liga,1.0,4200000.0,23000.0,8800000.0,74,74,1,74.0,65.0,73.0,77.0,53.0,48.0,Right,4,4,67,75,74,76,75,73,71.0,68,33,74,74,85,50,56,72,High/Medium,Lean (170-185)
Enzo Marteiro,Enzo Wellington Marteiro Santoso,31,Brazil,GK,Flamengo,Serie A,1.0,2200000.0,23000.0,4000000.0,74,74,1,,,,,,,Right,3,1,14,31,16,13,19,70,47.0,30,59,41,38,39,14,15,11,Medium/Medium,Normal (185+)
Vinicius Cardenha,Vinicius Lúcio Cardenha Caeiro,31,Brazil,"RB, CB",Fluminense,Serie A,1.0,3100000.0,19000.0,5900000.0,74,74,1,73.0,49.0,60.0,68.0,71.0,70.0,Right,3,2,52,68,74,71,62,45,73.0,79,65,65,79,70,67,75,42,Medium/High,Lean (170-185)
Osvaldo Lodeiro,Osvaldo Murilo Lodeiro Ferreira,23,Brazil,"CB, RB, LB",Bragantino,Serie A,1.0,4200000.0,12000.0,8000000.0,74,74,1,73.0,49.0,53.0,54.0,75.0,71.0,Right,3,2,43,53,49,44,63,47,70.0,41,84,69,77,64,78,76,37,Medium/Medium,Normal (185+)
Mauri Borgho,Maurício Wilson Borghes Caeiro,31,Brazil,"RB, CDM",São Paulo,Serie A,1.0,3100000.0,28000.0,5900000.0,74,74,1,76.0,63.0,71.0,70.0,72.0,67.0,Right,4,2,65,74,74,68,75,67,65.0,70,65,77,76,70,72,73,72,Medium/Medium,Lean (170-185)
Caio Nunson,Caio Rodrigo Nunes Anjos,23,Brazil,"CB, LB",Fortaleza,Serie A,1.0,4200000.0,10000.0,8000000.0,74,74,1,59.0,50.0,61.0,59.0,73.0,77.0,Left,3,2,48,71,53,61,59,51,65.0,50,85,55,62,50,72,77,34,Medium/Medium,Normal (185+)
Eltildo Correia,Eltildo Lucas Correia Pitta,31,Brazil,"CB, RB, LB",Atlético Mineiro,Serie A,1.0,2900000.0,26000.0,5200000.0,74,74,1,56.0,50.0,61.0,51.0,76.0,74.0,Right,3,2,41,67,61,45,55,44,75.0,69,75,50,61,38,79,75,42,Medium/Medium,Normal (185+)
Claudiano Sobrino,Claudiano G. Sobrino Guevara,27,Brazil,"CDM, CM",Botafogo,Serie A,1.0,4000000.0,18000.0,7600000.0,74,74,1,73.0,57.0,74.0,72.0,70.0,75.0,Right,4,2,53,76,72,71,69,76,67.0,82,71,72,74,81,73,69,63,High/Medium,Lean (170-185)
Douglas Carvalheira,Douglas Arthur Carvalheira Peixoto,35,Brazil,LB,Flamengo,Serie A,1.0,1300000.0,20000.0,2300000.0,74,74,1,90.0,40.0,61.0,71.0,69.0,69.0,Left,2,2,32,69,71,73,69,39,60.0,79,65,90,90,77,71,73,57,Medium/Medium,Normal (170-185)
Edval Anton,Edvaldo Flávio Rebelo de Freit,31,Brazil,"CDM, CM, CAM",Fortaleza,Serie A,1.0,3000000.0,12000.0,5700000.0,74,74,1,70.0,56.0,71.0,72.0,72.0,69.0,Left,3,2,55,72,71,71,73,76,81.0,85,62,73,68,65,74,77,66,High/Medium,Lean (170-185)
Dani Rochelinhas,Danilo Manuel Aldair Rochela,31,Brazil,"CAM, CM",Athletico Paranaense,Serie A,1.0,3500000.0,14000.0,6700000.0,74,74,1,76.0,63.0,72.0,76.0,34.0,59.0,Left,3,4,64,74,66,75,76,76,78.0,71,54,81,72,82,26,33,77,High/Low,Normal (170-185)
Meirelinson,Fernando Elton Meireles Petri,31,Brazil,CB,Corinthians,Serie A,1.0,2900000.0,23000.0,5500000.0,74,74,1,71.0,45.0,66.0,72.0,75.0,71.0,Right,2,2,43,74,65,71,75,59,57.0,69,72,70,71,72,73,77,50,Medium/Medium,Normal (170-185)
Adrian Scitto,Adriano Leandro Soares Scitto,31,Brazil,GK,Botafogo,Serie A,1.0,2200000.0,15000.0,4200000.0,74,74,1,,,,,,,Right,3,1,12,24,18,8,16,37,58.0,15,60,17,18,44,20,9,5,Medium/Medium,Normal (185+)
Lino Essier,Lino Francisco Essier Simão,31,Brazil,CB,São Paulo,Serie A,1.0,2900000.0,28000.0,5500000.0,74,74,1,67.0,45.0,68.0,66.0,73.0,80.0,Left,1,2,45,68,76,64,69,55,71.0,73,84,68,67,68,71,78,53,Medium/Medium,Normal (170-185)
Gérson Damesio,Gérson Adriano Damesio Figueiras,31,Brazil,CB,Flamengo,Serie A,1.0,2900000.0,28000.0,5200000.0,74,74,1,51.0,42.0,49.0,57.0,76.0,75.0,Right,3,2,51,68,24,53,71,35,65.0,69,79,63,42,31,76,79,29,Medium/Medium,Normal (170-185)
Germano Cuba,Oswaldo Germano Cuba Correia,27,Brazil,"LB, CAM, LM",Palmeiras,Serie A,1.0,4100000.0,28000.0,7400000.0,74,74,1,88.0,68.0,68.0,76.0,67.0,57.0,Left,3,3,68,68,75,76,73,66,65.0,78,44,84,92,89,67,70,67,High/Medium,Normal (170-)
Michael Dimeira,Michael Renan Dimeira Couto,31,Brazil,"CAM, RM",São Paulo,Serie A,1.0,3500000.0,31000.0,6700000.0,74,74,1,86.0,64.0,71.0,78.0,39.0,52.0,Right,3,3,70,79,65,84,82,68,51.0,61,49,89,83,62,41,41,66,High/High,Normal (170-)
Kaimo Lima,Kauê Enaldo Lima Rodrigues,27,Brazil,"CB, CDM, LB",Fluminense,Serie A,1.0,3900000.0,19000.0,7400000.0,74,74,1,74.0,63.0,69.0,68.0,75.0,70.0,Left,3,2,50,74,70,68,70,58,76.0,61,74,72,76,64,74,76,59,Medium/Medium,Lean (185+)
Ailtio Coelho,Ailton Diogo Coelho Barbosa,31,Brazil,LM,São Paulo,Serie A,1.0,3500000.0,31000.0,6700000.0,74,74,1,82.0,72.0,71.0,74.0,38.0,62.0,Left,3,3,71,68,71,73,74,75,68.0,64,66,85,80,82,36,29,72,Medium/Medium,Normal (170-185)
Edercinho Sepa,Rodrigo Éder Serpa Conceição,23,Brazil,CDM,Botafogo,Serie A,1.0,4300000.0,16000.0,8200000.0,74,74,1,72.0,72.0,65.0,67.0,74.0,72.0,Right,3,2,65,76,42,64,70,63,69.0,78,70,70,74,68,81,76,70,Medium/Medium,Normal (170-185)
Murilo Sancha,Murilo Kaíque Sanches Cardoso,35,Brazil,"RM, CM",América Mineiro,Serie A,1.0,1700000.0,12000.0,3200000.0,74,74,1,78.0,67.0,69.0,73.0,66.0,71.0,Right,3,3,70,72,73,75,73,70,66.0,83,73,79,77,76,70,69,74,Medium/Medium,Normal (170-185)
Elias Fontoira,Elias Thiago Fontoira Marques,27,Brazil,CDM,Internacional,Serie A,1.0,4000000.0,21000.0,7600000.0,74,74,1,69.0,69.0,74.0,73.0,73.0,69.0,Right,3,2,69,73,70,74,75,77,82.0,73,69,68,69,67,80,67,66,Medium/Medium,Lean (185+)
Diegildo Ramos,Diego Hugo Ramos Calado,31,Brazil,"ST, RM",Flamengo,Serie A,1.0,3600000.0,34000.0,6500000.0,74,74,1,30.0,79.0,67.0,67.0,28.0,72.0,Left,3,2,74,68,62,70,74,66,75.0,50,82,27,32,44,22,28,84,Medium/Medium,Normal (185+)
José Mirazar,José Emerson Mirazar Coelho,27,Brazil,"CAM, LM, LW",Botafogo,Serie A,1.0,4500000.0,20000.0,8600000.0,74,74,1,72.0,65.0,76.0,76.0,35.0,65.0,Left,3,3,64,75,77,79,76,76,67.0,82,67,73,72,76,32,23,75,Medium/Medium,Normal (170-185)
Roni Gameira,Erick Ronaldo Gameira Carvalho,31,Brazil,"ST, CF",Athletico Paranaense,Serie A,1.0,3600000.0,16000.0,6800000.0,74,74,1,80.0,75.0,58.0,73.0,29.0,63.0,Right,3,3,77,61,61,73,71,55,77.0,58,70,78,82,78,10,25,74,High/Low,Lean (170-185)
Nicholas Aldair,Nicholas Júlio Aldair Leal,31,Brazil,ST,Fluminense,Serie A,1.0,3600000.0,22000.0,6800000.0,74,74,1,67.0,75.0,68.0,72.0,38.0,78.0,Right,3,3,75,74,66,72,75,69,83.0,83,79,59,74,66,23,37,72,Medium/Medium,Normal (185+)
Benjamin Meseira,Benjamin Chris Meseira Zonta,27,Brazil,RB,Athletico Paranaense,Serie A,1.0,4100000.0,13000.0,7800000.0,74,74,1,79.0,45.0,61.0,69.0,69.0,74.0,Right,3,3,34,65,74,67,71,51,70.0,85,71,77,81,70,73,70,53,High/Medium,Normal (170-185)
Iván Alejo,Iván Alejo Peralta,28,Spain,"RM, LM",Cádiz,La Liga,1.0,4200000.0,26000.0,8800000.0,74,74,1,80.0,72.0,72.0,76.0,46.0,67.0,Right,3,4,75,73,76,80,74,68,61.0,51,69,83,78,85,50,44,70,High/Medium,Lean (170-185)
T. Henry,Thomas Henry,28,France,ST,Hellas Verona,Serie A,1.0,4300000.0,26000.0,7700000.0,74,74,1,57.0,74.0,64.0,66.0,39.0,78.0,Right,3,2,76,72,51,63,73,69,76.0,64,86,51,62,55,39,39,77,High/Medium,Normal (185+)
T. Asano,浅野 佐藤,28,Japan,"RM, CAM",VfL Bochum 1848,Bundesliga,1.0,4200000.0,22000.0,7600000.0,74,74,2,90.0,68.0,62.0,78.0,32.0,68.0,Right,4,3,71,67,65,77,75,67,72.0,71,74,92,88,90,31,22,74,Medium/Medium,Normal (170-185)
Mardial Cunha,Mardial Sidney Cunha Sousa,23,Brazil,CB,Fortaleza,Serie A,1.0,4200000.0,10000.0,8000000.0,74,74,1,74.0,41.0,60.0,53.0,77.0,66.0,Right,3,2,35,67,59,40,63,46,70.0,54,76,77,72,68,79,78,33,Medium/Medium,Normal (170-185)
L. Höler,Lucas Höler,28,Germany,"ST, CF",SC Freiburg,Bundesliga,1.0,4300000.0,27000.0,7300000.0,74,74,2,63.0,74.0,51.0,63.0,51.0,81.0,Right,2,2,77,59,45,61,64,54,59.0,83,82,61,64,65,49,54,80,Medium/High,Unique
Jorge Praceira,Jorge Renato Praceira Diniz,31,Brazil,CB,Palmeiras,Serie A,1.0,2900000.0,28000.0,5200000.0,74,74,1,66.0,40.0,56.0,61.0,76.0,74.0,Right,3,2,36,59,60,61,63,47,46.0,71,76,64,68,59,75,76,42,Medium/High,Normal (170-185)
Douglas Armeira,Douglas Arthur Armeira Bahia,31,Brazil,RB,Palmeiras,Serie A,1.0,3100000.0,28000.0,5600000.0,74,74,1,72.0,57.0,63.0,69.0,72.0,74.0,Right,3,3,54,69,70,69,67,56,66.0,83,67,70,74,71,77,74,57,High/Medium,Normal (170-185)
Roberto Soira,Roberto Júnior Soira Souza,27,Brazil,CB,Goiás,Serie A,1.0,3900000.0,12000.0,7400000.0,74,74,1,55.0,45.0,52.0,63.0,74.0,73.0,Right,2,2,22,65,40,64,68,53,66.0,53,79,58,52,52,72,80,25,Medium/Medium,Normal (185+)
D. Brašanac,Darko Brašanac,31,Serbia,"CM, CDM, CAM",Osasuna,La Liga,1.0,3500000.0,23000.0,7400000.0,74,74,1,50.0,70.0,72.0,71.0,72.0,71.0,Right,3,3,68,76,65,69,78,74,75.0,66,70,59,43,56,74,73,72,Medium/High,Lean (170-185)
Guridi,Jon Guridi Aldalur,28,Spain,"CAM, CM, CDM",Deportivo Alavés,La Liga,1.0,4200000.0,22000.0,9200000.0,74,74,1,63.0,66.0,70.0,76.0,62.0,56.0,Left,3,3,72,78,56,78,76,73,69.0,62,57,66,61,72,53,73,69,Medium/Medium,Lean (170-185)
M. Okugawa,奥川 雅也,27,Japan,"LM, CAM",FC Augsburg,Bundesliga,1.0,4500000.0,24000.0,8100000.0,74,74,1,79.0,65.0,69.0,77.0,43.0,45.0,Left,4,4,69,73,67,77,75,68,73.0,77,32,83,76,86,49,35,71,Medium/Medium,Lean (170-185)
A. Meyer,Alexander Niklas Meyer-Schade,32,Germany,GK,Borussia Dortmund,Bundesliga,1.0,2100000.0,25000.0,3600000.0,74,74,1,,,,,,,Right,3,1,8,31,13,17,19,36,37.0,19,79,39,45,22,20,10,7,Medium/Medium,Normal (185+)
K. Behrens,Kevin Behrens,32,Germany,ST,FC Union Berlin,Bundesliga,1.0,3400000.0,31000.0,5800000.0,74,74,1,69.0,73.0,51.0,66.0,41.0,86.0,Right,3,2,78,58,44,64,67,54,67.0,79,86,68,69,64,30,49,79,High/Medium,Stocky (185+)
P. Ciss,Ismaila Pathé Ciss,29,Senegal,CDM,Rayo Vallecano,La Liga,1.0,3600000.0,17000.0,7600000.0,74,74,1,62.0,56.0,61.0,63.0,72.0,84.0,Right,3,2,55,74,48,60,69,60,61.0,87,84,64,60,57,67,74,64,Low/High,Lean (185+)
R. Lavia,Roméo Lavia,19,Belgium,CDM,Chelsea,Premier League,1.0,7000000.0,32000.0,17700000.0,73,86,1,70.0,42.0,66.0,75.0,72.0,74.0,Right,3,3,36,78,50,76,75,65,75.0,75,75,72,69,73,74,73,40,Medium/High,Normal (170-185)
R. Lewis,Rico Lewis,18,England,"RB, CDM",Manchester City,Premier League,1.0,7000000.0,20000.0,17300000.0,73,86,1,74.0,43.0,67.0,72.0,70.0,59.0,Right,3,3,44,76,66,70,74,62,68.0,69,51,73,75,73,71,73,55,High/Medium,Lean (170-)
O. Gloukh,Oscar Gloukh,19,Israel,CAM,Salzburg,Bundesliga,1.0,6500000.0,9000.0,11100000.0,73,84,1,75.0,68.0,70.0,80.0,36.0,49.0,Right,4,4,68,73,65,82,78,74,78.0,71,38,80,70,83,42,32,67,High/Low,Normal (170-)
João Pedro,João Pedro Junqueira de Jesus,21,Brazil,"ST, CAM",Brighton & Hove Albion,Premier League,1.0,7000000.0,44000.0,14700000.0,73,83,1,77.0,70.0,62.0,76.0,25.0,60.0,Right,4,3,74,68,56,79,74,65,72.0,73,64,79,76,80,17,25,74,High/Medium,Lean (170-185)
T. Nianzou,Tanguy-Austin Nianzou Kouassi,21,France,CB,Sevilla,La Liga,1.0,6500000.0,13000.0,15000000.0,73,83,1,60.0,37.0,55.0,63.0,72.0,75.0,Right,3,2,32,68,37,63,67,53,65.0,68,78,53,66,54,71,73,36,Low/High,Normal (185+)
I. Kaboré,Issa Kaboré,22,Burkina Faso,"RWB, RB, RM",Luton Town,Premier League,1.0,6500000.0,59000.0,,73,83,1,87.0,39.0,63.0,72.0,65.0,74.0,Right,3,2,36,69,68,70,71,63,70.0,73,73,87,87,79,64,67,63,High/Medium,Lean (170-185)
L. Ugochukwu,Lesley Chimuanya Ugochukwu,19,France,"CM, CDM",Chelsea,Premier League,1.0,6500000.0,37000.0,13700000.0,73,83,1,66.0,59.0,69.0,73.0,72.0,76.0,Right,3,3,55,77,59,73,75,69,73.0,76,78,68,64,65,69,74,64,Medium/Medium,Normal (185+)
L. Gourna-Douath,Lucas Gourna-Douath,19,France,"CDM, CM",Salzburg,Bundesliga,1.0,6000000.0,8000.0,10200000.0,73,83,1,76.0,52.0,65.0,71.0,70.0,76.0,Right,3,2,48,72,54,71,73,69,71.0,81,74,78,74,71,67,72,62,Medium/High,Lean (185+)
A. Dedić,Amar Dedić,20,Bosnia and Herzegovina,"RB, LB",Salzburg,Bundesliga,1.0,6500000.0,10000.0,11100000.0,73,83,1,83.0,58.0,67.0,71.0,66.0,73.0,Right,3,3,56,68,69,72,70,64,66.0,88,67,83,83,78,62,72,64,High/Medium,Normal (170-185)
Agirrezabala,Julen Agirrezabala,22,Spain,GK,Athletic Club,La Liga,1.0,6000000.0,13000.0,13800000.0,73,83,1,,,,,,,Left,3,1,7,37,16,13,29,46,36.0,26,60,30,36,33,10,13,6,Medium/Medium,Lean (185+)
A. Ezzalzouli,Abdessamad Ezzalzouli,21,Morocco,"LM, RM",Real Betis,La Liga,1.0,7000000.0,14000.0,16100000.0,73,83,1,81.0,70.0,66.0,79.0,27.0,47.0,Right,3,4,74,68,70,82,79,65,68.0,35,57,83,80,78,25,32,68,Medium/Medium,Lean (170-185)
L. Østigård,Leo Skiri Østigård,23,Norway,CB,Napoli,Serie A,1.0,6500000.0,28000.0,12400000.0,73,82,1,68.0,37.0,50.0,61.0,71.0,81.0,Right,3,2,33,62,48,58,61,34,58.0,69,84,67,69,67,68,73,35,Medium/Medium,Stocky (185+)
J. Larsen,Jørgen Strand Larsen,23,Norway,ST,Celta de Vigo,La Liga,1.0,7000000.0,18000.0,16100000.0,73,82,1,77.0,72.0,56.0,67.0,32.0,82.0,Right,3,3,75,61,45,67,68,64,72.0,84,85,73,80,66,29,27,75,High/Medium,Lean (185+)
Y. Adli,Yacine Adli,22,France,"CAM, CM",Milan,Serie A,1.0,7000000.0,37000.0,13300000.0,73,82,1,64.0,68.0,75.0,74.0,67.0,67.0,Right,3,3,63,76,72,75,76,77,76.0,70,67,65,64,68,66,69,71,High/Medium,Lean (185+)
J. Zirkzee,Joshua Orobosa Zirkzee,22,Netherlands,ST,Bologna,Serie A,1.0,7000000.0,24000.0,14000000.0,73,82,1,68.0,74.0,63.0,75.0,20.0,70.0,Right,3,3,77,70,55,76,79,70,74.0,63,84,67,68,66,20,14,74,Medium/Low,Normal (185+)
A. Vranckx,Aster Jan Vranckx,20,Belgium,"CM, CDM",VfL Wolfsburg,Bundesliga,1.0,6500000.0,24000.0,12400000.0,73,82,1,61.0,65.0,70.0,77.0,63.0,76.0,Right,5,3,63,78,64,79,78,67,71.0,76,75,73,51,74,58,68,70,High/High,Normal (170-185)
Fábio Silva,Fábio Daniel Soares Silva,20,Portugal,ST,Wolverhampton Wanderers,Premier League,1.0,6500000.0,38000.0,13700000.0,73,82,1,74.0,73.0,58.0,74.0,31.0,72.0,Right,3,4,76,65,45,74,76,66,72.0,70,74,73,75,72,32,28,73,Medium/Medium,Lean (185+)
A. Elanga,Anthony David Junior Elanga,21,Sweden,"RW, ST, LW",Nottingham Forest,Premier League,1.0,7000000.0,38000.0,14700000.0,73,82,1,87.0,66.0,64.0,73.0,38.0,58.0,Right,3,3,70,68,67,73,72,65,67.0,74,54,90,85,83,35,38,72,High/High,Lean (170-185)
Aimar Oroz,Aimar Oroz Huarte,21,Spain,"CM, ST, CAM",Osasuna,La Liga,1.0,7000000.0,16000.0,16100000.0,73,82,1,68.0,74.0,70.0,74.0,57.0,64.0,Right,3,3,78,77,59,76,75,69,65.0,72,65,72,64,70,38,70,70,High/Low,Lean (170-185)
S. Adingra,Simon Adingra,21,Côte d'Ivoire,"LM, ST",Brighton & Hove Albion,Premier League,1.0,7000000.0,40000.0,14700000.0,73,82,1,85.0,69.0,66.0,77.0,29.0,51.0,Right,3,3,71,66,66,78,74,73,78.0,67,45,88,83,86,27,31,68,High/Medium,Lean (170-185)
Q. Merlin,Quentin Merlin,21,France,"LB, LWB",Nantes,Ligue 1,1.0,6500000.0,12000.0,14300000.0,73,82,1,71.0,59.0,73.0,76.0,67.0,56.0,Left,2,3,49,74,79,78,76,69,66.0,74,48,73,70,71,66,73,71,High/Medium,Normal (170-185)
Antonio Blanco,Antonio Blanco Conde,22,Spain,"CDM, CM",Deportivo Alavés,La Liga,1.0,6500000.0,15000.0,15600000.0,73,82,1,53.0,57.0,68.0,67.0,69.0,61.0,Right,3,3,56,76,46,65,71,75,73.0,69,54,56,51,61,69,74,67,High/Medium,Normal (170-185)
L. Ramazani,Largie Ramazani,22,Belgium,"RM, LM, ST",Almería,La Liga,1.0,7000000.0,18000.0,16100000.0,73,81,2,87.0,67.0,64.0,77.0,33.0,56.0,Right,4,3,72,66,68,78,74,65,65.0,60,51,88,86,89,30,34,68,High/Medium,Lean (170-)
C. Ngonge,Cyril Ngonge,23,Belgium,"CF, RW, ST",Hellas Verona,Serie A,1.0,7000000.0,20000.0,14000000.0,73,81,1,85.0,71.0,64.0,75.0,35.0,67.0,Left,3,4,69,72,67,76,75,58,62.0,68,67,88,83,81,22,35,71,High/Low,Lean (170-185)
I. Zabarnyi,Illia Zabarnyi,20,Ukraine,CB,AFC Bournemouth,Premier League,1.0,6000000.0,23000.0,12600000.0,73,81,1,63.0,36.0,57.0,58.0,75.0,70.0,Right,2,2,33,72,56,52,59,32,69.0,61,75,56,68,66,76,75,35,Medium/Medium,Normal (185+)
M. Bułka,Marcin Bułka,23,Poland,GK,Nice,Ligue 1,1.0,5000000.0,19000.0,10500000.0,73,80,1,,,,,,,Right,2,1,8,28,12,11,15,40,42.0,30,70,28,25,42,15,10,8,Medium/Medium,Normal (185+)
M. Gabbia,Matteo Gabbia,23,Italy,CB,Villarreal,La Liga,1.0,5500000.0,33000.0,,73,80,1,53.0,35.0,49.0,57.0,76.0,75.0,Right,3,2,22,60,41,53,62,41,59.0,77,73,52,53,55,77,77,23,Low/High,Lean (185+)
C. Kelleher,Caoimhin Kelleher,24,Republic of Ireland,GK,Liverpool,Premier League,1.0,5000000.0,40000.0,10300000.0,73,80,1,,,,,,,Right,3,1,6,38,13,18,22,42,63.0,19,60,45,39,44,18,10,4,Medium/Medium,Lean (185+)
Álex Centelles,Alejandro Centelles Plaza,23,Spain,LB,Almería,La Liga,1.0,6000000.0,16000.0,13800000.0,73,80,1,76.0,52.0,66.0,70.0,68.0,75.0,Left,3,3,49,67,70,70,74,62,72.0,85,72,74,78,65,66,71,59,Medium/Medium,Lean (185+)
M. Bauer,Maximilian Bauer,23,Germany,CB,FC Augsburg,Bundesliga,1.0,5500000.0,17000.0,11000000.0,73,80,1,54.0,26.0,48.0,52.0,75.0,73.0,Right,3,2,22,65,31,46,57,38,53.0,64,79,53,54,50,77,77,22,Medium/Medium,Lean (185+)
Iñaki Peña,Ignacio Peña Sotorres,24,Spain,GK,FC Barcelona,La Liga,1.0,5000000.0,50000.0,11300000.0,73,80,1,,,,,,,Right,3,1,6,33,10,12,21,39,38.0,27,54,33,38,49,9,10,5,Medium/Medium,Lean (170-185)
Valery,Valery Fernández Estrada,23,Spain,"RM, LM, LWB",Girona,La Liga,1.0,6000000.0,18000.0,13800000.0,73,80,1,87.0,63.0,66.0,74.0,66.0,67.0,Right,3,3,66,68,69,74,73,65,67.0,77,64,88,87,79,67,70,67,High/Medium,Lean (170-185)
M. Bidstrup,Mads Bidstrup,22,Denmark,"CDM, CM",Salzburg,Bundesliga,1.0,6000000.0,12000.0,10200000.0,73,80,1,69.0,54.0,67.0,70.0,71.0,75.0,Right,3,3,54,73,63,67,72,70,71.0,85,72,66,72,69,73,72,61,Medium/High,Normal (170-185)
D. Zima,David Zima,22,Czech Republic,CB,Torino,Serie A,1.0,5500000.0,25000.0,10500000.0,73,80,1,73.0,38.0,54.0,63.0,75.0,75.0,Right,3,2,30,64,36,60,63,55,73.0,71,78,74,72,65,78,74,27,High/High,Normal (185+)
L. Samardžić,Lazar Samardžić,21,Serbia,"CM, CAM",Udinese,Serie A,1.0,6000000.0,11000.0,12000000.0,73,80,1,70.0,70.0,71.0,76.0,57.0,64.0,Left,3,3,68,76,60,76,78,76,70.0,69,66,74,66,78,56,62,66,High/Medium,Normal (170-185)
L. Netz,Luca Netz,20,Germany,"LB, LM",Borussia Mönchengladbach,Bundesliga,1.0,5500000.0,14000.0,10500000.0,73,80,1,79.0,47.0,66.0,70.0,70.0,62.0,Left,3,2,46,69,77,70,69,57,70.0,62,60,76,81,72,66,76,64,Medium/Medium,Unique
E. Matazo,Eliot Matazo,21,Belgium,"CDM, CM",Monaco,Ligue 1,1.0,6000000.0,23000.0,12600000.0,73,80,1,67.0,58.0,70.0,75.0,67.0,76.0,Right,3,3,56,76,59,76,74,74,74.0,69,82,72,63,77,64,72,66,High/High,Normal (170-)
A. Trusty,Auston Levi-Jesaiah Trusty,24,United States,"CB, LB",Sheffield United,Premier League,1.0,4400000.0,22000.0,9700000.0,73,79,1,79.0,47.0,56.0,62.0,71.0,82.0,Left,3,2,42,65,54,61,63,48,68.0,78,84,77,81,57,72,71,47,High/High,Lean (185+)
G. Gudmundsson,Gabriel Gudmundsson,24,Sweden,"LB, LM",Lille,Ligue 1,1.0,4500000.0,19000.0,9500000.0,73,79,1,85.0,64.0,67.0,71.0,67.0,70.0,Left,3,3,59,69,77,71,72,62,63.0,75,66,84,86,74,69,70,66,High/Low,Normal (170-185)
Jorge Cuenca,Jorge Cuenca Barreno,23,Spain,CB,Villarreal,La Liga,1.0,4400000.0,19000.0,10100000.0,73,79,1,57.0,37.0,59.0,53.0,75.0,66.0,Left,3,2,27,74,45,34,70,58,61.0,61,64,55,58,61,74,75,21,Medium/Medium,Lean (185+)
R. Schmid,Romano Christian Schmid,23,Austria,"CAM, CM",Werder Bremen,Bundesliga,1.0,4800000.0,17000.0,9600000.0,73,79,1,78.0,64.0,69.0,79.0,51.0,55.0,Right,3,3,60,75,67,79,78,70,66.0,71,51,75,80,87,58,43,67,High/Medium,Normal (170-)
M. Boadu,Myron Boadu,22,Netherlands,ST,Monaco,Ligue 1,1.0,4900000.0,34000.0,10300000.0,73,79,1,85.0,73.0,62.0,74.0,28.0,64.0,Right,5,3,75,68,52,73,73,66,73.0,69,67,83,86,85,29,22,76,High/Medium,Normal (170-185)
Manu Morlanes,Manuel Morlanes Ariño,24,Spain,"CDM, CM",Mallorca,La Liga,1.0,4400000.0,16000.0,10100000.0,73,79,1,67.0,64.0,74.0,73.0,69.0,67.0,Right,3,3,64,78,67,72,74,75,73.0,71,65,71,64,71,72,69,60,Medium/Medium,Normal (170-185)
J. Vagnoman,Josha Mamadou Karaboue Vagnoman,22,Germany,"RWB, RM, RB",VfB Stuttgart,Bundesliga,1.0,4600000.0,16000.0,9200000.0,73,79,2,79.0,58.0,68.0,72.0,68.0,80.0,Right,4,3,55,74,69,75,71,68,66.0,79,84,83,76,67,66,71,70,Medium/Medium,Stocky (185+)
F. Dahmen,Finn Gilbert Dahmen,25,Germany,GK,FC Augsburg,Bundesliga,1.0,3800000.0,15000.0,7600000.0,73,79,1,,,,,,,Right,3,1,8,42,14,25,30,54,33.0,31,49,47,43,52,19,12,9,Medium/Medium,Normal (185+)
J. Cajuste,Jens-Lys Michel Cajuste,23,Sweden,"CDM, CM",Napoli,Serie A,1.0,4400000.0,28000.0,8400000.0,73,79,1,72.0,62.0,69.0,74.0,68.0,76.0,Right,4,3,59,75,58,73,76,75,73.0,76,77,68,75,75,68,70,69,Medium/Medium,Lean (185+)
J. Bogle,Jayden Bogle,22,England,"RWB, RB",Sheffield United,Premier League,1.0,4600000.0,22000.0,10100000.0,73,79,1,81.0,55.0,67.0,73.0,68.0,68.0,Right,3,3,55,70,72,73,72,66,71.0,72,65,81,81,76,67,72,74,High/Medium,Lean (170-185)
A. Stiller,Angelo Stiller,22,Germany,"CM, CDM",VfB Stuttgart,Bundesliga,1.0,4900000.0,17000.0,9800000.0,73,79,1,60.0,56.0,74.0,73.0,68.0,66.0,Left,3,3,49,79,64,73,75,76,72.0,77,62,65,55,73,68,71,61,Medium/Medium,Normal (170-185)
F. Daniliuc,Flavius David Daniliuc,22,Austria,"CB, RB",Salernitana,Serie A,1.0,4400000.0,20000.0,8800000.0,73,79,1,54.0,42.0,61.0,60.0,74.0,74.0,Right,4,2,39,72,51,59,66,58,72.0,67,78,44,62,46,73,74,49,Low/Medium,Normal (185+)
K. Piątkowski,Kamil Piątkowski,23,Poland,CB,Salzburg,Bundesliga,1.0,4400000.0,12000.0,7500000.0,73,79,1,83.0,47.0,65.0,69.0,71.0,81.0,Right,4,2,41,71,65,67,70,58,68.0,82,84,84,83,76,70,72,59,High/High,Normal (185+)
I. Jakobs,Ismail Joshua Jakobs,23,Senegal,"LB, LM",Monaco,Ligue 1,1.0,4500000.0,28000.0,9500000.0,73,79,1,85.0,59.0,61.0,73.0,66.0,69.0,Left,3,3,64,69,68,75,73,56,69.0,77,66,84,85,72,65,68,64,Medium/Medium,Lean (170-185)
H. Ekdal,Hjalmar Ekdal,24,Sweden,CB,Burnley,Premier League,1.0,4400000.0,28000.0,9700000.0,73,79,1,64.0,33.0,52.0,63.0,73.0,75.0,Right,2,2,30,67,29,59,64,55,72.0,66,80,62,66,70,73,73,37,High/Medium,Lean (185+)
J. Lepenant,Johann Lepenant,20,France,"CDM, CM",Olympique Lyonnais,Ligue 1,1.0,4300000.0,17000.0,9000000.0,73,79,1,70.0,56.0,67.0,71.0,69.0,70.0,Right,3,3,54,76,55,67,73,65,66.0,78,66,71,69,80,70,72,55,Medium/Medium,Lean (170-185)
C. Archer,Cameron Archer,21,England,ST,Sheffield United,Premier League,1.0,4900000.0,23000.0,10800000.0,73,79,1,78.0,71.0,58.0,74.0,25.0,68.0,Right,4,3,74,70,44,74,72,64,71.0,63,72,77,78,76,22,18,74,Medium/Medium,Normal (170-185)
D. Lopy,Dion Lopy,21,Senegal,"CDM, CM",Almería,La Liga,1.0,4500000.0,13000.0,10400000.0,73,79,1,64.0,61.0,70.0,73.0,69.0,73.0,Right,3,2,58,75,61,74,75,75,73.0,72,75,65,64,65,68,70,65,Medium/Medium,Normal (185+)
B. Dieng,Cheikh Ahmadou Bamba Mbacke Dieng,23,Senegal,ST,Lorient,Ligue 1,1.0,4900000.0,18000.0,10800000.0,73,79,1,81.0,75.0,60.0,71.0,33.0,62.0,Right,3,3,74,63,62,70,73,64,69.0,63,67,82,81,67,24,31,72,High/Medium,Normal (170-185)
Alexsandro Ribeiro,Alexsandro Victor Souza Ribeiro,23,Brazil,CB,Lille,Ligue 1,1.0,4400000.0,19000.0,9200000.0,73,79,1,60.0,31.0,50.0,52.0,73.0,75.0,Right,3,2,20,64,34,50,57,44,64.0,65,82,51,68,41,70,76,15,Medium/Medium,Normal (185+)
Villalibre,Asier Villalibre Molina,25,Spain,ST,Athletic Club,La Liga,1.0,4500000.0,21000.0,9800000.0,73,78,1,73.0,72.0,56.0,70.0,39.0,81.0,Left,3,3,74,68,46,70,72,52,74.0,70,92,71,74,71,41,32,69,High/Medium,Stocky (170-185)
Iván Villar,Iván Villar Martínez,25,Spain,GK,Celta de Vigo,La Liga,1.0,3600000.0,13000.0,7800000.0,73,78,1,,,,,,,Right,2,1,12,23,13,21,17,46,46.0,30,52,32,33,38,10,15,12,Medium/Medium,Lean (185+)
I. Hagi,Ianis Hagi,24,Romania,"CAM, CF",Deportivo Alavés,La Liga,1.0,4600000.0,34000.0,,73,78,1,62.0,72.0,74.0,74.0,36.0,61.0,Right,5,4,69,76,70,73,77,76,71.0,64,60,63,61,72,38,31,73,Medium/Medium,Normal (170-185)
J. Larsen,Jacob Bruun Larsen,24,Denmark,"ST, LM",Burnley,Premier League,1.0,4700000.0,25000.0,,73,78,1,83.0,72.0,69.0,73.0,55.0,66.0,Right,4,3,72,72,67,73,74,66,66.0,60,68,84,83,76,56,54,73,Medium/Medium,Normal (170-185)
D. Bertaud,Dimitry Bertaud,25,France,GK,Montpellier,Ligue 1,1.0,3600000.0,13000.0,7500000.0,73,78,1,,,,,,,Right,3,1,15,38,14,18,25,25,48.0,42,65,52,55,35,14,17,12,Medium/Medium,Stocky (170-185)
Pedro Pereira,Pedro Miguel Almeida Lopes Pereira,25,Portugal,"RWB, RM, RB",Monza,Serie A,1.0,4200000.0,31000.0,7500000.0,73,78,1,75.0,39.0,65.0,71.0,69.0,66.0,Right,2,3,35,70,68,70,72,63,71.0,79,61,73,77,76,65,74,68,Medium/Medium,Normal (185+)
S. Hefti,Silvan Hefti,25,Switzerland,"RB, RWB, RM",Genoa,Serie A,1.0,4200000.0,17000.0,7900000.0,73,78,1,78.0,49.0,63.0,65.0,67.0,80.0,Right,3,2,38,68,66,63,66,59,65.0,91,78,75,81,71,67,68,52,High/High,Normal (170-185)
J. Dasilva,Pelenda Joshua Tunga Dasilva,24,England,CM,Brentford,Premier League,1.0,4600000.0,34000.0,9100000.0,73,78,1,75.0,71.0,72.0,74.0,64.0,74.0,Left,3,3,68,76,68,75,75,73,75.0,72,75,74,75,65,69,66,69,Medium/Medium,Normal (170-185)
L. Kelly,Lloyd Kelly,24,England,"CB, LB",AFC Bournemouth,Premier League,1.0,4200000.0,28000.0,8300000.0,73,78,1,70.0,40.0,62.0,67.0,73.0,74.0,Left,3,3,34,67,62,66,70,59,69.0,68,78,64,75,62,73,75,58,Medium/Medium,Lean (185+)
Toni Lato,Antonio Latorre Grueso,25,Spain,"LB, LWB, LM",Mallorca,La Liga,1.0,4200000.0,18000.0,9100000.0,73,78,1,74.0,56.0,71.0,71.0,68.0,60.0,Left,4,3,55,73,79,70,72,65,64.0,62,56,75,74,71,68,71,68,High/Medium,Normal (170-185)
O. Christensen,Oliver Christensen,24,Denmark,GK,Fiorentina,Serie A,1.0,3700000.0,23000.0,6600000.0,73,78,1,,,,,,,Right,2,1,5,47,10,16,19,62,45.0,42,64,45,43,33,14,13,6,Medium/Medium,Normal (185+)
M. Aarons,Maximillian James Aarons,23,England,RB,AFC Bournemouth,Premier League,1.0,4300000.0,28000.0,8500000.0,73,78,1,81.0,42.0,62.0,73.0,69.0,74.0,Right,3,3,41,67,65,70,72,66,75.0,84,70,84,79,84,73,71,69,High/Medium,Normal (170-185)
M. Payero,Martín Ismael Payero,24,Argentina,CM,Udinese,Serie A,1.0,4600000.0,12000.0,8600000.0,73,78,1,74.0,63.0,73.0,76.0,63.0,72.0,Right,2,3,59,76,66,78,76,75,76.0,75,71,73,74,73,62,65,70,Medium/Low,Normal (170-185)
Fernando,Fernando Dos Santos Pedro,24,Brazil,ST,Salzburg,Bundesliga,1.0,4700000.0,15000.0,7400000.0,73,78,1,88.0,74.0,66.0,78.0,37.0,64.0,Right,3,4,74,73,57,78,76,69,71.0,66,62,87,88,86,38,42,73,Medium/Medium,Lean (170-185)
R. Bellanova,Raoul Bellanova,23,Italy,"RWB, RM",Torino,Serie A,1.0,4300000.0,25000.0,7600000.0,73,78,1,86.0,32.0,61.0,68.0,67.0,71.0,Right,3,2,32,66,72,71,69,61,66.0,74,71,80,90,59,65,72,60,Medium/Medium,Normal (185+)
Zarraga,Oier Zarraga Egaña,24,Spain,"CM, RM",Udinese,Serie A,1.0,4600000.0,12000.0,8600000.0,73,78,1,78.0,66.0,72.0,74.0,61.0,67.0,Right,3,3,69,80,65,73,74,71,72.0,74,67,79,77,78,53,71,68,High/Medium,Normal (170-185)
J. Makengo,Jean-Victor Makengo,25,France,"CM, CDM",Lorient,Ligue 1,1.0,4200000.0,18000.0,8700000.0,73,77,1,63.0,66.0,72.0,73.0,73.0,70.0,Left,3,3,61,78,69,74,75,68,70.0,73,69,68,59,65,70,78,67,High/High,Normal (170-185)
R. Pierre-Gabriel,Ronaël Julien Pierre-Gabriel,25,France,"RB, RWB",Nantes,Ligue 1,1.0,3900000.0,17000.0,8100000.0,73,77,1,73.0,48.0,62.0,69.0,71.0,71.0,Right,3,3,41,67,68,69,69,56,65.0,72,72,69,76,68,72,74,58,Medium/Medium,Stocky (170-185)
Y. Karamoh,Yann Dorgelès Isaac Karamoh,24,France,"CF, LM",Torino,Serie A,1.0,4400000.0,31000.0,7800000.0,73,77,1,77.0,68.0,68.0,76.0,31.0,60.0,Right,4,4,68,69,69,78,77,71,73.0,64,60,78,77,72,23,31,72,High/Medium,Normal (185+)
E. Mašović,Erhan Mašović,24,Serbia,"CB, CDM",VfL Bochum 1848,Bundesliga,1.0,3900000.0,16000.0,7300000.0,73,77,1,70.0,33.0,49.0,56.0,75.0,71.0,Right,3,2,35,68,22,49,62,48,67.0,66,73,64,74,58,76,77,23,Low/Medium,Normal (185+)
F. Onyeka,Frank Ogochukwu Onyeka,25,Nigeria,"CDM, CM",Brentford,Premier League,1.0,3800000.0,34000.0,7500000.0,73,77,1,79.0,59.0,64.0,71.0,71.0,76.0,Right,3,3,62,70,55,70,70,70,70.0,76,74,71,85,79,71,72,70,High/High,Lean (170-185)
C. Führich,Chris Führich,25,Germany,"CAM, CF",VfB Stuttgart,Bundesliga,1.0,4200000.0,19000.0,7900000.0,73,77,1,82.0,67.0,69.0,78.0,53.0,59.0,Right,4,4,67,73,67,80,78,66,60.0,78,49,83,81,86,53,59,68,Medium/Medium,Lean (170-185)
K. Thorstvedt,Kristian Thorstvedt,24,Norway,"CM, CAM",Sassuolo,Serie A,1.0,4300000.0,12000.0,7600000.0,73,77,1,63.0,72.0,69.0,72.0,66.0,81.0,Left,4,3,71,76,58,75,75,69,71.0,78,85,61,64,65,63,69,70,High/High,Normal (185+)
L. Perrin,Lucas Perrin,24,France,"CB, LB",Strasbourg,Ligue 1,1.0,3900000.0,15000.0,8100000.0,73,77,1,44.0,35.0,55.0,59.0,76.0,71.0,Right,2,2,28,72,42,57,68,43,63.0,70,73,43,45,39,74,77,23,Medium/Medium,Lean (185+)
L. Thomas,Luke Thomas,22,England,"LB, LWB",Sheffield United,Premier League,1.0,4100000.0,27000.0,,73,77,1,75.0,42.0,64.0,69.0,71.0,69.0,Left,2,2,39,66,65,70,68,62,67.0,75,65,77,73,69,71,72,69,High/High,Lean (170-185)
S. Lynen,Senne Lynen,24,Belgium,"CDM, CM",Werder Bremen,Bundesliga,1.0,4000000.0,16000.0,7500000.0,73,77,1,54.0,62.0,71.0,66.0,69.0,76.0,Right,3,2,57,74,68,66,71,71,71.0,77,77,55,54,54,69,70,62,Medium/High,Normal (185+)
D. Kownacki,Dawid Igor Kownacki,26,Poland,"ST, CAM",Werder Bremen,Bundesliga,1.0,4000000.0,22000.0,7500000.0,73,76,1,76.0,74.0,64.0,73.0,34.0,68.0,Right,3,3,76,71,54,73,74,67,71.0,69,68,78,74,76,30,25,74,Medium/Medium,Normal (185+)
Sivera,Antonio Sivera Salvá,26,Spain,GK,Deportivo Alavés,La Liga,1.0,3100000.0,14000.0,7100000.0,73,76,1,,,,,,,Right,3,1,15,34,22,14,26,48,53.0,42,63,58,55,61,13,17,16,Medium/Medium,Normal (185+)
S. McKenna,Scott McKenna,26,Scotland,CB,Nottingham Forest,Premier League,1.0,3500000.0,41000.0,6900000.0,73,76,1,51.0,32.0,46.0,51.0,72.0,80.0,Left,3,2,22,58,41,45,58,31,60.0,65,86,51,51,42,73,73,16,Medium/High,Normal (185+)
M. Mehlem,Marvin Mehlem,25,Germany,"CAM, LM",Darmstadt 98,Bundesliga,1.0,4000000.0,19000.0,7500000.0,73,76,1,69.0,65.0,69.0,76.0,51.0,61.0,Right,3,3,68,73,64,75,74,75,68.0,86,49,77,63,86,50,59,72,High/High,Normal (170-185)
L. de la Torre,Luca Daniel de la Torre,25,United States,"LM, CM, CDM",Celta de Vigo,La Liga,1.0,4000000.0,18000.0,8700000.0,73,76,1,64.0,60.0,72.0,74.0,59.0,62.0,Left,3,3,65,75,70,73,75,71,67.0,89,52,72,57,76,63,60,71,Medium/Medium,Lean (170-185)
F. Maouassa,Christ-Emmanuel Faitout Maouassa,24,France,"LM, LB, LWB",Lens,Ligue 1,1.0,4200000.0,16000.0,,73,76,1,77.0,64.0,71.0,75.0,69.0,74.0,Left,2,3,59,71,74,74,74,69,72.0,73,75,81,74,78,70,72,67,Medium/Medium,Stocky (170-)
Kike Pérez,Enrique Pérez Muñoz,26,Spain,"CM, CAM, CDM",Rayo Vallecano,La Liga,1.0,4000000.0,10000.0,,73,76,1,60.0,64.0,71.0,77.0,59.0,54.0,Left,3,3,66,78,53,79,80,74,66.0,46,56,62,58,74,50,67,64,High/Low,Lean (170-185)
M. Aebischer,Michel Aebischer,26,Switzerland,"CM, RM",Bologna,Serie A,1.0,4000000.0,25000.0,7500000.0,73,76,1,70.0,65.0,73.0,73.0,65.0,74.0,Right,4,3,66,77,68,73,74,74,70.0,83,72,73,67,75,65,64,68,Medium/High,Lean (170-185)
G. Kalulu,Gédéon Kalulu Kyatengwa,25,Congo DR,"RB, RWB",Lorient,Ligue 1,1.0,3700000.0,17000.0,7700000.0,73,76,1,81.0,40.0,57.0,69.0,72.0,76.0,Right,3,2,35,66,58,68,67,51,69.0,72,79,79,82,79,72,74,43,Medium/Medium,Stocky (170-185)
Rogério,Rogério Oliveira da Silva,25,Brazil,LB,VfL Wolfsburg,Bundesliga,1.0,3700000.0,28000.0,6600000.0,73,76,1,74.0,53.0,68.0,75.0,70.0,58.0,Left,3,3,45,71,73,77,78,67,68.0,59,53,78,71,70,69,70,71,Medium/Medium,Normal (170-185)
G. Magnani,Giangiacomo Magnani,27,Italy,CB,Hellas Verona,Serie A,1.0,3500000.0,20000.0,6600000.0,73,76,1,69.0,37.0,45.0,50.0,74.0,73.0,Right,3,2,33,54,40,40,58,34,60.0,51,83,65,73,54,77,74,21,Low/High,Normal (185+)
H. Magnetti,Hugo Magnetti,25,France,"CDM, CM",Brest,Ligue 1,1.0,3600000.0,14000.0,7500000.0,73,76,1,45.0,49.0,67.0,72.0,68.0,75.0,Right,3,3,41,74,53,73,74,71,72.0,70,76,48,43,60,68,72,63,Medium/High,Stocky (170-185)
B. Kouyaté,Boubakar Kouyaté,26,Mali,CB,Montpellier,Ligue 1,1.0,3500000.0,17000.0,7300000.0,73,76,1,63.0,36.0,50.0,58.0,73.0,76.0,Right,4,2,23,63,46,56,61,35,62.0,70,80,67,60,64,72,73,30,Medium/Medium,Normal (185+)
Douglas Augusto,Douglas Augusto Soares Gomes,26,Brazil,"CM, CAM, CDM",Nantes,Ligue 1,1.0,4000000.0,19000.0,8300000.0,73,76,1,73.0,69.0,69.0,70.0,69.0,78.0,Left,3,2,64,75,57,68,74,73,64.0,78,76,74,73,71,69,72,73,Medium/High,Normal (170-185)
J. Okumu,Joseph Stanley Okumu,26,Kenya,CB,Stade de Reims,Ligue 1,1.0,3500000.0,17000.0,7300000.0,73,76,1,78.0,41.0,56.0,62.0,73.0,77.0,Right,3,2,37,61,59,58,68,48,53.0,75,80,69,85,64,72,74,46,Medium/High,Lean (185+)
J. Le Douaron,Jérémy Le Douaron,25,France,"ST, LW",Brest,Ligue 1,1.0,4100000.0,17000.0,8500000.0,73,76,1,67.0,72.0,66.0,72.0,49.0,74.0,Left,2,3,74,71,69,74,74,68,66.0,71,76,69,65,63,44,48,74,Medium/Medium,Lean (185+)
P. Dawidowicz,Paweł Marek Dawidowicz,28,Poland,CB,Hellas Verona,Serie A,1.0,3100000.0,20000.0,5800000.0,73,75,1,59.0,48.0,62.0,63.0,73.0,76.0,Right,4,2,38,67,44,61,66,68,68.0,65,82,49,67,63,73,75,46,Medium/Medium,Lean (185+)
B. Chardonnet,Brendan Chardonnet,28,France,CB,Brest,Ligue 1,1.0,3100000.0,15000.0,6400000.0,73,75,1,48.0,45.0,54.0,59.0,74.0,75.0,Right,3,2,46,68,45,52,66,38,67.0,67,80,47,49,55,75,74,50,Medium/High,Normal (170-185)
A. Schlager,Alexander Schlager,27,Austria,GK,Salzburg,Bundesliga,1.0,2800000.0,12000.0,4400000.0,73,75,1,,,,,,,Right,3,1,14,25,20,13,23,34,33.0,24,55,46,47,34,24,18,6,Medium/Medium,Normal (170-185)
E. Fernandes,Edimilson Fernandes Ribeiro,27,Switzerland,"CB, RWB, CM",FSV Mainz 05,Bundesliga,1.0,3200000.0,20000.0,5700000.0,73,75,1,71.0,65.0,71.0,73.0,76.0,69.0,Right,4,2,60,76,68,73,76,62,71.0,74,74,70,72,67,76,76,56,Medium/Medium,Lean (185+)
O. Aina,Temitayo Olufisayo Olaoluwa Aina,26,Nigeria,"LB, LM, RM",Nottingham Forest,Premier League,1.0,3500000.0,41000.0,6900000.0,73,75,1,81.0,60.0,66.0,73.0,67.0,74.0,Right,4,3,54,70,71,75,72,63,66.0,76,75,86,76,73,62,71,62,Medium/Medium,Normal (170-185)
G. Pezzella,Giuseppe Pezzella,25,Italy,"LB, LM, LWB",Empoli,Serie A,1.0,3500000.0,9000.0,6600000.0,73,75,1,73.0,57.0,67.0,70.0,68.0,74.0,Left,3,3,49,73,75,73,69,56,60.0,74,73,75,72,66,66,72,69,Medium/Medium,Normal (185+)
Y. Yazıcı,Yusuf Yazıcı,26,Turkey,"CF, CAM, RW",Lille,Ligue 1,1.0,3800000.0,27000.0,7500000.0,73,75,1,65.0,73.0,74.0,74.0,46.0,67.0,Left,4,3,72,74,72,74,77,75,73.0,70,65,63,66,75,40,52,75,Low/Low,Normal (170-185)
I. Ganago,Ignatius Kpene Ganago,24,Cameroon,"ST, LW",Nantes,Ligue 1,1.0,4000000.0,18000.0,8300000.0,73,75,1,81.0,73.0,61.0,74.0,34.0,68.0,Right,3,3,74,67,62,74,74,56,70.0,66,75,79,82,77,39,17,71,High/Medium,Stocky (170-185)
A. Tosin,Aiyegun Tosin,25,Benin,ST,Lorient,Ligue 1,1.0,3900000.0,20000.0,8100000.0,73,75,1,89.0,73.0,61.0,72.0,38.0,75.0,Right,4,3,74,63,63,72,68,59,69.0,75,74,88,90,83,31,37,72,High/High,Stocky (170-185)
M. Viña,Matías Nicolás Viña Susperreguy,25,Uruguay,"LB, LWB, LM",Sassuolo,Serie A,1.0,3500000.0,37000.0,,73,75,1,77.0,62.0,69.0,74.0,68.0,66.0,Left,3,3,65,74,73,74,74,60,68.0,77,65,77,77,79,68,71,66,High/Medium,Lean (170-185)
T. Kaminski,Thomas Kaminski,30,Belgium,GK,Luton Town,Premier League,1.0,2300000.0,27000.0,4800000.0,73,74,1,,,,,,,Right,3,1,14,40,18,11,16,53,47.0,31,62,47,45,59,17,11,18,Medium/Medium,Lean (185+)
D. Bentley,Daniel Bentley,29,England,GK,Wolverhampton Wanderers,Premier League,1.0,2300000.0,36000.0,4500000.0,73,74,1,,,,,,,Right,3,1,11,43,18,17,30,50,55.0,31,67,48,43,51,30,11,12,Medium/Medium,Normal (185+)
J. Castelletto,Jean-Charles Castelletto,28,Cameroon,CB,Nantes,Ligue 1,1.0,2900000.0,18000.0,6000000.0,73,74,2,66.0,30.0,51.0,61.0,74.0,75.0,Right,2,2,18,63,47,57,67,36,59.0,71,75,68,65,63,73,74,56,Medium/Medium,Lean (185+)
G. Gallon,Gauthier Gallon,30,France,GK,Rennes,Ligue 1,1.0,2300000.0,25000.0,4500000.0,73,74,1,,,,,,,Right,2,1,14,29,12,17,18,52,56.0,29,64,40,40,38,12,16,15,Medium/Medium,Normal (185+)
Carlos Fernández,Carlos Fernández Luna,27,Spain,ST,Real Sociedad,La Liga,1.0,3600000.0,26000.0,7800000.0,73,74,1,67.0,75.0,64.0,73.0,27.0,67.0,Left,4,3,76,72,47,75,76,73,67.0,50,72,61,71,70,21,21,72,Medium/Medium,Lean (185+)
M. Veljković,Miloš Veljković,27,Serbia,CB,Werder Bremen,Bundesliga,1.0,3100000.0,18000.0,5800000.0,73,74,1,36.0,33.0,53.0,59.0,74.0,74.0,Right,3,2,27,67,43,50,66,44,74.0,68,78,38,34,58,74,75,37,Low/Medium,Normal (185+)
I. Success,Isaac Ajayi Success,27,Nigeria,ST,Udinese,Serie A,1.0,3600000.0,16000.0,6800000.0,73,74,1,70.0,71.0,66.0,75.0,38.0,67.0,Right,3,3,74,69,73,77,76,64,69.0,62,77,68,72,67,41,33,74,Medium/Medium,Stocky (170-185)
J. Siebatcheu,Theoson-Jordan Siebatcheu Pefok,27,United States,ST,Borussia Mönchengladbach,Bundesliga,1.0,3600000.0,28000.0,,73,74,1,64.0,72.0,60.0,70.0,35.0,75.0,Right,3,3,76,70,52,70,74,62,71.0,72,86,65,64,64,27,38,75,Medium/Medium,Normal (185+)
M. Udol,Matthieu Udol,27,France,LB,Metz,Ligue 1,1.0,3200000.0,15000.0,6600000.0,73,74,1,72.0,51.0,65.0,72.0,71.0,74.0,Left,3,2,49,71,68,70,72,56,68.0,80,68,72,72,76,70,72,59,High/Medium,Normal (170-185)
F. Centonze,Fabien Centonze,27,France,"RB, RWB",Nantes,Ligue 1,1.0,3200000.0,17000.0,6600000.0,73,74,1,77.0,51.0,67.0,69.0,69.0,77.0,Right,2,2,42,69,69,67,69,66,69.0,83,77,76,78,71,69,71,66,High/Medium,Lean (170-185)
A. Karazor,Atakan Karazor,26,Germany,"CDM, CM, CB",VfB Stuttgart,Bundesliga,1.0,3200000.0,18000.0,6000000.0,73,74,1,51.0,36.0,61.0,62.0,76.0,72.0,Right,3,2,35,75,39,59,68,64,67.0,78,69,47,55,62,78,77,34,Low/Medium,Lean (185+)
M. Ristić,Mihailo Ristić,27,Serbia,LB,Celta de Vigo,La Liga,1.0,3200000.0,17000.0,7000000.0,73,74,1,75.0,64.0,66.0,73.0,67.0,68.0,Left,3,3,58,70,74,74,75,59,67.0,77,66,76,74,69,66,68,67,High/Low,Normal (170-185)
S. Moutoussamy,Samuel Moutoussamy,26,Congo DR,"CM, CDM",Nantes,Ligue 1,1.0,3600000.0,19000.0,7500000.0,73,74,1,69.0,58.0,69.0,74.0,72.0,75.0,Left,3,3,57,75,65,72,74,70,74.0,86,71,70,68,81,73,74,67,Medium/High,Lean (170-185)
Y. Atal,Youcef Atal,27,Algeria,"RB, RWB, RM",Nice,Ligue 1,1.0,3200000.0,28000.0,6300000.0,73,74,2,86.0,67.0,70.0,76.0,69.0,66.0,Right,5,4,69,73,71,77,75,71,73.0,61,64,87,86,79,70,68,72,High/Low,Lean (170-185)
Y. Magnin,Yohann Magnin,26,France,"CDM, CM",Clermont,Ligue 1,1.0,3200000.0,15000.0,6600000.0,73,74,1,65.0,57.0,63.0,68.0,70.0,69.0,Right,3,3,58,75,41,65,73,67,69.0,82,61,63,66,69,70,74,64,Medium/Medium,Lean (170-185)
G. Kyriakopoulos,Giorgos Kyriakopoulos,27,Greece,"LWB, LM, LB",Monza,Serie A,1.0,3200000.0,13000.0,,73,74,1,67.0,49.0,64.0,71.0,71.0,68.0,Left,2,2,40,73,71,73,73,45,64.0,67,68,69,66,66,73,72,50,Medium/Medium,Normal (170-185)
B. Costil,Benoît Costil,35,France,GK,Salernitana,Serie A,1.0,350000.0,12000.0,630000.0,73,73,2,,,,,,,Right,3,1,14,34,11,13,12,47,57.0,28,64,46,50,38,16,11,12,Medium/Medium,Normal (185+)
J. Cork,Jack Cork,34,England,"CDM, CM",Burnley,Premier League,1.0,1000000.0,33000.0,2000000.0,73,73,2,40.0,60.0,69.0,68.0,72.0,75.0,Right,4,3,54,76,65,65,73,58,78.0,77,75,49,33,59,73,72,63,Medium/High,Normal (170-185)
J. Rodriguez,Jay Rodriguez,33,England,ST,Burnley,Premier League,1.0,1900000.0,39000.0,3800000.0,73,73,2,63.0,76.0,68.0,72.0,42.0,66.0,Right,4,3,75,70,68,72,73,70,76.0,65,73,63,63,68,48,30,75,High/Medium,Normal (185+)
W. Hennessey,Wayne Robert Hennessey,36,Wales,GK,Nottingham Forest,Premier League,1.0,350000.0,22000.0,665000.0,73,73,1,,,,,,,Right,3,1,12,29,11,8,23,58,55.0,29,68,40,41,48,13,18,14,Medium/Medium,Lean (185+)
L. De Silvestri,Lorenzo De Silvestri,35,Italy,"RB, RWB, RM",Bologna,Serie A,1.0,925000.0,16000.0,1700000.0,73,73,2,70.0,66.0,71.0,70.0,70.0,75.0,Right,3,3,64,74,76,72,70,65,72.0,70,78,64,74,65,69,71,74,Medium/Medium,Normal (185+)
T. Krul,Tim Krul,35,Netherlands,GK,Luton Town,Premier League,1.0,350000.0,17000.0,700000.0,73,73,2,,,,,,,Left,2,1,11,31,13,13,25,50,50.0,36,63,40,33,44,14,17,8,Medium/Medium,Lean (185+)
M. Mancosu,Marco Mancosu,34,Italy,"CAM, CF",Cagliari,Serie A,1.0,1400000.0,20000.0,2500000.0,73,73,1,60.0,73.0,75.0,73.0,42.0,62.0,Right,4,3,69,75,73,73,76,77,72.0,64,59,66,55,66,32,47,73,Medium/Medium,Normal (170-185)
A. Oukidja,Alexandre Roger Oukidja,34,Algeria,GK,Metz,Ligue 1,1.0,525000.0,12000.0,1100000.0,73,73,2,,,,,,,Right,3,1,14,25,13,15,14,31,57.0,31,70,48,45,54,12,19,11,Medium/Medium,Normal (170-185)
M. Hasebe,長谷 部誠,39,Japan,"CB, CDM",Eintracht Frankfurt,Bundesliga,1.0,550000.0,17000.0,935000.0,73,73,2,50.0,51.0,72.0,70.0,77.0,59.0,Right,3,3,45,77,65,63,77,68,84.0,51,62,46,54,64,84,74,60,Medium/Medium,Lean (170-185)
M. Sakho,Mamadou Sakho,33,France,CB,Montpellier,Ligue 1,1.0,1500000.0,17000.0,3000000.0,73,73,3,35.0,35.0,63.0,55.0,72.0,80.0,Left,2,2,23,72,58,50,60,61,71.0,58,90,34,35,47,72,73,36,Low/High,Normal (185+)
M. Sissoko,Moussa Sissoko,33,France,"CM, CDM",Nantes,Ligue 1,1.0,1900000.0,19000.0,3800000.0,73,73,2,63.0,62.0,73.0,73.0,70.0,81.0,Right,3,3,54,76,71,75,74,69,73.0,77,86,55,69,64,70,72,71,Medium/Medium,Unique
C. Basham,Chris Basham,34,England,CB,Sheffield United,Premier League,1.0,1000000.0,25000.0,2000000.0,73,73,1,52.0,43.0,60.0,62.0,73.0,74.0,Right,2,2,37,65,63,63,64,57,62.0,64,77,51,52,55,72,74,50,High/Medium,Lean (185+)
I. Traoré,Ismaël Traoré,36,Côte d'Ivoire,CB,Metz,Ligue 1,1.0,550000.0,10000.0,1100000.0,73,73,1,35.0,45.0,58.0,50.0,73.0,84.0,Right,2,2,40,68,43,35,59,53,72.0,79,89,36,34,64,73,74,35,Medium/High,Stocky (170-185)
B. Espinosa,Bernardo José Espinosa Zúñiga,33,Colombia,CB,Girona,La Liga,1.0,1500000.0,19000.0,3200000.0,73,73,1,36.0,44.0,59.0,50.0,73.0,75.0,Right,3,2,40,71,51,40,65,49,67.0,51,86,38,35,41,72,73,36,Medium/High,Normal (185+)
K. Strootman,Kevin Strootman,33,Netherlands,"CM, CDM",Genoa,Serie A,1.0,1900000.0,20000.0,3400000.0,73,73,3,45.0,67.0,72.0,70.0,71.0,76.0,Left,3,2,58,76,68,67,78,70,74.0,75,76,42,48,57,69,75,69,Low/Medium,Normal (185+)
M. Gulde,Manuel Gulde,32,Germany,CB,SC Freiburg,Bundesliga,1.0,2000000.0,20000.0,3400000.0,73,73,1,64.0,40.0,51.0,58.0,75.0,71.0,Right,2,2,36,61,47,54,60,42,70.0,62,76,59,68,55,76,74,39,Medium/Medium,Normal (170-185)
L. Sepe,Luigi Sepe,32,Italy,GK,Lazio,Serie A,1.0,1500000.0,18000.0,,73,73,1,,,,,,,Left,2,1,14,32,11,14,22,44,63.0,23,68,42,46,40,28,19,10,Medium/Medium,Normal (185+)
J. Guðmundsson,Johann Berg Guðmunds­son,32,Iceland,"CAM, RM, CM",Burnley,Premier League,1.0,2400000.0,36000.0,4800000.0,73,73,1,65.0,71.0,75.0,73.0,61.0,67.0,Left,4,4,68,76,72,72,75,76,76.0,67,67,69,61,68,60,63,71,Medium/High,Normal (170-185)
G. Burgstaller,Guido Burgstaller,34,Austria,ST,Rapid Wien,Bundesliga,1.0,1500000.0,19000.0,2200000.0,73,73,1,53.0,75.0,67.0,70.0,39.0,82.0,Right,5,3,76,72,69,68,73,69,76.0,81,82,53,53,68,35,39,78,Low/Low,Normal (185+)
Juan Carlos,Juan Carlos Martín Corral,35,Spain,GK,Girona,La Liga,1.0,350000.0,10000.0,735000.0,73,73,1,,,,,,,Right,3,1,14,25,31,13,22,42,53.0,42,71,58,61,56,25,20,11,Medium/Medium,Normal (185+)
T. Ream,Timothy Michael Ream,35,United States,CB,Fulham,Premier League,1.0,800000.0,35000.0,1500000.0,73,73,1,52.0,44.0,69.0,68.0,76.0,70.0,Left,3,2,41,74,62,67,71,71,81.0,67,73,51,52,64,79,75,41,Medium/Medium,Normal (185+)
P. Pervan,Pavao Pervan,35,Austria,GK,VfL Wolfsburg,Bundesliga,1.0,350000.0,16000.0,595000.0,73,73,1,,,,,,,Right,4,1,9,22,19,14,15,34,30.0,23,54,32,27,36,16,21,5,Medium/Medium,Normal (185+)
A. Soumaoro,Bakary Adama Soumaoro,31,France,CB,Bologna,Serie A,1.0,2100000.0,23000.0,3800000.0,73,73,1,52.0,37.0,50.0,54.0,72.0,78.0,Right,3,2,31,65,47,47,59,32,71.0,54,90,51,52,50,72,73,34,Medium/Medium,Stocky (185+)
Cédric,Cédric Ricardo Alves Soares,31,Portugal,RB,Arsenal,Premier League,1.0,2200000.0,60000.0,4200000.0,73,73,2,65.0,61.0,70.0,74.0,73.0,62.0,Right,4,3,54,76,72,75,76,62,69.0,61,56,72,59,69,70,77,69,High/Medium,Normal (170-185)
L. Kurzawa,Layvin Kurzawa,30,France,LB,Paris Saint Germain,Ligue 1,1.0,2600000.0,46000.0,4800000.0,73,73,2,66.0,65.0,72.0,75.0,72.0,67.0,Left,3,3,66,75,74,76,80,75,74.0,62,66,69,63,66,70,73,74,High/Low,Lean (170-185)
G. Defrel,Grégoire Defrel,32,France,"CF, ST",Sassuolo,Serie A,1.0,2500000.0,16000.0,4300000.0,73,73,2,78.0,73.0,66.0,76.0,33.0,51.0,Left,3,3,73,66,62,77,75,72,75.0,38,55,82,74,78,45,15,73,Medium/Low,Lean (170-185)
K. Müller,Kevin Müller,32,Germany,GK,Heidenheim,Bundesliga,1.0,1500000.0,18000.0,2700000.0,73,73,1,,,,,,,Right,3,1,13,27,12,17,18,10,52.0,31,76,49,46,48,12,10,11,Medium/Medium,Stocky (185+)
L. Bittencourt,Leonardo Jesus Loureiro Bittencourt,29,Germany,"CAM, CM",Werder Bremen,Bundesliga,1.0,3000000.0,21000.0,5400000.0,73,73,2,73.0,68.0,71.0,81.0,57.0,60.0,Right,4,3,67,73,68,81,78,67,74.0,75,46,78,68,91,57,58,68,Medium/Medium,Lean (170-)
K. Djidji,Lévy Koffi Djidji,30,Côte d'Ivoire,CB,Torino,Serie A,1.0,2500000.0,29000.0,4300000.0,73,73,1,63.0,32.0,53.0,60.0,74.0,70.0,Right,3,2,26,66,46,57,61,42,71.0,62,70,59,67,61,76,76,35,Medium/High,Normal (170-185)
P. Dummett,Paul Dummett,31,Wales,"CB, LB",Newcastle United,Premier League,1.0,2100000.0,60000.0,4000000.0,73,73,1,54.0,40.0,63.0,66.0,75.0,67.0,Left,2,2,41,70,63,65,70,52,64.0,55,70,56,53,55,75,75,56,Medium/Medium,Normal (170-185)
C. Taylor,Charlie Taylor,29,England,"CB, LB",Burnley,Premier League,1.0,2500000.0,34000.0,5000000.0,73,73,1,68.0,52.0,68.0,70.0,73.0,77.0,Left,2,3,46,69,71,70,70,65,71.0,76,77,67,68,67,73,73,59,Medium/High,Normal (185+)
B. Mendy,Benjamin Mendy,28,France,LB,Lorient,Ligue 1,1.0,2800000.0,18000.0,5600000.0,73,73,2,72.0,53.0,74.0,73.0,73.0,67.0,Left,3,3,38,77,80,74,77,74,73.0,38,77,68,75,67,71,76,72,High/Medium,Stocky (185+)
F. Thauvin,Florian Tristan Mariano Thauvin,30,France,"RM, ST",Udinese,Serie A,1.0,2900000.0,14000.0,5200000.0,73,73,1,69.0,74.0,72.0,77.0,46.0,67.0,Left,3,4,68,71,72,77,77,73,80.0,70,69,74,65,84,46,40,71,High/Medium,Normal (170-185)
R. Fredericks,Ryan Fredericks,30,England,RB,AFC Bournemouth,Premier League,1.0,2600000.0,33000.0,4900000.0,73,73,1,90.0,49.0,64.0,70.0,68.0,67.0,Right,3,3,44,69,70,71,69,60,64.0,64,65,88,92,70,70,68,66,High/Medium,Normal (170-185)
A. Lozano,Anthony Rubén Lozano Colón,30,Honduras,"ST, LM",Getafe,La Liga,1.0,3000000.0,23000.0,6300000.0,73,73,1,78.0,73.0,66.0,71.0,36.0,75.0,Right,3,3,72,68,63,73,69,75,71.0,61,83,74,81,69,33,40,75,Medium/Low,Normal (185+)
E. Krafth,Emil Henry Kristoffer Krafth,28,Sweden,"RB, CB",Newcastle United,Premier League,1.0,2800000.0,63000.0,5300000.0,73,73,1,61.0,58.0,68.0,70.0,75.0,67.0,Right,3,3,56,72,70,69,73,60,72.0,55,72,60,62,62,77,76,53,Medium/Medium,Normal (170-185)
Roger Martí,Roger Martí Salvador,32,Spain,ST,Cádiz,La Liga,1.0,2500000.0,25000.0,5300000.0,73,73,2,73.0,74.0,62.0,72.0,41.0,71.0,Right,3,3,71,68,59,72,71,61,80.0,73,71,71,74,71,42,36,79,High/Medium,Normal (170-185)
C. Hérelle,Christophe Hérelle,30,France,CB,Metz,Ligue 1,1.0,2500000.0,15000.0,5000000.0,73,73,1,50.0,48.0,61.0,61.0,73.0,73.0,Right,2,2,47,72,57,58,65,45,69.0,66,76,41,58,55,71,74,50,Low/Medium,Lean (185+)
F. Holland,Fabian Holland,32,Germany,"LWB, CDM",Darmstadt 98,Bundesliga,1.0,2100000.0,18000.0,3800000.0,73,73,1,64.0,48.0,66.0,71.0,72.0,70.0,Left,2,3,38,69,71,69,71,56,71.0,75,66,75,55,77,72,75,47,Medium/High,Normal (170-185)
F. Mollet,Florent Mollet,31,France,"CAM, CM, RM",Nantes,Ligue 1,1.0,2500000.0,19000.0,5000000.0,73,73,2,68.0,73.0,75.0,75.0,51.0,62.0,Right,4,3,68,75,72,74,75,76,73.0,75,55,70,66,76,53,54,65,Medium/Medium,Normal (170-185)
M. Desler,Mikkel Desler,28,Denmark,"RB, RWB",Toulouse,Ligue 1,1.0,2800000.0,18000.0,5600000.0,73,73,1,74.0,60.0,67.0,69.0,67.0,69.0,Right,2,2,61,73,71,67,70,64,68.0,89,60,76,72,68,67,70,69,High/Medium,Lean (170-185)
C. Lenz,Christopher Lenz,28,Germany,"LWB, LM",RB Leipzig,Bundesliga,1.0,2800000.0,34000.0,4800000.0,73,73,1,70.0,42.0,67.0,69.0,72.0,70.0,Left,3,3,35,73,71,67,71,55,71.0,70,72,68,72,69,74,75,49,Medium/Medium,Normal (170-185)
I. Sylla,Issiaga Sylla,29,Guinea,"LB, LWB, RB",Montpellier,Ligue 1,1.0,2700000.0,18000.0,5400000.0,73,73,1,70.0,61.0,68.0,68.0,68.0,73.0,Left,2,3,64,71,71,70,66,62,56.0,86,68,71,69,67,64,70,69,Medium/High,Lean (170-185)
D. Selke,Davie Selke,28,Germany,ST,FC Köln,Bundesliga,1.0,3100000.0,25000.0,5600000.0,73,73,1,73.0,72.0,54.0,69.0,37.0,78.0,Right,3,3,72,63,40,70,68,59,64.0,66,79,70,75,67,33,39,78,High/Medium,Lean (185+)
J. Cabot,Jimmy Cabot,29,France,"RWB, RM",Lens,Ligue 1,1.0,2700000.0,25000.0,5100000.0,73,73,1,87.0,66.0,66.0,77.0,62.0,60.0,Right,3,3,70,72,72,76,74,59,72.0,77,50,85,88,87,62,64,68,High/Medium,Normal (170-)
J. Rothwell,Joe Rothwell,28,England,"CM, CDM",AFC Bournemouth,Premier League,1.0,3000000.0,37000.0,5700000.0,73,73,1,77.0,66.0,73.0,75.0,61.0,66.0,Right,4,3,62,76,67,78,73,74,70.0,76,64,73,80,73,54,65,68,High/Medium,Normal (170-185)
E. Sobol,Eduard Sobol,28,Ukraine,"LWB, LM",Strasbourg,Ligue 1,1.0,2800000.0,18000.0,5600000.0,73,73,1,75.0,64.0,67.0,70.0,69.0,73.0,Left,2,2,58,67,66,70,71,65,63.0,84,67,74,76,73,68,70,66,High/Medium,Lean (185+)
Gumbau,Gerard Gumbau Garriga,28,Spain,"CM, CDM, RM",Granada,La Liga,1.0,3000000.0,17000.0,6600000.0,73,73,1,53.0,67.0,75.0,68.0,72.0,68.0,Left,3,3,64,83,61,68,73,72,65.0,66,71,54,53,60,70,75,62,Medium/Medium,Lean (185+)
Gonçalo Paciência,Gonçalo Mendes Paciência,28,Portugal,ST,VfL Bochum 1848,Bundesliga,1.0,3100000.0,21000.0,,73,73,1,42.0,75.0,59.0,75.0,33.0,77.0,Right,4,4,75,64,42,76,75,74,78.0,67,81,49,36,71,21,30,77,Medium/Low,Normal (170-185)
K. Moore,Kieffer Roberto Francisco Moore,30,Wales,ST,AFC Bournemouth,Premier League,1.0,3000000.0,39000.0,5700000.0,73,73,1,65.0,70.0,56.0,66.0,46.0,80.0,Right,3,3,73,58,58,68,71,54,68.0,66,89,52,76,52,39,44,73,Medium/Medium,Normal (185+)
Henrique,Henrique Silva Milagres,29,Brazil,LB,Olympique Lyonnais,Ligue 1,1.0,2700000.0,25000.0,5100000.0,73,73,1,76.0,45.0,63.0,71.0,70.0,65.0,Left,3,3,47,71,65,70,72,52,69.0,74,58,77,76,71,70,74,61,High/Medium,Normal (170-185)
T. Bakayoko,Tiemoué Bakayoko,28,France,"CDM, CM",Lorient,Ligue 1,1.0,2700000.0,18000.0,5400000.0,73,73,2,46.0,48.0,65.0,67.0,72.0,80.0,Right,3,3,37,72,55,68,72,70,74.0,67,87,49,44,52,72,73,59,Low/Medium,Normal (185+)
J. Aholou,Jean-Eudès Aholou,29,Côte d'Ivoire,"CM, CDM",Strasbourg,Ligue 1,1.0,3000000.0,20000.0,6000000.0,73,73,2,60.0,63.0,71.0,71.0,73.0,77.0,Left,3,3,58,76,65,71,73,74,75.0,74,80,63,57,64,73,74,70,Medium/Medium,Normal (185+)
L. Mazzitelli,Luca Mazzitelli,27,Italy,"CM, CDM",Frosinone,Serie A,1.0,3200000.0,11000.0,5800000.0,73,73,1,53.0,62.0,73.0,71.0,64.0,70.0,Right,4,3,54,77,70,70,76,73,71.0,69,69,54,52,59,55,69,59,Medium/Medium,Normal (185+)
Mariano,Mariano Díaz Mejía,29,Dominican Republic,ST,Sevilla,La Liga,1.0,3000000.0,23000.0,6300000.0,73,73,1,72.0,74.0,61.0,70.0,45.0,76.0,Right,4,3,72,66,50,70,69,63,68.0,73,75,71,72,78,41,40,74,Medium/Medium,Normal (170-185)
Mata,Jaime Mata Arnaiz,34,Spain,"ST, LM",Getafe,La Liga,1.0,1500000.0,23000.0,3200000.0,73,73,1,62.0,73.0,62.0,71.0,31.0,72.0,Right,3,3,71,67,63,73,74,66,76.0,63,73,59,65,61,29,28,78,High/Medium,Normal (185+)
L. Paqarada,Leart Paqarada,28,Kosovo,"LB, LWB",FC Köln,Bundesliga,1.0,2800000.0,21000.0,5000000.0,73,73,1,75.0,47.0,71.0,71.0,66.0,70.0,Left,3,3,36,72,79,70,73,61,67.0,79,66,77,73,73,67,69,51,High/Medium,Lean (170-185)
M. Wittek,Maximilian Wittek,27,Germany,"LB, LM",VfL Bochum 1848,Bundesliga,1.0,2900000.0,18000.0,5200000.0,73,73,1,78.0,67.0,68.0,72.0,66.0,73.0,Left,3,3,61,68,77,71,70,58,72.0,79,68,77,78,79,65,69,71,High/Low,Normal (170-185)
A. Masina,Adam Masina,29,Morocco,"CB, LB, LWB",Udinese,Serie A,1.0,2500000.0,14000.0,4500000.0,73,73,1,68.0,42.0,66.0,68.0,73.0,69.0,Left,3,3,30,69,73,68,72,60,72.0,58,72,63,72,63,71,75,58,Medium/High,Normal (185+)
J. Jankto,Jakub Jankto,27,Czech Republic,"LM, CM",Cagliari,Serie A,1.0,3200000.0,20000.0,5800000.0,73,73,2,74.0,70.0,71.0,73.0,66.0,65.0,Left,3,3,67,72,73,73,74,71,73.0,72,57,75,73,76,64,68,74,High/High,Lean (170-185)
Jaim Abra,Jaime Tomás Abravanel Mestres,31,Brazil,GK,Goiás,Serie A,1.0,1600000.0,9000.0,3000000.0,73,73,1,,,,,,,Right,3,1,13,17,22,14,21,52,54.0,38,61,58,50,43,15,20,10,Medium/Medium,Normal (185+)
Freder Cabral,Frederico Peter Cabral Bardini,31,Brazil,GK,Atlético Mineiro,Serie A,1.0,1600000.0,20000.0,2900000.0,73,73,1,,,,,,,Right,2,1,11,14,19,21,21,67,62.0,31,56,42,53,40,17,14,12,Medium/Medium,Normal (185+)
Otávio Cairinho,Otávio Alberto Cairinho Monteiro,31,Brazil,"CB, RB",Palmeiras,Serie A,1.0,2100000.0,26000.0,3800000.0,73,73,1,58.0,50.0,58.0,53.0,75.0,73.0,Right,3,2,43,64,62,44,56,44,69.0,62,75,56,59,59,77,75,36,Medium/Medium,Normal (170-185)
Lúcio Anselmão,Lúcio Anselmo Calegario Pitta,31,Brazil,"CM, CDM, LB",São Paulo,Serie A,1.0,2500000.0,28000.0,4800000.0,73,73,1,75.0,65.0,69.0,70.0,66.0,76.0,Left,3,2,59,77,62,70,71,68,67.0,92,69,73,77,71,72,70,66,Medium/Medium,Normal (170-)
Caio Chissano,Caio Welson Chissano Dourado,35,Brazil,"LB, LM",São Paulo,Serie A,1.0,925000.0,19000.0,1800000.0,73,73,1,75.0,39.0,65.0,70.0,71.0,63.0,Left,3,2,43,71,70,71,68,60,55.0,68,63,77,73,71,72,74,54,High/High,Normal (170-185)
Paulson Junqueira,Paulson Otávio Junqueira Gonçalves,27,Brazil,LB,Corinthians,Serie A,1.0,2900000.0,21000.0,5500000.0,73,73,1,77.0,48.0,61.0,69.0,69.0,70.0,Left,3,2,40,65,68,66,69,46,69.0,75,64,84,72,79,68,73,48,Medium/Medium,Normal (170-185)
Juliano Mascarinhas,Juliano Wagner Mascarinhas Concp.,27,Brazil,CDM,Botafogo,Serie A,1.0,2900000.0,17000.0,5500000.0,73,73,1,63.0,53.0,65.0,64.0,73.0,75.0,Right,2,2,52,74,56,62,64,57,72.0,79,75,65,61,65,79,72,62,Medium/Medium,Normal (170-185)
Nicolás Formido,Nicolás Júlio Formido Paiva,23,Brazil,"CAM, LM, CM",Internacional,Serie A,1.0,3500000.0,19000.0,6700000.0,73,73,1,68.0,65.0,75.0,74.0,34.0,68.0,Left,4,4,57,75,74,74,75,75,72.0,68,73,71,65,75,18,29,73,Medium/Medium,Normal (170-185)
Guto Costinho,Guto Ramón Costinho Ribeiro,35,Brazil,CB,Palmeiras,Serie A,1.0,800000.0,19000.0,1400000.0,73,73,1,62.0,37.0,56.0,61.0,74.0,74.0,Left,3,2,32,69,38,58,66,53,67.0,68,77,59,64,51,73,75,39,Medium/Medium,Normal (170-185)
Michel Cruceiro,Michel David Cruceiro Muscato,31,Brazil,"CDM, CM",Flamengo,Serie A,1.0,2100000.0,26000.0,3800000.0,73,73,1,60.0,64.0,68.0,64.0,71.0,79.0,Left,3,2,53,74,69,62,71,56,73.0,86,78,58,61,59,72,72,56,Medium/Medium,Normal (185+)
Emu Teixeira,Emanuel Breno Teixeira Rocha,39,Brazil,CB,América Mineiro,Serie A,1.0,550000.0,9000.0,1000000.0,73,73,1,66.0,36.0,55.0,54.0,72.0,78.0,Right,2,2,32,66,61,47,62,47,65.0,81,78,58,72,49,63,75,51,Low/Low,Lean (170-185)
Jonas Damasto,Jonas Welson Damasto Orsi,27,Brazil,LB,Athletico Paranaense,Serie A,1.0,2900000.0,12000.0,5500000.0,73,73,1,78.0,45.0,59.0,62.0,70.0,61.0,Left,2,2,40,68,72,61,57,40,63.0,88,54,79,77,69,78,68,40,High/Low,Lean (170-185)
Jeffmeirson,Jeff Nazario Meire Costinho,31,Brazil,LB,Bragantino,Serie A,1.0,2200000.0,13000.0,4200000.0,73,73,1,72.0,50.0,69.0,60.0,72.0,75.0,Left,3,2,41,72,67,56,61,66,62.0,78,70,71,72,66,69,73,51,Medium/Medium,Normal (170-185)
Tramontinaldo,Márcio Anderson Tramontino Sá,27,Brazil,"RB, RM",Athletico Paranaense,Serie A,1.0,2900000.0,12000.0,5500000.0,73,73,1,66.0,50.0,70.0,67.0,72.0,60.0,Right,3,2,45,74,76,61,72,61,64.0,64,59,63,68,75,74,77,51,Medium/Medium,Lean (170-185)
Neviano Neves,Nathan Walter Neves Bessa,23,Brazil,"CM, RM",Corinthians,Serie A,1.0,3500000.0,20000.0,6700000.0,73,73,1,63.0,71.0,73.0,72.0,61.0,67.0,Right,3,2,69,80,63,71,78,65,54.0,69,68,69,58,68,54,64,68,Medium/Medium,Normal (170-)
Silvosinho,Thomas Nicolas Silva Rangel,27,Brazil,"RB, RM, RWB",Santos,Serie A,1.0,2900000.0,20000.0,5500000.0,73,73,1,65.0,54.0,64.0,64.0,70.0,70.0,Right,3,2,46,69,77,53,76,45,68.0,77,64,72,60,64,72,66,51,Medium/Medium,Normal (170-185)
Pavelinho Serra,Pavel de Jesus Serra Fonseca,31,Brazil,CB,América Mineiro,Serie A,1.0,2100000.0,13000.0,4000000.0,73,73,1,35.0,47.0,49.0,51.0,74.0,70.0,Right,3,2,36,66,39,37,72,24,82.0,34,89,36,34,36,75,77,32,Medium/Medium,Stocky (185+)
Enaldo Toxeto,Enaldo Charles Toxeto Reis,39,Brazil,CB,Botafogo,Serie A,1.0,550000.0,11000.0,1000000.0,73,73,1,67.0,54.0,58.0,64.0,73.0,75.0,Left,3,2,47,68,62,58,72,34,64.0,74,74,66,67,61,71,77,41,Medium/Medium,Stocky (170-185)
Fabrio Farinha,Fabrio Sandro Farinha Donatelo,31,Brazil,"CAM, LM",Internacional,Serie A,1.0,2500000.0,21000.0,4800000.0,73,73,1,72.0,62.0,75.0,77.0,43.0,58.0,Left,3,4,65,77,75,77,75,77,76.0,57,62,71,72,83,23,56,67,High/Medium,Normal (170-185)
Sandelas Júnior,Leonardo Luis Sandelas Junior,31,Brazil,CDM,Santos,Serie A,1.0,2100000.0,20000.0,4000000.0,73,73,1,61.0,53.0,65.0,64.0,71.0,75.0,Left,3,2,46,72,55,61,67,64,69.0,77,73,60,61,65,73,72,43,Medium/Medium,Normal (170-185)
Darinho Carioca,Darío Filipe Esteiro Cortejo,27,Brazil,ST,São Paulo,Serie A,1.0,3300000.0,31000.0,6300000.0,73,73,1,64.0,76.0,52.0,67.0,25.0,59.0,Left,4,2,76,69,38,68,67,50,60.0,53,70,64,64,60,19,23,76,Medium/Medium,Normal (170-185)
Luis Couprins,Luis David Couprins Acuna,23,Brazil,"CDM, CM",Athletico Paranaense,Serie A,1.0,3100000.0,10000.0,5900000.0,73,73,1,71.0,65.0,66.0,62.0,74.0,69.0,Right,3,2,57,77,43,58,60,65,61.0,75,62,72,71,79,79,71,54,Low/Medium,Normal (170-185)
Nuno Lisareda,Nuno Caio Lisareda Abravanel,23,Brazil,ST,Corinthians,Serie A,1.0,3600000.0,22000.0,6800000.0,73,73,1,78.0,74.0,60.0,73.0,29.0,60.0,Right,3,2,75,67,51,74,72,72,77.0,68,62,80,77,78,27,23,76,Medium/Medium,Normal (185+)
Claudinho Vair,Claudiano Vair Paes Neto,35,Brazil,RW,São Paulo,Serie A,1.0,1200000.0,24000.0,2300000.0,73,73,1,79.0,63.0,71.0,74.0,49.0,62.0,Right,3,3,66,76,61,78,75,78,66.0,78,67,81,77,61,68,47,73,High/High,Stocky (170-185)
Marlon Nideiro,Marlon Lourival Nideiro Cintra,27,Brazil,CAM,Flamengo,Serie A,1.0,3200000.0,28000.0,5800000.0,73,73,1,77.0,63.0,71.0,77.0,32.0,50.0,Right,3,4,64,75,71,75,74,74,74.0,69,45,82,72,88,33,24,72,Medium/Medium,Normal (170-)
Fabri Arnoia,Fabrício Sandro Arnoia Sepa,31,Brazil,"RW, CF",Flamengo,Serie A,1.0,2500000.0,31000.0,4500000.0,73,73,1,80.0,65.0,67.0,73.0,27.0,59.0,Right,3,4,65,79,71,75,71,68,72.0,57,62,78,81,71,35,12,77,High/Low,Stocky (170-185)
T. Kadewere,Philana Tinotenda Kadewere,27,Zimbabwe,"ST, RW, RM",Olympique Lyonnais,Ligue 1,1.0,3300000.0,29000.0,6300000.0,73,73,1,74.0,73.0,67.0,74.0,38.0,67.0,Right,3,3,73,72,64,74,73,68,73.0,63,71,73,74,78,34,39,74,High/Medium,Lean (170-185)
R. Del Castillo,Romain Del Castillo,27,France,"RW, LW, RM",Brest,Ligue 1,1.0,3200000.0,17000.0,6400000.0,73,73,2,72.0,68.0,73.0,77.0,40.0,64.0,Left,3,3,66,74,72,77,76,76,72.0,64,62,75,70,85,31,45,72,Medium/Low,Normal (170-185)
A. Ndiaye,Amath Ndiaye Diedhiou,26,Senegal,"LM, ST, RM",Mallorca,La Liga,1.0,3300000.0,20000.0,6900000.0,73,73,1,91.0,68.0,66.0,75.0,49.0,64.0,Right,4,4,70,70,64,77,72,66,74.0,58,62,93,89,82,41,58,69,Medium/Medium,Lean (170-185)
Vágner Corraldo,Vágner Joshua Corraldo Santoso,23,Brazil,"LB, LM",Athletico Paranaense,Serie A,1.0,3200000.0,10000.0,6100000.0,73,73,1,72.0,59.0,63.0,69.0,71.0,63.0,Left,3,3,48,67,71,66,69,59,69.0,76,56,74,71,79,71,73,63,Medium/Medium,Normal (170-185)
A. Sedlar,Aleksandar Sedlar,31,Serbia,"CB, CDM",Deportivo Alavés,La Liga,1.0,2100000.0,17000.0,4600000.0,73,73,1,46.0,43.0,51.0,51.0,74.0,77.0,Right,3,2,50,68,33,34,62,47,63.0,74,80,52,41,69,75,74,25,Medium/High,Normal (170-185)
Enzo Merques,Enzo Diogo Merques Gomes,27,Brazil,LB,Internacional,Serie A,1.0,2900000.0,20000.0,5500000.0,73,73,1,72.0,64.0,70.0,73.0,67.0,74.0,Left,4,3,57,72,75,74,75,65,67.0,73,72,69,74,72,68,68,69,Medium/Medium,Normal (185+)
Nildo Reisão,Nildo Enaldo Reisão Dinis,27,Brazil,"CDM, CM",Atlético Mineiro,Serie A,1.0,2900000.0,24000.0,5200000.0,73,73,1,52.0,41.0,61.0,47.0,73.0,85.0,Right,3,2,32,71,57,42,53,52,57.0,87,86,48,56,44,78,74,46,Medium/Medium,Stocky (185+)
O. Zubkov,Oleksandr Zubkov,26,Ukraine,"RM, CAM, LM",Shakhtar Donetsk,Premier League,1.0,3300000.0,850.0,7300000.0,73,73,1,83.0,71.0,66.0,72.0,20.0,57.0,Left,4,4,73,66,69,78,74,64,54.0,60,65,78,87,55,13,16,69,High/Medium,Normal (170-185)
O. Karavaev,Oleksandr Karavaev,31,Ukraine,"RB, RM, LB",Dynamo Kyiv,Premier League,1.0,2200000.0,800.0,4800000.0,73,73,1,77.0,55.0,70.0,71.0,65.0,64.0,Right,4,3,63,70,76,68,74,71,65.0,78,59,78,77,75,64,72,68,High/Medium,Normal (170-185)
P. Förster,Philipp Förster,28,Germany,"CAM, CF, CM",VfL Bochum 1848,Bundesliga,1.0,3100000.0,21000.0,5600000.0,73,73,1,69.0,70.0,72.0,71.0,62.0,79.0,Left,3,3,68,75,69,71,74,75,68.0,84,80,54,82,63,65,64,74,Medium/Medium,Normal (185+)
Wilson Manafá,Wilson Miguéis Manafá Jancó,28,Portugal,"RB, LB",Granada,La Liga,1.0,2800000.0,16000.0,6200000.0,73,73,1,84.0,58.0,67.0,72.0,69.0,66.0,Right,4,3,56,72,72,71,70,65,72.0,72,59,85,84,84,69,70,72,High/Medium,Normal (170-185)
C. Antwi-Adjei,Christopher Antwi-Adjei,29,Ghana,"LM, RM",VfL Bochum 1848,Bundesliga,1.0,3000000.0,21000.0,5400000.0,73,73,1,87.0,63.0,64.0,75.0,30.0,54.0,Right,3,3,64,69,67,74,74,66,57.0,72,53,88,87,90,32,30,69,Medium/Medium,Normal (170-185)
C. Zimmermann,Christoph Zimmermann,30,Germany,CB,Darmstadt 98,Bundesliga,1.0,2500000.0,18000.0,4500000.0,73,73,1,51.0,30.0,44.0,46.0,74.0,77.0,Right,3,2,25,60,20,41,51,33,70.0,65,85,31,68,33,77,73,22,Low/High,Normal (185+)
P. Mazzocchi,Pasquale Mazzocchi,27,Italy,"RM, LM, RWB",Salernitana,Serie A,1.0,3200000.0,25000.0,5800000.0,73,73,1,79.0,61.0,71.0,72.0,68.0,71.0,Right,3,3,60,73,74,74,73,68,66.0,72,71,78,79,69,71,67,68,High/High,Normal (170-185)
T. Augello,Tommaso Augello,28,Italy,"LB, LWB, LM",Cagliari,Serie A,1.0,2800000.0,19000.0,5000000.0,73,73,1,76.0,52.0,67.0,71.0,68.0,62.0,Left,2,3,46,68,80,70,72,61,68.0,79,53,73,78,76,67,70,66,High/Medium,Normal (170-185)
Pejiño,Francisco Jesús Crespo García,26,Spain,"RM, LM",Las Palmas,La Liga,1.0,3300000.0,16000.0,7300000.0,73,73,1,92.0,74.0,68.0,74.0,36.0,60.0,Left,3,4,72,68,65,75,76,74,67.0,61,62,92,92,78,32,36,66,Medium/Low,Lean (170-185)
E. Nuamah,Ernest Appiah Nuamah,19,Ghana,"RW, ST, LW",Olympique Lyonnais,Ligue 1,1.0,5500000.0,10000.0,,72,86,1,90.0,65.0,58.0,77.0,24.0,60.0,Left,3,4,69,62,55,76,75,65,71.0,64,65,89,90,90,29,21,70,High/Low,Normal (170-185)
Stefan Bajcetic,Stefan Bajcetic Maquieira,18,Spain,"CDM, CM",Liverpool,Premier League,1.0,5000000.0,15000.0,12400000.0,72,86,1,69.0,52.0,66.0,72.0,69.0,65.0,Right,3,3,50,74,55,73,75,66,77.0,75,58,70,68,64,68,71,52,Medium/High,Lean (185+)
E. Ben Seghir,Eliesse Ben Seghir,18,France,"CF, ST",Monaco,Ligue 1,1.0,5500000.0,14000.0,13900000.0,72,85,1,77.0,73.0,63.0,75.0,28.0,56.0,Right,3,3,73,67,59,75,75,65,73.0,57,56,76,77,81,22,28,73,Medium/Medium,Normal (170-185)
J. Branthwaite,Jarrad Branthwaite,21,England,CB,Everton,Premier League,1.0,5500000.0,18000.0,11600000.0,72,84,1,70.0,34.0,48.0,55.0,72.0,71.0,Left,5,2,30,70,34,49,64,29,68.0,70,72,65,74,44,71,75,26,Medium/High,Normal (185+)
G. Simeone,Giuliano Simeone Baldini,20,Argentina,ST,Deportivo Alavés,La Liga,1.0,5500000.0,26000.0,,72,84,1,83.0,69.0,58.0,70.0,26.0,80.0,Right,3,3,74,65,60,68,70,62,59.0,79,82,84,83,79,18,20,74,High/Medium,Normal (170-185)
E. Caprile,Elia Caprile,21,Italy,GK,Empoli,Serie A,1.0,5000000.0,15000.0,,72,84,1,,,,,,,Right,3,1,7,25,11,13,15,55,33.0,28,51,46,52,60,13,11,6,Medium/Medium,Normal (185+)
A. Scott,Alex Scott,19,England,"CM, CAM",AFC Bournemouth,Premier League,1.0,5500000.0,18000.0,11600000.0,72,84,1,74.0,62.0,71.0,76.0,63.0,68.0,Right,3,3,63,74,68,75,74,72,72.0,78,65,75,74,84,64,66,69,High/Medium,Normal (170-185)
A. Pelmard,Andy Joseph Pelmard,23,France,CB,Clermont,Ligue 1,1.0,4900000.0,11000.0,10800000.0,72,83,1,81.0,35.0,61.0,71.0,71.0,76.0,Right,4,2,26,71,60,69,70,49,66.0,81,75,83,80,79,72,73,45,Medium/Medium,Lean (170-185)
M. Cho,Mohamed-Ali Cho,19,France,"ST, RM",Real Sociedad,La Liga,1.0,5000000.0,14000.0,11500000.0,72,83,1,80.0,69.0,64.0,76.0,26.0,56.0,Left,3,3,72,74,61,81,76,68,63.0,59,62,82,79,70,23,22,74,High/Medium,Normal (170-185)
L. Colombo,Lorenzo Colombo,21,Italy,ST,Monza,Serie A,1.0,5500000.0,31000.0,,72,83,1,67.0,74.0,51.0,68.0,29.0,74.0,Left,3,2,73,59,41,68,69,54,67.0,68,76,65,68,66,23,30,77,Medium/Medium,Normal (170-185)
K. Sildillia,Kiliann Sildillia,21,France,"RB, CB, RM",SC Freiburg,Bundesliga,1.0,5000000.0,13000.0,9500000.0,72,83,1,71.0,30.0,58.0,64.0,73.0,71.0,Right,3,2,26,66,65,62,67,50,56.0,71,71,69,72,65,73,73,49,Medium/Medium,Lean (185+)
Y. Chermiti,Youssef Ramalho Chermiti,19,Portugal,ST,Everton,Premier League,1.0,5000000.0,18000.0,10500000.0,72,83,1,70.0,69.0,55.0,68.0,33.0,72.0,Right,3,2,73,68,39,68,70,49,68.0,60,81,71,70,65,29,25,73,High/Medium,Lean (185+)
A. Engels,Arne Engels,19,Belgium,"CM, CDM",FC Augsburg,Bundesliga,1.0,5000000.0,11000.0,10000000.0,72,83,1,68.0,64.0,73.0,74.0,63.0,71.0,Right,3,3,62,77,70,75,74,73,66.0,79,65,70,66,76,62,64,63,High/High,Normal (185+)
Natan,Bernardo de Souza,22,Brazil,CB,Napoli,Serie A,1.0,4900000.0,25000.0,9300000.0,72,83,1,63.0,33.0,47.0,50.0,74.0,74.0,Left,2,2,27,63,39,37,62,32,55.0,74,76,64,63,59,75,74,29,Medium/High,Normal (185+)
S. van den Berg,Sepp van den Berg,21,Netherlands,CB,FSV Mainz 05,Bundesliga,1.0,4900000.0,38000.0,,72,82,1,66.0,34.0,62.0,64.0,72.0,73.0,Right,3,2,29,69,61,63,68,62,64.0,69,76,52,77,56,72,73,52,Medium/Medium,Normal (185+)
J. Garner,James David Garner,22,England,"CDM, CM, RB",Everton,Premier League,1.0,5000000.0,21000.0,10500000.0,72,82,1,66.0,63.0,72.0,68.0,68.0,70.0,Right,3,3,59,75,69,64,73,69,72.0,74,67,67,66,71,69,70,57,High/High,Lean (170-185)
M. Daramy,Mohamed Daramy,21,Denmark,LW,Stade de Reims,Ligue 1,1.0,5500000.0,14000.0,12100000.0,72,82,1,86.0,64.0,64.0,76.0,26.0,69.0,Right,3,4,67,67,62,77,74,68,72.0,77,70,88,85,84,25,27,70,High/Low,Normal (170-185)
E. Anderson,Elliott Anderson,20,Scotland,"CM, LW",Newcastle United,Premier League,1.0,5000000.0,43000.0,10500000.0,72,82,1,73.0,65.0,70.0,77.0,63.0,73.0,Right,4,3,66,76,62,77,76,77,76.0,70,73,77,70,80,59,66,68,High/Medium,Normal (170-185)
N. Patterson,Nathan Kenneth Patterson,21,Scotland,"RB, RWB",Everton,Premier League,1.0,5000000.0,18000.0,10500000.0,72,82,1,77.0,46.0,61.0,69.0,70.0,71.0,Right,3,2,41,66,63,70,69,54,58.0,74,68,74,79,72,70,73,55,High/Medium,Lean (170-185)
Yan Couto,Yan Bueno Couto,21,Brazil,"RM, RB, RWB",Girona,La Liga,1.0,5500000.0,49000.0,,72,82,1,81.0,56.0,66.0,75.0,63.0,59.0,Right,3,3,55,71,74,76,75,57,58.0,76,48,82,80,84,62,66,62,High/Medium,Lean (170-)
M. Kjaergaard,Maurits Kjaergaard,20,Denmark,CM,Salzburg,Bundesliga,1.0,5000000.0,10000.0,8500000.0,72,82,1,75.0,70.0,71.0,72.0,63.0,75.0,Left,3,3,67,73,70,71,74,74,68.0,77,74,71,78,74,63,64,71,High/Medium,Lean (185+)
K. Schade,Kevin Schade,21,Germany,"RW, ST, LW",Brentford,Premier League,1.0,5500000.0,29000.0,11600000.0,72,82,1,94.0,64.0,59.0,72.0,29.0,64.0,Right,3,3,68,66,68,74,70,61,60.0,58,64,93,94,78,20,30,69,High/Medium,Lean (185+)
Hugo Bueno,Hugo Bueno López,20,Spain,"LB, LWB",Wolverhampton Wanderers,Premier League,1.0,4900000.0,26000.0,10300000.0,72,82,1,77.0,53.0,71.0,77.0,65.0,65.0,Left,3,3,53,69,77,78,78,71,74.0,73,63,77,77,76,66,68,66,High/Medium,Lean (170-185)
C. Okoli,Memeh Caleb Okoli,21,Italy,CB,Frosinone,Serie A,1.0,4900000.0,20000.0,,72,82,1,54.0,30.0,46.0,54.0,72.0,78.0,Right,2,2,20,65,30,51,53,33,57.0,66,88,55,54,56,73,73,25,Low/High,Normal (185+)
M. Cancellieri,Matteo Cancellieri,20,Italy,"RM, CF",Empoli,Serie A,1.0,5000000.0,22000.0,,72,82,1,81.0,69.0,69.0,77.0,38.0,63.0,Left,3,4,64,71,69,79,77,65,64.0,58,66,78,84,83,31,42,65,High/Medium,Normal (170-185)
Mika Mármol,Mika Mármol Medina,22,Spain,"CB, LB",Las Palmas,La Liga,1.0,4900000.0,11000.0,11800000.0,72,82,1,74.0,38.0,61.0,66.0,72.0,65.0,Left,3,2,34,75,52,62,72,58,68.0,53,67,75,73,63,70,75,48,High/Medium,Lean (170-185)
M. Frendrup,Morten Wetche Frendrup,22,Denmark,"CDM, CM",Genoa,Serie A,1.0,5000000.0,14000.0,10000000.0,72,81,1,80.0,56.0,64.0,72.0,67.0,77.0,Right,2,2,53,73,46,72,73,68,68.0,88,71,82,79,73,69,71,64,Medium/Medium,Normal (170-185)
V. Gendrey,Valentin Gendrey,23,France,RB,Lecce,Serie A,1.0,5000000.0,10000.0,10000000.0,72,81,1,81.0,33.0,54.0,67.0,67.0,75.0,Right,2,2,34,58,66,65,68,45,63.0,81,72,84,79,72,67,70,48,Medium/High,Normal (170-185)
J. Leweling,Jamie Leweling,22,Germany,"ST, RW",VfB Stuttgart,Bundesliga,1.0,5500000.0,22000.0,,72,81,1,83.0,70.0,61.0,77.0,33.0,71.0,Right,4,4,71,69,64,79,76,59,62.0,70,76,85,81,79,33,31,71,Medium/Medium,Normal (185+)
S. Turati,Stefano Turati,21,Italy,GK,Frosinone,Serie A,1.0,4600000.0,6000.0,,72,81,1,,,,,,,Right,2,1,10,24,11,7,20,42,24.0,30,54,37,31,46,10,14,8,Medium/Medium,Normal (185+)
J. Thielmann,Jan Thielmann,21,Germany,"RM, ST, LM",FC Köln,Bundesliga,1.0,5500000.0,14000.0,11000000.0,72,81,1,81.0,69.0,66.0,72.0,45.0,66.0,Right,3,3,69,69,65,71,74,68,62.0,77,58,84,79,76,44,39,67,High/High,Normal (170-185)
P. Sarr,Pape Matar Sarr,20,Senegal,"CM, CDM",Tottenham Hotspur,Premier League,1.0,5000000.0,35000.0,10500000.0,72,81,1,67.0,63.0,68.0,73.0,67.0,66.0,Right,3,2,62,78,58,74,75,66,70.0,69,64,69,66,64,67,73,68,Medium/Medium,Lean (170-185)
A. Al Dakhil,Ameen Al Dakhil,21,Belgium,CB,Burnley,Premier League,1.0,4900000.0,21000.0,10800000.0,72,81,1,72.0,27.0,51.0,62.0,72.0,73.0,Right,3,2,22,68,27,59,65,47,70.0,68,75,69,75,58,72,73,15,Medium/High,Lean (185+)
Abner,Abner Vinicius da Silva Santos,23,Brazil,LB,Real Betis,La Liga,1.0,5000000.0,13000.0,11500000.0,72,81,1,80.0,51.0,72.0,71.0,66.0,62.0,Left,2,2,48,75,76,71,72,67,56.0,69,55,80,80,79,65,71,72,High/Medium,Normal (170-185)
M. Viti,Mattia Viti,21,Italy,CB,Sassuolo,Serie A,1.0,4900000.0,18000.0,,72,81,1,70.0,35.0,50.0,53.0,74.0,71.0,Left,3,2,26,67,35,45,60,39,63.0,67,73,67,73,60,73,75,31,Medium/Medium,Lean (185+)
M. Satriano,Martín Satriano,22,Uruguay,ST,Brest,Ligue 1,1.0,5500000.0,42000.0,,72,81,1,64.0,72.0,56.0,71.0,32.0,68.0,Right,3,3,77,67,47,72,76,58,68.0,66,72,63,65,58,27,34,74,Medium/Medium,Normal (185+)
D. Ouattara,Dango Aboubacar Faissal Ouattara,21,Burkina Faso,"RM, LM",AFC Bournemouth,Premier League,1.0,5500000.0,23000.0,11600000.0,72,81,1,83.0,68.0,63.0,75.0,43.0,57.0,Left,5,4,72,60,69,78,74,67,72.0,62,57,85,82,72,18,51,74,High/Medium,Normal (170-185)
G. Álvarez,Pedro Gastón Álvarez Sosa,23,Uruguay,"LB, CB, LWB",Getafe,La Liga,1.0,5000000.0,15000.0,11500000.0,72,81,1,70.0,25.0,56.0,61.0,73.0,71.0,Left,3,2,21,69,74,57,66,25,61.0,52,77,66,73,59,72,74,28,Medium/Medium,Normal (170-185)
D. Beljo,Dion Drena Beljo,21,Croatia,ST,FC Augsburg,Bundesliga,1.0,5500000.0,16000.0,11000000.0,72,81,1,61.0,72.0,49.0,68.0,31.0,73.0,Left,4,3,73,64,34,71,73,43,70.0,63,82,55,65,52,23,31,74,Medium/Medium,Lean (185+)
Dotor,Carlos Dotor Gonzalez,22,Spain,"CM, CDM",Celta de Vigo,La Liga,1.0,5000000.0,14000.0,11500000.0,72,81,1,57.0,61.0,65.0,71.0,66.0,63.0,Right,3,3,64,75,41,72,73,71,66.0,71,59,56,58,67,64,71,69,Medium/High,Lean (170-185)
D. Peretz,Daniel Peretz,22,Israel,GK,FC Bayern München,Bundesliga,1.0,4600000.0,21000.0,8500000.0,72,81,1,,,,,,,Right,3,1,8,32,8,14,19,41,33.0,30,71,30,42,35,9,8,7,Medium/Medium,Normal (185+)
K. Lewis-Potter,Keane Lewis-Potter,22,England,"LW, LM",Brentford,Premier League,1.0,5500000.0,33000.0,11600000.0,72,80,1,77.0,67.0,64.0,75.0,36.0,62.0,Right,4,3,68,64,68,76,73,69,64.0,71,55,81,73,84,36,30,71,High/Medium,Lean (170-)
B. Gilmour,Billy Gilmour,22,Scotland,"CDM, CM",Brighton & Hove Albion,Premier League,1.0,5000000.0,37000.0,10500000.0,72,80,1,60.0,55.0,70.0,73.0,67.0,55.0,Right,3,3,53,77,60,72,74,74,69.0,67,44,69,53,75,66,73,58,Medium/Medium,Lean (170-)
E. Holm,Emil Alfons Holm,23,Sweden,"RWB, RB, RM",Atalanta,Serie A,1.0,5000000.0,3000.0,,72,80,1,85.0,60.0,61.0,66.0,63.0,85.0,Right,3,3,57,66,70,67,70,56,58.0,88,87,82,88,57,61,67,67,Medium/High,Normal (185+)
Robert Navarro,Robert Navarro Muñoz,21,Spain,"LM, CM",Cádiz,La Liga,1.0,5500000.0,16000.0,,72,80,1,74.0,67.0,68.0,74.0,34.0,63.0,Right,3,4,73,70,67,73,74,71,68.0,67,63,77,71,78,24,34,68,Medium/Medium,Lean (170-185)
A. Seidu,Alidu Seidu,23,Ghana,"CB, RB",Clermont,Ligue 1,1.0,4900000.0,11000.0,10800000.0,72,80,1,59.0,37.0,60.0,67.0,75.0,58.0,Right,3,2,35,68,66,65,70,52,73.0,47,57,67,52,63,75,75,52,Medium/Medium,Normal (170-185)
C. Özkacar,Cenk Özkaçar,22,Turkey,CB,Valencia,La Liga,1.0,4900000.0,18000.0,11300000.0,72,80,1,60.0,36.0,57.0,62.0,72.0,77.0,Left,3,2,26,67,42,60,66,59,64.0,69,83,61,60,62,72,72,44,Medium/Medium,Normal (185+)
A. Álvarez Martínez,Agustín Álvarez Martínez,22,Uruguay,ST,Sassuolo,Serie A,1.0,5500000.0,12000.0,10500000.0,72,80,1,69.0,72.0,61.0,68.0,36.0,68.0,Right,3,2,73,69,48,64,73,61,68.0,69,74,71,67,70,31,33,73,High/Low,Normal (170-185)
V. Kristiansen,Victor Bernth Kristiansen,20,Denmark,LB,Bologna,Serie A,1.0,4900000.0,20000.0,,72,80,1,74.0,55.0,63.0,72.0,68.0,75.0,Left,3,3,52,67,66,72,72,56,66.0,83,71,75,74,71,70,70,61,High/High,Normal (170-185)
C. Wooh,Christopher Maurice Wooh,21,Cameroon,CB,Rennes,Ligue 1,1.0,4900000.0,19000.0,10300000.0,72,80,1,68.0,45.0,57.0,61.0,71.0,75.0,Right,3,2,42,66,53,60,66,52,66.0,65,81,58,77,53,69,72,52,Medium/Medium,Lean (185+)
K. Doumbia,Kamory Doumbia,20,Mali,CAM,Brest,Ligue 1,1.0,5000000.0,12000.0,,72,80,1,70.0,64.0,69.0,74.0,57.0,59.0,Right,3,3,63,74,63,74,74,73,73.0,70,54,71,69,75,54,60,70,Medium/Medium,Lean (170-)
L. Lucca,Lorenzo Lucca,22,Italy,ST,Udinese,Serie A,1.0,5500000.0,5000.0,,72,80,1,64.0,72.0,59.0,63.0,32.0,80.0,Right,3,2,69,64,57,68,71,54,67.0,66,90,55,72,33,29,31,73,Medium/High,Lean (185+)
Álex Pozo,Alejandro Pozo Pozo,24,Spain,"RB, RM, RWB",Almería,La Liga,1.0,4500000.0,14000.0,10400000.0,72,79,1,73.0,68.0,67.0,74.0,67.0,44.0,Right,3,3,69,71,71,73,75,63,55.0,73,31,75,72,88,66,72,65,High/Low,Lean (170-185)
J. Ponceau,Julien Ponceau,22,France,"CAM, CM",Lorient,Ligue 1,1.0,4800000.0,15000.0,10600000.0,72,79,1,76.0,58.0,68.0,76.0,55.0,59.0,Right,3,3,58,75,55,76,76,75,74.0,81,47,75,76,80,44,63,72,Medium/Medium,Lean (170-)
S. van Hooijdonk,Sydney van Hooijdonk,23,Netherlands,ST,Bologna,Serie A,1.0,4700000.0,21000.0,9400000.0,72,79,1,72.0,74.0,57.0,65.0,27.0,73.0,Right,4,3,76,62,50,66,66,56,57.0,67,78,73,71,64,27,22,75,Medium/Low,Normal (185+)
A. Schäfer,András Schäfer,24,Hungary,"CM, CDM",FC Union Berlin,Bundesliga,1.0,4700000.0,20000.0,8900000.0,72,79,1,72.0,61.0,67.0,73.0,64.0,64.0,Right,4,3,57,75,63,70,74,66,69.0,80,55,71,72,78,66,64,72,Medium/Medium,Lean (170-185)
L. Brassier,Lilian Brassier,23,France,"CB, LB",Brest,Ligue 1,1.0,4400000.0,11000.0,9700000.0,72,79,1,69.0,36.0,62.0,67.0,73.0,74.0,Left,2,2,30,69,61,67,70,59,69.0,71,76,66,72,60,73,74,53,Medium/Medium,Normal (185+)
B. Brahimi,Billal Brahimi,23,Algeria,"LM, ST, LW",Brest,Ligue 1,1.0,4700000.0,24000.0,,72,79,1,76.0,70.0,68.0,74.0,29.0,69.0,Left,3,3,72,72,69,78,75,69,67.0,63,76,75,76,69,19,34,68,Medium/Medium,Normal (170-185)
F. Jörgensen,Filip Jörgensen,21,Denmark,GK,Villarreal,La Liga,1.0,4100000.0,10000.0,9400000.0,72,79,1,,,,,,,Right,2,1,5,28,16,8,16,36,27.0,30,59,36,36,48,7,8,7,Medium/Medium,Lean (185+)
I. Moriba,Ilaix Moriba,20,Guinea,CM,RB Leipzig,Bundesliga,1.0,4600000.0,23000.0,8700000.0,72,79,1,68.0,71.0,63.0,74.0,64.0,65.0,Right,4,4,74,74,40,78,75,68,69.0,72,61,67,69,67,59,68,67,Medium/Medium,Normal (185+)
B. Locko,Bradley Locko,21,France,"LB, LWB",Brest,Ligue 1,1.0,4500000.0,9000.0,9900000.0,72,79,1,73.0,51.0,62.0,69.0,69.0,69.0,Left,2,2,48,70,65,70,70,52,64.0,73,67,72,74,64,69,70,56,Medium/Medium,Normal (170-185)
D. O'Shea,Dara Joseph O'Shea,24,Republic of Ireland,"CB, RB",Burnley,Premier League,1.0,3400000.0,25000.0,7500000.0,72,78,1,61.0,33.0,55.0,57.0,73.0,74.0,Right,3,2,30,67,57,52,60,42,63.0,70,76,59,63,55,72,74,34,Medium/Medium,Normal (185+)
A. Dossena,Alberto Dossena,24,Italy,CB,Cagliari,Serie A,1.0,3400000.0,14000.0,6800000.0,72,78,1,53.0,32.0,47.0,53.0,73.0,76.0,Right,3,2,23,58,35,48,58,39,65.0,68,82,55,52,51,75,73,32,Low/High,Lean (185+)
Jordi Mboula,Jordi Mboula Queralt,24,Spain,"RM, RW, CF",Hellas Verona,Serie A,1.0,3700000.0,16000.0,7400000.0,72,78,1,87.0,69.0,63.0,75.0,32.0,66.0,Right,4,3,74,66,66,77,73,59,71.0,72,72,86,88,79,32,30,65,Medium/Medium,Lean (170-185)
S. Nsoki,Stanley Pierre N,24,France,CB,TSG Hoffenheim,Bundesliga,1.0,3400000.0,18000.0,6500000.0,72,78,1,77.0,38.0,62.0,67.0,72.0,78.0,Left,2,2,34,67,59,68,67,63,66.0,75,80,70,83,62,69,74,55,Medium/Medium,Normal (170-185)
C. Klarer,Christoph Klarer,23,Austria,CB,Darmstadt 98,Bundesliga,1.0,3400000.0,14000.0,6800000.0,72,78,1,63.0,36.0,50.0,54.0,73.0,72.0,Right,3,2,34,70,32,48,65,35,59.0,62,78,59,66,49,75,75,32,Low/Medium,Lean (185+)
P. Akouokou,Paul Akouokou,25,Côte d'Ivoire,"CDM, CM",Olympique Lyonnais,Ligue 1,1.0,3300000.0,20000.0,6900000.0,72,78,1,56.0,56.0,68.0,70.0,71.0,63.0,Right,2,2,54,76,59,68,75,71,63.0,59,63,54,57,69,72,73,57,Medium/Medium,Lean (170-185)
V. Bondar,Valeriy Bondar,24,Ukraine,CB,Shakhtar Donetsk,Premier League,1.0,3400000.0,600.0,8200000.0,72,78,1,71.0,32.0,51.0,53.0,74.0,73.0,Right,2,2,20,67,56,39,63,33,59.0,73,75,68,73,67,77,75,32,Medium/Medium,Normal (185+)
P. Osterhage,Patrick Osterhage,23,Germany,"CDM, CM",VfL Bochum 1848,Bundesliga,1.0,3400000.0,14000.0,6800000.0,72,78,1,76.0,54.0,66.0,72.0,70.0,72.0,Left,3,3,52,70,62,74,74,68,65.0,86,67,71,80,69,70,69,61,Medium/Medium,Lean (170-185)
A. Doughty,Alfie Doughty,23,England,"LWB, RWB",Luton Town,Premier League,1.0,3500000.0,25000.0,7700000.0,72,78,1,83.0,49.0,65.0,69.0,63.0,65.0,Left,3,2,50,68,73,73,68,65,62.0,77,63,84,82,64,63,66,66,High/Medium,Lean (170-185)
B. Ocampo,Brian Alexis Ocampo Ferreira,24,Uruguay,"LM, RM",Cádiz,La Liga,1.0,3700000.0,18000.0,8500000.0,72,78,1,83.0,67.0,69.0,75.0,47.0,62.0,Right,3,4,64,66,76,79,70,65,70.0,68,59,85,81,82,40,43,65,Medium/Medium,Normal (170-185)
A. Makoumbou,Antoine Makoumbou,24,Congo,"CDM, CM",Cagliari,Serie A,1.0,3400000.0,14000.0,6800000.0,72,78,1,75.0,55.0,65.0,75.0,68.0,77.0,Right,3,3,52,72,57,76,75,65,74.0,84,76,76,75,79,65,70,52,Medium/High,Lean (185+)
Jorge Meré,Jorge Meré Pérez,26,Spain,CB,Cádiz,La Liga,1.0,3100000.0,19000.0,6700000.0,72,77,1,68.0,38.0,53.0,64.0,73.0,72.0,Right,3,2,40,70,30,59,68,45,63.0,67,73,60,75,65,72,73,25,Low/High,Normal (170-185)
E. Adebayo,Elijah Adebayo,25,England,ST,Luton Town,Premier League,1.0,3500000.0,33000.0,7300000.0,72,77,1,74.0,71.0,50.0,69.0,45.0,80.0,Right,3,3,73,55,43,69,71,55,64.0,77,85,67,80,67,42,43,74,High/High,Normal (185+)
M. Leitsch,Maxim Leitsch,25,Germany,CB,FSV Mainz 05,Bundesliga,1.0,3100000.0,17000.0,5500000.0,72,77,1,79.0,37.0,57.0,58.0,74.0,68.0,Left,2,2,29,69,59,57,54,40,65.0,59,71,84,75,58,75,75,44,Medium/High,Normal (185+)
H. Delcroix,Hannes Delcroix,24,Belgium,"CB, LB",Burnley,Premier League,1.0,3200000.0,25000.0,6600000.0,72,77,1,70.0,33.0,61.0,62.0,72.0,70.0,Left,2,2,31,73,58,55,67,51,69.0,64,73,64,74,65,69,75,36,Medium/Medium,Normal (170-185)
L. Ranieri,Luca Ranieri,24,Italy,"CB, LB",Fiorentina,Serie A,1.0,3200000.0,26000.0,5700000.0,72,77,1,73.0,41.0,59.0,67.0,74.0,65.0,Left,3,2,37,68,62,66,68,42,65.0,60,63,66,79,62,75,74,57,Medium/Medium,Normal (185+)
A. Terzić,Aleksa Terzić,23,Serbia,LB,Salzburg,Bundesliga,1.0,3300000.0,11000.0,5200000.0,72,77,1,74.0,45.0,59.0,70.0,68.0,62.0,Left,2,2,44,67,76,70,75,42,60.0,69,55,76,72,70,70,72,64,Medium/Medium,Lean (170-185)
M. Guilavogui,Morgan Guilavogui,25,Guinea,"ST, RW",Lens,Ligue 1,1.0,3500000.0,24000.0,6900000.0,72,77,1,80.0,70.0,66.0,70.0,32.0,70.0,Right,2,3,73,69,65,69,73,71,73.0,69,74,78,82,84,23,33,74,High/Medium,Lean (185+)
Juan Iglesias,Juan Antonio Iglesias Sánchez,24,Spain,"LB, RB, RM",Getafe,La Liga,1.0,3300000.0,15000.0,7200000.0,72,77,1,70.0,37.0,60.0,64.0,70.0,68.0,Right,4,3,36,68,67,65,65,55,60.0,75,66,71,70,64,68,73,58,Medium/Medium,Normal (185+)
W. Cheddira,Walid Cheddira,25,Morocco,"ST, CF",Frosinone,Serie A,1.0,3500000.0,33000.0,,72,77,1,86.0,71.0,64.0,68.0,40.0,76.0,Right,4,3,73,66,66,68,69,66,70.0,74,84,82,89,71,41,41,78,High/Medium,Stocky (185+)
T. Fosu-Mensah,Timothy Evans Fosu-Mensah,25,Netherlands,"RWB, RM, CB",Bayer 04 Leverkusen,Bundesliga,1.0,3000000.0,27000.0,5300000.0,72,76,1,74.0,60.0,64.0,65.0,73.0,76.0,Right,3,3,57,72,63,63,67,61,67.0,68,79,68,78,67,73,74,59,Low/Medium,Normal (185+)
S. Van der Heyden,Siebe Van der Heyden,25,Belgium,CB,Mallorca,La Liga,1.0,2900000.0,16000.0,6300000.0,72,76,1,58.0,34.0,57.0,53.0,73.0,74.0,Left,3,2,27,67,57,44,59,49,62.0,75,72,54,61,59,72,75,32,Medium/High,Lean (185+)
F. Müller,Florian Müller,25,Germany,GK,SC Freiburg,Bundesliga,1.0,2600000.0,13000.0,4600000.0,72,76,2,,,,,,,Left,4,1,11,32,12,18,24,42,38.0,34,67,43,43,42,20,11,11,Medium/Medium,Normal (185+)
Y. Maleh,Youssef Maleh,24,Morocco,CM,Empoli,Serie A,1.0,3300000.0,11000.0,,72,76,1,66.0,65.0,73.0,73.0,66.0,67.0,Left,3,3,65,77,70,71,74,73,73.0,78,62,69,64,75,68,69,72,Medium/High,Lean (170-185)
Jeong Woo Yeong,정우영 Woo Yeong Jeong,23,Korea Republic,"CAM, CF",VfB Stuttgart,Bundesliga,1.0,3400000.0,15000.0,6400000.0,72,76,1,77.0,62.0,67.0,78.0,36.0,63.0,Right,4,4,66,73,68,78,77,71,61.0,85,54,78,76,87,34,32,71,Medium/Medium,Unique
P. Köhn,Philipp François Köhn,25,Switzerland,GK,Monaco,Ligue 1,1.0,2600000.0,22000.0,5100000.0,72,76,1,,,,,,,Right,2,1,8,35,11,23,28,54,32.0,28,63,48,43,56,12,13,7,Medium/Medium,Normal (185+)
Josep Martínez,Josep Martínez Riera,25,Spain,GK,Genoa,Serie A,1.0,2600000.0,12000.0,4900000.0,72,76,1,,,,,,,Right,3,1,6,27,12,8,11,52,42.0,42,58,24,30,32,15,13,11,Medium/Medium,Normal (185+)
M. Camara,Mahdi Camara,25,France,"CM, CDM, RB",Brest,Ligue 1,1.0,3200000.0,13000.0,6600000.0,72,76,1,59.0,58.0,68.0,71.0,73.0,75.0,Right,3,3,56,75,58,69,74,70,72.0,79,73,64,55,73,73,74,62,Medium/High,Normal (170-185)
L. Kilian,Luca Jannis Kilian,23,Germany,CB,FC Köln,Bundesliga,1.0,3000000.0,15000.0,5600000.0,72,76,1,69.0,39.0,56.0,54.0,72.0,77.0,Right,3,2,36,67,48,48,59,52,69.0,66,85,68,69,50,70,72,33,Medium/Medium,Normal (185+)
D. Boloca,Daniel Boloca,24,Romania,"CM, CDM",Sassuolo,Serie A,1.0,3300000.0,11000.0,5900000.0,72,76,1,64.0,58.0,69.0,71.0,52.0,74.0,Right,3,3,55,79,52,70,75,71,69.0,82,74,65,64,72,46,58,67,Medium/Medium,Lean (185+)
M. Lowe,Max Lowe,26,England,"LWB, LB",Sheffield United,Premier League,1.0,2800000.0,22000.0,5800000.0,72,75,1,80.0,46.0,63.0,73.0,69.0,67.0,Left,3,3,41,67,64,74,73,62,63.0,69,66,78,81,74,66,74,66,Medium/Medium,Lean (170-185)
San Emeterio,Federico San Emeterio Díaz,26,Spain,"CM, CDM",Cádiz,La Liga,1.0,3000000.0,20000.0,6500000.0,72,75,1,54.0,67.0,67.0,67.0,72.0,76.0,Right,3,2,67,73,55,65,72,74,68.0,79,73,57,52,54,68,76,72,Low/High,Normal (170-185)
M. Wieteska,Mateusz Wieteska,26,Poland,CB,Cagliari,Serie A,1.0,2700000.0,16000.0,5100000.0,72,75,1,57.0,37.0,48.0,56.0,73.0,76.0,Right,3,2,36,63,33,47,61,40,72.0,67,79,50,62,64,73,73,41,Medium/Medium,Lean (185+)
S. Bastoni,Simone Bastoni,26,Italy,"CM, LM, LB",Empoli,Serie A,1.0,3000000.0,4000.0,,72,75,1,68.0,58.0,71.0,72.0,69.0,69.0,Left,2,3,52,74,71,72,73,70,71.0,75,68,67,68,68,65,73,72,High/High,Normal (170-185)
Ó. Estupiñán,Óscar Eduardo Estupiñán Vallesilla,26,Colombia,ST,Metz,Ligue 1,1.0,3100000.0,15000.0,,72,75,1,68.0,72.0,52.0,68.0,33.0,79.0,Left,3,3,73,57,46,66,70,48,67.0,75,80,69,67,65,30,30,76,Medium/Medium,Stocky (170-185)
G. Suazo,Gabriel Alonso Suazo Urbina,25,Chile,"LB, LM, LWB",Toulouse,Ligue 1,1.0,2900000.0,15000.0,6000000.0,72,75,1,72.0,59.0,67.0,71.0,66.0,75.0,Left,2,3,60,71,68,70,73,64,70.0,81,72,70,73,73,68,67,65,High/Medium,Lean (170-185)
J. Duverne,Jean-Kévin Duverne,25,France,"LB, RB",Nantes,Ligue 1,1.0,2900000.0,15000.0,6000000.0,72,75,1,59.0,38.0,62.0,69.0,75.0,74.0,Right,3,3,31,73,58,70,71,54,69.0,74,75,57,61,65,75,75,55,Low/Medium,Lean (170-185)
B. Radunović,Boris Radunović,27,Serbia,GK,Cagliari,Serie A,1.0,2300000.0,13000.0,4300000.0,72,75,1,,,,,,,Right,3,1,19,32,15,17,26,35,54.0,32,73,42,41,35,20,13,13,Medium/Medium,Normal (185+)
P. Tietz,Phillip Tietz,25,Germany,ST,FC Augsburg,Bundesliga,1.0,3100000.0,20000.0,5800000.0,72,75,1,68.0,72.0,56.0,67.0,33.0,76.0,Right,3,2,75,66,37,65,71,63,72.0,72,82,62,73,63,26,36,76,Medium/Medium,Normal (185+)
Pol Lirola,Pol Mikel Lirola Kosok,25,Spain,"RB, RM, RWB",Frosinone,Serie A,1.0,2900000.0,22000.0,,72,75,1,72.0,62.0,69.0,69.0,67.0,69.0,Right,3,3,60,71,76,69,71,65,68.0,74,66,74,70,67,67,70,63,Medium/Medium,Normal (170-185)
I. Cardona,Irvin Cardona,25,France,"ST, LM",FC Augsburg,Bundesliga,1.0,3100000.0,20000.0,5800000.0,72,75,1,84.0,72.0,66.0,72.0,26.0,62.0,Right,3,3,70,73,56,73,74,72,67.0,68,71,76,91,69,27,17,72,Medium/Medium,Lean (185+)
F. Ballo-Touré,Fodé Ballo-Touré,26,Senegal,"LB, LM",Fulham,Premier League,1.0,2800000.0,34000.0,,72,75,1,83.0,51.0,67.0,71.0,67.0,71.0,Left,2,3,49,72,70,73,72,64,63.0,71,70,86,81,70,66,71,64,High/Medium,Lean (170-185)
T. De Smet,Thibault De Smet,25,Belgium,LB,Stade de Reims,Ligue 1,1.0,2900000.0,15000.0,6000000.0,72,75,1,68.0,52.0,64.0,67.0,68.0,73.0,Left,3,2,46,71,71,64,72,53,65.0,80,69,65,70,61,66,70,55,Medium/Medium,Lean (170-185)
R. Hack,Robin Hack,24,Germany,LM,Borussia Mönchengladbach,Bundesliga,1.0,3200000.0,17000.0,5700000.0,72,75,1,81.0,65.0,65.0,75.0,33.0,52.0,Right,4,4,69,70,63,74,73,66,68.0,76,45,84,78,87,33,31,68,High/Low,Lean (170-185)
A. Harroui,Abdoulrahmane Harroui,25,Morocco,"CDM, CM",Frosinone,Serie A,1.0,2800000.0,9000.0,5300000.0,72,75,1,73.0,68.0,70.0,74.0,67.0,75.0,Right,5,3,66,73,66,75,76,74,72.0,85,73,75,71,71,67,71,68,Medium/Medium,Normal (170-185)
K. Schlotterbeck,Keven Schlotterbeck,26,Germany,CB,VfL Bochum 1848,Bundesliga,1.0,2700000.0,18000.0,,72,75,1,53.0,27.0,51.0,54.0,74.0,75.0,Left,3,2,23,65,25,49,57,58,68.0,64,83,53,53,54,73,78,27,Medium/Medium,Normal (185+)
V. Shepelev,Volodymyr Shepelev,26,Ukraine,"CM, CDM",Dynamo Kyiv,Premier League,1.0,3000000.0,750.0,6800000.0,72,75,1,64.0,63.0,64.0,69.0,65.0,62.0,Right,3,3,64,76,34,68,74,74,63.0,68,57,69,60,67,68,67,68,Medium/Medium,Lean (170-185)
S. Nicholson,Shamar Amaro Nicholson,26,Jamaica,ST,Clermont,Ligue 1,1.0,3100000.0,15000.0,6400000.0,72,75,1,68.0,75.0,58.0,66.0,24.0,77.0,Right,4,3,75,65,53,69,67,60,72.0,73,83,62,73,57,15,25,74,High/Medium,Normal (185+)
M. Grüll,Marco Grüll,24,Austria,LM,Rapid Wien,Bundesliga,1.0,3200000.0,14000.0,4900000.0,72,75,1,86.0,70.0,65.0,74.0,32.0,67.0,Right,4,4,70,65,64,76,74,66,63.0,86,71,84,87,77,46,22,65,High/Medium,Normal (170-185)
J. Justvan,Julian Justvan,25,Germany,"CAM, RWB, LWB",TSG Hoffenheim,Bundesliga,1.0,3100000.0,22000.0,5500000.0,72,75,1,84.0,55.0,70.0,74.0,53.0,52.0,Left,3,3,52,75,62,74,73,75,58.0,74,40,82,85,86,55,52,68,High/Low,Normal (170-185)
O. Tymchyk,Oleksandr Tymchyk,26,Ukraine,RB,Dynamo Kyiv,Premier League,1.0,2800000.0,700.0,6400000.0,72,75,1,87.0,41.0,64.0,63.0,69.0,53.0,Right,3,2,40,71,67,61,62,62,64.0,70,44,84,89,72,69,72,58,High/High,Lean (170-185)
A. Ismajli,Ardian Ismajli,26,Albania,CB,Empoli,Serie A,1.0,2700000.0,8000.0,5100000.0,72,75,1,71.0,30.0,49.0,61.0,75.0,66.0,Right,3,2,22,64,34,58,59,38,67.0,63,65,69,73,67,75,75,24,Low/High,Normal (185+)
K. Hause,Kortney Hause,27,England,CB,Aston Villa,Premier League,1.0,2500000.0,43000.0,4900000.0,72,74,1,59.0,44.0,58.0,58.0,71.0,74.0,Left,2,2,35,66,58,54,63,56,60.0,47,86,53,64,53,72,70,32,Low/Medium,Normal (185+)
E. Horvath,Ethan Shea Horvath,28,United States,GK,Nottingham Forest,Premier League,1.0,2000000.0,31000.0,4000000.0,72,74,1,,,,,,,Right,3,1,17,31,11,16,22,50,31.0,30,64,48,49,54,14,9,11,Medium/Medium,Normal (185+)
A. Maitland-Niles,Ainsley Maitland-Niles,25,England,"CM, RB",Olympique Lyonnais,Ligue 1,1.0,2900000.0,22000.0,5700000.0,72,74,2,77.0,61.0,69.0,73.0,68.0,67.0,Right,3,4,59,74,64,73,74,74,70.0,69,67,78,77,75,66,73,72,Low/Low,Lean (170-185)
David Gil,David Gil Mohedano,29,Spain,GK,Cádiz,La Liga,1.0,1900000.0,16000.0,4100000.0,72,74,1,,,,,,,Left,2,1,13,30,30,28,29,31,40.0,41,66,48,46,32,15,15,12,Medium/Medium,Normal (185+)
M. Caufriez,Maximiliano Caufriez,26,Belgium,CB,Clermont,Ligue 1,1.0,2600000.0,13000.0,5400000.0,72,74,1,56.0,30.0,57.0,56.0,73.0,73.0,Right,3,2,23,66,56,51,65,54,63.0,66,76,54,57,43,74,73,37,Medium/Medium,Normal (185+)
I. Radu,Ionuț Andrei Radu,26,Romania,GK,AFC Bournemouth,Premier League,1.0,2200000.0,32000.0,,72,74,1,,,,,,,Right,2,1,18,24,13,15,17,37,43.0,32,58,42,38,43,12,19,9,Medium/Medium,Normal (185+)
K. Günter,Koray Günter,28,Germany,CB,Hellas Verona,Serie A,1.0,2200000.0,18000.0,4100000.0,72,73,1,62.0,46.0,60.0,62.0,74.0,69.0,Right,3,2,41,68,48,58,63,62,66.0,50,75,67,58,65,76,73,39,Low/High,Normal (170-185)
V. Lazaro,Valentino Lazaro,27,Austria,"RWB, RM, LM",Torino,Serie A,1.0,2500000.0,26000.0,4400000.0,72,73,2,74.0,69.0,73.0,74.0,64.0,66.0,Right,3,4,68,75,72,73,73,72,76.0,67,66,78,70,80,64,65,75,Medium/Medium,Lean (170-185)
José Pozo,José Ángel Pozo la Rosa,27,Spain,"CAM, ST",Rayo Vallecano,La Liga,1.0,2700000.0,14000.0,5900000.0,72,73,1,73.0,72.0,70.0,74.0,61.0,59.0,Right,4,3,74,73,65,73,74,69,72.0,69,59,76,70,79,61,68,72,Medium/Medium,Lean (170-185)
O. McBurnie,Oliver McBurnie,27,Scotland,ST,Sheffield United,Premier League,1.0,2700000.0,27000.0,5600000.0,72,73,1,54.0,71.0,58.0,68.0,33.0,78.0,Right,3,3,73,69,40,68,73,66,71.0,70,81,54,54,55,32,29,75,Medium/Medium,Lean (185+)
G. Wüthrich,Gregory Kwesi Wüthrich,28,Switzerland,CB,Sturm Graz,Bundesliga,1.0,2200000.0,13000.0,3500000.0,72,73,1,48.0,35.0,51.0,53.0,71.0,81.0,Right,3,2,33,61,37,47,60,50,66.0,70,90,49,48,56,73,72,36,Medium/Medium,Normal (185+)
A. Desmas,Arthur Desmas,29,France,GK,Le Havre,Ligue 1,1.0,1800000.0,11000.0,3700000.0,72,73,1,,,,,,,Right,2,1,18,23,18,15,19,41,32.0,24,62,37,35,26,14,17,9,Medium/Medium,Lean (185+)
M. Pedersen,Mads Pedersen,26,Denmark,"LB, LM",FC Augsburg,Bundesliga,1.0,2500000.0,18000.0,4700000.0,72,73,1,83.0,52.0,65.0,73.0,66.0,66.0,Left,3,3,45,69,68,73,71,66,58.0,78,58,84,83,80,66,70,71,Medium/Medium,Normal (170-185)
José Machín,José Ndong Machín Dicombo,26,Equatorial Guinea,CM,Monza,Serie A,1.0,2700000.0,31000.0,4800000.0,72,73,1,64.0,64.0,70.0,72.0,62.0,66.0,Right,3,3,60,75,59,74,74,73,65.0,73,63,61,67,69,61,64,73,High/Medium,Normal (170-185)
M. Pereira Lage,Mathias Pereira Lage,26,Portugal,"RW, LW",Brest,Ligue 1,1.0,2800000.0,15000.0,5800000.0,72,73,1,71.0,71.0,73.0,73.0,61.0,64.0,Right,3,4,68,76,73,73,73,73,68.0,80,64,71,71,77,61,59,71,Medium/Medium,Lean (170-185)
R. Oudin,Rémi Oudin,26,France,"LW, LM, CM",Lecce,Serie A,1.0,2800000.0,14000.0,5300000.0,72,73,1,70.0,70.0,71.0,73.0,33.0,65.0,Left,3,3,68,72,72,72,73,69,74.0,75,69,67,73,75,37,27,74,Medium/Medium,Lean (185+)
R. Yaremchuk,Roman Yaremchuk,27,Ukraine,ST,Valencia,La Liga,1.0,2700000.0,18000.0,,72,73,1,73.0,71.0,68.0,67.0,44.0,73.0,Right,3,2,70,73,69,69,67,66,67.0,71,76,70,76,66,38,48,73,High/Medium,Lean (185+)
M. Sarkaria,Manprit Sarkaria,26,Austria,"ST, CAM",Sturm Graz,Bundesliga,1.0,2800000.0,14000.0,4400000.0,72,73,1,80.0,72.0,71.0,74.0,36.0,71.0,Left,3,3,72,71,70,74,73,74,71.0,79,73,78,81,84,30,33,72,High/Low,Normal (170-185)
Antonio Sánchez,Antonio Sánchez Navarro,26,Spain,"RM, CM",Mallorca,La Liga,1.0,2800000.0,18000.0,6100000.0,72,73,1,74.0,66.0,72.0,71.0,65.0,73.0,Right,3,3,61,79,64,69,71,72,70.0,78,75,75,74,82,60,68,68,Medium/Medium,Normal (170-185)
J. Leca,Jean-Louis Leca,37,France,GK,Lens,Ligue 1,1.0,250000.0,11000.0,475000.0,72,72,2,,,,,,,Right,3,1,11,33,12,13,25,27,60.0,24,68,41,41,40,18,14,11,Medium/Medium,Stocky (170-185)
T. Heaton,Tom Heaton,37,England,GK,Manchester United,Premier League,1.0,250000.0,30000.0,475000.0,72,72,1,,,,,,,Right,3,1,12,38,17,17,35,48,59.0,38,66,48,45,54,16,15,12,Medium/Medium,Normal (185+)
A. Ulmer,Andreas Ulmer,37,Austria,LB,Salzburg,Bundesliga,1.0,525000.0,9000.0,788000.0,72,72,1,67.0,62.0,69.0,72.0,70.0,68.0,Left,3,3,53,70,72,70,74,64,75.0,72,69,66,67,73,74,69,70,High/Medium,Normal (170-185)
D. Randolph,Darren Randolph,36,Republic of Ireland,GK,AFC Bournemouth,Premier League,1.0,250000.0,15000.0,475000.0,72,72,1,,,,,,,Right,3,1,14,33,11,14,33,35,36.0,23,57,41,44,50,15,14,11,Medium/Medium,Normal (185+)
J. Tomkins,James Tomkins,34,England,CB,Crystal Palace,Premier League,1.0,750000.0,25000.0,1400000.0,72,72,1,33.0,32.0,56.0,49.0,74.0,65.0,Right,3,2,29,68,45,44,57,54,70.0,32,77,34,32,30,74,74,38,Low/Medium,Normal (185+)
V. Mannone,Vito Mannone,35,Italy,GK,Lille,Ligue 1,1.0,250000.0,11000.0,475000.0,72,72,1,,,,,,,Right,3,1,16,48,11,15,24,57,57.0,31,67,54,56,42,23,11,12,Medium/Medium,Normal (185+)
M. Ritchie,Matt Ritchie,33,Scotland,"LM, LB",Newcastle United,Premier League,1.0,1500000.0,58000.0,2900000.0,72,72,1,58.0,71.0,74.0,74.0,67.0,62.0,Left,4,3,66,74,77,75,75,73,73.0,52,60,62,54,65,68,73,73,High/Medium,Normal (170-185)
C. Pinsoglio,Carlo Pinsoglio,33,Italy,GK,Juventus,Serie A,1.0,750000.0,42000.0,1300000.0,72,72,1,,,,,,,Left,2,1,11,24,13,18,22,35,64.0,34,60,43,41,33,20,12,11,Medium/Medium,Normal (185+)
Alberto Perea,Alberto Perea Correoso,32,Spain,"LM, CAM, RM",Granada,La Liga,1.0,1900000.0,14000.0,4200000.0,72,72,1,71.0,70.0,69.0,76.0,35.0,59.0,Right,3,3,73,70,66,76,77,68,70.0,58,59,71,71,79,37,34,71,Medium/Medium,Lean (170-185)
M. Destro,Mattia Destro,32,Italy,ST,Empoli,Serie A,1.0,1900000.0,10000.0,3400000.0,72,72,2,66.0,73.0,60.0,70.0,29.0,57.0,Right,3,4,74,70,56,70,70,58,65.0,34,66,68,65,70,28,22,75,Medium/Low,Normal (170-185)
Adrián,Adrián San Miguel del Castillo,36,Spain,GK,Liverpool,Premier League,1.0,250000.0,28000.0,463000.0,72,72,1,,,,,,,Right,2,1,16,21,12,15,23,32,57.0,38,63,44,42,53,18,19,12,Medium/Medium,Normal (185+)
J. Martin,Jonas Martin,33,France,"CDM, CM",Brest,Ligue 1,1.0,1200000.0,13000.0,2400000.0,72,72,2,46.0,65.0,74.0,71.0,69.0,68.0,Right,4,3,61,76,72,71,71,72,74.0,64,68,48,44,68,72,69,69,Medium/Medium,Normal (170-185)
C. Gamboa,Cristian Esteban Gamboa Luna,33,Costa Rica,RB,VfL Bochum 1848,Bundesliga,1.0,1200000.0,16000.0,2200000.0,72,72,1,87.0,47.0,65.0,71.0,68.0,70.0,Right,2,3,32,65,67,68,69,63,67.0,70,65,86,87,81,67,69,65,Medium/Medium,Normal (170-185)
E. Rashani,Elbasan Rashani,30,Kosovo,"LW, LM",Clermont,Ligue 1,1.0,2300000.0,15000.0,4600000.0,72,72,1,80.0,66.0,65.0,72.0,39.0,66.0,Left,4,4,69,69,66,71,74,68,70.0,75,63,78,82,78,42,32,71,Medium/High,Lean (170-185)
J. Robinson,Jack Robinson,29,England,CB,Sheffield United,Premier League,1.0,2000000.0,23000.0,4000000.0,72,72,1,69.0,41.0,60.0,61.0,72.0,74.0,Left,3,2,40,65,58,55,64,57,59.0,71,72,70,68,72,72,74,52,Medium/Medium,Normal (170-185)
B. Bereszyński,Bartosz Bereszyński,30,Poland,"RB, CB, RM",Empoli,Serie A,1.0,2000000.0,3000.0,,72,72,1,79.0,56.0,64.0,69.0,67.0,73.0,Right,3,3,50,68,67,68,70,60,69.0,83,68,76,81,73,66,69,60,High/Medium,Normal (170-185)
Pedro Obiang,Pedro Mba Obiang Avomo,31,Equatorial Guinea,"CDM, CM",Sassuolo,Serie A,1.0,1600000.0,12000.0,2700000.0,72,72,2,53.0,59.0,70.0,70.0,71.0,70.0,Right,3,3,50,74,68,70,72,69,75.0,65,72,53,53,63,70,74,60,Medium/Medium,Lean (185+)
M. Esser,Michael Esser,35,Germany,GK,VfL Bochum 1848,Bundesliga,1.0,250000.0,9000.0,450000.0,72,72,1,,,,,,,Right,3,1,8,39,10,15,17,48,53.0,37,82,32,48,30,20,15,6,Medium/Medium,Normal (185+)
T. Koubek,Tomáš Koubek,30,Czech Republic,GK,FC Augsburg,Bundesliga,1.0,1600000.0,14000.0,2900000.0,72,72,2,,,,,,,Right,2,1,12,14,13,17,20,39,54.0,33,79,39,43,25,14,12,12,Medium/Medium,Normal (185+)
M. Badelj,Milan Badelj,34,Croatia,"CDM, CM",Genoa,Serie A,1.0,800000.0,16000.0,1400000.0,72,72,2,52.0,61.0,71.0,70.0,69.0,72.0,Right,4,3,50,74,69,70,75,71,71.0,76,70,50,54,63,69,70,60,Medium/Medium,Lean (185+)
T. Delaine,Thomas Delaine,31,France,"LWB, RWB",Strasbourg,Ligue 1,1.0,1700000.0,15000.0,3400000.0,72,72,1,81.0,50.0,69.0,71.0,66.0,72.0,Left,5,3,45,72,69,72,70,70,67.0,74,70,77,85,76,66,67,70,High/Medium,Normal (170-185)
L. Karius,Loris Karius,30,Germany,GK,Newcastle United,Premier League,1.0,1600000.0,43000.0,3000000.0,72,72,2,,,,,,,Right,3,1,18,38,14,16,23,50,60.0,36,75,55,54,51,9,11,8,Medium/Medium,Stocky (185+)
K. Lala,Kenny Lala,31,France,"RB, RWB",Brest,Ligue 1,1.0,1700000.0,13000.0,3400000.0,72,72,1,73.0,61.0,71.0,70.0,69.0,71.0,Right,3,3,59,71,72,70,72,68,70.0,71,71,73,73,66,70,70,70,Medium/Medium,Normal (170-185)
A. Jung,Anthony Jung,31,Germany,"LWB, CB",Werder Bremen,Bundesliga,1.0,1700000.0,16000.0,3100000.0,72,72,1,63.0,62.0,66.0,66.0,73.0,77.0,Left,3,3,57,68,67,64,68,59,66.0,79,78,65,61,64,75,74,53,Medium/Medium,Normal (185+)
C. Lykogiannis,Charalampos Lykogiannis,29,Greece,"LB, LM, LWB",Bologna,Serie A,1.0,2100000.0,21000.0,3800000.0,72,72,1,81.0,68.0,67.0,67.0,68.0,73.0,Left,3,2,62,70,69,69,72,58,64.0,69,81,74,87,48,67,72,63,High/Medium,Normal (185+)
R. Haps,Ridgeciano Delano Haps,30,Suriname,"LB, LM, LWB",Genoa,Serie A,1.0,2000000.0,4000.0,,72,72,1,85.0,63.0,65.0,73.0,65.0,70.0,Left,3,3,63,70,74,73,70,55,67.0,80,66,82,88,84,64,68,70,Medium/Medium,Normal (170-185)
Manquillo,Javier Manquillo Gaitán,29,Spain,"RB, RWB",Newcastle United,Premier League,1.0,2100000.0,56000.0,4000000.0,72,72,2,63.0,45.0,63.0,71.0,73.0,61.0,Right,3,3,32,71,74,72,74,41,64.0,55,61,64,62,66,73,75,67,Medium/Medium,Normal (170-185)
Ivan Cavaleiro,Ivan Ricardo Neves Abreu Cavaleiro,29,Portugal,"LM, LW, ST",Lille,Ligue 1,1.0,2300000.0,23000.0,4400000.0,72,72,1,82.0,70.0,66.0,73.0,37.0,73.0,Right,3,4,70,67,68,72,75,69,60.0,64,78,79,84,76,24,42,68,Medium/Medium,Normal (170-185)
L. Garritano,Luca Garritano,29,Italy,"CAM, CM, LW",Frosinone,Serie A,1.0,2300000.0,10000.0,4100000.0,72,72,1,86.0,67.0,68.0,74.0,55.0,59.0,Right,3,4,68,69,66,70,71,72,70.0,81,50,90,83,91,58,54,70,High/Low,Lean (170-185)
S. Michel,Sven Michel,32,Germany,"ST, LM",FC Augsburg,Bundesliga,1.0,1900000.0,21000.0,3400000.0,72,72,1,72.0,73.0,66.0,74.0,34.0,72.0,Left,3,3,74,72,67,74,74,64,67.0,77,71,77,68,76,34,31,74,High/Medium,Normal (170-185)
C. Morris,Carlton Morris,27,England,ST,Luton Town,Premier League,1.0,2500000.0,34000.0,5000000.0,72,72,1,75.0,71.0,55.0,67.0,32.0,75.0,Right,4,3,73,60,48,67,69,65,68.0,69,82,74,76,66,24,25,74,High/Medium,Stocky (185+)
J. Toljan,Jeremy Toljan,28,Germany,RB,Sassuolo,Serie A,1.0,2100000.0,12000.0,3600000.0,72,72,2,82.0,42.0,63.0,69.0,65.0,66.0,Right,4,3,39,70,73,67,72,48,58.0,71,65,81,83,73,62,71,56,Medium/Medium,Lean (170-185)
D. Sinkgraven,Daley Sinkgraven,27,Netherlands,"LB, LWB, LM",Las Palmas,La Liga,1.0,2300000.0,13000.0,5100000.0,72,72,2,74.0,60.0,72.0,74.0,68.0,61.0,Left,3,3,58,72,71,74,75,72,68.0,72,50,79,69,79,67,69,70,Medium/Medium,Lean (170-185)
G. Haraguchi,原口 元気,32,Japan,"CAM, CM",VfB Stuttgart,Bundesliga,1.0,1900000.0,18000.0,3400000.0,72,72,2,73.0,64.0,70.0,76.0,44.0,51.0,Right,4,4,67,74,65,76,75,72,69.0,79,41,75,72,86,46,46,64,High/Medium,Lean (170-185)
J. Amavi,Jordan Kévin Amavi,29,France,LB,Brest,Ligue 1,1.0,2100000.0,24000.0,,72,72,1,72.0,61.0,66.0,69.0,69.0,71.0,Left,5,3,55,72,71,69,70,54,67.0,67,71,71,72,68,65,73,55,High/Medium,Normal (170-185)
N. Gyömbér,Norbert Gyömbér,30,Slovakia,CB,Salernitana,Serie A,1.0,1900000.0,20000.0,3400000.0,72,72,1,58.0,31.0,43.0,50.0,74.0,71.0,Right,3,2,24,57,34,46,55,32,65.0,65,75,51,64,35,72,75,20,Medium/High,Lean (185+)
A. Grassi,Alberto Grassi,28,Italy,"CM, CDM",Empoli,Serie A,1.0,2300000.0,9000.0,4100000.0,72,72,1,57.0,63.0,70.0,73.0,67.0,63.0,Right,3,2,58,74,64,74,76,72,66.0,67,59,66,49,64,63,69,68,Medium/Medium,Lean (170-185)
L. Venuti,Lorenzo Venuti,28,Italy,RB,Lecce,Serie A,1.0,2100000.0,12000.0,3800000.0,72,72,1,70.0,26.0,61.0,67.0,68.0,63.0,Right,4,2,24,67,73,63,72,48,65.0,77,53,74,67,71,69,70,44,Medium/Medium,Normal (170-185)
Jaume,Jaume Doménech Sánchez,32,Spain,GK,Valencia,La Liga,1.0,1200000.0,17000.0,2500000.0,72,72,1,,,,,,,Right,3,1,11,57,30,13,32,43,56.0,40,68,58,58,60,20,12,16,Medium/Medium,Lean (185+)
O. Mfulu,Omenuke Mfulu,29,Congo DR,"CDM, CM",Las Palmas,La Liga,1.0,2000000.0,14000.0,4400000.0,72,72,1,76.0,54.0,62.0,69.0,70.0,79.0,Right,3,2,50,71,47,67,70,66,71.0,79,82,75,76,76,69,70,65,Low/High,Normal (170-185)
P. Michorl,Peter Michorl,28,Austria,"CM, CDM",LASK Linz,Bundesliga,1.0,2300000.0,17000.0,3500000.0,72,72,1,67.0,66.0,75.0,71.0,64.0,67.0,Left,2,3,60,74,78,70,73,75,75.0,83,61,69,66,70,66,65,62,High/Medium,Normal (170-185)
G. Kyei,Grejohn Kyei,27,France,ST,Clermont,Ligue 1,1.0,2500000.0,15000.0,5000000.0,72,72,2,62.0,70.0,54.0,70.0,27.0,80.0,Right,3,3,72,64,44,72,71,55,66.0,72,90,56,66,65,24,23,73,Medium/Medium,Stocky (185+)
Sergi Canós,Sergi Canós Tenés,26,Spain,"LM, RB, LB",Valencia,La Liga,1.0,2600000.0,23000.0,5500000.0,72,72,1,71.0,69.0,69.0,75.0,60.0,69.0,Right,3,3,70,70,72,76,73,72,63.0,69,67,73,69,78,58,64,70,High/High,Lean (170-185)
G. Ferrari,Gian Marco Ferrari,31,Italy,CB,Sassuolo,Serie A,1.0,1600000.0,12000.0,2700000.0,72,72,1,45.0,28.0,42.0,50.0,73.0,77.0,Left,3,2,30,62,20,38,62,23,69.0,73,79,52,39,47,73,74,24,Medium/Medium,Normal (185+)
S. Mounié,Steve Michel Mounié,28,Benin,ST,Brest,Ligue 1,1.0,2400000.0,16000.0,4800000.0,72,72,2,50.0,73.0,63.0,68.0,45.0,79.0,Right,3,2,74,68,60,69,73,64,71.0,66,85,46,54,57,39,41,75,Medium/Medium,Normal (185+)
M. Busch,Marnon Thomas Busch,28,Germany,RB,Heidenheim,Bundesliga,1.0,2100000.0,20000.0,3800000.0,72,72,1,84.0,53.0,62.0,68.0,65.0,75.0,Right,3,2,44,69,72,67,67,45,65.0,76,74,84,84,72,65,69,53,Medium/Medium,Normal (170-185)
Merquelanz,Martín Merquelanz Castellanos,28,Spain,"LW, RM, CAM",Real Sociedad,La Liga,1.0,2400000.0,24000.0,5000000.0,72,72,1,69.0,75.0,74.0,72.0,45.0,64.0,Left,3,3,75,74,76,72,73,74,69.0,62,66,70,69,70,25,60,70,Medium/Medium,Normal (170-185)
M. Vojvoda,Mërgim Vojvoda,28,Kosovo,"LM, LWB, RM",Torino,Serie A,1.0,2400000.0,29000.0,4100000.0,72,72,1,71.0,54.0,72.0,72.0,68.0,70.0,Right,4,3,44,74,78,73,72,70,68.0,71,70,70,72,71,66,69,70,Medium/Medium,Normal (185+)
Sergi Guardiola,Sergio Guardiola Navarro,32,Spain,ST,Cádiz,La Liga,1.0,1900000.0,22000.0,4000000.0,72,72,1,70.0,72.0,62.0,72.0,30.0,75.0,Left,2,3,73,72,52,73,74,65,65.0,70,78,68,72,73,32,19,74,High/Low,Normal (170-185)
G. Pereiro,Gastón Rodrigo Pereiro López,28,Uruguay,"CAM, CF, ST",Cagliari,Serie A,1.0,2400000.0,18000.0,4300000.0,72,72,2,73.0,72.0,71.0,75.0,40.0,68.0,Left,3,3,68,72,69,77,79,71,71.0,65,74,69,76,72,38,36,70,Low/Low,Normal (185+)
Sacramentinho,Luiz Santiago Sacramento Cruz,39,Brazil,GK,Atlético Mineiro,Serie A,1.0,250000.0,10000.0,450000.0,72,72,1,,,,,,,Right,2,1,14,16,18,13,32,69,42.0,41,56,45,46,43,12,19,16,Medium/Medium,Normal (185+)
Heitor Gesse,Heitor Edvaldo Barreto Gesser,27,Brazil,LB,Atlético Mineiro,Serie A,1.0,2300000.0,22000.0,4100000.0,72,72,1,78.0,55.0,66.0,64.0,69.0,61.0,Left,2,2,48,71,72,61,64,58,74.0,73,51,74,81,62,78,62,61,High/Medium,Lean (170-185)
Túlio Changas,Túlio Sebastião Changas Tramontino,27,Brazil,GK,Palmeiras,Serie A,1.0,1800000.0,19000.0,3200000.0,72,72,1,,,,,,,Right,3,1,14,26,12,16,19,70,44.0,41,81,45,41,50,15,14,13,Medium/Medium,Normal (170-185)
Alam Araújo,Alam Cristian Araújo Martins,31,Brazil,"LB, LM",Botafogo,Serie A,1.0,1700000.0,15000.0,3200000.0,72,72,1,73.0,51.0,64.0,67.0,72.0,68.0,Left,3,2,55,71,71,71,62,41,63.0,70,72,71,75,70,77,73,55,High/Medium,Normal (170-185)
Fabiano Sonta,Fabiano Elton Sonta Pessoa,31,Brazil,"CB, CDM",Fluminense,Serie A,1.0,1600000.0,15000.0,3000000.0,72,72,1,46.0,41.0,56.0,53.0,74.0,71.0,Right,3,2,33,69,39,46,50,51,75.0,51,78,43,48,69,76,73,37,Medium/Medium,Stocky (170-185)
Ailton Valpaços,Ailton Jonas Valpaços Salazar,31,Brazil,"CB, CDM",São Paulo,Serie A,1.0,1600000.0,23000.0,3000000.0,72,72,1,64.0,58.0,60.0,63.0,71.0,76.0,Right,3,2,42,73,47,60,66,50,72.0,75,75,69,60,68,70,75,55,Medium/Medium,Lean (185+)
Guto Milazar,Guto Ramón Milazar Coimbra,31,Brazil,LB,Flamengo,Serie A,1.0,1700000.0,23000.0,3100000.0,72,72,1,73.0,40.0,61.0,64.0,70.0,58.0,Left,3,2,22,70,67,64,58,38,60.0,85,47,74,73,76,69,71,50,Medium/Medium,Normal (170-)
Tião Couteira,Sebastião Erick Couteira Baía,23,Brazil,"CAM, RM",Athletico Paranaense,Serie A,1.0,2700000.0,10000.0,5100000.0,72,72,1,74.0,62.0,72.0,74.0,42.0,51.0,Right,4,4,70,76,76,74,76,73,71.0,37,59,75,74,67,32,52,74,Medium/Medium,Lean (170-185)
Kauã Abranches,Kauã Ricardo Abranches Simões,27,Brazil,"CAM, RM, RB",Fortaleza,Serie A,1.0,2500000.0,11000.0,4800000.0,72,72,1,84.0,64.0,67.0,73.0,51.0,62.0,Right,4,3,64,70,72,72,73,71,68.0,77,59,87,81,79,34,58,77,High/Medium,Lean (170-185)
Gustavo Lobateiro,Gustavo Rafael Lobateiro Gomes,23,Brazil,"CAM, ST, CF",Internacional,Serie A,1.0,2700000.0,16000.0,5100000.0,72,72,1,77.0,65.0,68.0,72.0,33.0,61.0,Left,5,3,67,77,67,74,68,69,69.0,54,70,76,77,77,28,28,77,High/Low,Normal (170-185)
Evandro Rochedo,Evandro Sérgio Rochedo Paulino,27,Brazil,ST,Atlético Mineiro,Serie A,1.0,2500000.0,26000.0,4500000.0,72,72,1,55.0,75.0,60.0,70.0,36.0,65.0,Right,4,3,75,64,57,70,74,54,73.0,39,80,59,52,63,15,44,75,Medium/Medium,Normal (185+)
André Milazisco,André Mikael Milazar Santoso,27,Brazil,GK,São Paulo,Serie A,1.0,1800000.0,19000.0,3400000.0,72,72,1,,,,,,,Left,1,1,7,19,9,8,21,61,62.0,35,77,33,35,38,21,9,20,Medium/Medium,Normal (185+)
Alminho Boas,Alam Cristian Boas Anjos,27,Brazil,"CDM, CM, CB",Atlético Mineiro,Serie A,1.0,2200000.0,22000.0,4000000.0,72,72,1,60.0,39.0,62.0,66.0,69.0,76.0,Right,3,2,41,75,43,60,70,58,65.0,77,72,65,55,71,67,73,55,Medium/Medium,Normal (170-185)
Flávio Rebeilo,Flávio Raphael Rebeilo Mestres,31,Brazil,LB,Santos,Serie A,1.0,1700000.0,17000.0,3200000.0,72,72,1,79.0,44.0,61.0,71.0,68.0,61.0,Left,3,3,35,66,70,71,69,50,67.0,80,53,74,83,74,68,72,56,Medium/Medium,Lean (170-185)
Tony Muttinho,Tony Josimar Mutto Abrão,27,Brazil,"RB, RWB, RM",Fortaleza,Serie A,1.0,2300000.0,10000.0,4400000.0,72,72,1,69.0,48.0,64.0,64.0,70.0,73.0,Right,3,2,45,72,67,61,67,51,63.0,73,75,66,71,71,71,73,59,Medium/Medium,Normal (170-185)
Jenaro Kaio,Jenaro Breno Kaio de Freitas,39,Brazil,CAM,Botafogo,Serie A,1.0,750000.0,11000.0,1400000.0,72,72,1,81.0,71.0,71.0,75.0,44.0,59.0,Left,5,3,69,71,70,75,76,71,70.0,65,60,79,83,75,48,34,68,Medium/Medium,Normal (170-185)
Édundo Oliveira,Éder Marvin Oliveira Simão,31,Brazil,CB,Bragantino,Serie A,1.0,1600000.0,12000.0,3000000.0,72,72,1,56.0,46.0,59.0,51.0,73.0,75.0,Right,2,2,41,67,51,45,51,54,65.0,61,82,55,56,54,69,77,35,Medium/Medium,Normal (170-185)
Igor Madinha,Igor Paolo Madinha Eustáquio,27,Brazil,"RM, CAM",São Paulo,Serie A,1.0,2500000.0,25000.0,4800000.0,72,72,1,94.0,61.0,63.0,73.0,27.0,58.0,Right,3,3,62,68,68,73,69,63,66.0,77,55,94,94,84,23,27,65,Medium/Medium,Normal (170-185)
Timo Triano,Timoteo Samuel Triano Branco,27,Brazil,"CDM, CM",Corinthians,Serie A,1.0,2200000.0,18000.0,4200000.0,72,72,1,48.0,46.0,67.0,64.0,74.0,67.0,Right,3,2,45,76,56,68,59,75,69.0,67,69,52,45,51,77,77,29,Medium/Medium,Normal (170-185)
Calegarcinho,Antônio Felipe Macedo Calegari,39,Brazil,"ST, CAM",Fortaleza,Serie A,1.0,800000.0,8000.0,1500000.0,72,72,1,66.0,70.0,62.0,65.0,25.0,71.0,Right,3,4,76,81,28,64,69,60,61.0,76,68,64,67,57,19,17,77,Medium/Medium,Normal (170-185)
Leordinho Paes,Manuel Leonardo Conceição Paes,23,Brazil,"CAM, LM",Santos,Serie A,1.0,2700000.0,16000.0,5100000.0,72,72,1,69.0,64.0,73.0,73.0,43.0,54.0,Left,3,3,67,73,71,73,76,78,66.0,66,54,68,70,73,26,54,74,Medium/Medium,Lean (170-185)
Alam Basteirinho,Marcos Alam Bastos Domingues,31,Brazil,"CAM, RM",Santos,Serie A,1.0,1900000.0,19000.0,3600000.0,72,72,1,62.0,65.0,72.0,73.0,36.0,53.0,Left,4,3,66,75,68,76,73,76,71.0,36,58,61,63,66,10,47,71,Medium/Low,Lean (170-185)
Fábio Melitinho,Fábio Kel Melo Feijó,27,Brazil,"CAM, LM",Fluminense,Serie A,1.0,2500000.0,17000.0,4800000.0,72,72,1,46.0,73.0,75.0,75.0,24.0,55.0,Right,5,3,72,74,73,74,73,75,83.0,69,50,40,51,76,10,33,74,Medium/Low,Normal (170-)
Dersan Dinis,Dersan Jaime Dinis Abravanel,31,Brazil,RW,Palmeiras,Serie A,1.0,1900000.0,27000.0,3400000.0,72,72,1,78.0,66.0,69.0,67.0,52.0,69.0,Right,3,3,72,73,72,71,68,72,64.0,63,75,76,80,58,45,51,73,High/Medium,Normal (170-185)
Hélton Celanova,Hélton Luiz Celanova Vieira,31,Brazil,ST,Internacional,Serie A,1.0,2000000.0,21000.0,3800000.0,72,72,1,53.0,76.0,60.0,67.0,22.0,73.0,Left,3,3,73,71,42,63,73,65,74.0,59,88,53,53,68,13,18,74,Medium/Low,Stocky (170-185)
Gérson Noalha,Gérson Fábio Noalha Rochela,31,Brazil,"ST, CAM, LM",Palmeiras,Serie A,1.0,2000000.0,27000.0,3600000.0,72,72,1,76.0,76.0,58.0,75.0,31.0,68.0,Left,3,4,75,56,53,76,76,56,71.0,74,69,66,85,76,33,25,67,Medium/Medium,Normal (170-185)
Jadson Vidigal,Matheus Jadson Vidigal Morais,31,Brazil,ST,Botafogo,Serie A,1.0,2000000.0,18000.0,3800000.0,72,72,1,77.0,76.0,57.0,64.0,23.0,58.0,Right,3,2,74,67,51,62,61,51,65.0,62,55,78,76,69,16,12,77,Medium/Medium,Normal (170-185)
Vicemte Tófoli,Vicemte Ernesto Tófoli Laranjeiras,27,Brazil,"LW, LM",Bragantino,Serie A,1.0,2500000.0,14000.0,4800000.0,72,72,1,79.0,71.0,63.0,75.0,36.0,48.0,Left,2,3,77,69,58,77,77,61,67.0,62,41,81,78,62,31,36,74,Medium/Medium,Normal (170-185)
Leandro Vivenço,Leandro Freddy Vivenço Morais,23,Brazil,ST,Bragantino,Serie A,1.0,2700000.0,12000.0,5100000.0,72,72,1,75.0,76.0,59.0,75.0,30.0,61.0,Right,3,3,76,55,61,77,75,57,62.0,78,54,73,76,73,33,22,65,Medium/Medium,Normal (170-185)
João Bruinheira,João Fabrício Bruinheira Salvador,35,Brazil,GK,América Mineiro,Serie A,1.0,250000.0,6000.0,475000.0,72,72,1,,,,,,,Right,1,1,9,19,9,8,20,45,62.0,34,79,35,31,33,24,8,20,Medium/Medium,Normal (185+)
Hugo Rubiães,Hugo Adryan Rubiães Chaves,27,Brazil,"CDM, RB",Fluminense,Serie A,1.0,2200000.0,15000.0,4200000.0,72,72,1,67.0,61.0,61.0,69.0,75.0,67.0,Right,3,2,55,71,48,67,71,54,62.0,67,66,72,62,76,78,74,58,Medium/Medium,Normal (170-185)
O. El Hajjam,Oualid El Hajjam,32,Morocco,RB,Le Havre,Ligue 1,1.0,1600000.0,13000.0,3200000.0,72,72,1,69.0,45.0,65.0,68.0,72.0,75.0,Right,3,3,35,70,63,67,69,60,69.0,82,74,67,70,67,73,73,61,Medium/Medium,Normal (170-185)
F. Stojković,Filip Stojković,30,Montenegro,RB,LASK Linz,Bundesliga,1.0,2000000.0,15000.0,3000000.0,72,72,1,70.0,42.0,67.0,66.0,69.0,79.0,Right,3,2,30,69,67,66,64,64,69.0,83,78,69,71,70,68,70,61,High/Medium,Normal (170-185)
Y. Salmier,Yoann Salmier,30,France,"CB, RB",Le Havre,Ligue 1,1.0,1900000.0,13000.0,3800000.0,72,72,1,35.0,28.0,53.0,55.0,72.0,80.0,Right,3,2,17,65,48,53,62,49,68.0,71,88,36,34,37,72,75,39,Medium/Medium,Normal (185+)
João Bardinho,João Rodolfo Bardinho Barros,27,Brazil,"LB, RB",América Mineiro,Serie A,1.0,2300000.0,12000.0,4400000.0,72,72,1,71.0,58.0,71.0,73.0,68.0,62.0,Left,4,3,55,72,74,73,73,64,68.0,68,60,74,69,75,79,64,56,Medium/Medium,Lean (170-185)
M. Murillo,Michael Amir Murillo Bermudez,27,Panama,"RB, RM",Olympique de Marseille,Ligue 1,1.0,2300000.0,23000.0,4400000.0,72,72,1,82.0,57.0,66.0,68.0,67.0,73.0,Right,3,3,56,68,65,67,69,68,71.0,76,72,80,83,72,58,71,67,High/High,Normal (170-185)
E. Shomurodov,Eldor Shomurodov,28,Uzbekistan,"ST, CF",Cagliari,Serie A,1.0,2400000.0,42000.0,,72,72,1,78.0,71.0,63.0,73.0,39.0,70.0,Right,4,3,72,67,58,75,74,68,65.0,67,75,82,74,73,37,34,73,Medium/Medium,Lean (185+)
J. Bynoe-Gittens,Jamie Bynoe-Gittens,18,England,LM,Borussia Dortmund,Bundesliga,1.0,4400000.0,9000.0,10200000.0,71,86,1,88.0,59.0,58.0,80.0,24.0,52.0,Right,3,4,68,63,61,83,78,56,59.0,60,52,86,89,89,20,22,60,Medium/Medium,Lean (170-185)
M. Tel,Mathys Tel,18,France,"ST, LM, RM",FC Bayern München,Bundesliga,1.0,4400000.0,14000.0,10000000.0,71,86,1,76.0,74.0,62.0,75.0,26.0,60.0,Right,4,4,75,66,56,77,76,67,68.0,53,67,79,74,76,21,26,72,High/Medium,Normal (170-185)
D. Doué,Désiré Doué,18,France,"CAM, RW",Rennes,Ligue 1,1.0,4400000.0,9000.0,11100000.0,71,86,1,77.0,66.0,65.0,76.0,33.0,55.0,Right,3,4,67,73,56,80,76,66,61.0,49,64,76,78,77,32,37,65,Medium/Medium,Normal (170-185)
M. Soulé,Matìas Soulè Malvano,20,Argentina,"RW, RM",Frosinone,Serie A,1.0,4500000.0,41000.0,,71,85,1,75.0,63.0,71.0,78.0,36.0,43.0,Left,4,4,58,76,74,80,80,58,60.0,66,34,76,74,81,28,41,54,High/Medium,Lean (170-185)
Sávio,Sávio Moreira de Oliveira,19,Brazil,"RM, LM",Girona,La Liga,1.0,4400000.0,3000.0,,71,85,1,81.0,63.0,66.0,72.0,30.0,47.0,Left,2,4,66,67,67,76,75,69,53.0,62,40,83,79,66,26,30,65,High/Low,Lean (170-185)
S. Iling-Junior,Samuel Iling-Junior,19,England,"LM, LW",Juventus,Serie A,1.0,4400000.0,28000.0,10200000.0,71,85,1,79.0,60.0,69.0,75.0,37.0,55.0,Left,4,3,54,74,74,77,76,60,64.0,69,51,79,79,77,30,41,60,High/Medium,Lean (170-185)
J. Trafford,James Trafford,20,England,GK,Burnley,Premier League,1.0,4000000.0,14000.0,10500000.0,71,84,1,,,,,,,Right,2,1,8,53,12,10,12,48,26.0,17,58,33,17,27,5,13,7,Medium/Medium,Lean (185+)
L. Costa,Logan Costa,22,Cape Verde Islands,CB,Toulouse,Ligue 1,1.0,4300000.0,12000.0,9500000.0,71,83,1,48.0,32.0,49.0,47.0,72.0,74.0,Right,2,2,25,65,39,44,49,32,68.0,67,79,50,47,33,74,73,28,Low/Medium,Normal (185+)
Pacheco,Jon Pacheco Dozagarat,22,Spain,CB,Real Sociedad,La Liga,1.0,4300000.0,15000.0,9900000.0,71,83,1,52.0,22.0,51.0,49.0,71.0,69.0,Left,3,2,18,76,25,31,71,40,58.0,62,73,50,54,46,70,73,33,Low/Medium,Lean (170-185)
L. Pirola,Lorenzo Pirola,21,Italy,CB,Salernitana,Serie A,1.0,4300000.0,13000.0,8600000.0,71,83,1,64.0,42.0,52.0,58.0,72.0,68.0,Left,3,2,39,67,42,52,62,40,60.0,55,74,59,68,61,70,76,33,Medium/High,Normal (185+)
M. Perrone,Máximo Perrone,20,Argentina,"CM, CDM",Las Palmas,La Liga,1.0,4500000.0,43000.0,,71,83,1,66.0,54.0,66.0,74.0,67.0,62.0,Left,3,2,54,75,49,74,77,71,63.0,77,58,69,64,74,70,67,65,Medium/Medium,Lean (170-185)
S. Kumbedi,Sael Kumbedi Nseke,18,France,"RB, RWB",Olympique Lyonnais,Ligue 1,1.0,4200000.0,6000.0,8800000.0,71,83,1,82.0,42.0,62.0,72.0,65.0,62.0,Right,3,2,39,67,66,71,71,59,68.0,66,56,80,83,81,65,67,59,High/Medium,Lean (170-185)
F. Pellistri,Facundo Pellistri Rebollo,21,Uruguay,"RW, LW",Manchester United,Premier League,1.0,4200000.0,45000.0,8800000.0,71,82,1,81.0,64.0,65.0,75.0,33.0,63.0,Right,3,3,63,67,68,75,72,64,70.0,68,60,84,79,84,35,27,70,High/Medium,Lean (170-185)
B. Soppy,Brandon Soppy,21,France,"RWB, RM",Torino,Serie A,1.0,4000000.0,17000.0,,71,82,1,78.0,50.0,64.0,68.0,65.0,74.0,Right,3,2,41,68,69,68,68,60,60.0,73,76,80,77,74,63,68,65,Medium/Medium,Normal (170-185)
M. John,Marco John,21,Germany,"LWB, LM",TSG Hoffenheim,Bundesliga,1.0,4000000.0,13000.0,7600000.0,71,82,1,74.0,53.0,69.0,72.0,63.0,57.0,Left,3,2,54,72,70,74,74,64,62.0,69,53,68,79,70,65,62,44,Medium/Medium,Normal (170-185)
Jesús Vázquez,Jesús Vázquez Alcalde,20,Spain,"LB, LWB, LM",Valencia,La Liga,1.0,3900000.0,13000.0,9000000.0,71,82,1,72.0,50.0,65.0,68.0,68.0,63.0,Left,2,2,41,71,68,71,66,58,64.0,65,62,70,73,65,67,72,59,Medium/Medium,Normal (170-185)
Kaio Jorge,Kaio Jorge Pinto Ramos,21,Brazil,ST,Frosinone,Serie A,1.0,4200000.0,41000.0,,71,82,1,70.0,70.0,59.0,76.0,25.0,60.0,Right,3,3,74,68,54,77,79,54,66.0,62,63,69,71,73,22,14,66,High/Medium,Normal (170-185)
Ilias,Ilias Akhomach Chakkour,19,Spain,"RW, CM",Villarreal,La Liga,1.0,4000000.0,12000.0,9200000.0,71,82,1,71.0,67.0,66.0,73.0,21.0,45.0,Left,4,4,73,71,69,76,73,67,58.0,41,47,73,69,76,15,24,63,Medium/Medium,Lean (170-185)
A. Zanoli,Alessandro Zanoli,22,Italy,"RB, RM",Napoli,Serie A,1.0,4000000.0,22000.0,7600000.0,71,82,1,73.0,40.0,62.0,69.0,68.0,70.0,Right,3,2,38,67,69,70,71,55,63.0,68,74,74,72,69,67,70,62,Medium/Medium,Normal (185+)
L. Yoro,Leny Yoro,17,France,"CB, CDM",Lille,Ligue 1,1.0,3600000.0,850.0,7600000.0,71,82,1,58.0,40.0,56.0,58.0,72.0,66.0,Right,3,2,38,69,47,53,65,51,56.0,58,70,52,63,47,71,74,38,Medium/Medium,Lean (185+)
L. Cacace,Liberato Gianpaolo Cacace,22,New Zealand,"LB, LWB",Empoli,Serie A,1.0,4000000.0,6000.0,8000000.0,71,81,1,75.0,62.0,65.0,69.0,67.0,77.0,Left,4,3,61,68,64,69,70,65,72.0,84,77,75,75,65,66,68,71,High/Medium,Normal (170-185)
M. Diarra,Moussa Diarra,22,Mali,"LB, CB, CM",Toulouse,Ligue 1,1.0,4000000.0,12000.0,8800000.0,71,81,1,67.0,32.0,57.0,62.0,71.0,73.0,Left,2,2,30,69,58,61,62,47,55.0,74,71,68,66,61,70,74,54,Medium/Medium,Lean (185+)
R. Calafiori,Riccardo Calafiori,21,Italy,"LB, CB",Bologna,Serie A,1.0,4000000.0,13000.0,8000000.0,71,81,1,69.0,48.0,58.0,69.0,68.0,79.0,Left,3,3,28,65,70,66,73,37,65.0,80,79,68,69,70,68,69,62,Medium/Medium,Normal (185+)
D. Ndoye,Dan Assane Ndoye,22,Switzerland,"RM, LM",Bologna,Serie A,1.0,4200000.0,17000.0,8400000.0,71,81,1,81.0,65.0,64.0,73.0,45.0,66.0,Right,3,3,64,67,66,74,73,64,63.0,67,68,80,82,76,48,48,69,Medium/Medium,Normal (170-185)
Arribas,Sergio Arribas Calvo,21,Spain,"CAM, RM, LM",Almería,La Liga,1.0,4200000.0,12000.0,9700000.0,71,81,1,62.0,73.0,65.0,74.0,32.0,50.0,Left,3,3,79,72,56,76,78,63,68.0,50,51,65,60,66,33,32,65,High/Medium,Normal (170-185)
Diego López,Diego López Noguerol,21,Spain,"RM, LM, ST",Valencia,La Liga,1.0,4200000.0,15000.0,9700000.0,71,81,1,74.0,67.0,67.0,70.0,34.0,52.0,Right,4,3,73,70,70,72,70,65,58.0,57,53,73,75,65,34,30,70,High/Medium,Lean (170-185)
Marquinhos,Marcus Vinícius Oliveira Alencar,20,Brazil,"RW, RM",Nantes,Ligue 1,1.0,4100000.0,43000.0,,71,81,1,79.0,61.0,64.0,75.0,33.0,56.0,Left,3,3,62,66,71,75,75,66,66.0,65,54,82,77,77,30,32,69,High/High,Normal (170-185)
Tiago Santos,Tiago Carvalho Santos,20,Portugal,RB,Lille,Ligue 1,1.0,3900000.0,13000.0,8200000.0,71,81,1,81.0,44.0,64.0,74.0,66.0,55.0,Right,3,3,39,66,67,75,73,59,70.0,71,48,82,80,79,71,74,63,High/High,Normal (170-185)
L. Banda,Lameck Banda,22,Zambia,LW,Lecce,Serie A,1.0,4200000.0,11000.0,8400000.0,71,81,1,89.0,64.0,60.0,76.0,30.0,44.0,Right,2,3,65,62,65,80,72,55,65.0,60,36,88,89,77,22,35,70,Medium/Low,Normal (170-)
H. Massengo,Han-Noah Massengo,21,France,"CDM, CM",Burnley,Premier League,1.0,4000000.0,18000.0,8800000.0,71,80,1,70.0,48.0,66.0,74.0,69.0,66.0,Right,3,3,39,74,56,73,70,66,70.0,70,63,72,69,86,69,70,57,Medium/High,Lean (170-185)
L. Agoumé,Lucien Jefferson Agoume,21,France,"CDM, CM",Inter,Serie A,1.0,4000000.0,25000.0,7600000.0,71,80,1,61.0,54.0,68.0,72.0,67.0,70.0,Right,3,3,51,76,58,73,75,71,74.0,73,70,67,56,65,67,69,66,Medium/Medium,Lean (185+)
B. Teixeira,Bryan Silva Teixeira,22,Cape Verde Islands,ST,Sturm Graz,Bundesliga,1.0,4200000.0,11000.0,7100000.0,71,80,1,82.0,69.0,65.0,76.0,48.0,70.0,Right,3,4,71,67,63,77,73,71,69.0,74,69,81,82,80,39,55,71,High/Medium,Normal (170-185)
E. Millot,Enzo Camille Alain Millot,20,France,"CAM, CM, CF",VfB Stuttgart,Bundesliga,1.0,4100000.0,12000.0,8200000.0,71,80,1,73.0,63.0,69.0,76.0,54.0,45.0,Left,3,4,65,71,67,76,75,72,67.0,56,35,75,71,87,49,63,68,Medium/Low,Lean (170-185)
N. Mbuku,Nathanaël Mbuku,21,France,"CF, RM, CAM",FC Augsburg,Bundesliga,1.0,4200000.0,14000.0,8400000.0,71,80,1,77.0,65.0,70.0,77.0,35.0,54.0,Left,2,4,65,74,66,77,74,72,69.0,62,51,80,75,87,32,36,69,Medium/Medium,Normal (170-)
N. Nkounkou,Niels Patrick Nkounkou,22,France,"LWB, LM",Eintracht Frankfurt,Bundesliga,1.0,4000000.0,17000.0,7600000.0,71,80,1,82.0,44.0,62.0,68.0,65.0,73.0,Left,2,3,42,67,69,66,68,54,63.0,80,74,79,85,73,68,66,57,High/Medium,Normal (170-185)
E. Touré,El Bilal Touré,21,Mali,ST,Atalanta,Serie A,1.0,4200000.0,22000.0,8000000.0,71,80,1,70.0,71.0,61.0,70.0,23.0,65.0,Right,3,3,74,70,54,70,72,61,66.0,62,71,68,72,66,19,14,70,High/Medium,Normal (185+)
M. Lovato,Matteo Lovato,23,Italy,CB,Salernitana,Serie A,1.0,3900000.0,15000.0,7800000.0,71,80,1,69.0,30.0,52.0,60.0,72.0,71.0,Right,3,2,24,65,40,59,62,48,64.0,59,78,67,71,56,75,73,30,Medium/Medium,Normal (185+)
A. Martegani,Agustín Martegani,23,Argentina,"CAM, CM, RW",Salernitana,Serie A,1.0,4200000.0,9000.0,,71,80,1,70.0,69.0,69.0,74.0,50.0,62.0,Left,3,4,66,71,64,74,73,74,74.0,65,64,75,65,77,42,54,67,High/Medium,Lean (170-185)
A. Sangante,Arouna Sangante,21,Senegal,CB,Le Havre,Ligue 1,1.0,3900000.0,8000.0,8600000.0,71,80,1,58.0,33.0,56.0,57.0,71.0,75.0,Right,3,2,27,66,44,52,60,58,68.0,70,78,51,64,56,69,73,30,Medium/Medium,Normal (185+)
J. Rak-Sakyi,Jesurun Rak-Sakyi,20,England,RW,Crystal Palace,Premier League,1.0,4100000.0,20000.0,8600000.0,71,80,1,84.0,66.0,63.0,75.0,24.0,53.0,Left,4,3,68,63,64,74,75,67,74.0,73,49,82,85,82,22,22,66,High/Medium,Lean (170-185)
Pubill,Marc Pubill Pagès,20,Spain,"RB, RWB",Almería,La Liga,1.0,3900000.0,11000.0,9000000.0,71,80,1,75.0,56.0,61.0,66.0,66.0,78.0,Right,3,2,54,67,67,66,67,53,65.0,79,83,69,79,71,62,67,65,High/Medium,Normal (185+)
D. Coppola,Diego Coppola,19,Italy,CB,Hellas Verona,Serie A,1.0,3800000.0,8000.0,7600000.0,71,80,1,60.0,40.0,55.0,51.0,72.0,69.0,Right,3,2,36,66,40,50,54,52,58.0,55,74,61,60,37,75,73,35,Medium/Medium,Normal (185+)
H. Smolčić,Hrvoje Smolčić,22,Croatia,CB,Eintracht Frankfurt,Bundesliga,1.0,3900000.0,17000.0,7400000.0,71,80,1,68.0,28.0,46.0,58.0,72.0,73.0,Left,3,2,24,62,35,55,56,35,63.0,66,77,66,69,68,72,74,25,Medium/Medium,Normal (185+)
E. Ebosse,Enzo Ebosse,24,Cameroon,"CB, LWB",Udinese,Serie A,1.0,3900000.0,9000.0,7800000.0,71,79,1,67.0,35.0,56.0,64.0,72.0,73.0,Left,3,2,28,62,66,65,70,45,52.0,69,76,69,66,52,71,75,51,Medium/Medium,Normal (185+)
Chumi,Juan Brandáriz Movilla,24,Spain,"CB, RB",Almería,La Liga,1.0,3900000.0,13000.0,9000000.0,71,79,1,48.0,36.0,51.0,57.0,71.0,68.0,Right,3,2,30,70,38,51,69,41,62.0,56,72,45,50,38,71,74,34,Medium/Medium,Lean (185+)
A. Gallo,Antonino Gallo,23,Italy,LB,Lecce,Serie A,1.0,4000000.0,9000.0,8000000.0,71,79,1,81.0,50.0,66.0,68.0,63.0,68.0,Left,2,2,44,68,72,66,70,65,61.0,78,67,79,82,72,64,60,67,High/Medium,Lean (170-185)
G. Gaetano,Gianluca Gaetano,23,Italy,"CAM, CM",Napoli,Serie A,1.0,4200000.0,25000.0,8000000.0,71,79,1,61.0,71.0,69.0,71.0,49.0,58.0,Right,3,3,71,74,65,70,74,72,66.0,72,52,62,61,64,45,54,74,Medium/Low,Lean (170-185)
N. Ngoumou,Nathan N'Goumou Minpole,23,France,RM,Borussia Mönchengladbach,Bundesliga,1.0,4200000.0,15000.0,8000000.0,71,79,1,88.0,65.0,64.0,69.0,33.0,60.0,Right,2,3,67,67,66,70,70,63,67.0,70,59,83,92,67,41,31,71,Medium/Medium,Lean (185+)
M. Cham,Muhammed-Cham Saračević,22,Austria,"CAM, RW",Clermont,Ligue 1,1.0,4200000.0,11000.0,9200000.0,71,79,1,76.0,67.0,65.0,72.0,26.0,47.0,Left,3,3,67,71,48,72,71,71,65.0,48,52,80,72,82,33,21,68,Medium/Medium,Lean (170-185)
O. Syrota,Oleksandr Syrota,23,Ukraine,CB,Dynamo Kyiv,Premier League,1.0,3900000.0,500.0,9400000.0,71,79,1,69.0,27.0,42.0,49.0,73.0,74.0,Left,3,2,24,66,24,34,55,26,60.0,81,73,73,66,76,74,74,29,Medium/Medium,Lean (185+)
Lucas Pires,Lucas Pires Silva,22,Brazil,"LB, LM, LW",Cádiz,La Liga,1.0,4000000.0,14000.0,9200000.0,71,79,1,71.0,41.0,62.0,60.0,67.0,64.0,Left,3,3,41,70,70,55,67,48,55.0,72,62,75,68,59,66,70,50,High/Medium,Normal (170-185)
E. Bohinen,Emil Bohinen,24,Norway,"CM, CDM",Salernitana,Serie A,1.0,3700000.0,17000.0,7400000.0,71,78,1,65.0,62.0,71.0,72.0,68.0,69.0,Left,3,3,60,76,63,72,72,68,68.0,73,67,66,64,72,70,68,69,Medium/Medium,Normal (185+)
Miguel Rubio,Miguel Ángel Rubio Lestán,25,Spain,CB,Granada,La Liga,1.0,3400000.0,11000.0,8200000.0,71,78,1,45.0,29.0,46.0,45.0,70.0,68.0,Right,3,2,26,71,26,32,66,27,57.0,33,84,41,48,35,65,70,21,Medium/Medium,Normal (185+)
Vitinho,Victor Alexander da Silva,23,Brazil,"RB, RM, LB",Burnley,Premier League,1.0,3600000.0,22000.0,7900000.0,71,78,1,83.0,45.0,64.0,73.0,65.0,67.0,Right,4,3,33,69,67,74,70,65,66.0,74,62,86,80,84,64,70,62,High/Medium,Normal (170-185)
V. Supriaha,Vladyslav Supriaha,23,Ukraine,ST,Dynamo Kyiv,Premier League,1.0,3800000.0,650.0,9100000.0,71,78,1,85.0,70.0,51.0,71.0,19.0,51.0,Right,3,3,73,68,28,72,71,47,58.0,51,59,83,86,78,12,16,74,Medium/Low,Lean (185+)
Mateu Morey,Mateu Jaume Morey Bauzá,23,Spain,"RB, RM",Borussia Dortmund,Bundesliga,1.0,3600000.0,19000.0,6800000.0,71,78,1,71.0,46.0,67.0,75.0,68.0,56.0,Right,3,3,49,75,71,75,75,59,63.0,49,52,77,66,80,69,69,62,Medium/Medium,Normal (170-185)
Ricard,Ricard Sánchez Sendra,23,Spain,"RB, RM",Granada,La Liga,1.0,3600000.0,10000.0,8600000.0,71,78,1,76.0,57.0,60.0,67.0,65.0,58.0,Right,3,3,60,68,70,65,73,32,60.0,75,51,75,77,59,67,63,45,High/Medium,Lean (170-185)
J. Ngankam,Jessic Gaïtan Ngankam,22,Germany,"ST, RM",Eintracht Frankfurt,Bundesliga,1.0,3800000.0,21000.0,7200000.0,71,78,1,85.0,70.0,61.0,72.0,27.0,73.0,Right,4,3,71,65,69,75,70,60,71.0,67,78,78,91,70,17,36,69,Medium/Medium,Stocky (170-185)
J. van Hecke,Jan Paul van Hecke,23,Netherlands,CB,Brighton & Hove Albion,Premier League,1.0,3500000.0,33000.0,7400000.0,71,78,1,57.0,45.0,56.0,61.0,72.0,72.0,Right,3,2,33,69,32,60,65,45,63.0,61,76,56,57,54,73,72,34,Medium/Medium,Lean (185+)
M. Svilar,Mile Svilar,23,Serbia,GK,Roma,Serie A,1.0,2400000.0,20000.0,4600000.0,71,77,1,,,,,,,Right,3,1,14,37,18,19,22,50,44.0,32,61,60,55,66,12,21,9,Medium/Medium,Normal (185+)
J. Hauge,Jens Petter Hauge,23,Norway,"LM, RM",Eintracht Frankfurt,Bundesliga,1.0,3000000.0,19000.0,5700000.0,71,77,1,78.0,67.0,65.0,74.0,40.0,61.0,Right,3,4,68,65,66,75,73,68,62.0,69,64,83,74,80,43,37,69,High/Low,Normal (170-185)
A. Zerbin,Alessio Zerbin,24,Italy,LW,Napoli,Serie A,1.0,3000000.0,27000.0,5700000.0,71,77,1,73.0,67.0,67.0,74.0,36.0,65.0,Right,3,3,69,72,67,75,78,66,68.0,72,70,71,75,73,33,38,69,Medium/Medium,Normal (170-185)
C. Cásseres Jr,Cristian Sleiker Cásseres Yepes,23,Venezuela,"CDM, CM, RM",Toulouse,Ligue 1,1.0,2700000.0,12000.0,5900000.0,71,77,1,77.0,60.0,65.0,71.0,71.0,75.0,Right,4,3,59,68,59,70,70,64,70.0,85,66,78,77,74,71,77,64,High/Medium,Normal (170-185)
Álex Domínguez,Alejandro Domínguez Romero,24,Spain,GK,Toulouse,Ligue 1,1.0,2400000.0,9000.0,5300000.0,71,77,1,,,,,,,Right,2,1,7,39,24,15,31,38,43.0,36,41,39,47,56,11,17,7,Medium/Medium,Normal (185+)
M. Kaufmann,Mikkel Kaufmann Sørensen,22,Denmark,ST,FC Union Berlin,Bundesliga,1.0,3000000.0,19000.0,5700000.0,71,77,1,85.0,69.0,54.0,66.0,25.0,70.0,Right,3,3,72,63,51,65,69,56,65.0,73,77,79,90,67,23,22,73,High/High,Normal (185+)
D. Bradarić,Domagoj Bradarić,23,Croatia,"LWB, LM, LB",Salernitana,Serie A,1.0,2800000.0,15000.0,5600000.0,71,77,1,77.0,55.0,65.0,69.0,68.0,66.0,Left,3,3,53,69,67,69,68,65,67.0,71,62,78,76,74,68,69,67,High/Low,Lean (170-185)
M. Pieringer,Marvin Pieringer,23,Germany,ST,Heidenheim,Bundesliga,1.0,3000000.0,18000.0,6000000.0,71,77,1,66.0,69.0,56.0,67.0,30.0,75.0,Right,3,3,73,67,49,65,71,58,68.0,68,82,62,69,69,26,27,73,Medium/Medium,Lean (185+)
T. Chong,Tahith Chong,23,Netherlands,"RM, CM, CF",Luton Town,Premier League,1.0,2800000.0,24000.0,5800000.0,71,76,1,81.0,63.0,67.0,71.0,50.0,63.0,Left,3,4,63,68,68,73,71,68,69.0,69,59,79,83,74,48,57,67,High/High,Lean (185+)
M. Hongla,Martin Hongla Yma,25,Cameroon,"CM, CDM, CB",Hellas Verona,Serie A,1.0,2700000.0,16000.0,5100000.0,71,76,1,74.0,69.0,68.0,74.0,65.0,76.0,Right,3,4,67,74,57,74,72,69,80.0,83,76,75,73,81,61,66,63,Medium/Medium,Lean (170-185)
A. Barkok,Aymen Barkok,25,Morocco,"CAM, CF, CM",FSV Mainz 05,Bundesliga,1.0,2800000.0,16000.0,5000000.0,71,76,1,70.0,69.0,66.0,77.0,55.0,66.0,Right,3,4,67,70,63,81,77,67,62.0,65,68,72,69,76,47,59,66,High/Medium,Lean (185+)
H. Wolf,Hannes Wolf,24,Austria,"LM, CAM, LB",Borussia Mönchengladbach,Bundesliga,1.0,2800000.0,15000.0,5000000.0,71,76,1,77.0,68.0,67.0,73.0,36.0,68.0,Left,3,3,68,69,63,74,73,70,66.0,70,66,80,74,77,25,39,70,High/Medium,Lean (170-185)
K. Kouao,Koffi Franck Kouao,25,Côte d'Ivoire,RB,Metz,Ligue 1,1.0,2600000.0,11000.0,5400000.0,71,76,1,77.0,39.0,55.0,69.0,67.0,71.0,Right,3,2,35,62,66,67,68,40,65.0,75,68,75,79,74,63,72,58,High/High,Normal (170-185)
N. Kühn,Nicolas-Gerrit Kühn,23,Germany,RM,Rapid Wien,Bundesliga,1.0,2800000.0,12000.0,4300000.0,71,76,1,92.0,61.0,63.0,75.0,24.0,50.0,Left,3,3,63,65,65,75,73,67,64.0,65,43,91,92,90,20,22,65,Medium/Medium,Normal (170-185)
J. Deminguet,Jessy Deminguet,25,France,"CM, CDM",Strasbourg,Ligue 1,1.0,2700000.0,14000.0,5600000.0,71,76,1,73.0,63.0,71.0,73.0,62.0,74.0,Left,3,3,63,74,66,72,75,72,61.0,88,69,71,74,81,59,64,66,Medium/Medium,Normal (170-185)
Gonzalo Villar,Gonzalo Villar del Fraile,25,Spain,"CM, CDM",Granada,La Liga,1.0,2700000.0,12000.0,6100000.0,71,76,1,51.0,57.0,71.0,75.0,66.0,66.0,Right,3,4,54,76,64,72,80,74,72.0,64,66,41,59,73,70,68,60,Medium/Medium,Lean (170-185)
D. Schnegg,David Schnegg,24,Austria,LB,Sturm Graz,Bundesliga,1.0,2600000.0,9000.0,4100000.0,71,76,1,74.0,56.0,64.0,67.0,68.0,77.0,Left,3,2,51,64,67,69,67,64,66.0,82,79,73,75,65,70,69,58,High/Medium,Normal (185+)
R. Nteka,Randy Nteka,25,France,"ST, CAM",Rayo Vallecano,La Liga,1.0,2800000.0,13000.0,6100000.0,71,76,1,72.0,70.0,64.0,71.0,54.0,83.0,Left,3,3,69,69,56,70,71,67,66.0,78,88,74,71,77,41,55,72,Medium/Medium,Normal (185+)
Y. Keitel,Yannik Keitel,23,Germany,"CDM, CM",SC Freiburg,Bundesliga,1.0,2600000.0,13000.0,4600000.0,71,76,1,65.0,48.0,63.0,66.0,69.0,73.0,Right,4,2,44,72,49,62,71,65,64.0,65,73,63,67,66,64,74,49,Low/Medium,Normal (185+)
K. Fischer,Kilian Fischer,22,Germany,"RB, CM",VfL Wolfsburg,Bundesliga,1.0,2700000.0,20000.0,4800000.0,71,76,1,76.0,38.0,64.0,68.0,66.0,70.0,Right,4,2,35,72,68,68,70,59,58.0,74,69,78,74,68,65,69,54,High/Medium,Normal (170-185)
Fali Candé,Fali Candé,25,Guinea Bissau,"CB, LB",Metz,Ligue 1,1.0,2500000.0,11000.0,5200000.0,71,76,1,80.0,50.0,62.0,65.0,72.0,77.0,Left,2,2,38,62,65,65,63,56,70.0,91,72,79,81,71,73,75,58,High/Medium,Normal (170-185)
Pep Chavarría,Josep María Chavarría Pérez,25,Spain,LB,Rayo Vallecano,La Liga,1.0,2600000.0,11000.0,5700000.0,71,76,1,83.0,49.0,64.0,67.0,64.0,75.0,Left,2,3,48,66,68,67,66,61,59.0,86,73,81,84,74,64,65,70,High/High,Normal (170-185)
G. Caso,Giuseppe Caso,24,Italy,"LW, LM",Frosinone,Serie A,1.0,2800000.0,9000.0,5300000.0,71,76,1,82.0,68.0,63.0,75.0,27.0,50.0,Right,4,3,69,69,60,75,73,60,64.0,53,45,82,82,84,23,28,72,Medium/Medium,Lean (170-185)
D. Greif,Dominik Greif,26,Slovakia,GK,Mallorca,La Liga,1.0,2200000.0,12000.0,4800000.0,71,76,1,,,,,,,Right,3,1,9,25,14,10,17,34,32.0,17,60,15,22,21,8,11,7,Medium/Medium,Lean (185+)
D. Riznyk,Dmytro Riznyk,24,Ukraine,GK,Shakhtar Donetsk,Premier League,1.0,2300000.0,500.0,5200000.0,71,76,1,,,,,,,Right,3,1,14,42,11,31,29,48,41.0,26,50,52,43,25,16,12,7,Medium/Medium,Lean (185+)
M. Folorunsho,Michael Ijemuan Folorunsho,25,Italy,"CM, CAM, ST",Hellas Verona,Serie A,1.0,2700000.0,27000.0,,71,76,1,72.0,68.0,68.0,71.0,53.0,79.0,Right,3,3,65,73,59,71,74,69,69.0,80,79,69,75,72,50,55,75,High/Medium,Stocky (185+)
K. Davis,Keinan Davis,25,England,ST,Udinese,Serie A,1.0,2600000.0,12000.0,4900000.0,71,75,1,68.0,69.0,54.0,71.0,43.0,83.0,Left,2,3,72,63,47,73,72,58,67.0,65,93,65,71,65,44,38,70,Medium/Medium,Normal (185+)
N. Schmidt,Niklas Schmidt,25,Germany,"CAM, CM, CF",Toulouse,Ligue 1,1.0,2600000.0,14000.0,5400000.0,71,75,1,63.0,70.0,73.0,74.0,53.0,66.0,Right,5,3,64,75,73,76,77,70,65.0,60,75,57,67,62,56,55,65,Medium/Medium,Normal (170-185)
A. Touba,Ahmed Touba,25,Algeria,CB,Lecce,Serie A,1.0,2300000.0,14000.0,,71,75,1,74.0,53.0,63.0,65.0,68.0,82.0,Left,3,2,48,66,64,64,68,61,60.0,76,85,68,79,63,68,71,49,Medium/High,Normal (170-185)
M. Roerslev,Mads Roerslev Rasmussen,24,Denmark,"RWB, RB",Brentford,Premier League,1.0,2500000.0,24000.0,4900000.0,71,75,1,69.0,45.0,65.0,67.0,65.0,69.0,Right,3,3,44,66,74,66,68,66,67.0,76,68,68,70,69,70,67,60,Medium/Medium,Lean (170-185)
B. Franjić,Bartol Franjić,23,Croatia,"CDM, CB, LB",Darmstadt 98,Bundesliga,1.0,2400000.0,20000.0,,71,75,1,75.0,50.0,62.0,65.0,69.0,77.0,Left,3,2,42,64,55,63,70,65,64.0,78,75,76,74,58,67,67,50,Medium/High,Lean (185+)
Ruan,Ruan Tressoldi Netto,24,Brazil,CB,Sassuolo,Serie A,1.0,2400000.0,9000.0,4300000.0,71,75,1,63.0,29.0,44.0,59.0,73.0,65.0,Right,2,2,26,62,35,58,63,33,51.0,55,69,59,67,48,72,74,28,Low/High,Normal (185+)
T. Horvat,Tomi Horvat,24,Slovenia,"CAM, CM",Sturm Graz,Bundesliga,1.0,2700000.0,10000.0,4300000.0,71,75,1,71.0,67.0,71.0,73.0,51.0,66.0,Left,3,3,65,71,70,75,72,71,70.0,74,64,72,71,73,47,53,68,High/Medium,Normal (170-185)
A. Blin,Alexis Blin,26,France,"CDM, CM, CB",Lecce,Serie A,1.0,2200000.0,10000.0,4100000.0,71,74,1,37.0,53.0,63.0,63.0,68.0,77.0,Right,3,2,49,69,59,59,63,60,70.0,86,73,39,35,64,65,70,58,Low/High,Lean (170-185)
F. Bonazzoli,Federico Bonazzoli,26,Italy,"CF, ST",Hellas Verona,Serie A,1.0,2500000.0,21000.0,,71,74,1,70.0,72.0,62.0,72.0,28.0,60.0,Left,2,3,72,67,61,75,74,55,66.0,53,69,72,68,70,21,22,74,High/Medium,Normal (170-185)
B. Innocent,Bonke Innocent,27,Nigeria,"CDM, CM",Lorient,Ligue 1,1.0,2200000.0,14000.0,4600000.0,71,74,1,72.0,43.0,57.0,68.0,68.0,84.0,Right,2,3,41,66,44,65,69,52,69.0,74,86,77,67,74,67,73,43,Medium/High,Normal (170-185)
B. Boutobba,Bilal Boutobba,24,France,RM,Clermont,Ligue 1,1.0,2600000.0,11000.0,5400000.0,71,74,1,75.0,69.0,69.0,76.0,22.0,41.0,Left,4,4,70,72,66,76,75,66,60.0,69,34,77,73,92,28,13,65,Medium/Low,Lean (170-185)
M. Andersen,Mads Juel Andersen,25,Denmark,CB,Luton Town,Premier League,1.0,2200000.0,24000.0,4600000.0,71,74,1,47.0,34.0,45.0,50.0,70.0,82.0,Right,4,2,32,61,35,43,58,25,62.0,72,88,52,42,43,70,70,30,Medium/Medium,Normal (185+)
Wiliam Santinho,Wiliam Carlos Santoso Sampaio,27,Brazil,GK,Fluminense,Serie A,1.0,1800000.0,11000.0,3600000.0,71,74,1,,,,,,,Right,2,1,8,20,8,9,21,63,54.0,31,85,37,34,21,18,13,20,Medium/Medium,Normal (185+)
C. Mepham,Christopher James Mepham,25,Wales,CB,AFC Bournemouth,Premier League,1.0,2200000.0,24000.0,4300000.0,71,74,1,56.0,37.0,55.0,60.0,72.0,72.0,Right,3,2,32,66,38,58,64,53,67.0,62,77,51,60,51,70,74,39,Low/Medium,Normal (185+)
H. Mendes,Houboulang Mendes,25,Guinea Bissau,"RB, CB",Almería,La Liga,1.0,2300000.0,14000.0,5000000.0,71,74,1,72.0,42.0,61.0,64.0,70.0,72.0,Right,3,2,39,67,67,63,71,50,53.0,64,78,68,76,58,67,73,48,High/Medium,Lean (170-185)
F. Jensen,Hans Fredrik Jensen,25,Finland,"CAM, RM, LM",FC Augsburg,Bundesliga,1.0,2500000.0,16000.0,4700000.0,71,74,1,74.0,68.0,68.0,73.0,51.0,69.0,Right,3,3,68,72,68,75,73,70,72.0,64,74,68,78,70,49,57,69,High/High,Normal (170-185)
C. Operi,Christopher Téa Opéri,26,Côte d'Ivoire,"LB, LWB",Le Havre,Ligue 1,1.0,2300000.0,11000.0,4800000.0,71,74,1,77.0,53.0,64.0,69.0,65.0,71.0,Left,3,2,43,65,68,69,71,65,70.0,80,69,73,81,69,65,67,61,High/Medium,Normal (170-185)
H. Maïga,Digbo G'nampa Habib Maïga,27,Côte d'Ivoire,"CDM, CM",Metz,Ligue 1,1.0,2200000.0,11000.0,4600000.0,71,74,1,59.0,54.0,65.0,68.0,68.0,81.0,Right,3,2,45,69,57,68,68,65,66.0,82,83,66,53,66,68,70,61,Medium/High,Normal (170-185)
A. Dønnum,Aron Leonard Dønnum,25,Norway,"LM, RM",Toulouse,Ligue 1,1.0,2500000.0,14000.0,5200000.0,71,74,1,81.0,62.0,65.0,75.0,52.0,70.0,Left,3,4,62,63,68,75,75,71,66.0,72,70,83,80,85,55,47,65,High/Low,Normal (170-185)
B. Manu,Braydon Marvin Manu,26,Ghana,"ST, RM, LM",Darmstadt 98,Bundesliga,1.0,2500000.0,17000.0,4700000.0,71,74,1,90.0,67.0,63.0,77.0,37.0,70.0,Right,4,4,72,68,62,76,75,66,69.0,72,69,92,89,88,31,42,73,Medium/Medium,Stocky (170-)
L. Maloney,Lennard Maloney,23,Germany,"CDM, CB",Heidenheim,Bundesliga,1.0,2300000.0,15000.0,4300000.0,71,74,1,59.0,44.0,56.0,60.0,71.0,84.0,Right,3,2,42,67,48,59,60,45,67.0,90,84,55,63,56,72,71,40,Medium/High,Normal (185+)
S. Scuffet,Simone Scuffet,27,Italy,GK,Cagliari,Serie A,1.0,1700000.0,12000.0,3200000.0,71,73,1,,,,,,,Right,2,1,20,34,20,13,21,35,61.0,40,65,50,50,60,15,24,12,Medium/Medium,Normal (185+)
G. Lloris,Gautier Lloris,27,France,CB,Le Havre,Ligue 1,1.0,2000000.0,11000.0,4200000.0,71,73,1,40.0,36.0,52.0,55.0,72.0,75.0,Left,3,2,29,63,44,49,61,44,66.0,69,84,38,42,53,71,73,34,Low/Medium,Normal (185+)
B. Tetteh,Benjamin Tetteh,25,Ghana,"ST, LW",Metz,Ligue 1,1.0,2400000.0,13000.0,5000000.0,71,73,1,77.0,68.0,59.0,70.0,30.0,79.0,Right,3,3,70,66,54,73,70,65,64.0,68,88,71,81,66,28,24,71,Medium/Medium,Normal (185+)
Bernardo,Bernardo Fernandes da Silva Junior,28,Brazil,"CB, LB",VfL Bochum 1848,Bundesliga,1.0,1900000.0,15000.0,3600000.0,71,73,1,71.0,53.0,62.0,68.0,71.0,73.0,Left,3,3,38,66,63,67,68,58,69.0,74,73,67,74,65,72,72,62,Medium/Medium,Lean (185+)
R. Gumny,Robert Gumny,25,Poland,"RB, CB, RM",FC Augsburg,Bundesliga,1.0,2200000.0,15000.0,4100000.0,71,73,1,76.0,42.0,60.0,69.0,67.0,69.0,Right,2,2,35,68,65,66,70,57,64.0,79,70,77,76,77,65,70,63,High/High,Lean (170-185)
K. Bonifazi,Kevin Bonifazi,27,Italy,CB,Bologna,Serie A,1.0,2000000.0,18000.0,3800000.0,71,73,1,47.0,35.0,52.0,56.0,72.0,65.0,Right,5,2,30,64,34,49,62,48,69.0,39,73,50,45,48,67,76,35,Medium/High,Normal (185+)
D. Bronn,Dylan Daniel Mahmoud Bronn,28,Tunisia,"CB, RB",Salernitana,Serie A,1.0,1900000.0,19000.0,3600000.0,71,73,1,61.0,61.0,66.0,62.0,71.0,75.0,Right,3,2,56,70,65,57,64,65,71.0,72,77,62,61,66,72,71,56,Medium/Medium,Lean (185+)
A. Gomis,Alfred Benjamin Gomis,29,Senegal,GK,Lorient,Ligue 1,1.0,1400000.0,20000.0,,71,72,1,,,,,,,Right,3,1,16,34,15,15,24,58,57.0,33,65,43,41,60,18,14,16,Medium/Medium,Normal (185+)
S. Horvath,Sascha Horvath,26,Austria,"CAM, CM, CDM",LASK Linz,Bundesliga,1.0,2200000.0,15000.0,3500000.0,71,72,1,83.0,69.0,70.0,74.0,48.0,58.0,Right,4,3,68,69,71,72,70,72,67.0,79,51,87,80,91,41,52,68,High/Medium,Normal (170-)
J. Sambia,Salomon Junior Sambia,26,France,"RWB, RB, RM",Salernitana,Serie A,1.0,2000000.0,18000.0,3800000.0,71,72,1,72.0,68.0,70.0,70.0,67.0,68.0,Right,4,3,64,68,74,70,69,68,66.0,73,68,69,74,76,66,70,68,High/Medium,Lean (185+)
V. Sierro,Vincent Olivier Sierro,27,Switzerland,"CM, CDM",Toulouse,Ligue 1,1.0,2100000.0,15000.0,4400000.0,71,72,1,62.0,61.0,72.0,69.0,66.0,73.0,Right,2,3,58,74,70,69,72,70,64.0,82,72,63,61,62,67,69,62,Medium/Medium,Lean (185+)
J. Föhrenbach,Jonas Föhrenbach,27,Germany,LB,Heidenheim,Bundesliga,1.0,2000000.0,17000.0,3800000.0,71,72,1,74.0,39.0,57.0,63.0,69.0,75.0,Left,2,2,29,63,64,64,63,50,65.0,85,74,66,81,62,70,70,45,Medium/Medium,Lean (170-185)
A. Hrustić,Ajdin Hrustić,26,Australia,"CM, RM, CF",Hellas Verona,Serie A,1.0,2200000.0,17000.0,4100000.0,71,72,1,67.0,69.0,73.0,72.0,57.0,67.0,Left,2,3,65,75,70,71,74,72,68.0,72,63,70,65,75,57,59,68,Medium/Medium,Lean (170-185)
O. Kiteishvili,Otar Kiteishvili,27,Georgia,CAM,Sturm Graz,Bundesliga,1.0,2200000.0,12000.0,3500000.0,71,72,1,72.0,67.0,69.0,74.0,67.0,57.0,Right,5,3,66,72,64,73,73,73,72.0,72,42,75,70,78,66,67,68,Medium/Low,Normal (170-185)
Kirian,Kirian Rodríguez Concepción,27,Spain,"CM, CDM, CAM",Las Palmas,La Liga,1.0,2100000.0,13000.0,4800000.0,71,72,1,63.0,61.0,69.0,73.0,58.0,70.0,Right,3,3,53,74,54,72,75,77,73.0,77,70,73,55,73,60,58,65,Medium/Medium,Normal (170-185)
M. Al Tamari,Mousa Mohammad Mousa Sulaiman Al-Tamari,26,Jordan,"RM, RWB",Montpellier,Ligue 1,1.0,2200000.0,15000.0,4600000.0,71,72,1,82.0,65.0,63.0,78.0,37.0,56.0,Left,4,3,65,68,61,78,75,69,68.0,61,51,87,78,92,23,41,67,High/Medium,Normal (170-185)
A. Mirante,Antonio Mirante,39,Italy,GK,Milan,Serie A,1.0,210000.0,14000.0,357000.0,71,71,2,,,,,,,Right,2,1,17,35,10,24,25,43,70.0,33,55,44,43,50,10,12,10,Medium/Medium,Lean (185+)
D. Padelli,Daniele Padelli,37,Italy,GK,Udinese,Serie A,1.0,210000.0,5000.0,378000.0,71,71,2,,,,,,,Left,2,1,10,26,11,10,21,31,69.0,30,45,49,39,38,8,12,10,Medium/Medium,Normal (185+)
N. Viola,Benito Nicolas Viola,33,Italy,"CM, CDM, CAM",Cagliari,Serie A,1.0,1200000.0,16000.0,2200000.0,71,71,1,57.0,69.0,76.0,73.0,59.0,65.0,Left,2,3,63,76,76,73,76,75,71.0,58,66,65,50,68,56,59,65,Medium/Medium,Normal (170-185)
F. Fazio,Federico Julián Fazio,36,Argentina,CB,Salernitana,Serie A,1.0,325000.0,13000.0,585000.0,71,71,3,32.0,40.0,53.0,52.0,72.0,67.0,Right,3,2,41,63,44,44,68,48,72.0,34,80,33,32,31,69,73,31,Low/Medium,Normal (185+)
Raúl Fernández,Raúl Fernández-Cavada Mateos,35,Spain,GK,Granada,La Liga,1.0,210000.0,6000.0,462000.0,71,71,1,,,,,,,Right,2,1,13,29,23,16,14,45,54.0,32,79,36,47,40,18,11,11,Medium/Medium,Lean (185+)
J. Steele,Jason Steele,32,England,GK,Brighton & Hove Albion,Premier League,1.0,925000.0,31000.0,1800000.0,71,71,1,,,,,,,Right,3,1,15,53,11,12,36,40,70.0,29,55,41,36,36,10,18,8,Medium/Medium,Normal (185+)
J. Fleck,John Fleck,31,Scotland,"CM, CDM",Sheffield United,Premier League,1.0,1500000.0,22000.0,3000000.0,71,71,1,62.0,69.0,73.0,73.0,66.0,71.0,Left,2,3,65,73,74,70,73,71,74.0,83,64,64,60,79,71,67,65,Medium/High,Stocky (170-)
E. Berisha,Etrit Berisha,34,Albania,GK,Empoli,Serie A,1.0,325000.0,6000.0,585000.0,71,71,2,,,,,,,Left,2,1,13,20,11,12,20,42,59.0,39,64,28,28,33,20,10,12,Medium/Medium,Lean (185+)
C. Kabasele,Christian Kabasele,32,Belgium,CB,Udinese,Serie A,1.0,1200000.0,10000.0,2200000.0,71,71,1,59.0,50.0,51.0,59.0,71.0,73.0,Right,3,2,49,65,47,57,64,36,64.0,61,80,52,64,52,72,71,50,Low/High,Normal (185+)
T. Jantschke,Tony Jantschke,33,Germany,"CB, RB",Borussia Mönchengladbach,Bundesliga,1.0,900000.0,16000.0,1500000.0,71,71,2,49.0,41.0,62.0,64.0,73.0,66.0,Right,2,2,35,70,63,58,67,53,78.0,55,69,56,44,66,74,73,45,Low/Medium,Normal (170-185)
Juanpe,Juan Pedro Ramírez López,32,Spain,CB,Girona,La Liga,1.0,1200000.0,15000.0,2500000.0,71,71,1,51.0,37.0,55.0,48.0,70.0,77.0,Right,3,2,35,69,35,40,63,55,66.0,68,83,50,51,35,68,71,32,Low/High,Normal (185+)
M. Đurić,Milan Đurić,33,Bosnia and Herzegovina,ST,Hellas Verona,Serie A,1.0,1200000.0,18000.0,2200000.0,71,71,1,40.0,71.0,55.0,61.0,32.0,83.0,Right,4,2,72,67,48,57,75,50,81.0,64,92,37,42,33,28,24,73,Low/Low,Normal (185+)
P. Herrmann,Patrick Herrmann,32,Germany,RM,Borussia Mönchengladbach,Bundesliga,1.0,1500000.0,17000.0,2600000.0,71,71,2,71.0,72.0,70.0,72.0,34.0,59.0,Right,3,3,71,71,73,72,72,67,68.0,66,56,73,69,75,28,29,69,Medium/Medium,Lean (170-185)
T. Kempe,Tobias Kempe,34,Germany,"CM, CAM",Darmstadt 98,Bundesliga,1.0,875000.0,15000.0,1600000.0,71,71,1,61.0,73.0,76.0,72.0,55.0,68.0,Right,3,3,69,75,79,71,73,78,75.0,70,72,65,57,72,55,56,66,Medium/Medium,Normal (170-185)
Vitolo,Víctor Machín Pérez,33,Spain,"LM, ST",Atlético Madrid,La Liga,1.0,1200000.0,28000.0,2500000.0,71,71,2,69.0,72.0,69.0,71.0,40.0,68.0,Right,4,3,70,69,68,73,71,71,70.0,67,70,66,71,68,66,21,72,Medium/Medium,Normal (185+)
G. Baldock,George Baldock,30,Greece,"RWB, RB",Sheffield United,Premier League,1.0,1600000.0,20000.0,3200000.0,71,71,1,75.0,47.0,63.0,69.0,66.0,72.0,Right,3,3,50,67,69,68,68,60,64.0,80,67,78,73,75,66,69,58,High/Medium,Normal (170-185)
L. Tonelli,Lorenzo Tonelli,33,Italy,CB,Empoli,Serie A,1.0,900000.0,7000.0,1600000.0,71,71,2,50.0,31.0,43.0,58.0,74.0,62.0,Right,3,2,25,54,40,51,58,30,68.0,34,67,51,50,65,73,75,23,Low/High,Normal (170-185)
J. Clark,Jordan Clark,29,England,"CM, CDM",Luton Town,Premier League,1.0,1800000.0,29000.0,3600000.0,71,71,1,71.0,63.0,71.0,73.0,64.0,66.0,Right,4,3,65,74,70,71,72,73,72.0,74,66,72,70,86,62,65,70,High/Medium,Normal (170-185)
Abdón Prats,Abdón Prats Bastidas,30,Spain,ST,Mallorca,La Liga,1.0,1800000.0,17000.0,3800000.0,71,71,1,63.0,73.0,60.0,71.0,29.0,66.0,Left,3,3,73,65,65,70,73,45,55.0,62,76,61,64,77,29,23,72,Medium/Medium,Normal (170-185)
B. Sarr,Bouna Sarr,31,Senegal,"RB, RM",FC Bayern München,Bundesliga,1.0,1400000.0,28000.0,2300000.0,71,71,2,70.0,69.0,72.0,74.0,66.0,66.0,Right,3,3,67,76,75,75,73,71,72.0,65,63,73,67,76,65,66,74,High/Medium,Lean (170-185)
Álvaro Lemos,Álvaro Lemos Collazo,30,Spain,"RB, RM",Las Palmas,La Liga,1.0,1600000.0,12000.0,3500000.0,71,71,1,83.0,64.0,64.0,70.0,63.0,80.0,Right,3,3,60,63,68,68,69,63,67.0,91,74,85,82,81,64,61,63,High/Medium,Normal (170-185)
H. Toffolo,Harry Toffolo,27,England,"LB, LWB",Nottingham Forest,Premier League,1.0,1800000.0,32000.0,3400000.0,71,71,1,73.0,52.0,63.0,65.0,66.0,70.0,Left,2,3,51,66,72,64,64,54,58.0,81,69,71,74,69,66,68,54,High/Medium,Lean (170-185)
D. Heintz,Dominique Heintz,29,Germany,CB,FC Köln,Bundesliga,1.0,1600000.0,16000.0,2900000.0,71,71,2,54.0,37.0,60.0,58.0,71.0,77.0,Left,3,2,23,66,55,58,62,61,68.0,66,83,52,55,42,72,70,45,Medium/Medium,Stocky (185+)
A. Bell,Amari'i Bell,29,Jamaica,"LWB, CB",Luton Town,Premier League,1.0,1600000.0,27000.0,3200000.0,71,71,1,77.0,50.0,60.0,67.0,69.0,71.0,Left,3,3,47,65,66,68,66,55,60.0,79,70,77,77,63,69,70,56,High/Medium,Normal (170-185)
P. Mpanzu,Pelly-Ruddock Mpanzu,29,Congo DR,"CM, CDM",Luton Town,Premier League,1.0,1800000.0,29000.0,3600000.0,71,71,1,79.0,63.0,66.0,73.0,69.0,82.0,Right,3,3,60,73,65,73,71,67,73.0,88,84,80,78,72,65,71,68,Medium/High,Stocky (170-185)
B. Osborn,Ben Osborn,28,England,"LWB, LM, CM",Sheffield United,Premier League,1.0,1700000.0,21000.0,3400000.0,71,71,1,71.0,65.0,70.0,72.0,64.0,61.0,Left,3,3,61,70,70,70,71,72,67.0,84,56,73,69,80,65,67,66,High/Medium,Normal (170-185)
E. Goldaniga,Edoardo Goldaniga,29,Italy,CB,Cagliari,Serie A,1.0,1600000.0,15000.0,2900000.0,71,71,1,53.0,33.0,49.0,55.0,72.0,73.0,Right,3,2,22,61,44,51,58,32,66.0,60,80,49,56,55,73,72,25,Medium/High,Lean (185+)
F. Bredlow,Fabian Bredlow,28,Germany,GK,VfB Stuttgart,Bundesliga,1.0,1300000.0,12000.0,2300000.0,71,71,1,,,,,,,Left,4,1,5,17,8,14,23,38,45.0,20,62,41,36,50,15,12,14,Medium/Medium,Normal (185+)
T. Goiginger,Thomas Goiginger,30,Austria,"RM, CF, LM",LASK Linz,Bundesliga,1.0,1800000.0,15000.0,2700000.0,71,71,1,77.0,69.0,68.0,69.0,35.0,61.0,Right,3,4,72,68,69,70,68,72,65.0,70,57,77,77,74,34,28,71,High/Medium,Lean (170-185)
M. Bani,Mattia Bani,29,Italy,CB,Genoa,Serie A,1.0,1600000.0,15000.0,2900000.0,71,71,1,54.0,19.0,42.0,53.0,73.0,72.0,Right,3,2,18,62,22,50,54,28,68.0,62,78,54,54,55,73,74,15,Medium/Medium,Normal (185+)
K. Ehizibue,Kingsley Ehizibue,28,Nigeria,"RWB, RM, RB",Udinese,Serie A,1.0,1700000.0,11000.0,3100000.0,71,71,1,88.0,57.0,62.0,69.0,65.0,76.0,Right,2,3,54,66,64,70,70,59,65.0,75,76,87,89,66,62,67,62,High/Medium,Normal (185+)
M. Coco,Marcus Coco,27,France,"RM, RWB, RW",Nantes,Ligue 1,1.0,2000000.0,15000.0,4000000.0,71,71,1,79.0,66.0,67.0,72.0,56.0,58.0,Right,3,3,64,71,72,71,72,66,67.0,44,65,78,80,82,48,62,71,Medium/High,Normal (170-185)
T. Skarke,Tim Skarke,26,Germany,"RM, LM, RWB",Darmstadt 98,Bundesliga,1.0,2000000.0,20000.0,,71,71,1,85.0,68.0,60.0,73.0,45.0,55.0,Right,3,3,67,64,64,73,72,56,61.0,77,48,86,84,80,42,49,69,Medium/Medium,Normal (170-185)
Jorge Carvallinho,Jorge Pietro Carvalho Porfírio,27,Brazil,"CB, LB",América Mineiro,Serie A,1.0,1700000.0,10000.0,3200000.0,71,71,1,59.0,54.0,58.0,55.0,71.0,75.0,Left,3,2,53,67,54,47,65,48,72.0,71,77,61,58,46,73,73,44,Medium/Medium,Normal (185+)
Alex das Freitas,Alex Alessandro Freitas Conceição,23,Brazil,"CDM, CM",América Mineiro,Serie A,1.0,1900000.0,9000.0,3600000.0,71,71,1,66.0,55.0,59.0,66.0,72.0,70.0,Right,3,2,49,67,53,63,68,43,70.0,74,68,68,64,67,74,72,40,Medium/High,Stocky (170-185)
Antonaldo Vaz,Antonaldo Luiz Vaz Stein,23,Brazil,LB,Palmeiras,Serie A,1.0,2000000.0,17000.0,3600000.0,71,71,1,71.0,38.0,62.0,65.0,68.0,68.0,Left,3,2,35,71,68,66,64,58,50.0,83,65,72,70,71,68,72,61,Medium/Medium,Normal (170-185)
Clayton Fildeiras,Clayton Fábio Fildeiras Cachoeira,27,Brazil,"CAM, CM",Goiás,Serie A,1.0,2000000.0,9000.0,3800000.0,71,71,1,72.0,68.0,69.0,73.0,46.0,72.0,Right,4,3,66,75,56,72,75,72,71.0,80,66,66,76,73,20,53,62,High/Medium,Normal (170-185)
Carleto Costinha,Carleto Adilson Costinha Caldeira,31,Brazil,"CAM, ST, RM",Fluminense,Serie A,1.0,1600000.0,15000.0,3000000.0,71,71,1,82.0,63.0,71.0,73.0,38.0,54.0,Right,4,3,68,75,72,71,74,70,73.0,64,53,86,79,78,19,52,71,Medium/Low,Lean (170-185)
Mauro Riboas,Mauro Guilherme Ribeiro Rangel,31,Brazil,"CAM, RM",Bragantino,Serie A,1.0,1600000.0,11000.0,3000000.0,71,71,1,66.0,61.0,70.0,73.0,39.0,54.0,Right,3,3,44,74,73,71,75,77,81.0,46,53,67,66,74,32,41,75,Medium/Medium,Normal (170-185)
Thiago Alminxa,Thiago Claudnei Almeida Reis,31,Brazil,"ST, RW",Bragantino,Serie A,1.0,1600000.0,12000.0,3000000.0,71,71,1,82.0,67.0,62.0,72.0,25.0,64.0,Right,4,3,72,62,72,75,74,53,64.0,55,71,81,83,63,19,17,76,High/Low,Lean (170-185)
Ailton Cardenhas,Ailton Nuno Cardenhas Macedo,23,Brazil,GK,Santos,Serie A,1.0,1600000.0,10000.0,3000000.0,71,71,1,,,,,,,Right,3,1,10,20,10,12,23,66,52.0,19,67,19,28,30,8,16,3,Medium/Medium,Stocky (185+)
Eminho Moringa,Marcelo Emanuel Morais Silva,35,Brazil,CB,Corinthians,Serie A,1.0,500000.0,12000.0,950000.0,71,71,1,63.0,50.0,62.0,61.0,71.0,78.0,Left,3,2,58,70,62,62,63,47,55.0,78,84,60,65,51,71,67,68,Medium/Medium,Normal (185+)
Wagner Orsinho,Wagner Mauro Orsi Vasquez,23,Brazil,LB,Fluminense,Serie A,1.0,2000000.0,12000.0,3800000.0,71,71,1,77.0,57.0,68.0,64.0,68.0,59.0,Left,3,2,52,73,73,61,64,59,70.0,67,54,78,76,65,70,72,60,High/Medium,Lean (170-185)
Luisinho Conradi,Luisinho Lúcio Conradi Andrade,23,Brazil,LB,Fortaleza,Serie A,1.0,2000000.0,7000.0,3800000.0,71,71,1,69.0,56.0,66.0,74.0,68.0,70.0,Left,3,3,54,66,72,75,76,59,65.0,76,71,73,66,72,77,71,68,Medium/Medium,Normal (170-185)
Germano Monico,Germano Wilson Monico Salvador,35,Brazil,CM,Corinthians,Serie A,1.0,750000.0,13000.0,1400000.0,71,71,1,57.0,69.0,73.0,70.0,64.0,66.0,Right,3,2,65,74,69,72,75,74,69.0,61,76,56,57,60,64,66,73,High/High,Normal (170-)
Diogo Parrela,Diogo Josué Pinho Parrela,27,Brazil,"RB, RWB",Internacional,Serie A,1.0,1800000.0,15000.0,3400000.0,71,71,1,75.0,44.0,68.0,59.0,68.0,76.0,Right,3,2,41,73,72,55,61,62,61.0,78,78,73,76,65,72,68,56,Medium/Medium,Normal (185+)
Bernardo Motinho,Bernardo Joshua Mota Damasco,31,Brazil,"RB, RM",Fortaleza,Serie A,1.0,1400000.0,9000.0,2700000.0,71,71,1,72.0,52.0,66.0,66.0,69.0,63.0,Right,3,2,51,67,77,67,62,67,66.0,65,64,71,73,72,70,71,51,Medium/Medium,Lean (170-185)
Eltson Marques,Elton Matheus Marques Paiva,31,Brazil,CB,Internacional,Serie A,1.0,1300000.0,15000.0,2500000.0,71,71,1,40.0,43.0,43.0,49.0,70.0,72.0,Right,3,2,37,48,35,36,68,39,60.0,44,88,44,36,35,67,68,28,Medium/Medium,Normal (185+)
Allison Sireo,Allison Alan Sireo Milazar,23,Brazil,CB,Goiás,Serie A,1.0,1900000.0,7000.0,3600000.0,71,71,1,75.0,35.0,42.0,41.0,72.0,72.0,Right,3,2,29,48,36,34,49,39,65.0,61,77,71,78,32,73,74,42,Medium/Medium,Lean (185+)
Vanderleiton,M. Vanderlei Paulino Kenedy,23,Brazil,CB,Santos,Serie A,1.0,1900000.0,13000.0,3600000.0,71,71,1,62.0,46.0,57.0,57.0,72.0,68.0,Right,3,2,44,65,54,51,59,42,64.0,53,71,61,62,65,68,76,34,Medium/Medium,Normal (170-185)
Lourival Dinisco,Lourival Adnan Diniz Prazeres,23,Brazil,CB,Fortaleza,Serie A,1.0,1900000.0,7000.0,3600000.0,71,71,1,61.0,52.0,53.0,49.0,71.0,74.0,Right,3,2,52,61,44,41,52,41,60.0,55,86,64,58,63,72,73,23,Medium/Medium,Normal (185+)
Dinei Peixo,Luis Claudinei Peixoto Álvares,27,Brazil,"RW, RM",Corinthians,Serie A,1.0,2000000.0,19000.0,3800000.0,71,71,1,73.0,66.0,69.0,73.0,58.0,75.0,Right,4,3,66,68,74,74,72,69,65.0,78,68,74,73,75,62,56,70,Medium/Medium,Normal (170-)
Pedrildo Rocha,Pedro Márcio Rocha Rosa,31,Brazil,"LW, LM",Corinthians,Serie A,1.0,1600000.0,19000.0,3000000.0,71,71,1,77.0,71.0,66.0,75.0,43.0,63.0,Left,3,3,67,64,64,77,75,68,75.0,71,71,76,78,76,48,43,65,High/High,Normal (170-185)
Jessé Ledeiro,Jessé Martin Ledeiro Serra,23,Brazil,"CAM, CF",Bragantino,Serie A,1.0,2200000.0,10000.0,4200000.0,71,71,1,69.0,63.0,73.0,72.0,37.0,55.0,Right,3,3,64,73,72,71,73,75,81.0,78,47,67,71,65,14,46,71,High/Medium,Normal (170-185)
Raphael Paneira,Raphael William Paneira Rochedo,23,Brazil,"CAM, RM",Botafogo,Serie A,1.0,2200000.0,13000.0,4200000.0,71,71,1,56.0,62.0,68.0,75.0,36.0,61.0,Right,4,4,62,73,69,77,76,70,72.0,46,74,58,54,73,17,44,74,Medium/Medium,Normal (170-185)
Adrián Burnabão,Adrián Guto Negrão Bastos,27,Brazil,"CAM, CF",América Mineiro,Serie A,1.0,2000000.0,11000.0,3800000.0,71,71,1,62.0,65.0,74.0,75.0,24.0,60.0,Right,4,4,58,76,73,75,75,76,73.0,65,64,53,69,74,15,23,60,High/Medium,Normal (170-185)
Gus Outomouro,Gustavo Rafael Outomouro Tófoli,27,Brazil,"ST, LM",Internacional,Serie A,1.0,2000000.0,18000.0,3800000.0,71,71,1,71.0,72.0,68.0,73.0,28.0,62.0,Right,3,3,74,73,62,70,74,73,71.0,68,63,72,70,79,24,25,68,Medium/Medium,Normal (170-185)
Paulão Junqueiras,Paulão Paulo Junqueiras Couto,23,Brazil,ST,Botafogo,Serie A,1.0,2200000.0,14000.0,4200000.0,71,71,1,38.0,77.0,51.0,62.0,27.0,73.0,Right,4,3,77,62,34,63,67,57,70.0,45,92,35,41,48,25,19,76,Medium/Low,Stocky (185+)
Rafanilton Vilela,Nilson Rafael Vilela de Brito,35,Brazil,"ST, CF, CAM",São Paulo,Serie A,1.0,800000.0,18000.0,1500000.0,71,71,1,82.0,63.0,60.0,73.0,25.0,63.0,Right,5,3,66,65,55,73,75,55,66.0,62,73,82,82,71,14,12,72,High/Low,Lean (170-185)
Nathael Silbeira,Nathael Walter Silbeira Caeiro,27,Brazil,GK,Botafogo,Serie A,1.0,1400000.0,11000.0,2700000.0,71,71,1,,,,,,,Right,2,1,16,16,13,18,22,45,55.0,15,44,15,16,28,14,15,4,Medium/Medium,Stocky (185+)
Eduardo Fonseira,Eduardo Flávio Fonseira Meire,23,Brazil,GK,Corinthians,Serie A,1.0,1600000.0,11000.0,3000000.0,71,71,1,,,,,,,Right,3,1,6,15,7,8,9,40,70.0,30,69,32,37,39,9,14,9,Medium/Medium,Stocky (185+)
Rômulo Calsede,Rômulo Roberto Calsede Caiado,23,Brazil,ST,São Paulo,Serie A,1.0,2200000.0,21000.0,4200000.0,71,71,1,72.0,72.0,60.0,67.0,32.0,69.0,Left,3,3,74,66,50,66,69,61,70.0,76,73,71,73,69,28,26,73,Medium/Medium,Normal (170-185)
M. Rog,Marko Rog,27,Croatia,"CM, CDM",Cagliari,Serie A,1.0,2000000.0,16000.0,3600000.0,71,71,2,69.0,68.0,70.0,75.0,66.0,69.0,Right,3,3,64,74,65,75,74,71,75.0,67,65,71,68,82,64,70,71,High/High,Lean (170-185)
Marc Cardona,Marc Cardona Rovira,27,Spain,"ST, RM",Las Palmas,La Liga,1.0,2000000.0,14000.0,4400000.0,71,71,1,79.0,69.0,62.0,70.0,27.0,69.0,Right,3,3,69,70,57,70,71,65,66.0,81,66,80,78,76,28,17,74,High/Medium,Lean (170-185)
A. Bamba,Abdoul Kader Bamba,29,France,"LM, CM, RM",Nantes,Ligue 1,1.0,1800000.0,16000.0,3600000.0,71,71,1,84.0,61.0,65.0,73.0,40.0,61.0,Right,3,4,61,64,65,76,70,67,66.0,72,62,85,83,75,41,40,66,Medium/Low,Normal (170-185)
G. González,Giovanni Alessandro González Apud,28,Uruguay,"RWB, CB",Mallorca,La Liga,1.0,1700000.0,15000.0,3600000.0,71,71,1,72.0,43.0,60.0,63.0,67.0,71.0,Right,3,3,28,67,67,61,60,38,59.0,88,68,73,71,76,69,66,59,High/Medium,Normal (170-185)
Alex Suárez,José Alejandro Suárez Suárez,30,Spain,"RB, CB",Las Palmas,La Liga,1.0,1600000.0,12000.0,3500000.0,71,71,1,75.0,36.0,60.0,62.0,70.0,75.0,Right,3,2,36,71,62,59,64,50,64.0,72,75,74,75,65,68,72,36,Medium/Medium,Normal (170-185)
G. Restes,Guillaume Restes,18,France,GK,Toulouse,Ligue 1,1.0,3600000.0,1000.0,9500000.0,70,87,1,,,,,,,Left,3,1,9,31,17,8,17,33,23.0,28,61,35,38,31,7,16,7,Medium/Medium,Normal (185+)
Pablo Torre,Pablo Torre Carral,20,Spain,"CAM, LM, CM",Girona,La Liga,1.0,3800000.0,41000.0,,70,85,1,71.0,60.0,73.0,69.0,45.0,53.0,Right,4,4,59,75,67,65,72,75,66.0,71,48,74,69,73,42,48,64,Medium/Medium,Lean (170-185)
A. Sylla,Loubadhe Abakar Sylla,20,Côte d'Ivoire,CB,Strasbourg,Ligue 1,1.0,3600000.0,9000.0,9500000.0,70,84,1,70.0,30.0,54.0,69.0,67.0,77.0,Left,3,2,19,69,40,68,68,46,72.0,72,78,71,69,71,68,67,34,Low/Medium,Lean (185+)
M. Prati,Matteo Prati,19,Italy,"CDM, CM",Cagliari,Serie A,1.0,3600000.0,7000.0,8700000.0,70,84,1,65.0,60.0,70.0,68.0,66.0,67.0,Right,3,3,55,74,66,68,73,72,69.0,67,68,64,66,58,63,68,64,Medium/Medium,Lean (185+)
Andrey Santos,Andrey Nascimento dos Santos,19,Brazil,"CM, CDM",Nottingham Forest,Premier League,1.0,3800000.0,25000.0,,70,84,1,75.0,56.0,66.0,73.0,62.0,68.0,Right,3,3,59,76,48,76,73,73,56.0,66,68,77,73,74,58,70,71,High/Medium,Normal (170-185)
I. Doukouré,Ismaël Landry Doukouré,19,France,"CB, RB",Strasbourg,Ligue 1,1.0,3500000.0,6000.0,9200000.0,70,83,1,61.0,28.0,52.0,59.0,71.0,68.0,Right,2,2,20,65,41,56,65,51,55.0,59,75,58,64,48,70,74,35,Medium/Medium,Normal (170-185)
R. Drăgușin,Radu Matei Drăgușin,21,Romania,CB,Genoa,Serie A,1.0,3700000.0,9000.0,9000000.0,70,83,1,74.0,37.0,47.0,58.0,71.0,73.0,Right,3,2,27,58,36,55,59,40,68.0,67,79,69,78,63,65,77,25,Medium/High,Lean (185+)
H. Haraldsson,Hákon Arnar Haraldsson,20,Iceland,"CF, LM",Lille,Ligue 1,1.0,3900000.0,14000.0,9800000.0,70,83,1,76.0,65.0,67.0,74.0,58.0,69.0,Right,4,3,68,71,63,72,74,69,71.0,85,57,75,77,86,60,59,72,High/High,Lean (170-185)
Javi Guerra,Javier Guerra Moreno,20,Spain,"CM, CDM, CAM",Valencia,La Liga,1.0,3800000.0,13000.0,10400000.0,70,83,1,57.0,61.0,68.0,69.0,68.0,59.0,Right,4,3,60,73,59,68,75,75,63.0,54,61,56,58,60,65,70,65,High/Medium,Lean (185+)
L. Stergiou,Leonidas Stergiou,21,Switzerland,CB,VfB Stuttgart,Bundesliga,1.0,3700000.0,5000.0,,70,82,1,84.0,32.0,54.0,52.0,70.0,77.0,Right,3,2,27,66,36,38,56,52,60.0,80,77,84,84,77,70,72,39,Low/Medium,Normal (170-185)
J. Enciso,Julio César Enciso Espínola,19,Paraguay,"LM, CAM, RM",Brighton & Hove Albion,Premier League,1.0,3800000.0,21000.0,8000000.0,70,82,1,76.0,70.0,64.0,74.0,32.0,48.0,Right,3,3,69,70,61,75,74,70,68.0,54,42,79,73,78,28,35,68,High/Medium,Normal (170-185)
I. Touré,Souleymane Isaak Touré,20,France,CB,Lorient,Ligue 1,1.0,3600000.0,9000.0,7900000.0,70,82,1,66.0,30.0,50.0,55.0,67.0,83.0,Left,3,2,29,59,42,49,62,54,66.0,65,91,62,69,52,65,70,38,Medium/Medium,Normal (185+)
Arnau Tenas,Arnau Tenas Ureña,22,Spain,GK,Paris Saint Germain,Ligue 1,1.0,3400000.0,21000.0,7000000.0,70,82,1,,,,,,,Right,2,1,5,22,14,6,35,42,22.0,21,38,47,42,56,6,13,7,Medium/Medium,Normal (185+)
A. Ramsey,Aaron Ramsey,20,England,"LM, CM, CAM",Burnley,Premier League,1.0,3800000.0,18000.0,8400000.0,70,82,1,73.0,63.0,67.0,72.0,50.0,60.0,Right,3,4,66,70,57,72,72,70,65.0,68,59,76,70,78,45,57,69,High/Medium,Lean (170-185)
Álvaro Fernández,Álvaro Fernández Carreras,20,Spain,"LWB, LB",Granada,La Liga,1.0,3700000.0,31000.0,,70,82,1,77.0,54.0,73.0,74.0,60.0,66.0,Left,4,3,50,74,73,76,74,75,68.0,75,59,75,78,76,59,62,69,High/Medium,Lean (185+)
I. Sulemana,Ibrahim Sulemana,20,Ghana,"CDM, CM",Cagliari,Serie A,1.0,3600000.0,9000.0,7200000.0,70,82,1,75.0,60.0,63.0,67.0,68.0,71.0,Right,3,2,53,69,58,65,68,61,60.0,68,71,77,74,74,65,70,56,Medium/High,Normal (170-185)
César Gelabert,César Gelabert Piña,22,Spain,"CM, LM, ST",Toulouse,Ligue 1,1.0,3600000.0,11000.0,7900000.0,70,81,1,74.0,64.0,66.0,71.0,53.0,57.0,Right,4,3,71,71,56,75,73,70,54.0,60,64,74,74,61,34,71,69,High/Low,Lean (170-185)
N. Hedl,Niklas Hedl,22,Austria,GK,Rapid Wien,Bundesliga,1.0,3100000.0,7000.0,5100000.0,70,81,1,,,,,,,Right,1,1,5,24,12,7,17,31,27.0,25,64,28,30,36,8,12,5,Medium/Medium,Normal (185+)
A. Omobamidele,Andrew Abiola Omobamidele,21,Republic of Ireland,CB,Nottingham Forest,Premier League,1.0,3300000.0,20000.0,6900000.0,70,81,1,73.0,27.0,49.0,57.0,70.0,75.0,Right,3,2,24,65,25,53,59,50,63.0,67,81,74,72,63,70,71,41,Medium/High,Normal (185+)
A. Jasic,Adis Jasic,20,Austria,"RWB, RB, CM",Wolfsberger AC,Bundesliga,1.0,3300000.0,6000.0,5400000.0,70,81,1,75.0,59.0,64.0,67.0,64.0,70.0,Right,3,3,57,64,66,67,65,66,60.0,84,63,77,74,72,60,67,56,High/High,Normal (170-185)
N. Atubolu,Noah Atubolu,21,Germany,GK,SC Freiburg,Bundesliga,1.0,3100000.0,7000.0,5900000.0,70,81,1,,,,,,,Right,3,1,8,27,12,11,14,50,44.0,29,79,35,36,32,12,12,9,Medium/Medium,Stocky (185+)
F. Terracciano,Filippo Terracciano,20,Italy,"RM, CM",Hellas Verona,Serie A,1.0,3500000.0,11000.0,7000000.0,70,81,1,81.0,60.0,68.0,70.0,63.0,66.0,Right,4,3,56,71,69,72,69,67,54.0,65,67,83,80,72,64,63,57,High/High,Normal (170-185)
J. Araujo,Julian Vincente Araujo,21,Mexico,RB,Las Palmas,La Liga,1.0,3400000.0,37000.0,,70,80,1,80.0,33.0,61.0,68.0,65.0,70.0,Right,2,2,25,67,65,67,66,57,62.0,81,60,79,80,79,63,72,65,High/High,Lean (170-185)
M. Beier,Maximilian Beier,20,Germany,"ST, LM, RM",TSG Hoffenheim,Bundesliga,1.0,3500000.0,15000.0,6700000.0,70,80,1,90.0,68.0,61.0,71.0,25.0,57.0,Right,3,3,72,67,55,70,70,67,57.0,78,50,86,94,80,22,21,75,Medium/Medium,Lean (185+)
Reinier,Reinier Jesus Carvalho,21,Brazil,"RW, LW, CAM",Frosinone,Serie A,1.0,3600000.0,50000.0,,70,80,1,68.0,67.0,65.0,76.0,42.0,65.0,Right,4,4,68,72,58,78,75,64,73.0,65,67,71,65,76,42,45,67,High/Medium,Lean (185+)
A. Carboni,Andrea Carboni,22,Italy,CB,Monza,Serie A,1.0,3300000.0,19000.0,6300000.0,70,80,1,64.0,36.0,55.0,62.0,71.0,69.0,Left,2,2,30,63,60,59,69,45,60.0,65,72,63,65,55,72,73,29,Medium/Medium,Lean (185+)
C. Matsima,Chrislain Iris Aurel Matsima,21,France,CB,Monaco,Ligue 1,1.0,3300000.0,16000.0,6900000.0,70,80,1,73.0,34.0,48.0,55.0,69.0,70.0,Right,3,2,29,64,31,54,60,44,70.0,46,81,62,82,38,69,69,41,Medium/Medium,Lean (185+)
I. Miramón,Juan Ignacio Miramon,20,Argentina,"CDM, CM",Lille,Ligue 1,1.0,3300000.0,11000.0,6900000.0,70,80,1,69.0,57.0,63.0,68.0,67.0,75.0,Right,2,3,55,69,57,67,70,58,56.0,82,72,66,71,72,69,72,53,Medium/Medium,Normal (170-185)
Kaiky,Kaiky Fernandes Melo,19,Brazil,CB,Almería,La Liga,1.0,3200000.0,7000.0,7400000.0,70,80,1,70.0,31.0,49.0,67.0,71.0,64.0,Right,2,2,23,72,31,65,74,28,67.0,67,58,68,72,68,70,73,41,Medium/Medium,Normal (170-185)
M. Fall,Mamadou Ibra Mbacke Fall,21,Senegal,"CB, RB",FC Barcelona,La Liga,1.0,3300000.0,3000.0,,70,80,1,68.0,34.0,48.0,57.0,70.0,74.0,Right,2,2,35,66,28,52,58,40,62.0,73,78,65,71,65,70,69,57,Low/Medium,Normal (185+)
J. McAtee,James McAtee,20,England,"CAM, CM",Sheffield United,Premier League,1.0,3500000.0,37000.0,,70,80,1,72.0,63.0,66.0,73.0,41.0,60.0,Left,3,3,64,71,57,74,76,66,65.0,69,62,75,69,72,44,42,64,High/Medium,Lean (170-185)
J. Mwanga,Junior Mwanga,20,France,"CB, CDM, CM",Strasbourg,Ligue 1,1.0,3300000.0,9000.0,7300000.0,70,80,1,68.0,45.0,59.0,63.0,70.0,72.0,Right,3,2,44,71,38,62,65,66,71.0,76,71,68,68,57,69,72,50,Medium/Medium,Lean (170-185)
Latasa,Juan Miguel Latasa Fernandez Layos,22,Spain,ST,Getafe,La Liga,1.0,3600000.0,57000.0,,70,80,1,64.0,70.0,50.0,63.0,21.0,65.0,Left,2,2,71,67,31,67,64,49,55.0,68,75,66,63,52,17,15,75,Medium/Medium,Lean (185+)
Juan Cruz,Juan Cruz Díaz Espósito,23,Spain,"LM, CAM, RM",Real Betis,La Liga,1.0,3500000.0,11000.0,8100000.0,70,79,1,78.0,67.0,67.0,75.0,32.0,42.0,Left,3,3,68,69,72,78,77,63,62.0,34,39,79,77,81,32,28,65,Medium/Medium,Normal (170-185)
J. Vásquez,Johan Felipe Vásquez Ibarra,24,Mexico,"CB, LB",Genoa,Serie A,1.0,3300000.0,11000.0,6600000.0,70,79,1,63.0,32.0,57.0,55.0,72.0,73.0,Left,2,2,30,63,62,50,57,47,69.0,77,70,63,63,51,71,72,40,Medium/High,Lean (185+)
A. Abqar,Abdelkabir Abqar,24,Morocco,CB,Deportivo Alavés,La Liga,1.0,3300000.0,10000.0,7900000.0,70,79,1,47.0,31.0,49.0,53.0,71.0,65.0,Right,3,2,27,70,35,43,70,36,50.0,54,70,36,56,47,67,76,24,Low/Medium,Lean (185+)
D. Yongwa,Darlin Zidane Yongwa Ngameni,22,Cameroon,"LB, LWB",Lorient,Ligue 1,1.0,3400000.0,10000.0,7500000.0,70,79,1,84.0,40.0,59.0,67.0,64.0,70.0,Left,3,3,41,65,63,63,64,57,62.0,82,67,80,88,86,65,67,57,High/Medium,Normal (170-185)
J. Adamu,Junior Chukwubuike Adamu,22,Austria,ST,SC Freiburg,Bundesliga,1.0,3600000.0,14000.0,6800000.0,70,79,1,81.0,69.0,52.0,68.0,22.0,68.0,Right,3,3,69,59,41,68,64,59,70.0,66,75,79,83,80,18,13,71,Medium/Medium,Normal (170-185)
Aitor Paredes,Aitor Paredes Casamichana,23,Spain,CB,Athletic Club,La Liga,1.0,3300000.0,11000.0,7600000.0,70,79,1,63.0,31.0,47.0,52.0,70.0,67.0,Right,3,2,29,68,22,42,63,38,52.0,54,71,59,67,53,69,70,27,Low/Medium,Normal (185+)
Imanol,Imanol García de Albéniz Crecente,22,Spain,LB,Athletic Club,La Liga,1.0,3400000.0,11000.0,7800000.0,70,79,1,67.0,47.0,66.0,65.0,68.0,55.0,Left,2,2,37,70,69,65,64,61,58.0,74,41,66,67,68,64,69,54,High/Medium,Lean (170-185)
B. Amione,Bruno Amione,21,Argentina,CB,Hellas Verona,Serie A,1.0,3300000.0,10000.0,6600000.0,70,79,1,64.0,36.0,52.0,49.0,68.0,81.0,Left,2,2,31,60,53,44,59,35,57.0,69,90,61,66,34,65,72,33,Medium/High,Normal (185+)
A. Semenyo,Antoine Semenyo,23,Ghana,ST,AFC Bournemouth,Premier League,1.0,3600000.0,23000.0,7600000.0,70,78,1,82.0,68.0,59.0,70.0,22.0,72.0,Right,4,3,68,65,63,72,69,65,62.0,71,76,76,86,73,20,19,68,High/Medium,Normal (170-185)
S. Walukiewicz,Sebastian Wiktor Walukiewicz,23,Poland,CB,Empoli,Serie A,1.0,3300000.0,5000.0,6600000.0,70,78,1,59.0,38.0,49.0,59.0,71.0,74.0,Right,2,2,36,70,23,56,65,40,69.0,68,81,64,55,51,70,71,41,High/Medium,Normal (185+)
G. Biancone,Giulian Biancone,23,France,"CB, RB",Nottingham Forest,Premier League,1.0,3300000.0,24000.0,6900000.0,70,78,1,64.0,45.0,62.0,65.0,69.0,72.0,Right,4,3,29,67,70,66,70,51,66.0,61,78,59,68,54,68,72,62,High/Medium,Normal (185+)
A. Beka Beka,Alexis Adelin Beka Beka,22,France,"CDM, CM, CB",Nice,Ligue 1,1.0,3400000.0,16000.0,7100000.0,70,78,1,74.0,57.0,63.0,71.0,67.0,71.0,Right,3,2,50,70,59,72,70,56,67.0,76,69,77,72,71,69,70,65,Medium/High,Lean (170-185)
A. Sarr,Amin Sarr,22,Sweden,"ST, LW",VfL Wolfsburg,Bundesliga,1.0,3600000.0,17000.0,,70,78,1,91.0,67.0,58.0,69.0,25.0,68.0,Right,3,3,71,64,55,71,68,63,66.0,69,73,89,92,74,17,24,67,Medium/Medium,Normal (185+)
E. Guessand,Evann Guessand,22,France,"ST, RW",Nice,Ligue 1,1.0,3600000.0,20000.0,7600000.0,70,78,1,76.0,69.0,55.0,68.0,25.0,69.0,Right,3,3,71,62,48,69,70,56,69.0,61,76,74,78,66,24,21,70,Medium/Medium,Normal (185+)
N. Ahamada,Naouirou Ahamada,21,France,CM,Crystal Palace,Premier League,1.0,3600000.0,15000.0,7600000.0,70,78,1,66.0,61.0,65.0,75.0,61.0,62.0,Right,3,2,59,75,57,77,75,68,66.0,64,58,70,62,70,55,67,65,High/Medium,Lean (170-185)
T. Breithaupt,Tim Breithaupt,21,Germany,CDM,FC Augsburg,Bundesliga,1.0,3400000.0,10000.0,6800000.0,70,78,1,49.0,41.0,60.0,58.0,69.0,71.0,Right,3,2,32,73,40,57,64,65,58.0,82,71,47,51,45,75,69,29,Low/Medium,Lean (185+)
Carlos Domínguez,Carlos Domínguez Cáceres,22,Spain,CB,Celta de Vigo,La Liga,1.0,3300000.0,10000.0,7600000.0,70,78,1,66.0,28.0,52.0,51.0,71.0,62.0,Left,3,2,29,69,50,38,68,33,54.0,54,62,63,69,46,69,72,40,Medium/Medium,Lean (185+)
N. Petrović,Njegoš Petrović,23,Serbia,"CDM, CM",Granada,La Liga,1.0,3300000.0,9000.0,7900000.0,70,78,1,58.0,51.0,66.0,62.0,66.0,75.0,Right,3,2,42,70,54,55,71,72,71.0,80,75,50,64,59,69,70,48,Medium/Medium,Normal (185+)
G. Osho,Gabriel Osho,24,England,CB,Luton Town,Premier League,1.0,3000000.0,19000.0,6600000.0,70,77,1,72.0,30.0,54.0,62.0,70.0,74.0,Right,3,2,24,64,55,60,64,41,59.0,70,77,70,73,60,70,71,43,High/Medium,Normal (185+)
R. Majecki,Radosław Majecki,23,Poland,GK,Monaco,Ligue 1,1.0,2700000.0,15000.0,5700000.0,70,77,1,,,,,,,Right,3,1,19,29,12,27,28,41,43.0,23,61,26,31,39,8,24,11,Medium/Medium,Normal (185+)
A. Mumin,Khalid Abdul Mumin Suleman,25,Ghana,CB,Rayo Vallecano,La Liga,1.0,2900000.0,10000.0,6700000.0,70,77,1,77.0,36.0,57.0,63.0,69.0,74.0,Right,4,3,32,68,47,62,65,48,64.0,70,76,76,78,63,70,70,43,Medium/High,Lean (185+)
D. Genreau,Denis Genreau,24,Australia,"CM, CAM",Toulouse,Ligue 1,1.0,3200000.0,11000.0,7000000.0,70,77,1,63.0,62.0,67.0,68.0,64.0,66.0,Right,3,3,64,74,63,68,70,70,70.0,75,60,68,58,63,65,69,71,Medium/Medium,Lean (170-185)
I. Koné,Ibrahima Koné,24,Mali,ST,Almería,La Liga,1.0,3200000.0,13000.0,7400000.0,70,77,1,77.0,69.0,52.0,67.0,31.0,79.0,Left,2,2,72,62,47,66,69,48,68.0,70,89,75,78,65,33,29,69,Medium/Medium,Normal (185+)
F. Agu,Felix Agu,23,Germany,"RWB, LWB",Werder Bremen,Bundesliga,1.0,3000000.0,11000.0,6000000.0,70,77,1,83.0,47.0,61.0,74.0,62.0,58.0,Right,3,3,46,68,63,74,71,65,62.0,74,45,87,79,86,62,58,64,Medium/Medium,Lean (170-185)
F. Becker,Finn Ole Becker,23,Germany,CM,TSG Hoffenheim,Bundesliga,1.0,3200000.0,15000.0,6100000.0,70,77,1,69.0,55.0,67.0,75.0,58.0,60.0,Left,3,3,56,76,55,75,75,71,67.0,80,51,76,64,82,54,66,63,Medium/Medium,Lean (170-185)
A. Vogliacco,Alessandro Vogliacco,24,Italy,CB,Genoa,Serie A,1.0,3000000.0,11000.0,6000000.0,70,77,1,70.0,36.0,52.0,55.0,71.0,69.0,Right,3,2,23,59,56,53,58,44,53.0,61,72,65,74,52,69,74,40,Medium/High,Normal (185+)
R. Carstensen,Rasmus Carstensen,22,Denmark,RB,FC Köln,Bundesliga,1.0,3100000.0,7000.0,,70,77,1,80.0,48.0,63.0,68.0,63.0,70.0,Right,3,3,45,67,69,65,69,56,63.0,84,64,78,82,77,65,68,64,High/Medium,Lean (170-185)
K. Yeboah,Kelvin Kwarteng Yeboah,23,Italy,ST,Montpellier,Ligue 1,1.0,3200000.0,13000.0,,70,77,1,88.0,67.0,56.0,71.0,24.0,68.0,Right,3,3,70,59,53,71,68,66,65.0,73,70,91,85,81,19,21,71,Medium/Medium,Lean (185+)
J. Zemura,Jordan Bhekithemba Zemura,23,Zimbabwe,"LWB, LB, LM",Udinese,Serie A,1.0,3000000.0,8000.0,6000000.0,70,77,1,76.0,39.0,59.0,67.0,64.0,61.0,Left,3,2,41,67,64,66,67,55,60.0,75,55,81,72,70,65,67,55,High/Medium,Lean (170-185)
R. Khadra,Reda Jousef Khadra,21,Germany,"LM, ST",Stade de Reims,Ligue 1,1.0,3200000.0,10000.0,7000000.0,70,77,1,81.0,65.0,65.0,73.0,42.0,63.0,Right,3,3,64,66,65,76,67,64,67.0,62,67,84,79,78,44,43,66,High/Medium,Stocky (170-185)
J. Asoro,Joel Joshghene Asoro,24,Sweden,"RM, ST",Metz,Ligue 1,1.0,2500000.0,9000.0,5500000.0,70,76,1,91.0,66.0,59.0,71.0,21.0,71.0,Right,3,3,69,60,63,72,67,62,60.0,80,70,92,91,84,14,17,68,High/Medium,Stocky (170-185)
L. Daschner,Lukas Stephan Horst Daschner,24,Germany,"ST, CAM, RM",VfL Bochum 1848,Bundesliga,1.0,2500000.0,13000.0,5000000.0,70,76,1,70.0,69.0,65.0,73.0,47.0,66.0,Right,4,3,72,73,53,73,72,69,62.0,70,66,79,62,78,45,40,68,High/Medium,Normal (170-185)
O. Deman,Olivier Deman,23,Belgium,"LM, RM",Werder Bremen,Bundesliga,1.0,2500000.0,12000.0,5000000.0,70,76,1,76.0,63.0,68.0,69.0,65.0,71.0,Left,3,3,61,70,68,68,70,72,63.0,84,63,74,77,76,66,63,64,High/High,Lean (170-185)
G. Zappa,Gabriele Zappa,23,Italy,"RB, RWB, RM",Cagliari,Serie A,1.0,2400000.0,11000.0,4800000.0,70,76,1,80.0,53.0,60.0,67.0,65.0,72.0,Right,2,2,51,65,68,69,66,53,59.0,82,69,74,84,67,64,67,68,High/Medium,Lean (170-185)
M. Okoye,Maduka Emilio Okoye,23,Nigeria,GK,Udinese,Serie A,1.0,2000000.0,6000.0,4000000.0,70,76,1,,,,,,,Right,3,1,6,39,15,14,18,36,37.0,34,75,23,26,32,16,16,8,Medium/Medium,Normal (185+)
M. Maglica,Matej Maglica,24,Croatia,CB,Darmstadt 98,Bundesliga,1.0,2300000.0,11000.0,,70,76,1,38.0,50.0,46.0,44.0,68.0,82.0,Left,3,2,35,58,40,37,54,29,54.0,66,92,35,40,35,67,70,33,Low/Medium,Normal (185+)
F. Magri,Frank Magri,23,France,"ST, LM",Toulouse,Ligue 1,1.0,2500000.0,12000.0,5500000.0,70,76,1,76.0,71.0,58.0,70.0,21.0,63.0,Right,3,2,73,67,52,69,72,58,65.0,73,69,77,76,73,15,19,69,Medium/Low,Normal (170-185)
M. Usor,Moses Usor,21,Nigeria,RM,LASK Linz,Bundesliga,1.0,2600000.0,550.0,,70,76,1,85.0,65.0,64.0,73.0,38.0,62.0,Left,2,3,63,66,62,74,70,66,71.0,72,58,84,85,83,34,43,66,Medium/Low,Lean (170-185)
M. Mbaye,Mamadou Mbaye,25,Senegal,CB,Cádiz,La Liga,1.0,2200000.0,14000.0,5100000.0,70,76,1,54.0,29.0,57.0,46.0,71.0,68.0,Right,4,2,23,71,53,32,64,41,58.0,61,70,52,56,39,70,74,23,Medium/Medium,Lean (185+)
W. Faríñez,Wuilker Fariñez Aray,25,Venezuela,GK,Lens,Ligue 1,1.0,1900000.0,13000.0,3800000.0,70,75,1,,,,,,,Right,3,1,19,25,18,14,25,66,45.0,41,51,51,54,69,25,16,15,Medium/Medium,Normal (170-185)
A. Jallow,Abdoulie Jallow,24,Gambia,"RM, CAM",Metz,Ligue 1,1.0,2400000.0,9000.0,5000000.0,70,75,1,78.0,66.0,66.0,74.0,34.0,46.0,Left,3,3,68,70,60,73,70,65,67.0,70,30,80,77,88,33,39,65,High/Medium,Lean (170-)
D. Fitz,Dominik Fitz,24,Austria,"CAM, LM, CF",Austria Wien,Bundesliga,1.0,2400000.0,8000.0,3700000.0,70,75,1,73.0,67.0,71.0,69.0,33.0,54.0,Right,3,4,67,70,71,68,69,74,59.0,76,48,78,69,82,22,42,69,High/Low,Normal (170-185)
K. Sessa,Kevin Simone Sessa,22,Germany,"RM, CM",Heidenheim,Bundesliga,1.0,2400000.0,14000.0,4500000.0,70,75,1,82.0,58.0,67.0,72.0,61.0,59.0,Right,3,3,57,69,67,71,71,66,66.0,80,45,85,79,85,56,68,58,Medium/Medium,Lean (170-185)
Fuzato,Daniel Cerântula Fuzato,25,Brazil,GK,Getafe,La Liga,1.0,1900000.0,10000.0,4100000.0,70,75,1,,,,,,,Right,3,1,17,26,15,15,12,52,52.0,22,55,31,20,32,8,12,9,Medium/Medium,Normal (185+)
Javi Hernández,Javier Hernández Carrera,25,Spain,"LB, CB",Cádiz,La Liga,1.0,2200000.0,6000.0,,70,75,1,67.0,50.0,64.0,65.0,69.0,71.0,Left,2,3,38,68,66,64,65,58,67.0,73,72,68,66,68,70,70,61,Medium/Medium,Normal (170-185)
M. Busi,Maxime Busi,23,Belgium,RB,Stade de Reims,Ligue 1,1.0,2200000.0,10000.0,4600000.0,70,75,1,70.0,49.0,63.0,68.0,67.0,66.0,Right,3,2,47,70,71,68,70,53,59.0,68,65,69,70,69,65,68,57,High/Medium,Normal (170-185)
T. Siersleben,Tim Siersleben,23,Germany,CB,Heidenheim,Bundesliga,1.0,2200000.0,13000.0,4100000.0,70,75,1,52.0,33.0,48.0,55.0,71.0,71.0,Left,2,2,25,61,48,51,58,36,63.0,63,75,59,47,55,71,74,26,Low/Medium,Normal (185+)
V. Dubinchak,Vladyslav Dubinchak,25,Ukraine,LB,Dynamo Kyiv,Premier League,1.0,2200000.0,500.0,5000000.0,70,75,1,77.0,45.0,69.0,70.0,67.0,56.0,Left,3,3,30,74,67,73,66,67,63.0,71,45,79,75,73,70,70,66,High/High,Lean (170-185)
André Ferreira,André Filipe Magalhães Ribeiro Ferreira,27,Portugal,GK,Granada,La Liga,1.0,1700000.0,8000.0,3900000.0,70,74,1,,,,,,,Right,2,1,17,24,19,18,24,43,38.0,33,76,38,39,59,12,14,11,Medium/Medium,Normal (185+)
J. Schöppner,Jan Schöppner,24,Germany,CDM,Heidenheim,Bundesliga,1.0,2100000.0,13000.0,3900000.0,70,74,1,64.0,57.0,63.0,62.0,68.0,80.0,Right,3,2,57,68,60,59,69,66,67.0,90,78,62,66,57,68,70,58,Medium/High,Lean (185+)
R. Burke,Reece Burke,26,England,CB,Luton Town,Premier League,1.0,1800000.0,22000.0,3700000.0,70,73,1,67.0,36.0,54.0,61.0,71.0,71.0,Right,3,2,27,65,50,62,60,45,63.0,69,73,62,71,62,70,72,38,Medium/Medium,Normal (185+)
F. Passlack,Felix Passlack,25,Germany,"RM, RB, CM",VfL Bochum 1848,Bundesliga,1.0,2100000.0,13000.0,3900000.0,70,73,1,69.0,62.0,67.0,71.0,66.0,72.0,Right,4,3,61,70,69,70,71,63,66.0,77,66,76,63,75,69,70,63,Medium/Medium,Normal (170-185)
B. Gimber,Benedikt Gimber,26,Germany,CDM,Heidenheim,Bundesliga,1.0,1900000.0,15000.0,3600000.0,70,73,1,65.0,48.0,59.0,56.0,71.0,78.0,Left,3,2,44,69,47,49,60,61,60.0,76,79,65,65,65,72,73,39,Medium/High,Normal (185+)
M. Koné,Moussa Koné,26,Senegal,"ST, LM",LASK Linz,Bundesliga,1.0,2100000.0,14000.0,3300000.0,70,73,1,89.0,67.0,58.0,72.0,32.0,69.0,Right,3,3,70,68,53,71,70,55,69.0,77,69,90,89,85,33,27,72,High/Medium,Normal (170-185)
S. Baptiste,Shandon Baptiste,25,Grenada,"CM, CDM",Brentford,Premier League,1.0,2100000.0,26000.0,4100000.0,70,73,1,70.0,58.0,67.0,75.0,68.0,69.0,Right,4,3,56,72,65,77,74,71,74.0,66,69,71,70,72,70,68,69,Medium/Medium,Normal (170-185)
N. Maraš,Nikola Maraš,27,Serbia,CB,Deportivo Alavés,La Liga,1.0,1800000.0,12000.0,4100000.0,70,73,1,64.0,37.0,50.0,55.0,70.0,76.0,Right,2,2,38,70,31,49,58,46,68.0,74,78,63,65,64,70,73,28,Medium/Medium,Lean (185+)
A. Dovbyk,Artem Dovbyk,26,Ukraine,ST,Girona,La Liga,1.0,2100000.0,15000.0,4600000.0,70,73,1,74.0,67.0,55.0,64.0,28.0,73.0,Left,4,3,69,67,39,65,62,56,63.0,70,77,73,74,58,32,19,72,High/Medium,Normal (185+)
C. Benavídez,Carlos Nahuel Benavídez Protesoni,25,Uruguay,"CDM, CM",Deportivo Alavés,La Liga,1.0,1900000.0,11000.0,4300000.0,70,73,1,67.0,44.0,63.0,64.0,71.0,72.0,Right,3,2,38,69,60,62,66,65,70.0,68,70,70,65,62,69,73,40,Medium/High,Normal (185+)
J. Gazibegović,Jusuf Gazibegović,23,Bosnia and Herzegovina,RB,Sturm Graz,Bundesliga,1.0,2000000.0,8000.0,3200000.0,70,73,1,77.0,43.0,63.0,68.0,64.0,71.0,Right,4,2,26,62,66,67,65,63,59.0,86,64,76,77,81,65,67,63,High/High,Normal (170-185)
J. Le Cardinal,Julien Le Cardinal,25,France,"RWB, RB, CB",Brest,Ligue 1,1.0,1900000.0,16000.0,,70,73,1,67.0,31.0,61.0,64.0,67.0,71.0,Right,2,2,27,65,69,63,68,60,66.0,76,73,66,68,56,64,69,27,High/Medium,Normal (170-185)
P. Galdames,Pablo Ignacio Galdames Millán,26,Chile,"CM, CDM, CAM",Genoa,Serie A,1.0,2000000.0,14000.0,3800000.0,70,72,1,76.0,60.0,70.0,72.0,61.0,69.0,Right,3,3,54,75,56,70,73,69,61.0,83,62,78,75,81,57,66,58,Medium/Medium,Normal (170-185)
F. Jagiełło,Filip Wojciech Jagiełło,25,Poland,"CM, CAM",Genoa,Serie A,1.0,2000000.0,13000.0,3800000.0,70,72,1,73.0,70.0,69.0,71.0,53.0,63.0,Right,2,3,70,73,62,72,73,70,64.0,73,60,73,73,73,45,59,70,Low/Medium,Normal (170-185)
S. Bastien,Samuel Christopher Bastien,26,Congo DR,"CM, LM",Burnley,Premier League,1.0,2000000.0,24000.0,4200000.0,70,72,1,72.0,66.0,70.0,73.0,62.0,69.0,Right,3,3,61,73,68,72,74,65,69.0,81,64,75,69,74,67,60,64,High/Medium,Normal (170-185)
D. Baumgartner,Dominik Baumgartner,26,Austria,"CB, RB",Wolfsberger AC,Bundesliga,1.0,1700000.0,8000.0,2600000.0,70,72,1,68.0,35.0,52.0,52.0,70.0,74.0,Right,2,2,29,64,51,42,57,35,58.0,71,76,68,68,64,71,71,41,Medium/High,Normal (185+)
C. Ogbene,Chiedozie Ogbene,26,Republic of Ireland,"CF, RWB",Luton Town,Premier League,1.0,2000000.0,26000.0,4200000.0,70,72,1,91.0,65.0,63.0,71.0,57.0,74.0,Right,4,3,66,66,65,73,69,63,61.0,82,73,91,91,77,55,58,66,High/Low,Lean (170-185)
R. Descamps,Rémy Descamps,27,France,GK,Nantes,Ligue 1,1.0,1500000.0,10000.0,3100000.0,70,72,1,,,,,,,Left,3,1,9,21,10,9,11,23,49.0,20,63,45,39,29,9,11,7,Medium/Medium,Lean (185+)
T. Kongolo,Terence Kongolo,29,Netherlands,"CB, LB",Rapid Wien,Bundesliga,1.0,1500000.0,35000.0,,70,71,1,60.0,42.0,59.0,63.0,70.0,69.0,Left,4,2,26,63,64,62,65,46,72.0,48,77,62,58,66,70,71,49,Medium/Medium,Lean (185+)
K. Adams Nuhu,Kasim Adams Nuhu,28,Ghana,CB,TSG Hoffenheim,Bundesliga,1.0,1500000.0,17000.0,2700000.0,70,71,1,62.0,42.0,55.0,55.0,67.0,82.0,Right,2,2,36,68,42,53,59,46,70.0,71,89,61,62,53,62,73,32,High/Medium,Normal (185+)
V. Kovalenko,Viktor Kovalenko,27,Ukraine,"CM, CAM",Empoli,Serie A,1.0,1800000.0,23000.0,,70,71,1,68.0,70.0,70.0,73.0,57.0,71.0,Right,4,3,68,72,71,72,74,69,69.0,80,72,71,66,74,55,59,70,High/Medium,Normal (170-185)
M. Honsak,Mathias Honsak,26,Austria,"LM, CAM, RM",Darmstadt 98,Bundesliga,1.0,1900000.0,13000.0,3600000.0,70,71,1,86.0,64.0,62.0,70.0,50.0,71.0,Left,4,3,65,65,65,71,72,64,55.0,71,72,88,84,72,38,58,70,High/Medium,Normal (185+)
Igor Silva,Igor Silva de Almeida,26,Brazil,"RB, RWB",Lorient,Ligue 1,1.0,1700000.0,12000.0,3500000.0,70,71,1,75.0,54.0,63.0,72.0,66.0,64.0,Right,2,3,44,64,68,72,72,58,58.0,74,57,74,76,80,68,67,67,High/Medium,Normal (170-185)
Sergio Ruiz,Sergio Ruiz Alonso,28,Spain,"CDM, CM",Granada,La Liga,1.0,1500000.0,11000.0,3400000.0,70,71,1,62.0,62.0,64.0,68.0,66.0,71.0,Right,3,2,65,71,59,66,70,67,71.0,85,66,63,61,60,69,69,62,High/Medium,Normal (170-185)
Alkain,Xeber Alkain Mitxelena,26,Spain,"RM, ST",Deportivo Alavés,La Liga,1.0,1900000.0,13000.0,4300000.0,70,71,1,79.0,70.0,61.0,74.0,26.0,54.0,Right,3,3,74,62,63,75,72,65,60.0,64,59,84,75,81,16,28,64,Medium/Medium,Normal (170-185)
D. Chyhrynskyi,Dmytro Chyhrynskyi,36,Ukraine,CB,Shakhtar Donetsk,Premier League,1.0,275000.0,500.0,605000.0,70,70,2,39.0,39.0,59.0,44.0,73.0,64.0,Right,3,2,32,68,40,35,52,59,68.0,44,70,40,39,37,74,72,36,Low/Medium,Normal (185+)
T. Sippel,Tobias Sippel,35,Germany,GK,Borussia Mönchengladbach,Bundesliga,1.0,180000.0,7000.0,306000.0,70,70,1,,,,,,,Right,2,1,12,33,14,13,19,31,41.0,41,65,50,42,48,12,15,16,Medium/Medium,Normal (170-185)
L. Négo,Loïc Négo,32,Hungary,"RB, RWB",Le Havre,Ligue 1,1.0,1100000.0,10000.0,2200000.0,70,70,1,80.0,67.0,68.0,69.0,63.0,66.0,Right,3,3,70,70,78,70,67,58,73.0,68,65,78,82,70,61,66,65,High/High,Lean (170-185)
S. Ilsanker,Stefan Ilsanker,34,Austria,"CB, CDM",Genoa,Serie A,1.0,525000.0,12000.0,945000.0,70,70,1,52.0,53.0,50.0,50.0,70.0,78.0,Right,3,2,45,57,39,49,54,52,63.0,66,81,39,62,34,69,71,52,Low/Medium,Normal (185+)
Ignasi Miquel,Ignasi Miquel i Pons,30,Spain,CB,Granada,La Liga,1.0,1300000.0,10000.0,2900000.0,70,70,1,53.0,35.0,56.0,59.0,70.0,72.0,Left,3,2,34,67,49,55,67,54,60.0,61,79,52,54,57,70,69,26,Low/Medium,Lean (185+)
M. Bourabia,Mehdi Bourabia,31,Morocco,"CM, CDM",Frosinone,Serie A,1.0,1300000.0,8000.0,2300000.0,70,70,1,58.0,60.0,69.0,70.0,65.0,64.0,Right,3,3,49,75,58,71,72,68,69.0,70,63,58,58,66,62,69,62,Medium/Medium,Normal (170-185)
S. Romagnoli,Simone Romagnoli,33,Italy,CB,Frosinone,Serie A,1.0,750000.0,7000.0,1400000.0,70,70,1,55.0,40.0,47.0,55.0,70.0,77.0,Right,2,2,39,59,33,52,58,45,70.0,65,87,47,61,55,69,71,35,Low/Medium,Lean (185+)
Diego Mariño,Diego Mariño Villar,33,Spain,GK,Almería,La Liga,1.0,525000.0,10000.0,1100000.0,70,70,1,,,,,,,Right,2,1,16,35,22,15,21,54,59.0,35,69,48,52,66,18,15,11,Medium/Medium,Lean (185+)
D. Batz,Daniel Batz,32,Germany,GK,FSV Mainz 05,Bundesliga,1.0,800000.0,11000.0,1400000.0,70,70,1,,,,,,,Right,2,1,11,36,16,19,23,39,48.0,29,61,36,33,44,30,17,12,Medium/Medium,Normal (185+)
A. Davies,Adam Rhys Davies,30,Wales,GK,Sheffield United,Premier League,1.0,1100000.0,14000.0,2200000.0,70,70,1,,,,,,,Right,3,1,11,25,12,12,16,40,47.0,29,47,40,40,39,18,16,8,Medium/Medium,Normal (185+)
F. Ogier,Florent Ogier,34,France,CB,Clermont,Ligue 1,1.0,525000.0,10000.0,1100000.0,70,70,1,31.0,34.0,41.0,52.0,72.0,74.0,Right,3,2,27,59,23,39,62,23,68.0,79,72,29,33,56,74,71,30,Medium/High,Lean (170-185)
M. Colin,Maxime Colin,31,France,"RB, RWB, CB",Metz,Ligue 1,1.0,1200000.0,10000.0,2400000.0,70,70,1,70.0,43.0,63.0,65.0,68.0,72.0,Right,4,3,33,65,68,64,65,56,65.0,74,71,69,70,69,68,68,59,Medium/Medium,Normal (170-185)
T. Chandler,Timothy Chandler,33,United States,"RM, RWB",Eintracht Frankfurt,Bundesliga,1.0,1000000.0,19000.0,1700000.0,70,70,2,46.0,69.0,72.0,68.0,72.0,76.0,Right,4,2,67,74,78,69,73,67,72.0,68,79,55,39,54,71,74,70,Medium/Medium,Normal (185+)
A. Schwolow,Alexander Schwolow,31,Germany,GK,FC Union Berlin,Bundesliga,1.0,850000.0,13000.0,1400000.0,70,70,2,,,,,,,Right,3,1,12,26,9,15,23,36,24.0,31,65,36,39,40,16,17,10,Medium/Medium,Normal (185+)
M. Bettinelli,Marcus Bettinelli,31,England,GK,Chelsea,Premier League,1.0,850000.0,33000.0,1600000.0,70,70,1,,,,,,,Right,3,1,14,40,12,15,28,40,52.0,22,40,34,24,39,16,18,6,Medium/Medium,Normal (185+)
B. Uphoff,Benjamin Uphoff,29,Germany,GK,SC Freiburg,Bundesliga,1.0,1100000.0,12000.0,1900000.0,70,70,1,,,,,,,Right,2,1,8,36,11,10,22,26,23.0,23,64,36,40,29,13,11,10,Medium/Medium,Normal (185+)
S. Sabelli,Stefano Sabelli,30,Italy,"RB, RM, RWB",Genoa,Serie A,1.0,1400000.0,12000.0,2500000.0,70,70,1,74.0,39.0,59.0,61.0,66.0,69.0,Right,3,3,35,62,63,56,59,54,69.0,87,62,72,76,70,63,69,54,Medium/High,Lean (170-185)
P. Ziereis,Philipp Ziereis,30,Germany,CB,LASK Linz,Bundesliga,1.0,1300000.0,12000.0,2000000.0,70,70,1,61.0,24.0,57.0,57.0,70.0,75.0,Right,3,2,18,66,57,54,56,50,68.0,66,79,58,64,60,68,74,26,Medium/High,Normal (185+)
E. Marcondes,Emiliano Marcondes Camargo Hansen,28,Denmark,"CAM, CM",AFC Bournemouth,Premier League,1.0,1600000.0,25000.0,3000000.0,70,70,1,72.0,68.0,68.0,71.0,42.0,65.0,Right,3,3,70,68,64,70,72,71,65.0,67,65,72,72,76,39,50,69,High/Medium,Normal (170-185)
José Mari,José María Martín-Bejarano Serrano,35,Spain,"CDM, CM",Cádiz,La Liga,1.0,450000.0,10000.0,945000.0,70,70,1,55.0,59.0,66.0,63.0,67.0,66.0,Right,3,2,49,70,58,59,70,68,60.0,58,67,61,50,61,64,72,57,Medium/High,Lean (170-185)
F. Angileri,Fabrizio Germán Angileri,29,Argentina,"LB, LWB",Getafe,La Liga,1.0,1400000.0,14000.0,2900000.0,70,70,1,77.0,71.0,69.0,69.0,65.0,80.0,Left,3,3,64,65,70,67,69,74,72.0,79,84,76,77,74,65,67,71,Medium/Medium,Normal (185+)
S. Adamyan,Sargis Adamyan,30,Armenia,"ST, LM, CAM",FC Köln,Bundesliga,1.0,1600000.0,16000.0,2900000.0,70,70,1,79.0,70.0,63.0,72.0,34.0,69.0,Right,3,4,71,70,58,72,71,65,62.0,75,68,81,77,78,45,25,67,Medium/Medium,Normal (170-185)
R. Di Gennaro,Raffaele Di Gennaro,29,Italy,GK,Inter,Serie A,1.0,1100000.0,26000.0,1900000.0,70,70,1,,,,,,,Right,2,1,15,25,12,19,26,43,67.0,40,51,41,45,35,6,18,13,Medium/Medium,Lean (185+)
M. Caldara,Mattia Caldara,29,Italy,CB,Milan,Serie A,1.0,1300000.0,27000.0,2200000.0,70,70,2,49.0,34.0,46.0,62.0,70.0,71.0,Right,3,2,36,63,34,62,61,32,66.0,61,75,49,49,58,67,73,34,Low/Medium,Normal (185+)
Paulo Azzi,Paulo Daniel Azzi Dentello,28,Brazil,"LB, LM, LWB",Cagliari,Serie A,1.0,1400000.0,13000.0,2500000.0,70,70,1,82.0,65.0,65.0,73.0,62.0,72.0,Right,3,3,63,66,70,75,72,64,67.0,76,71,80,84,75,59,64,67,High/Medium,Normal (185+)
F. Diédhiou,Famara Diédhiou,30,Senegal,ST,Granada,La Liga,1.0,1600000.0,12000.0,3500000.0,70,70,1,61.0,69.0,48.0,67.0,31.0,73.0,Right,3,3,71,59,33,68,69,50,64.0,53,86,54,66,60,37,22,72,Medium/High,Normal (185+)
R. Renner,René Renner,29,Austria,"LB, LM",LASK Linz,Bundesliga,1.0,1400000.0,12000.0,2100000.0,70,70,1,81.0,61.0,64.0,67.0,63.0,68.0,Left,3,3,62,66,67,67,65,64,67.0,88,56,81,81,76,62,64,60,Medium/Medium,Lean (170-185)
A. Gruber,Andreas Gruber,28,Austria,"RM, ST, CF",Austria Wien,Bundesliga,1.0,1600000.0,10000.0,2300000.0,70,70,1,79.0,68.0,66.0,70.0,34.0,63.0,Left,3,3,67,66,65,68,67,68,71.0,67,58,80,78,80,23,41,70,High/Medium,Normal (170-185)
Vítor Angulho,Vítor Martín Angulho Fancini,27,Brazil,GK,Fortaleza,Serie A,1.0,1200000.0,6000.0,2300000.0,70,70,1,,,,,,,Right,2,1,8,20,11,9,17,62,56.0,33,59,33,42,39,27,8,13,Medium/Medium,Normal (170-185)
Carvamelinho,Samuel Thomas Carvalho Melo,27,Brazil,RB,Botafogo,Serie A,1.0,1500000.0,12000.0,2900000.0,70,70,1,68.0,55.0,69.0,58.0,67.0,64.0,Right,3,2,52,74,75,63,50,56,61.0,74,57,63,72,48,69,69,58,High/Medium,Normal (170-185)
Claytinho Branco,Daniel Clayton Branco Julião,27,Brazil,RB,Santos,Serie A,1.0,1500000.0,13000.0,2900000.0,70,70,1,64.0,52.0,63.0,58.0,72.0,65.0,Right,3,2,46,67,73,52,62,52,61.0,56,64,66,62,63,73,76,55,Medium/High,Lean (170-185)
Paolinho Leima,Paolo Marco Leima Donatelo,23,Brazil,"RWB, RB",Atlético Mineiro,Serie A,1.0,1700000.0,14000.0,3100000.0,70,70,1,75.0,50.0,65.0,69.0,63.0,72.0,Right,3,2,41,68,69,70,71,60,54.0,77,65,74,76,63,58,69,65,Medium/Medium,Normal (170-)
Marlinito Dias,Marlon Rômulo Dias Cavalcanti,27,Brazil,"CDM, CB",Fortaleza,Serie A,1.0,1500000.0,7000.0,2900000.0,70,70,1,56.0,44.0,64.0,57.0,66.0,73.0,Right,3,2,36,76,49,45,75,64,73.0,53,86,53,58,45,70,62,69,Medium/Medium,Normal (185+)
Heltinho Melo,Heltinho Melo Chaves,27,Brazil,"CAM, RB",Athletico Paranaense,Serie A,1.0,1700000.0,9000.0,3200000.0,70,70,1,78.0,54.0,71.0,74.0,48.0,55.0,Right,3,3,58,68,76,75,71,76,72.0,67,51,80,77,76,30,58,74,High/Low,Normal (170-185)
Eltildo Bessa,Elton Matheus Bessa Acuna,27,Brazil,"ST, CF, LW",Fortaleza,Serie A,1.0,1700000.0,9000.0,3200000.0,70,70,1,86.0,68.0,56.0,76.0,31.0,44.0,Left,3,3,71,61,40,73,75,65,79.0,70,30,85,87,87,30,25,77,High/Low,Lean (170-)
Arthur Silbeira,Douglas Arthur Silbeira Martins,27,Brazil,ST,Santos,Serie A,1.0,1700000.0,16000.0,3200000.0,70,70,1,64.0,73.0,59.0,68.0,29.0,59.0,Right,3,3,74,66,58,75,66,60,73.0,35,72,65,63,42,14,33,62,Medium/Medium,Normal (170-185)
Jonaldo Monteiro,Jonaldo Kauã Monteiro Moura,23,Brazil,"LB, LWB, LM",Fortaleza,Serie A,1.0,1700000.0,6000.0,3200000.0,70,70,1,74.0,51.0,66.0,61.0,64.0,72.0,Left,3,2,51,71,66,55,61,61,62.0,81,67,75,74,71,64,66,55,Medium/Medium,Lean (170-185)
Luildo Simões,Luan Vágner Simões Eustáquio,23,Brazil,CAM,Corinthians,Serie A,1.0,1800000.0,13000.0,3400000.0,70,70,1,71.0,70.0,69.0,69.0,46.0,61.0,Right,3,3,70,71,64,73,71,70,46.0,69,61,70,71,59,37,49,69,Medium/Medium,Normal (170-185)
Césario Limberg,Césario Marco Pesso Limberg,27,Brazil,CB,São Paulo,Serie A,1.0,1500000.0,18000.0,2900000.0,70,70,1,56.0,50.0,57.0,49.0,70.0,73.0,Left,3,2,52,65,57,44,55,44,60.0,58,88,55,56,46,70,75,31,Medium/Medium,Normal (185+)
Nuno Moldeiro,Nuno Jorgino Moldeiro Vaz,27,Brazil,LM,Corinthians,Serie A,1.0,1700000.0,15000.0,3200000.0,70,70,1,82.0,61.0,65.0,72.0,37.0,63.0,Left,3,3,62,67,71,73,70,64,56.0,71,65,81,82,80,43,31,61,Medium/Medium,Normal (170-185)
Natinho Mestres,Renato Peter Mestres Silveira,31,Brazil,RM,São Paulo,Serie A,1.0,1300000.0,19000.0,2500000.0,70,70,1,77.0,64.0,65.0,72.0,34.0,53.0,Right,3,3,68,71,69,73,73,58,51.0,72,49,78,77,78,36,31,55,Medium/Medium,Stocky (170-)
Ansel Barni,Anselmo Túlio Marques Barni,23,Brazil,"CDM, CM, RM",Fortaleza,Serie A,1.0,1600000.0,6000.0,3000000.0,70,70,1,63.0,54.0,65.0,62.0,70.0,72.0,Right,3,2,51,71,55,64,61,71,67.0,72,79,64,62,53,72,66,58,Medium/Medium,Normal (170-185)
Leôncio Lobeiro,Leôncio Roger Lobeiro Cunha,23,Brazil,"RW, RM",Flamengo,Serie A,1.0,1800000.0,18000.0,3200000.0,70,70,1,83.0,64.0,64.0,74.0,31.0,64.0,Right,3,3,64,69,66,76,72,69,65.0,68,65,85,81,78,37,29,57,Medium/Medium,Normal (170-185)
Tiago Pombeira,Tiago Nathan Pombeira Gesser,23,Brazil,CAM,Atlético Mineiro,Serie A,1.0,1800000.0,16000.0,3200000.0,70,70,1,74.0,64.0,68.0,73.0,32.0,47.0,Left,3,3,61,70,62,74,70,71,63.0,59,45,75,73,81,27,33,66,Medium/Medium,Lean (170-185)
Patricio Alagoano,Patric Bernard Alves Coelho,27,Brazil,"CAM, RM, RW",Fortaleza,Serie A,1.0,1700000.0,8000.0,3200000.0,70,70,1,79.0,59.0,70.0,72.0,32.0,63.0,Right,3,3,61,72,74,75,71,71,72.0,62,75,79,79,71,26,26,66,High/Medium,Stocky (170-185)
Saberto Botelho,Saberto Josué Botelho Rios,23,Brazil,CDM,Athletico Paranaense,Serie A,1.0,1600000.0,7000.0,3000000.0,70,70,1,65.0,51.0,54.0,58.0,72.0,78.0,Right,3,2,42,68,39,52,62,46,67.0,82,72,64,66,63,73,75,51,Medium/Medium,Normal (170-185)
José Arnáiz,José Manuel Arnáiz Díaz,28,Spain,"LM, ST, RM",Osasuna,La Liga,1.0,1600000.0,15000.0,3400000.0,70,70,1,80.0,72.0,61.0,73.0,40.0,68.0,Right,4,4,70,62,61,73,71,60,65.0,79,68,85,76,83,56,27,66,High/Medium,Normal (170-185)
Vitor Marlão,Vitor Marlon Bereitta Cortejo,27,Brazil,"LB, CB",Fortaleza,Serie A,1.0,1500000.0,7000.0,2900000.0,70,70,1,66.0,45.0,61.0,54.0,70.0,62.0,Left,3,2,51,72,75,49,53,43,70.0,59,68,61,70,66,76,67,38,Medium/Medium,Normal (170-185)
Jairo Farnias,Jairo Ralph Farnias Almeida,23,Brazil,GK,Internacional,Serie A,1.0,1400000.0,9000.0,2700000.0,70,70,1,,,,,,,Left,3,1,7,18,11,7,9,51,60.0,34,58,52,58,66,7,10,11,Medium/Medium,Normal (170-185)
J. Müller,Jannik Müller,29,Germany,CB,Darmstadt 98,Bundesliga,1.0,1300000.0,13000.0,2300000.0,70,70,1,60.0,36.0,49.0,52.0,70.0,71.0,Right,3,2,38,65,30,45,55,47,66.0,63,75,65,56,57,72,71,37,Medium/Medium,Normal (185+)
M. Bero,Matúš Bero,27,Slovakia,"CAM, CM",VfL Bochum 1848,Bundesliga,1.0,1700000.0,13000.0,3100000.0,70,70,1,68.0,71.0,69.0,71.0,67.0,83.0,Right,3,3,70,71,66,71,70,68,68.0,93,80,68,68,69,73,65,74,High/High,Normal (170-185)
N. Dovedan,Nikola Dovedan,28,Austria,"CF, ST, RM",Heidenheim,Bundesliga,1.0,1600000.0,18000.0,2900000.0,70,70,1,80.0,66.0,67.0,74.0,34.0,59.0,Right,4,3,69,70,61,73,71,69,71.0,76,51,82,79,87,35,32,69,High/Medium,Normal (170-185)
Benito,Benito Ramírez del Toro,27,Spain,"LB, LM, RM",Las Palmas,La Liga,1.0,1500000.0,10000.0,3300000.0,70,70,1,86.0,65.0,65.0,70.0,63.0,67.0,Left,3,3,64,70,63,70,69,62,68.0,70,67,85,87,77,60,64,64,High/Medium,Normal (170-185)
Vinicius Trieiro,Vinicius Lúcio Trieiro Lobato,31,Brazil,RB,América Mineiro,Serie A,1.0,1200000.0,9000.0,2300000.0,70,70,1,71.0,44.0,63.0,68.0,66.0,68.0,Right,3,3,36,67,66,66,68,60,73.0,75,64,70,71,68,66,66,59,Medium/Medium,Normal (170-185)
Jailson Oliva,Jailson Pietro Oliva Chiamulera,31,Brazil,RB,Atlético Mineiro,Serie A,1.0,1200000.0,17000.0,2200000.0,70,70,1,81.0,38.0,58.0,69.0,67.0,57.0,Right,3,3,33,62,64,68,64,50,62.0,77,44,84,78,85,65,70,41,Medium/Medium,Normal (170-185)
Luan Sendeiro,Luan Vágner Sendeiro Zanon,31,Brazil,CDM,Internacional,Serie A,1.0,1100000.0,13000.0,2100000.0,70,70,1,67.0,56.0,71.0,61.0,68.0,69.0,Right,3,2,52,72,65,55,69,72,55.0,66,73,66,68,61,71,63,52,Medium/Medium,Normal (170-185)
Lourival Rodeiro,Lourival Adnan Rodeiro Reis,31,Brazil,"CM, CDM",São Paulo,Serie A,1.0,1300000.0,19000.0,2500000.0,70,70,1,69.0,58.0,62.0,69.0,64.0,58.0,Right,3,2,59,78,32,67,71,66,62.0,64,54,71,68,74,69,65,68,Medium/Medium,Normal (170-185)
Martin Cordeia,Martin Victor Cordeia Damasco,27,Brazil,"CAM, CM",Internacional,Serie A,1.0,1700000.0,15000.0,3200000.0,70,70,1,48.0,70.0,74.0,70.0,36.0,63.0,Right,3,3,64,74,74,67,75,75,78.0,71,70,49,47,68,34,35,66,Medium/Medium,Stocky (170-185)
Marlion Rolim,Marlion Rômulo Rolim Nascimento,31,Brazil,CAM,Bragantino,Serie A,1.0,1300000.0,10000.0,2500000.0,70,70,1,67.0,66.0,65.0,69.0,49.0,55.0,Right,3,3,70,68,58,64,73,71,76.0,52,54,62,71,72,34,52,74,Medium/Medium,Normal (170-185)
Túlio Sandoiro,Túlio Sebastião Sandoiro Baumer,27,Brazil,ST,Goiás,Serie A,1.0,1700000.0,9000.0,3200000.0,70,70,1,64.0,71.0,62.0,73.0,33.0,72.0,Right,3,4,71,64,57,74,75,66,71.0,65,79,66,62,67,18,33,65,Medium/Medium,Normal (185+)
S. Kaba,Sory Kaba,28,Guinea,ST,Las Palmas,La Liga,1.0,1600000.0,13000.0,3500000.0,70,70,1,63.0,68.0,59.0,66.0,31.0,80.0,Right,3,3,71,66,49,67,71,69,65.0,70,90,62,63,55,31,26,70,Medium/Low,Normal (185+)
J. Allevinah,Jim Émilien Ngowet Allevinah,28,Gabon,"RM, RWB, LM",Clermont,Ligue 1,1.0,1600000.0,11000.0,3200000.0,70,70,1,82.0,69.0,63.0,72.0,42.0,48.0,Right,4,3,69,62,71,73,71,68,66.0,58,42,84,81,75,46,39,66,High/Medium,Stocky (170-185)
Ângelo,Ângelo Gabriel Borges Damaceno,18,Brazil,"RW, LW",Strasbourg,Ligue 1,1.0,3500000.0,17000.0,,69,86,1,89.0,56.0,65.0,73.0,27.0,47.0,Left,2,4,59,67,69,76,71,62,50.0,64,45,90,88,87,28,25,60,High/Low,Lean (170-185)
L. Romero,Luka Romero Bezzana,18,Argentina,RW,Milan,Serie A,1.0,3200000.0,11000.0,7400000.0,69,84,1,77.0,61.0,65.0,74.0,53.0,55.0,Left,4,3,58,67,67,73,72,66,60.0,69,41,81,74,87,49,52,63,Medium/Medium,Normal (170-)
C. Bradley,Conor Bradley,19,Northern Ireland,"RB, RWB",Liverpool,Premier League,1.0,3200000.0,18000.0,7900000.0,69,83,1,80.0,50.0,60.0,66.0,61.0,69.0,Right,3,2,53,63,67,66,65,60,64.0,84,56,80,80,67,59,64,64,High/Medium,Lean (170-185)
Joan González,Joan González Cañellas,21,Spain,CM,Lecce,Serie A,1.0,3400000.0,6000.0,8200000.0,69,83,1,66.0,61.0,69.0,68.0,53.0,76.0,Right,3,3,59,74,58,69,72,70,70.0,80,74,70,62,58,42,53,68,High/High,Normal (185+)
K. Paredes,Kevin Paredes,20,United States,"LW, LB",VfL Wolfsburg,Bundesliga,1.0,3400000.0,16000.0,7900000.0,69,82,1,80.0,56.0,63.0,75.0,53.0,46.0,Left,3,3,61,68,68,76,72,66,52.0,62,30,82,78,85,54,60,60,Medium/Medium,Lean (170-)
F. Buonanotte,Facundo Valentín Buonanotte,18,Argentina,"RM, CAM",Brighton & Hove Albion,Premier League,1.0,3200000.0,11000.0,8100000.0,69,82,1,74.0,63.0,66.0,71.0,25.0,50.0,Left,3,3,66,71,56,73,74,69,58.0,59,52,76,72,67,20,22,68,Medium/Medium,Lean (170-185)
G. Fabbian,Giovanni Fabbian,20,Italy,"CM, CAM",Bologna,Serie A,1.0,3300000.0,11000.0,8000000.0,69,82,1,71.0,64.0,67.0,72.0,58.0,63.0,Right,3,3,65,74,54,72,72,72,70.0,72,58,73,70,72,52,64,72,High/Medium,Lean (185+)
C. Baleba,Carlos Baleba,19,Cameroon,CM,Brighton & Hove Albion,Premier League,1.0,3300000.0,18000.0,8300000.0,69,82,1,77.0,51.0,63.0,72.0,65.0,70.0,Left,2,2,42,73,42,72,74,67,65.0,65,74,74,79,73,62,67,64,High/High,Normal (170-185)
Arthur,Arthur Augusto de Matos Soares,20,Brazil,"RWB, RM",Bayer 04 Leverkusen,Bundesliga,1.0,3200000.0,13000.0,7400000.0,69,82,1,72.0,40.0,62.0,65.0,63.0,57.0,Right,3,3,35,69,74,61,69,53,50.0,63,53,72,72,70,60,66,55,High/Medium,Normal (170-185)
D. Bakwa,Dilane Bakwa,20,France,"RW, LM, RM",Strasbourg,Ligue 1,1.0,3400000.0,9000.0,7500000.0,69,81,1,86.0,62.0,62.0,71.0,30.0,62.0,Right,3,3,67,67,57,72,70,66,65.0,74,69,81,90,80,27,26,63,Medium/Medium,Normal (170-185)
J. Hadjam,Jaouen Hadjam,20,Algeria,"LB, LM",Nantes,Ligue 1,1.0,3200000.0,7000.0,7000000.0,69,81,1,76.0,52.0,61.0,68.0,63.0,72.0,Left,3,3,47,65,66,69,67,60,64.0,75,74,75,77,68,62,67,58,High/Low,Normal (170-185)
Carmona,José Ángel Carmona Navarro,21,Spain,"RWB, RB, CB",Getafe,La Liga,1.0,3300000.0,8000.0,,69,81,1,73.0,62.0,61.0,66.0,65.0,68.0,Right,3,2,65,66,65,65,68,58,56.0,74,65,74,73,69,63,67,57,Medium/Medium,Normal (170-185)
M. Abline,Matthis Abline,20,France,ST,Nantes,Ligue 1,1.0,3400000.0,16000.0,,69,81,1,77.0,70.0,55.0,72.0,23.0,55.0,Right,3,3,72,64,41,72,72,57,66.0,55,62,79,75,76,20,22,70,Medium/Medium,Normal (170-185)
I. Cissoko,Ibrahim Cissoko,20,Netherlands,"LM, RM",Toulouse,Ligue 1,1.0,3400000.0,8000.0,7500000.0,69,81,1,79.0,60.0,63.0,70.0,32.0,56.0,Right,4,4,60,65,64,70,68,64,58.0,61,57,78,79,86,34,30,68,Medium/Low,Lean (170-185)
S. Alvero,Skelly Alvero,21,France,CDM,Olympique Lyonnais,Ligue 1,1.0,3200000.0,10000.0,6700000.0,69,81,1,59.0,52.0,63.0,67.0,64.0,80.0,Right,3,3,49,70,52,70,69,69,70.0,67,93,54,63,63,62,69,54,Medium/Medium,Lean (185+)
Arnau Puigmal,Arnau Puigmal Martínez,22,Spain,"CAM, RM, CM",Almería,La Liga,1.0,3100000.0,10000.0,7100000.0,69,80,1,67.0,63.0,69.0,70.0,57.0,51.0,Right,4,3,64,72,63,67,69,69,68.0,65,41,72,62,79,57,59,67,Medium/High,Normal (170-185)
T. Doyle,Thomas Glyn Doyle,21,England,"CM, CDM",Wolverhampton Wanderers,Premier League,1.0,3100000.0,32000.0,,69,80,1,65.0,65.0,70.0,70.0,60.0,67.0,Right,4,3,63,73,66,68,72,69,69.0,72,64,66,64,70,62,63,63,High/High,Lean (170-185)
M. Ruggeri,Matteo Ruggeri,20,Italy,"LWB, LM, CB",Atalanta,Serie A,1.0,2900000.0,13000.0,5500000.0,69,80,1,61.0,49.0,63.0,66.0,67.0,63.0,Left,3,2,43,68,71,68,69,51,55.0,64,61,57,65,52,66,68,64,Medium/Medium,Lean (185+)
A. Richardson,Amir Richardson,21,Morocco,"CM, CDM",Stade de Reims,Ligue 1,1.0,3100000.0,8000.0,6800000.0,69,80,1,71.0,58.0,65.0,70.0,64.0,73.0,Left,3,3,59,71,54,69,71,68,72.0,77,73,58,82,72,66,67,66,Medium/Medium,Lean (185+)
Rodrigo Muniz,Rodrigo Muniz Carvalho,22,Brazil,ST,Fulham,Premier League,1.0,3200000.0,30000.0,6700000.0,69,80,1,70.0,69.0,55.0,67.0,33.0,71.0,Right,3,3,69,60,46,65,68,60,63.0,61,78,69,71,73,30,28,69,Medium/Medium,Normal (185+)
T. Le Bris,Théo Le Bris,20,France,LM,Lorient,Ligue 1,1.0,3100000.0,8000.0,6800000.0,69,80,1,63.0,51.0,70.0,70.0,63.0,48.0,Right,3,3,50,76,64,68,72,72,74.0,50,38,65,62,62,57,67,72,Medium/Medium,Normal (170-)
D. Huseinbašić,Denis Huseinbašić,21,Germany,"CM, CDM",FC Köln,Bundesliga,1.0,3100000.0,9000.0,6200000.0,69,80,1,65.0,62.0,62.0,69.0,61.0,71.0,Right,3,2,67,71,44,68,69,68,70.0,76,69,67,63,68,64,61,69,High/Medium,Lean (170-185)
Fran Pérez,Francisco Pérez Martínez,20,Spain,"RM, LM",Valencia,La Liga,1.0,3100000.0,11000.0,7100000.0,69,80,1,67.0,66.0,65.0,70.0,32.0,43.0,Right,4,4,66,69,62,74,70,66,58.0,64,38,70,65,66,43,25,70,Medium/Medium,Normal (170-185)
V. Vanat,Vladyslav Vanat,21,Ukraine,ST,Dynamo Kyiv,Premier League,1.0,3200000.0,500.0,7700000.0,69,80,1,79.0,68.0,55.0,66.0,24.0,60.0,Left,4,2,72,68,43,68,63,55,57.0,60,58,78,79,72,19,22,80,Medium/Medium,Lean (170-185)
M. Pellegrino,Marco Pellegrino,20,Argentina,CB,Milan,Serie A,1.0,2900000.0,16000.0,5500000.0,69,80,1,64.0,39.0,52.0,52.0,70.0,73.0,Right,2,2,33,66,49,50,51,38,53.0,59,82,64,64,60,68,76,32,Medium/Medium,Lean (170-185)
F. Ranocchia,Filippo Ranocchia,22,Italy,"CM, CDM",Empoli,Serie A,1.0,3100000.0,32000.0,,69,79,1,65.0,59.0,71.0,71.0,61.0,71.0,Right,4,3,45,76,67,73,75,60,68.0,77,68,64,66,65,60,66,60,Medium/Medium,Lean (170-185)
R. Piccoli,Roberto Piccoli,22,Italy,ST,Lecce,Serie A,1.0,3200000.0,19000.0,,69,79,1,72.0,68.0,50.0,63.0,34.0,66.0,Right,3,2,71,59,42,61,67,53,64.0,61,69,66,77,56,23,38,73,Medium/Medium,Normal (185+)
M. Sahi,Moïse Sahi Dion,21,Mali,"ST, CAM, LM",Strasbourg,Ligue 1,1.0,3200000.0,9000.0,7000000.0,69,79,1,74.0,71.0,58.0,70.0,28.0,58.0,Left,5,3,74,64,54,73,70,60,64.0,59,68,72,75,67,24,27,70,Medium/Medium,Normal (170-185)
W. Swedberg,Williot Theo Swedberg,19,Sweden,"CM, LW",Celta de Vigo,La Liga,1.0,3000000.0,6000.0,6900000.0,69,79,1,71.0,65.0,66.0,70.0,59.0,60.0,Right,3,3,68,71,55,69,70,69,66.0,77,52,74,68,84,51,69,67,Medium/Medium,Lean (185+)
J. Mvuka,Joel Mvuka,20,Norway,"RM, LM",Lorient,Ligue 1,1.0,3100000.0,8000.0,6800000.0,69,79,1,89.0,57.0,59.0,74.0,41.0,46.0,Right,3,4,60,59,64,73,71,62,66.0,71,33,90,88,91,43,38,65,High/Medium,Lean (170-185)
Torrente,Raúl Torrente Navarro,21,Spain,"CB, CDM",Granada,La Liga,1.0,2900000.0,6000.0,7000000.0,69,79,1,57.0,31.0,52.0,47.0,70.0,68.0,Left,3,2,21,71,32,40,60,50,49.0,56,73,54,60,36,67,73,27,Medium/Medium,Lean (185+)
B. Bouanani,Badredine Bouanani,18,Algeria,"RW, ST, CF",Nice,Ligue 1,1.0,2900000.0,8000.0,6100000.0,69,79,1,71.0,64.0,68.0,71.0,31.0,50.0,Left,3,3,66,72,69,72,71,68,67.0,60,50,72,71,72,28,34,68,Medium/Medium,Normal (170-185)
C. Ikwuemesi,Chukwubuikem Ikwuemesi,21,Nigeria,ST,Salernitana,Serie A,1.0,3200000.0,12000.0,6400000.0,69,79,1,79.0,68.0,60.0,68.0,37.0,75.0,Right,3,3,68,64,57,71,70,60,62.0,63,82,77,80,62,30,42,61,High/Medium,Normal (185+)
E. Botheim,Erik Botheim,23,Norway,ST,Salernitana,Serie A,1.0,3100000.0,14000.0,6200000.0,69,78,1,71.0,67.0,58.0,67.0,38.0,72.0,Right,3,3,69,64,49,65,68,60,64.0,73,75,70,71,71,38,33,71,High/Medium,Normal (185+)
L. Foster,Lyle Brent Foster,22,South Africa,"ST, RM",Burnley,Premier League,1.0,3200000.0,20000.0,7000000.0,69,78,1,81.0,68.0,57.0,67.0,35.0,70.0,Right,3,3,69,62,60,68,70,58,67.0,67,75,78,83,58,36,33,69,High/High,Normal (185+)
S. Mulattieri,Samuele Mulattieri,22,Italy,ST,Sassuolo,Serie A,1.0,3200000.0,8000.0,6100000.0,69,78,1,71.0,69.0,60.0,68.0,37.0,64.0,Right,4,2,73,66,49,69,69,60,62.0,62,69,70,72,69,27,38,72,Medium/Medium,Normal (170-185)
J. Christensen,Jacob Steen Christensen,22,Denmark,"CM, CDM",FC Köln,Bundesliga,1.0,3100000.0,11000.0,6200000.0,69,78,1,69.0,56.0,68.0,70.0,67.0,70.0,Right,3,3,52,72,61,67,71,69,72.0,78,68,69,69,74,70,70,60,Medium/High,Lean (170-185)
R. Ndiaye,Rassoul Ndiaye,21,France,"CDM, CM",Le Havre,Ligue 1,1.0,3000000.0,6000.0,6600000.0,69,78,1,73.0,53.0,64.0,68.0,65.0,72.0,Right,3,2,52,73,48,65,70,68,68.0,76,71,74,72,74,64,66,63,High/High,Normal (170-185)
M. Braunöder,Matthias Braunöder,21,Austria,"CM, CDM",Austria Wien,Bundesliga,1.0,3100000.0,6000.0,5100000.0,69,78,1,78.0,48.0,69.0,72.0,62.0,62.0,Right,3,3,35,72,67,71,69,69,66.0,85,47,82,74,84,66,62,59,High/High,Lean (170-185)
Marvin,Marvin Olawale Akinlabi Park,23,Spain,"RM, RB",Las Palmas,La Liga,1.0,3100000.0,44000.0,,69,78,1,86.0,61.0,60.0,69.0,60.0,67.0,Right,4,4,68,60,67,71,70,64,57.0,70,66,86,86,71,59,63,58,Medium/High,Normal (170-185)
S. Sow,Saïdou Sow,20,Guinea,CB,Strasbourg,Ligue 1,1.0,2900000.0,7000.0,6400000.0,69,78,1,63.0,41.0,54.0,60.0,69.0,67.0,Right,3,2,38,64,43,59,63,49,68.0,44,77,62,64,52,68,70,42,Medium/High,Normal (185+)
L. Assignon,Lorenz Assignon,23,France,RB,Rennes,Ligue 1,1.0,3000000.0,15000.0,6300000.0,69,78,1,75.0,42.0,60.0,70.0,66.0,60.0,Right,3,2,33,68,66,71,69,53,61.0,65,58,73,76,70,65,69,52,Medium/Medium,Normal (170-185)
Y. Kallon,Yayah Kallon,22,Sierra Leone,"CF, RM, RW",Hellas Verona,Serie A,1.0,3200000.0,12000.0,6400000.0,69,78,1,85.0,67.0,61.0,73.0,22.0,61.0,Left,3,3,66,66,66,74,72,58,59.0,75,57,82,87,78,18,20,67,Medium/Medium,Normal (170-185)
B. Meïté,Abdoul Bamo Meité,22,Côte d'Ivoire,CB,Olympique de Marseille,Ligue 1,1.0,2900000.0,9000.0,,69,78,1,57.0,33.0,39.0,45.0,71.0,68.0,Right,3,2,26,49,34,36,56,35,55.0,65,69,48,64,35,70,75,33,Medium/Medium,Normal (170-185)
F. Alidou,Faride Alidou,21,Germany,LM,FC Köln,Bundesliga,1.0,3100000.0,12000.0,,69,78,1,85.0,59.0,60.0,73.0,28.0,58.0,Right,3,4,62,63,64,77,73,61,55.0,56,62,86,85,70,28,28,63,Medium/Medium,Normal (185+)
A. Obert,Adam Obert,20,Slovakia,"CB, LB",Cagliari,Serie A,1.0,2900000.0,8000.0,5800000.0,69,78,1,68.0,41.0,61.0,65.0,70.0,66.0,Left,2,2,35,68,68,63,67,46,59.0,64,70,66,69,66,69,71,38,Medium/Medium,Normal (185+)
Luizão,Luiz Gustavo Oliveira da Silva,21,Brazil,CB,West Ham United,Premier League,1.0,2900000.0,18000.0,6100000.0,69,78,1,59.0,38.0,49.0,52.0,69.0,71.0,Left,2,2,30,54,45,46,54,50,59.0,53,76,62,56,67,68,69,43,Medium/Medium,Normal (185+)
Unai Gómez,Unai Gómez Etxebarria,20,Spain,"CAM, CM, LM",Athletic Club,La Liga,1.0,3100000.0,9000.0,7100000.0,69,78,1,65.0,55.0,61.0,71.0,32.0,58.0,Left,3,3,60,71,41,74,73,70,57.0,47,70,66,65,61,35,33,68,Medium/Medium,Normal (170-185)
N. Katterbach,Noah Katterbach,22,Germany,LB,FC Köln,Bundesliga,1.0,3000000.0,10000.0,6000000.0,69,77,1,71.0,40.0,57.0,72.0,66.0,58.0,Left,2,3,40,66,62,72,71,50,70.0,65,54,72,70,77,66,68,48,Medium/Medium,Normal (170-185)
Y. Larouci,Yasser Larouci,22,France,"LWB, LB",Sheffield United,Premier League,1.0,3000000.0,3000.0,,69,77,1,73.0,47.0,59.0,69.0,65.0,64.0,Left,2,2,45,65,66,71,69,54,59.0,70,62,74,72,64,66,65,56,High/Medium,Normal (170-185)
I. Kébé,Ibrahima Kébé,22,Mali,"CM, RM, CDM",Girona,La Liga,1.0,3100000.0,10000.0,7100000.0,69,77,1,58.0,61.0,63.0,66.0,65.0,77.0,Right,3,2,62,71,45,67,69,68,55.0,71,83,57,59,62,60,68,65,Medium/High,Normal (170-185)
N. Kasanwirjo,Neraysho Meritchio Kasanwirjo,21,Netherlands,"RB, CB, CDM",Rapid Wien,Bundesliga,1.0,3000000.0,5000.0,,69,77,1,80.0,42.0,54.0,58.0,69.0,75.0,Right,3,2,40,60,58,61,53,37,58.0,78,73,76,84,63,67,71,39,Medium/Medium,Normal (185+)
D. Čolina,David Čolina,22,Croatia,"LB, LM",FC Augsburg,Bundesliga,1.0,3000000.0,10000.0,6000000.0,69,77,1,78.0,40.0,52.0,64.0,67.0,54.0,Left,2,2,38,52,59,61,65,45,55.0,72,46,82,75,71,69,70,57,Medium/Medium,Normal (170-185)
N. Weißhaupt,Noah Weißhaupt,21,Germany,"LM, CF",SC Freiburg,Bundesliga,1.0,3100000.0,9000.0,5900000.0,69,77,1,75.0,59.0,64.0,72.0,32.0,46.0,Right,3,3,62,67,66,73,72,66,49.0,56,41,78,72,77,27,35,67,Medium/Medium,Normal (170-185)
N. Nartey,Nikolas Terkelsen Nartey,23,Denmark,"CM, CDM, LWB",VfB Stuttgart,Bundesliga,1.0,2800000.0,10000.0,5600000.0,69,76,1,72.0,49.0,67.0,74.0,66.0,70.0,Left,3,3,55,73,65,73,74,70,67.0,69,72,71,73,76,67,68,63,Medium/Medium,Normal (185+)
Areso,Jesús Areso Blanco,23,Spain,"RB, RWB",Osasuna,La Liga,1.0,2700000.0,10000.0,6200000.0,69,76,1,70.0,30.0,63.0,67.0,64.0,66.0,Right,2,2,25,69,70,65,70,58,55.0,68,68,73,67,75,61,68,49,Medium/Medium,Normal (170-185)
Nolaskoain,Peru Nolaskoain Esnal,24,Spain,"CDM, CB, CM",Athletic Club,La Liga,1.0,2600000.0,9000.0,6000000.0,69,76,1,49.0,59.0,63.0,66.0,69.0,70.0,Right,3,2,65,70,55,67,68,65,70.0,62,76,51,47,65,68,71,65,Medium/Medium,Normal (185+)
M. Obafemi,Michael Obafemi,22,Republic of Ireland,ST,Burnley,Premier League,1.0,2900000.0,20000.0,6400000.0,69,76,1,81.0,68.0,56.0,70.0,23.0,64.0,Right,3,2,71,63,50,68,67,61,65.0,61,66,85,77,82,18,23,68,High/Medium,Stocky (170-)
F. Hornby,Fraser Hornby,23,Scotland,ST,Darmstadt 98,Bundesliga,1.0,2800000.0,11000.0,5600000.0,69,76,1,61.0,69.0,55.0,60.0,25.0,78.0,Right,2,2,68,66,35,63,68,59,58.0,66,89,54,66,34,19,21,66,Medium/Medium,Normal (185+)
Álex Sola,Alejandro Sola López-Ocaña,24,Spain,"RB, RM",Deportivo Alavés,La Liga,1.0,2700000.0,11000.0,,69,76,1,71.0,59.0,60.0,71.0,62.0,74.0,Right,4,3,68,64,64,72,71,59,69.0,87,68,75,68,69,64,60,66,Medium/Medium,Normal (170-185)
M. Aké,Marley Aké,22,France,"LM, LW",Udinese,Serie A,1.0,2800000.0,7000.0,5600000.0,69,76,1,77.0,63.0,63.0,73.0,39.0,55.0,Right,3,3,60,68,65,74,72,60,58.0,66,51,77,77,78,34,39,58,Medium/Medium,Lean (170-185)
D. Churlinov,Darko Churlinov,22,North Macedonia,"RM, RWB",Burnley,Premier League,1.0,2800000.0,18000.0,6200000.0,69,76,1,82.0,66.0,62.0,72.0,51.0,56.0,Right,3,3,66,63,60,71,71,64,67.0,66,47,83,82,83,45,56,67,Medium/Medium,Lean (170-185)
B. Hollerbach,Benedict Hollerbach,22,Germany,"ST, CF, RM",FC Union Berlin,Bundesliga,1.0,2900000.0,14000.0,5500000.0,69,76,1,85.0,69.0,59.0,70.0,27.0,71.0,Right,4,3,72,64,55,71,69,65,65.0,80,69,86,84,75,24,24,71,High/Low,Normal (170-185)
M. Ljubičić,Marin Ljubičić,21,Croatia,ST,LASK Linz,Bundesliga,1.0,2900000.0,9000.0,4900000.0,69,76,1,77.0,70.0,55.0,67.0,24.0,70.0,Right,4,3,72,62,48,67,67,59,61.0,67,69,74,79,75,24,16,69,High/Medium,Normal (170-185)
A. Dari,Achraf Dari,24,Morocco,CB,Brest,Ligue 1,1.0,2600000.0,7000.0,5700000.0,69,76,1,59.0,31.0,49.0,51.0,71.0,69.0,Right,3,2,21,58,39,46,55,49,63.0,60,74,51,65,46,69,74,21,Medium/Medium,Normal (185+)
N. Mantl,Nico Mantl,23,Germany,GK,Salzburg,Bundesliga,1.0,1800000.0,6000.0,3100000.0,69,75,1,,,,,,,Right,3,1,8,18,12,13,9,30,35.0,33,69,36,29,34,7,11,4,Medium/Medium,Normal (185+)
T. Sainte-Luce,Théo Sainte-Luce,24,France,LB,Montpellier,Ligue 1,1.0,2100000.0,9000.0,4600000.0,69,75,1,74.0,47.0,59.0,68.0,65.0,60.0,Left,2,3,46,66,64,68,69,48,64.0,69,59,72,75,72,67,65,59,High/Medium,Lean (170-185)
Cristian Rivero,Cristian Rivero Sabater,25,Spain,GK,Valencia,La Liga,1.0,1700000.0,10000.0,3900000.0,69,75,1,,,,,,,Right,3,1,7,28,14,8,17,34,47.0,23,55,25,29,38,14,10,6,Medium/Medium,Lean (185+)
C. Sabaly,Cheikh Tidiane Sabaly,24,Senegal,"LM, LW",Metz,Ligue 1,1.0,2200000.0,8000.0,4800000.0,69,75,1,84.0,61.0,62.0,71.0,20.0,42.0,Right,3,3,64,66,64,70,67,60,59.0,63,33,82,86,90,16,14,70,Medium/Low,Lean (170-)
J. Auer,Jonas Antonius Auer,22,Austria,"LB, LM",Rapid Wien,Bundesliga,1.0,2100000.0,8000.0,3500000.0,69,75,1,77.0,56.0,63.0,65.0,63.0,67.0,Left,3,2,56,61,74,63,66,59,57.0,75,63,78,77,76,62,68,54,High/Medium,Normal (170-185)
D. Lavalée,Dimitri Dominique Lavalée,26,Belgium,"CB, CDM, CM",Sturm Graz,Bundesliga,1.0,1800000.0,7000.0,,69,74,1,61.0,29.0,61.0,64.0,67.0,71.0,Left,2,2,21,68,63,60,68,60,64.0,60,75,54,67,64,65,69,41,High/High,Lean (185+)
G. Kastanos,Grigoris Kastanos,25,Cyprus,"CF, CAM, RM",Salernitana,Serie A,1.0,2100000.0,15000.0,3900000.0,69,74,1,67.0,64.0,68.0,73.0,39.0,63.0,Left,3,3,60,71,61,75,75,70,66.0,54,68,66,67,68,36,40,67,Medium/Low,Lean (170-185)
R. Norrington-Davies,Rhys Llewelyn Norrington-Davies,24,Wales,"LWB, CB, LB",Sheffield United,Premier League,1.0,2000000.0,13000.0,4200000.0,69,74,1,73.0,43.0,60.0,64.0,65.0,67.0,Left,2,2,41,65,68,64,62,47,57.0,78,63,74,73,66,68,68,51,High/Medium,Normal (170-185)
A. Irving,Andrew Irving,23,Scotland,"CM, CAM",Austria Klagenfurt,Bundesliga,1.0,2100000.0,23000.0,,69,74,1,56.0,68.0,70.0,67.0,62.0,72.0,Left,2,3,67,70,68,68,70,72,65.0,76,73,60,53,60,63,61,68,Medium/Medium,Lean (185+)
T. Isherwood,Thomas Mattias Poppler Isherwood,25,Sweden,CB,Darmstadt 98,Bundesliga,1.0,1800000.0,10000.0,3400000.0,69,74,1,48.0,33.0,45.0,45.0,69.0,84.0,Left,3,2,25,52,25,42,50,55,54.0,75,88,41,54,33,71,70,28,Medium/High,Normal (185+)
N. Alioui,Nabil Alioui,24,France,"LW, ST, LM",Le Havre,Ligue 1,1.0,2100000.0,9000.0,4400000.0,69,74,1,70.0,69.0,65.0,73.0,27.0,58.0,Right,4,4,71,67,66,74,70,63,68.0,62,64,58,80,80,27,22,67,Medium/Low,Lean (170-185)
A. Rațiu,Andrei Florin Rațiu,25,Romania,RB,Rayo Vallecano,La Liga,1.0,1900000.0,8000.0,4100000.0,69,74,1,72.0,56.0,64.0,66.0,67.0,66.0,Right,3,2,54,68,69,66,67,58,54.0,68,63,74,71,70,65,68,68,High/Medium,Normal (170-185)
F. Nürnberger,Fabian Nürnberger,23,Germany,"CM, CDM, LB",Darmstadt 98,Bundesliga,1.0,2100000.0,10000.0,3900000.0,69,74,1,73.0,61.0,64.0,73.0,65.0,64.0,Left,3,3,59,73,52,72,74,66,63.0,77,56,77,69,79,62,70,67,Medium/Medium,Normal (170-185)
A. Dante,Amadou Dante,22,Mali,LB,Sturm Graz,Bundesliga,1.0,2000000.0,7000.0,3200000.0,69,74,1,82.0,52.0,57.0,69.0,64.0,70.0,Left,3,2,51,61,56,68,66,61,63.0,82,62,83,82,86,64,66,57,Medium/Medium,Lean (170-185)
D. Affengruber,David Affengruber,22,Austria,CB,Sturm Graz,Bundesliga,1.0,1900000.0,7000.0,3000000.0,69,74,1,73.0,41.0,51.0,55.0,69.0,73.0,Right,3,2,38,64,30,47,56,47,70.0,73,74,74,72,71,68,69,56,High/Medium,Normal (185+)
S. Tigges,Steffen Tigges,24,Germany,ST,FC Köln,Bundesliga,1.0,2000000.0,12000.0,3800000.0,69,73,1,61.0,68.0,57.0,57.0,45.0,82.0,Left,3,2,71,65,59,57,62,58,63.0,75,87,54,66,40,44,42,70,Medium/Medium,Normal (185+)
J. Handl,Johannes Handl,25,Austria,CB,Austria Wien,Bundesliga,1.0,1700000.0,7000.0,2600000.0,69,73,1,56.0,30.0,44.0,45.0,68.0,78.0,Right,4,2,23,55,33,39,52,41,52.0,65,90,46,64,41,66,67,22,Medium/High,Lean (185+)
A. Müller,Andreas Müller,22,Germany,CDM,Darmstadt 98,Bundesliga,1.0,1900000.0,9000.0,3600000.0,69,73,1,66.0,59.0,69.0,69.0,65.0,59.0,Right,2,2,59,75,63,66,67,69,70.0,77,45,71,62,82,64,69,60,Medium/High,Normal (170-185)
K. N'Doram,Kévin N'Doram,27,France,"CDM, CM",Metz,Ligue 1,1.0,1600000.0,8000.0,3300000.0,69,72,1,61.0,49.0,59.0,66.0,67.0,76.0,Right,2,2,43,68,49,66,67,60,69.0,73,78,64,59,66,66,70,62,Medium/High,Normal (170-185)
J. Brown,Jacob Brown,25,Scotland,"ST, RM",Luton Town,Premier League,1.0,1900000.0,22000.0,3900000.0,69,72,1,75.0,69.0,62.0,69.0,48.0,72.0,Right,3,3,71,65,65,68,68,66,67.0,84,69,74,75,74,42,50,67,High/High,Normal (170-185)
T. Plavotic,Tin Plavotić,26,Croatia,CB,Austria Wien,Bundesliga,1.0,1600000.0,7000.0,2400000.0,69,72,1,44.0,29.0,46.0,43.0,67.0,82.0,Left,3,2,24,67,25,35,55,26,50.0,70,92,44,44,37,68,67,27,Medium/Medium,Normal (185+)
D. Limnios,Dimitris Limnios,25,Greece,"LM, RM",FC Köln,Bundesliga,1.0,1800000.0,12000.0,3400000.0,69,72,1,74.0,66.0,64.0,72.0,39.0,58.0,Right,3,3,65,67,65,72,71,67,63.0,68,55,78,70,77,43,39,69,Medium/Medium,Lean (170-185)
Fabio González,Fabio González Estupiñán,26,Spain,"CDM, CM",Las Palmas,La Liga,1.0,1600000.0,9000.0,3600000.0,69,72,1,59.0,59.0,62.0,68.0,67.0,68.0,Right,3,2,57,72,45,66,71,63,63.0,74,67,65,54,65,66,71,55,Medium/Medium,Normal (170-185)
B. Kutlu,Berkan İsmail Kutlu,25,Turkey,"CM, CDM",Genoa,Serie A,1.0,1800000.0,17000.0,,69,72,1,78.0,61.0,61.0,67.0,70.0,77.0,Left,2,2,58,68,46,66,68,62,63.0,90,71,79,78,73,72,74,63,High/High,Lean (185+)
A. Rebbach,Abderrahman Rebbach,24,Algeria,"LM, RM, CAM",Deportivo Alavés,La Liga,1.0,1900000.0,10000.0,4300000.0,69,72,1,66.0,70.0,66.0,70.0,36.0,67.0,Right,3,3,75,69,71,74,72,62,54.0,59,72,65,67,58,30,35,64,Medium/Medium,Normal (170-185)
N. Rapp,Nicolai Rapp,26,Germany,"CDM, CM, CB",Werder Bremen,Bundesliga,1.0,1500000.0,10000.0,2800000.0,69,71,1,54.0,42.0,56.0,59.0,69.0,72.0,Right,3,2,42,68,39,54,64,55,59.0,69,75,54,54,55,69,71,54,Medium/Medium,Normal (185+)
Y. Ramadani,Ylber Ramadani,27,Albania,"CDM, CM",Lecce,Serie A,1.0,1500000.0,8000.0,2800000.0,69,71,1,61.0,58.0,60.0,64.0,68.0,75.0,Right,4,2,51,70,49,65,65,59,64.0,85,71,62,61,57,68,69,58,Medium/High,Normal (185+)
M. Kwarteng,Moritz-Broni Kwarteng,25,Germany,"RM, CAM, ST",VfL Bochum 1848,Bundesliga,1.0,1700000.0,11000.0,3200000.0,69,71,1,76.0,70.0,62.0,72.0,30.0,49.0,Right,3,4,72,65,60,71,72,64,66.0,66,45,73,78,81,28,29,67,High/Medium,Normal (170-185)
N. Leali,Nicola Leali,30,Italy,GK,Genoa,Serie A,1.0,1000000.0,9000.0,1900000.0,69,70,1,,,,,,,Right,2,1,13,12,14,13,23,35,60.0,27,65,33,32,34,20,13,12,Medium/Medium,Lean (185+)
Adão Salvadaldo,Adão Dênis Salvador Vidigal,27,Brazil,"ST, LW",Athletico Paranaense,Serie A,1.0,1600000.0,8000.0,3200000.0,69,70,1,72.0,73.0,51.0,75.0,26.0,51.0,Left,5,3,77,55,66,77,71,36,58.0,53,52,73,72,87,20,17,69,Medium/Medium,Lean (170-185)
Q. Boisgard,Quentin Boisgard,26,France,"LM, CM",Lorient,Ligue 1,1.0,1600000.0,11000.0,3300000.0,69,70,1,56.0,63.0,71.0,70.0,56.0,71.0,Right,4,3,63,74,68,72,70,71,67.0,76,72,60,52,65,54,63,68,Medium/High,Normal (170-185)
L. Mothiba,Lebo Mothiba,27,South Africa,"ST, RM",Strasbourg,Ligue 1,1.0,1600000.0,12000.0,3300000.0,69,70,2,63.0,70.0,60.0,69.0,27.0,65.0,Right,3,3,71,66,54,70,70,61,73.0,62,70,65,62,60,32,15,71,High/Medium,Normal (170-185)
A. Grbić,Adrian Grbić,26,Austria,ST,Lorient,Ligue 1,1.0,1700000.0,12000.0,3500000.0,69,70,1,66.0,71.0,54.0,65.0,31.0,73.0,Right,4,2,70,57,52,64,67,52,68.0,73,80,65,67,66,35,25,72,Medium/Medium,Normal (185+)
N. Wimmer,Nicolas Wimmer,28,Austria,CB,Austria Klagenfurt,Bundesliga,1.0,1300000.0,5000.0,2000000.0,69,70,1,51.0,45.0,51.0,59.0,69.0,78.0,Left,3,2,34,53,37,59,62,53,58.0,73,84,57,46,58,70,68,37,Medium/High,Normal (185+)
G. Pegolo,Gianluca Pegolo,42,Italy,GK,Sassuolo,Serie A,1.0,150000.0,4000.0,255000.0,69,69,1,,,,,,,Left,2,1,18,35,13,11,20,33,55.0,33,54,44,42,50,8,12,12,Medium/Medium,Normal (170-185)
R. Riou,Rémy Riou,35,France,GK,Olympique Lyonnais,Ligue 1,1.0,150000.0,7000.0,285000.0,69,69,2,,,,,,,Right,1,1,11,48,14,12,23,42,48.0,32,75,45,53,39,14,13,18,Medium/Medium,Normal (185+)
N. Theuerkauf,Norman Theuerkauf,36,Germany,"CDM, LB, CB",Heidenheim,Bundesliga,1.0,275000.0,9000.0,495000.0,69,69,1,54.0,56.0,63.0,63.0,68.0,77.0,Left,3,2,46,65,66,59,66,58,65.0,78,80,56,52,66,70,68,55,Medium/Medium,Normal (170-185)
Ø. Nyland,Ørjan Håskjold Nyland,32,Norway,GK,Sevilla,La Liga,1.0,700000.0,9000.0,1500000.0,69,69,1,,,,,,,Right,4,1,11,29,12,21,23,33,39.0,33,70,47,48,45,17,11,13,Medium/Medium,Normal (185+)
C. Groß,Christian Groß,34,Germany,"CDM, CB",Werder Bremen,Bundesliga,1.0,475000.0,10000.0,855000.0,69,69,1,58.0,53.0,61.0,63.0,69.0,71.0,Right,3,2,53,69,52,62,65,63,73.0,68,69,53,62,55,69,72,57,Low/Medium,Normal (170-185)
T. Schick,Thorsten Schick,33,Austria,"RB, RM",Rapid Wien,Bundesliga,1.0,725000.0,9000.0,1100000.0,69,69,1,66.0,64.0,68.0,67.0,65.0,68.0,Right,4,3,62,68,72,65,67,67,69.0,69,68,65,67,68,65,66,68,Medium/Medium,Normal (170-185)
D. Thomalla,Denis Thomalla,30,Germany,"CAM, ST",Heidenheim,Bundesliga,1.0,1300000.0,14000.0,2300000.0,69,69,1,63.0,68.0,65.0,69.0,38.0,67.0,Right,3,2,70,68,66,70,70,68,69.0,84,64,68,59,68,34,35,72,Medium/Medium,Lean (185+)
J. Schmid,Jonathan Schmid,33,France,"RB, RM",Austria Lustenau,Bundesliga,1.0,725000.0,5000.0,1100000.0,69,69,2,57.0,64.0,75.0,72.0,67.0,69.0,Right,3,3,56,74,83,71,74,68,72.0,57,73,64,52,73,69,67,60,Medium/Medium,Stocky (170-185)
L. Pavoletti,Leonardo Pavoletti,34,Italy,ST,Cagliari,Serie A,1.0,675000.0,13000.0,1200000.0,69,69,2,58.0,68.0,52.0,61.0,38.0,73.0,Right,3,2,72,65,34,59,64,56,66.0,54,81,48,67,56,44,29,76,Medium/Low,Normal (185+)
C. Woodrow,Cauley Woodrow,28,England,"ST, LW",Luton Town,Premier League,1.0,1400000.0,23000.0,2800000.0,69,69,1,66.0,71.0,59.0,68.0,30.0,69.0,Right,4,3,71,65,43,68,68,64,66.0,76,71,63,68,65,37,21,72,Medium/Medium,Normal (170-185)
F. Schnellhardt,Fabian Schnellhardt,29,Germany,CM,Darmstadt 98,Bundesliga,1.0,1400000.0,12000.0,2500000.0,69,69,1,52.0,64.0,69.0,71.0,59.0,69.0,Left,2,3,61,75,55,71,69,72,69.0,73,72,55,49,77,62,59,55,Medium/Medium,Normal (170-185)
J. Bela,Jérémie Bela,30,Angola,"LW, LWB, RWB",Clermont,Ligue 1,1.0,1300000.0,10000.0,2600000.0,69,69,1,87.0,67.0,62.0,71.0,45.0,62.0,Right,4,4,66,62,67,68,70,54,65.0,75,56,88,87,91,48,37,64,Medium/Low,Stocky (170-185)
L. Zingerle,Leopold Zingerle,29,Germany,GK,RB Leipzig,Bundesliga,1.0,950000.0,16000.0,1600000.0,69,69,1,,,,,,,Right,3,1,7,28,11,9,20,40,47.0,34,54,38,47,38,11,9,8,Medium/Medium,Normal (185+)
Javi Muñoz,Javier Muñoz Jiménez,28,Spain,"CAM, CDM, CM",Las Palmas,La Liga,1.0,1400000.0,10000.0,3100000.0,69,69,1,69.0,63.0,68.0,70.0,62.0,69.0,Right,4,3,60,75,58,70,74,67,69.0,79,67,67,71,63,64,66,62,Medium/Medium,Normal (170-185)
T. Mahrer,Thorsten Mahrer,33,Austria,CB,Austria Klagenfurt,Bundesliga,1.0,675000.0,5000.0,979000.0,69,69,1,36.0,30.0,47.0,52.0,69.0,77.0,Right,3,2,24,64,28,47,57,33,66.0,73,83,37,36,51,69,68,40,Low/Medium,Normal (185+)
P. Stenzel,Pascal Stenzel,27,Germany,"CB, RB",VfB Stuttgart,Bundesliga,1.0,1300000.0,10000.0,2300000.0,69,69,1,51.0,60.0,66.0,66.0,70.0,68.0,Right,3,3,55,74,62,65,68,57,67.0,74,63,52,51,61,70,72,52,Medium/Medium,Lean (170-185)
Luciano Cacheira,Luciano Renato Cacheira Sá,27,Brazil,GK,Fortaleza,Serie A,1.0,1100000.0,5000.0,2100000.0,69,69,1,,,,,,,Right,2,1,9,16,13,13,14,48,49.0,22,38,29,33,49,24,18,11,Medium/Medium,Normal (170-185)
Nosberto Vila,Nosberto Diego Vila Abranches,27,Brazil,"RB, RWB, RM",São Paulo,Serie A,1.0,1300000.0,15000.0,2500000.0,69,69,1,60.0,56.0,63.0,68.0,68.0,71.0,Right,3,3,44,69,71,65,73,52,57.0,72,71,59,61,81,70,60,48,High/Medium,Stocky (170-185)
Alson Botelho,Alan Jonathan Patrício Botelho,23,Brazil,CDM,Bragantino,Serie A,1.0,1400000.0,7000.0,2700000.0,69,69,1,61.0,46.0,55.0,62.0,72.0,67.0,Right,3,2,42,71,36,60,62,50,64.0,71,65,66,56,69,70,73,42,Low/Medium,Normal (170-185)
Kaíque Mutto,Miguel Kaíque Acuna Mutto,31,Brazil,GK,Bragantino,Serie A,1.0,750000.0,6000.0,1400000.0,69,69,1,,,,,,,Right,3,1,9,18,8,9,21,44,61.0,31,67,44,41,52,17,8,5,Medium/Medium,Normal (185+)
Jessé Ferdeira,Jessé Jonas Ferdeira Farias,31,Brazil,LB,Goiás,Serie A,1.0,1000000.0,6000.0,1900000.0,69,69,1,65.0,53.0,64.0,57.0,68.0,68.0,Left,1,2,51,68,67,54,59,56,62.0,69,67,62,68,53,66,74,53,Medium/Medium,Normal (170-185)
Ataúlfo Anjos,Ataúlfo Heitor Anjos Rosan,31,Brazil,RB,Goiás,Serie A,1.0,1000000.0,6000.0,1900000.0,69,69,1,72.0,54.0,59.0,67.0,69.0,75.0,Right,3,3,42,65,66,69,65,48,64.0,71,75,68,76,66,73,70,63,Medium/Medium,Normal (185+)
Emidio Hoffman,Emidio Dener Hoffman Vaz,27,Brazil,"CB, RB",Bragantino,Serie A,1.0,1300000.0,8000.0,2500000.0,69,69,1,50.0,53.0,56.0,55.0,70.0,72.0,Right,3,2,48,62,54,49,65,48,57.0,70,76,47,52,44,71,68,42,Medium/Medium,Lean (185+)
Roldão Riso,Roldão Tony Riso Cardenas,31,Brazil,"CDM, CB",Botafogo,Serie A,1.0,975000.0,10000.0,1900000.0,69,69,1,65.0,50.0,69.0,63.0,70.0,68.0,Right,3,2,45,71,65,62,61,71,52.0,74,71,67,64,72,71,72,40,Medium/Medium,Stocky (170-185)
Renaldo Justinho,Renaldo Lorenzo Justinho Neves,27,Brazil,"CAM, LM",América Mineiro,Serie A,1.0,1500000.0,8000.0,2900000.0,69,69,1,71.0,60.0,68.0,70.0,42.0,57.0,Left,4,3,62,71,66,72,67,73,67.0,42,67,70,71,78,28,51,70,Medium/Medium,Lean (170-185)
Hedson Porfírio,Hedson Robson Porfírio Julião,27,Brazil,"LW, LM, CAM",Goiás,Serie A,1.0,1500000.0,8000.0,2900000.0,69,69,1,77.0,57.0,72.0,68.0,36.0,49.0,Left,2,3,58,72,73,70,65,70,68.0,49,50,79,75,68,36,42,70,Medium/Medium,Normal (170-185)
Sandro Maceira,Sandro Nelson Maceira Nascimento,31,Brazil,CAM,Athletico Paranaense,Serie A,1.0,1200000.0,8000.0,2300000.0,69,69,1,70.0,65.0,71.0,70.0,46.0,63.0,Right,3,3,65,72,70,70,68,71,73.0,69,66,69,70,74,29,50,70,High/Medium,Normal (170-185)
Sevinho Santos,Severino Pedro Santos Hermes,23,Brazil,"ST, CF",Fortaleza,Serie A,1.0,1600000.0,7000.0,3000000.0,69,69,1,64.0,66.0,54.0,70.0,31.0,61.0,Right,3,3,66,52,58,72,71,54,61.0,54,71,61,66,65,17,31,77,Medium/Medium,Lean (170-185)
Kaio Figueiras,Kaio Fabiano Figueiras Guerra,31,Brazil,"LB, LM",Botafogo,Serie A,1.0,1000000.0,10000.0,1900000.0,69,69,1,69.0,51.0,65.0,66.0,64.0,66.0,Left,2,2,45,67,72,67,61,58,56.0,80,61,69,69,75,67,63,67,High/Medium,Normal (170-185)
J. Baez,Jaime Báez Stábile,28,Uruguay,"LW, RW",Frosinone,Serie A,1.0,1400000.0,7000.0,2500000.0,69,69,1,73.0,65.0,66.0,72.0,31.0,55.0,Right,3,3,65,69,70,75,70,60,57.0,66,53,75,72,75,45,22,65,Medium/Medium,Normal (170-185)
S. Grandsir,Samuel Grandsir,26,France,"LW, LM",Le Havre,Ligue 1,1.0,1500000.0,10000.0,3000000.0,69,69,1,90.0,61.0,64.0,71.0,46.0,65.0,Right,3,3,61,66,64,71,67,62,60.0,63,66,90,90,90,44,47,65,High/Medium,Stocky (170-)
Allan Ardaújo,Allan Norberto Ardaújo Alves,35,Brazil,CAM,Goiás,Serie A,1.0,575000.0,5000.0,1100000.0,69,69,1,64.0,60.0,70.0,69.0,37.0,61.0,Right,4,3,56,73,64,66,75,74,62.0,69,63,62,65,68,20,44,65,Medium/Medium,Normal (170-185)
K. Andrić,Komnen Andrić,28,Serbia,ST,Clermont,Ligue 1,1.0,1400000.0,10000.0,2800000.0,69,69,1,60.0,68.0,53.0,66.0,29.0,70.0,Right,3,3,72,64,38,64,74,64,70.0,68,77,63,58,65,27,26,73,High/High,Normal (185+)
F. Pick,Florian Pick,27,Germany,"RM, LM",Heidenheim,Bundesliga,1.0,1500000.0,14000.0,2700000.0,69,69,1,78.0,61.0,61.0,74.0,29.0,50.0,Right,4,4,63,63,63,75,72,60,66.0,68,47,88,69,83,22,27,64,Medium/Medium,Lean (170-185)
K. Gjasula,Klaus Gjasula,33,Albania,"CDM, CB",Darmstadt 98,Bundesliga,1.0,700000.0,10000.0,1300000.0,69,69,1,37.0,51.0,56.0,54.0,71.0,85.0,Right,4,2,46,66,40,50,58,59,67.0,77,86,34,39,49,73,73,48,Low/High,Normal (185+)
F. Luckeneder,Felix Luckeneder,29,Austria,CB,LASK Linz,Bundesliga,1.0,1200000.0,10000.0,1800000.0,69,69,1,47.0,30.0,42.0,48.0,70.0,74.0,Left,3,2,28,56,29,41,56,29,63.0,73,75,51,44,36,68,71,28,Medium/Medium,Lean (185+)
C. Ekuban,Caleb Ansah Ekuban,29,Ghana,"ST, RM",Genoa,Serie A,1.0,1400000.0,13000.0,2500000.0,69,69,1,82.0,67.0,64.0,68.0,28.0,81.0,Right,3,3,65,65,64,69,67,67,66.0,83,84,79,85,72,22,22,69,Medium/Medium,Normal (170-185)
M. Marić,Mirko Marić,28,Croatia,ST,Monza,Serie A,1.0,1400000.0,23000.0,2400000.0,69,69,1,68.0,70.0,53.0,64.0,28.0,70.0,Left,3,3,70,62,45,69,63,58,64.0,62,80,71,65,49,27,23,72,Medium/Medium,Normal (185+)
Matheus França,Matheus França de Oliveira,19,Brazil,"CAM, ST",Crystal Palace,Premier League,1.0,3100000.0,9000.0,7800000.0,68,85,1,82.0,70.0,58.0,75.0,35.0,63.0,Right,4,4,74,65,49,76,75,58,66.0,63,68,83,81,84,40,30,58,High/Medium,Normal (170-185)
C. Ndour,Cher Ndour,18,Italy,"CM, CAM",Paris Saint Germain,Ligue 1,1.0,3000000.0,9000.0,7400000.0,68,84,1,55.0,61.0,68.0,68.0,57.0,70.0,Right,5,3,59,73,60,72,71,70,70.0,57,80,49,60,51,55,59,64,High/Medium,Normal (185+)
D. Fofana,David Datro Fofana,20,Côte d'Ivoire,ST,FC Union Berlin,Bundesliga,1.0,2900000.0,27000.0,,68,83,1,84.0,64.0,52.0,70.0,22.0,69.0,Right,4,4,68,58,52,69,69,48,63.0,63,76,85,84,81,20,18,69,Medium/Low,Normal (170-185)
Karrikaburu,Jon Karrikaburu,20,Spain,ST,Deportivo Alavés,La Liga,1.0,2900000.0,10000.0,,68,83,1,71.0,68.0,52.0,67.0,26.0,58.0,Right,3,3,70,62,40,66,69,52,59.0,55,65,69,73,67,17,28,72,Medium/Medium,Normal (170-185)
E. Bitshiabu,El Chadaille Bitshiabu,18,France,CB,RB Leipzig,Bundesliga,1.0,2600000.0,5000.0,6000000.0,68,83,1,37.0,36.0,55.0,51.0,67.0,77.0,Left,3,2,26,63,45,51,57,53,51.0,56,92,35,39,32,66,69,35,Medium/Medium,Stocky (185+)
J. Belocian,Jeanuël Belocian,18,France,"LB, CB",Rennes,Ligue 1,1.0,2700000.0,4000.0,6800000.0,68,83,1,64.0,40.0,62.0,65.0,69.0,66.0,Right,3,2,32,68,61,63,68,55,59.0,53,72,61,67,65,68,71,48,Medium/Medium,Normal (170-185)
H. Diarra,Mouhamadou Diarra,19,France,"CM, CDM",Strasbourg,Ligue 1,1.0,2900000.0,5000.0,7600000.0,68,82,1,56.0,53.0,66.0,69.0,66.0,58.0,Right,2,2,48,75,51,69,70,72,68.0,59,55,60,53,68,65,68,68,Low/Medium,Normal (170-185)
Cristhian Mosquera,Cristhian Andrey Mosquera Ibarguen,19,Spain,"CB, RB",Valencia,La Liga,1.0,2700000.0,6000.0,7400000.0,68,82,1,60.0,39.0,54.0,53.0,69.0,64.0,Right,3,2,34,68,39,42,61,52,57.0,65,62,62,58,65,69,69,25,Medium/Medium,Lean (185+)
Ó. Cortés,Oscar Manuel Cortés Cortés,19,Colombia,"RW, LW",Lens,Ligue 1,1.0,2900000.0,9000.0,7300000.0,68,82,1,76.0,65.0,64.0,71.0,48.0,53.0,Right,3,4,68,69,59,71,68,63,64.0,60,48,75,76,78,44,55,66,High/Medium,Normal (170-185)
B. Omeragić,Bećir Omeragić,21,Switzerland,"CB, RB, LM",Montpellier,Ligue 1,1.0,2800000.0,6000.0,7400000.0,68,81,1,75.0,40.0,61.0,62.0,66.0,70.0,Right,3,2,28,73,57,59,64,48,65.0,68,71,72,78,68,64,70,57,High/High,Lean (185+)
A. Virginius,Alan Virginius,20,France,RM,Lille,Ligue 1,1.0,2900000.0,9000.0,7300000.0,68,81,1,90.0,59.0,59.0,71.0,27.0,39.0,Right,3,3,66,65,59,70,71,61,58.0,49,35,90,90,87,25,25,65,Medium/Medium,Lean (170-185)
T. Kristensen,Thomas Thiesson Kristensen,21,Denmark,CB,Udinese,Serie A,1.0,2800000.0,5000.0,6800000.0,68,81,1,70.0,26.0,50.0,60.0,66.0,75.0,Right,3,2,24,65,30,60,63,45,70.0,68,81,71,69,44,67,66,28,Medium/Medium,Normal (185+)
W. Odobert,Wilson Odobert,18,France,"LW, LM, RM",Burnley,Premier League,1.0,2800000.0,8000.0,7400000.0,68,81,1,73.0,62.0,58.0,70.0,28.0,40.0,Right,4,3,67,65,59,74,72,59,52.0,40,41,77,70,62,29,26,70,Medium/Medium,Lean (170-185)
H. Mejbri,Hannibal Mejbri,20,Tunisia,"CM, CAM",Manchester United,Premier League,1.0,2900000.0,25000.0,6100000.0,68,80,1,73.0,60.0,69.0,69.0,62.0,71.0,Right,3,3,55,70,68,69,68,70,71.0,69,66,72,74,72,63,64,66,High/High,Lean (170-185)
Zito Luvumbo,Zito André Sebastião Luvumbo,21,Angola,"CF, ST, LM",Cagliari,Serie A,1.0,3000000.0,8000.0,6000000.0,68,80,1,87.0,64.0,60.0,74.0,46.0,60.0,Left,3,3,66,66,67,74,70,50,56.0,68,55,90,84,88,44,46,66,High/Medium,Normal (170-185)
É. Michut,Édouard Michut,20,France,"CDM, CM",Paris Saint Germain,Ligue 1,1.0,2800000.0,16000.0,5700000.0,68,80,1,63.0,53.0,67.0,73.0,65.0,50.0,Right,3,3,50,72,59,73,72,70,70.0,63,36,65,61,80,66,67,61,Medium/Medium,Lean (170-185)
Turrientes,Beñat Turrientes Imaz,21,Spain,"CM, CDM",Real Sociedad,La Liga,1.0,3000000.0,9000.0,6900000.0,68,80,1,66.0,51.0,69.0,67.0,60.0,53.0,Right,3,2,43,74,60,64,70,67,68.0,76,35,68,64,68,57,62,62,Medium/Medium,Lean (170-185)
J. Solís,Jhon Elmer Solis Romero,18,Colombia,"CM, CDM",Girona,La Liga,1.0,2800000.0,4000.0,6400000.0,68,80,1,64.0,60.0,62.0,64.0,64.0,73.0,Right,3,3,62,70,50,66,67,64,58.0,81,74,65,63,56,57,70,65,Medium/Medium,Lean (185+)
G. Oristanio,Gaetano Pio Oristanio,20,Italy,"CAM, ST, RM",Cagliari,Serie A,1.0,2900000.0,18000.0,,68,80,1,87.0,62.0,64.0,72.0,45.0,51.0,Left,4,3,63,67,60,72,73,64,65.0,69,37,86,88,77,44,42,64,Medium/Medium,Lean (170-185)
Rafa Marín,Rafael Marín Zamora,21,Spain,"CB, LB",Deportivo Alavés,La Liga,1.0,2800000.0,28000.0,,68,80,1,67.0,28.0,55.0,55.0,67.0,70.0,Right,3,2,25,68,47,43,65,54,60.0,68,71,66,67,65,67,68,54,Medium/Medium,Normal (185+)
Omorodion,Samuel Omorodion Aghehowa,19,Spain,ST,Deportivo Alavés,La Liga,1.0,2900000.0,11000.0,,68,80,1,62.0,69.0,49.0,64.0,20.0,64.0,Right,3,3,71,65,35,68,66,41,51.0,60,78,60,64,55,16,12,68,Medium/Medium,Normal (185+)
Murillo,Murillo Costa dos Santos,20,Brazil,CB,Nottingham Forest,Premier League,1.0,2700000.0,15000.0,5700000.0,68,80,1,69.0,33.0,55.0,58.0,67.0,70.0,Left,3,2,27,63,50,54,62,47,64.0,60,74,63,73,58,65,71,29,Medium/High,Normal (170-185)
Y. Begraoui,Yanis Begraoui,21,France,"ST, RM, LM",Toulouse,Ligue 1,1.0,2700000.0,8000.0,5900000.0,68,79,1,75.0,64.0,58.0,71.0,21.0,61.0,Right,5,3,70,66,51,70,71,65,64.0,72,65,75,75,71,13,18,69,Medium/Low,Lean (170-185)
B. Traoré,Boubacar Traoré,21,Mali,"CDM, CM",Wolverhampton Wanderers,Premier League,1.0,2600000.0,15000.0,5500000.0,68,79,1,64.0,49.0,63.0,68.0,63.0,70.0,Right,2,2,42,71,47,67,70,66,63.0,63,73,60,67,69,59,68,54,Medium/Medium,Lean (170-185)
M. Akliouche,Maghnes Akliouche,21,France,CAM,Monaco,Ligue 1,1.0,2700000.0,13000.0,5700000.0,68,79,1,72.0,60.0,65.0,73.0,45.0,56.0,Left,3,3,60,67,62,74,72,67,66.0,57,58,70,74,77,42,49,63,Medium/Medium,Lean (170-185)
D. Jean-Jacques,Danley Jean-Jacques,23,Haiti,"CDM, CM",Metz,Ligue 1,1.0,2500000.0,6000.0,5500000.0,68,79,1,68.0,51.0,64.0,67.0,66.0,71.0,Left,3,2,41,71,56,66,68,62,68.0,68,72,67,68,68,65,69,63,Medium/Medium,Normal (170-185)
A. Mendy,Antoine Mendy,19,France,"RB, RWB",Nice,Ligue 1,1.0,2500000.0,7000.0,5300000.0,68,79,1,68.0,41.0,54.0,63.0,66.0,67.0,Right,3,2,32,64,62,61,64,38,63.0,69,64,69,68,64,62,70,58,Medium/Medium,Normal (185+)
Alberto Marí,Alberto Marí Sánchez,21,Spain,ST,Valencia,La Liga,1.0,2700000.0,10000.0,6200000.0,68,79,1,64.0,69.0,54.0,64.0,27.0,59.0,Right,4,2,73,65,43,64,68,51,58.0,61,66,62,66,57,24,22,71,High/Medium,Normal (170-185)
M. Popa,Mihai Maximilian Popa,22,Romania,GK,Torino,Serie A,1.0,2300000.0,10000.0,4400000.0,68,78,1,,,,,,,Right,2,1,12,30,16,14,18,49,50.0,32,44,38,45,47,16,18,14,Medium/Medium,Lean (185+)
Javi López,Javier López Carballo,21,Spain,LB,Deportivo Alavés,La Liga,1.0,2600000.0,6000.0,6200000.0,68,78,1,72.0,28.0,53.0,57.0,67.0,66.0,Left,3,2,26,61,64,52,61,43,52.0,72,65,69,74,71,67,67,47,Medium/Medium,Lean (170-185)
W. Kamanzi,Warren Håkon Christofer Kamanzi,22,Norway,"RB, RWB, LWB",Toulouse,Ligue 1,1.0,2600000.0,7000.0,5700000.0,68,78,1,76.0,49.0,59.0,66.0,63.0,63.0,Right,3,3,50,64,62,64,64,59,60.0,74,58,76,76,80,63,65,61,High/Medium,Normal (170-185)
F. Mendy,Formose Mendy,22,Senegal,"CB, RWB",Lorient,Ligue 1,1.0,2500000.0,7000.0,5500000.0,68,78,1,75.0,37.0,55.0,59.0,68.0,72.0,Right,3,2,35,69,55,55,68,40,50.0,72,77,68,80,60,66,69,35,Medium/Medium,Lean (185+)
A. Baldé,Aliou Badara Baldé,20,Senegal,"RW, LW",Nice,Ligue 1,1.0,2600000.0,12000.0,5500000.0,68,78,1,90.0,61.0,58.0,71.0,32.0,53.0,Right,3,3,62,62,63,71,66,60,65.0,48,57,89,91,87,40,27,59,Medium/Medium,Lean (170-)
M. Lotka,Marcel Laurenz Lotka,22,Poland,GK,Borussia Dortmund,Bundesliga,1.0,2300000.0,9000.0,4400000.0,68,78,1,,,,,,,Right,3,1,11,20,12,9,12,23,30.0,29,66,24,21,26,8,10,7,Medium/Medium,Normal (185+)
F. Ebosele,Festy Ebosele,20,Republic of Ireland,"RM, RWB",Udinese,Serie A,1.0,2600000.0,5000.0,5200000.0,68,78,1,91.0,45.0,57.0,73.0,57.0,76.0,Right,3,2,47,60,64,73,70,58,64.0,80,76,94,89,84,58,58,60,High/Medium,Normal (170-185)
O. Targhalline,Oussama Targhalline,21,Morocco,"CM, CDM",Le Havre,Ligue 1,1.0,2700000.0,6000.0,5900000.0,68,78,1,51.0,61.0,67.0,68.0,62.0,56.0,Right,3,3,56,72,56,70,71,72,70.0,63,47,50,51,64,59,63,59,Medium/Medium,Lean (185+)
A. Amraoui,Ayoub Amraoui,19,Morocco,"LB, CB",Nice,Ligue 1,1.0,2500000.0,7000.0,5300000.0,68,78,1,72.0,42.0,55.0,65.0,65.0,65.0,Left,3,2,35,60,59,65,64,45,62.0,74,60,73,72,67,64,68,59,Medium/Medium,Normal (185+)
Altimira,Sergio Altimira Clavell,21,Spain,CM,Real Betis,La Liga,1.0,2700000.0,7000.0,6200000.0,68,78,1,60.0,56.0,61.0,65.0,62.0,61.0,Right,3,3,62,67,47,67,69,69,48.0,63,60,58,62,60,55,68,67,Medium/Medium,Lean (185+)
Martín,Martín Pascual Castillo,23,Spain,CB,Rayo Vallecano,La Liga,1.0,2500000.0,6000.0,5800000.0,68,77,1,52.0,25.0,45.0,44.0,69.0,62.0,Right,3,2,19,68,25,24,70,34,49.0,47,68,48,56,34,66,70,28,Medium/Medium,Normal (185+)
F. Stojilković,Filip Stojilković,23,Switzerland,ST,Darmstadt 98,Bundesliga,1.0,2700000.0,9000.0,5400000.0,68,77,1,88.0,68.0,49.0,69.0,29.0,66.0,Right,4,3,70,55,38,69,71,58,60.0,64,70,82,93,75,31,22,59,High/Medium,Normal (185+)
H. Keïta,Habib Ali Keita,21,Mali,"CM, CDM",Clermont,Ligue 1,1.0,2700000.0,6000.0,5900000.0,68,77,1,68.0,57.0,64.0,71.0,62.0,67.0,Left,2,3,59,70,54,71,72,66,74.0,68,65,66,69,70,63,62,64,Medium/Medium,Lean (170-185)
J. Tchatchoua,Jackson Tchatchoua,22,Belgium,"RWB, RM, LM",Hellas Verona,Serie A,1.0,2600000.0,5000.0,,68,77,1,89.0,56.0,57.0,68.0,58.0,80.0,Right,4,3,56,62,64,69,64,51,59.0,86,78,86,91,75,59,58,58,High/Medium,Stocky (185+)
Y. Kechta,Yassine Kechta,21,Morocco,"CM, CDM",Le Havre,Ligue 1,1.0,2700000.0,6000.0,5900000.0,68,77,1,59.0,58.0,68.0,71.0,62.0,57.0,Left,3,3,56,71,62,70,71,68,70.0,60,53,62,57,72,59,66,64,Medium/Medium,Lean (170-185)
A. Salama,Amine Salama,22,France,ST,Stade de Reims,Ligue 1,1.0,2700000.0,9000.0,5900000.0,68,77,1,66.0,68.0,50.0,66.0,25.0,61.0,Right,3,3,72,54,47,69,70,52,70.0,48,72,64,67,49,17,23,69,Medium/Low,Lean (185+)
L. Diack,Lamine Diack,22,Senegal,"CDM, CM",Nantes,Ligue 1,1.0,2600000.0,5000.0,,68,77,1,76.0,59.0,61.0,66.0,65.0,77.0,Right,3,2,55,68,56,67,63,57,59.0,85,74,75,76,78,61,68,62,Medium/High,Normal (185+)
M. Milovanović,Marko Milovanović,19,Serbia,ST,Almería,La Liga,1.0,2600000.0,7000.0,6000000.0,68,77,1,57.0,69.0,47.0,66.0,21.0,62.0,Right,3,3,73,58,35,72,67,44,48.0,56,76,52,61,59,17,12,66,High/Low,Normal (185+)
Gonzalez,Diego Luis Gonzalez Alcaraz,20,Paraguay,"LW, RW",Lazio,Serie A,1.0,2600000.0,14000.0,4900000.0,68,77,1,70.0,68.0,65.0,72.0,51.0,50.0,Left,3,3,68,72,64,72,72,62,61.0,46,49,76,65,83,44,55,63,High/Medium,Normal (170-185)
R. Brewster,Rhian Joel Brewster,23,England,ST,Sheffield United,Premier League,1.0,2700000.0,13000.0,5900000.0,68,76,1,80.0,69.0,55.0,71.0,20.0,61.0,Right,3,3,70,61,50,72,67,56,62.0,64,62,82,79,77,14,18,70,Medium/Medium,Normal (170-185)
L. Leroy,Léo Leroy,23,France,"CDM, CM, CAM",Montpellier,Ligue 1,1.0,2500000.0,7000.0,5500000.0,68,76,1,54.0,56.0,69.0,69.0,61.0,66.0,Right,3,3,52,74,62,71,72,70,67.0,73,67,51,57,61,61,63,62,Medium/Medium,Normal (185+)
João Ferreira,João Diogo Fonseca Ferreira,22,Portugal,"RWB, RB, RM",Udinese,Serie A,1.0,2600000.0,11000.0,,68,76,1,78.0,41.0,55.0,61.0,63.0,68.0,Right,3,2,31,63,64,60,63,47,63.0,70,67,77,78,56,62,64,53,Medium/High,Normal (185+)
T. Suslov,Tomáš Suslov,21,Slovakia,"CF, RM, CM",Hellas Verona,Serie A,1.0,2700000.0,9000.0,5400000.0,68,76,1,71.0,66.0,67.0,72.0,51.0,66.0,Left,3,3,62,65,67,75,70,69,60.0,76,63,75,67,72,53,52,66,Medium/Medium,Stocky (170-185)
J. Olschowsky,Jan Jakob Olschowsky,21,Germany,GK,Borussia Mönchengladbach,Bundesliga,1.0,2300000.0,5000.0,4400000.0,68,76,1,,,,,,,Right,3,1,6,26,14,12,10,50,38.0,16,42,22,17,30,18,11,8,Medium/Medium,Normal (170-185)
E. Emegha,Emanuel Emegha,20,Netherlands,ST,Strasbourg,Ligue 1,1.0,2700000.0,8000.0,5900000.0,68,76,1,79.0,65.0,51.0,66.0,30.0,74.0,Left,3,2,68,58,43,66,68,57,64.0,68,80,73,83,68,26,21,67,High/High,Lean (185+)
M. Kaba,Mohamed Kaba,21,France,"CDM, CM",Lecce,Serie A,1.0,2600000.0,5000.0,5200000.0,68,76,1,66.0,52.0,57.0,64.0,64.0,77.0,Right,3,2,51,68,36,64,67,59,56.0,84,79,63,69,60,63,67,60,Medium/Medium,Normal (185+)
C. Früchtl,Christian Früchtl,23,Germany,GK,Austria Wien,Bundesliga,1.0,2100000.0,4000.0,3500000.0,68,75,1,,,,,,,Left,2,1,11,29,10,13,17,24,22.0,19,63,25,23,26,16,10,6,Medium/Medium,Normal (185+)
P. Pellegri,Pietro Pellegri,22,Italy,ST,Torino,Serie A,1.0,2500000.0,15000.0,4800000.0,68,75,1,63.0,68.0,54.0,68.0,21.0,62.0,Right,3,3,71,59,48,70,72,55,67.0,51,74,61,64,58,19,12,70,Medium/Medium,Normal (185+)
R. Massimo,Roberto Massimo,22,Germany,RM,VfB Stuttgart,Bundesliga,1.0,2500000.0,9000.0,5000000.0,68,75,1,86.0,60.0,57.0,71.0,53.0,63.0,Right,5,3,64,63,61,72,71,57,55.0,69,63,85,87,81,59,55,60,High/Medium,Normal (170-185)
A. Jukic,Aleksandar Jukic,22,Austria,"CM, LM",Austria Wien,Bundesliga,1.0,2400000.0,6000.0,4000000.0,68,75,1,72.0,66.0,69.0,69.0,54.0,69.0,Right,3,3,66,70,65,70,68,71,60.0,73,67,69,74,73,40,58,59,High/Low,Normal (170-185)
I. Soumaré,Issa Soumaré,22,Senegal,"LW, LM, ST",Le Havre,Ligue 1,1.0,2500000.0,8000.0,5500000.0,68,75,1,82.0,64.0,59.0,68.0,19.0,61.0,Right,2,3,65,64,61,69,68,62,64.0,66,70,82,82,65,17,12,66,High/Low,Lean (170-185)
E. Darboe,Ebrima Darboe,22,Gambia,CDM,LASK Linz,Bundesliga,1.0,2300000.0,16000.0,,68,75,1,58.0,46.0,64.0,65.0,63.0,58.0,Right,3,3,40,72,52,62,72,65,63.0,73,48,68,49,53,61,65,56,Medium/Medium,Lean (170-185)
Y. Konoplia,Yukhym Konoplia,23,Ukraine,"RB, RWB",Shakhtar Donetsk,Premier League,1.0,2300000.0,500.0,5500000.0,68,75,1,77.0,43.0,63.0,60.0,64.0,62.0,Right,2,2,35,71,68,56,58,64,63.0,71,58,75,79,77,63,69,61,Medium/Medium,Normal (170-185)
A. Adams,Akor Jerome Adams,23,Nigeria,ST,Montpellier,Ligue 1,1.0,2400000.0,9000.0,5300000.0,68,75,1,80.0,66.0,53.0,65.0,29.0,76.0,Right,3,3,67,59,47,64,65,58,65.0,74,83,82,79,67,26,25,68,Medium/Medium,Normal (185+)
Adson,Ferreira Soares Adson,22,Brazil,"RM, CAM",Nantes,Ligue 1,1.0,2500000.0,8000.0,5500000.0,68,75,1,74.0,56.0,69.0,73.0,41.0,43.0,Left,2,3,53,73,67,73,75,70,67.0,47,38,77,72,76,41,44,57,Medium/Medium,Lean (170-185)
P. Almqvist,Pontus Almqvist,23,Sweden,"ST, LW, RW",Lecce,Serie A,1.0,1900000.0,7000.0,3800000.0,68,74,1,88.0,64.0,64.0,72.0,38.0,53.0,Left,4,4,67,68,62,70,71,64,66.0,62,48,87,88,83,33,35,73,Medium/Medium,Lean (170-185)
H. Guenouche,Hakim Guenouche,23,France,"LM, LWB, LB",Austria Wien,Bundesliga,1.0,1900000.0,6000.0,3100000.0,68,74,1,84.0,54.0,61.0,70.0,56.0,58.0,Left,3,3,55,62,68,68,68,59,63.0,83,46,82,86,89,54,61,60,High/Medium,Normal (170-185)
M. Taloverov,Maksym Talovierov,23,Ukraine,"CB, CDM",LASK Linz,Bundesliga,1.0,1700000.0,500.0,,68,74,1,58.0,38.0,54.0,56.0,67.0,75.0,Right,3,2,25,66,33,55,62,52,53.0,69,80,53,62,51,65,67,32,Medium/Medium,Lean (185+)
V. Müller,Valentino Müller,24,Austria,"CDM, CM",WSG Tirol,Bundesliga,1.0,1700000.0,4000.0,2600000.0,68,73,1,70.0,58.0,65.0,68.0,62.0,68.0,Right,3,2,51,70,54,64,69,69,69.0,81,62,72,69,74,64,63,66,Medium/Medium,Normal (170-185)
A. Andrade,Andrés Alberto Andrade Cedeño,24,Panama,"CB, LB",LASK Linz,Bundesliga,1.0,1600000.0,7000.0,2500000.0,68,73,1,74.0,51.0,59.0,64.0,66.0,76.0,Left,3,2,48,63,61,64,66,56,67.0,79,76,73,74,59,66,65,59,High/Medium,Normal (185+)
A. Di Pardo,Alessandro Di Pardo,23,Italy,"RB, RM, RWB",Cagliari,Serie A,1.0,1700000.0,8000.0,3200000.0,68,73,1,70.0,51.0,66.0,70.0,63.0,63.0,Right,3,3,44,69,72,71,70,60,62.0,68,60,68,72,76,61,65,64,High/Medium,Lean (170-185)
L. Fridrikas,Lukas Fridrikas,25,Austria,ST,Austria Lustenau,Bundesliga,1.0,1800000.0,4000.0,2700000.0,68,73,1,77.0,68.0,61.0,68.0,30.0,65.0,Right,3,3,71,63,63,68,70,62,63.0,79,65,76,77,74,30,26,68,Medium/Medium,Normal (170-185)
R. Marchizza,Riccardo Marchizza,25,Italy,LB,Frosinone,Serie A,1.0,1600000.0,5000.0,3000000.0,68,72,1,57.0,30.0,57.0,64.0,69.0,65.0,Left,3,2,27,63,70,64,66,45,66.0,56,72,48,65,59,69,70,56,Medium/High,Normal (185+)
A. Jakubech,Adam Jakubech,26,Slovakia,GK,Lille,Ligue 1,1.0,1300000.0,9000.0,2600000.0,68,72,1,,,,,,,Right,3,1,7,25,12,14,15,39,51.0,29,70,36,44,35,12,10,5,Medium/Medium,Normal (185+)
M. Zetterer,Michael Zetterer,27,Germany,GK,Werder Bremen,Bundesliga,1.0,1200000.0,7000.0,2300000.0,68,71,1,,,,,,,Right,5,1,16,24,17,17,23,27,39.0,38,69,39,44,32,19,16,13,Medium/Medium,Stocky (185+)
F. Ronstadt,Frank Ronstadt,25,Germany,"RWB, LWB, RM",Darmstadt 98,Bundesliga,1.0,1500000.0,9000.0,2800000.0,68,71,1,76.0,51.0,60.0,66.0,62.0,67.0,Right,3,2,42,59,73,65,66,44,60.0,69,69,75,77,71,61,65,52,Medium/Medium,Normal (170-185)
A. Beck,Adrian Beck,26,Germany,CM,Heidenheim,Bundesliga,1.0,1600000.0,12000.0,3000000.0,68,71,1,61.0,63.0,67.0,63.0,62.0,72.0,Right,3,2,62,71,67,64,65,68,69.0,85,69,65,57,56,59,67,68,High/Medium,Normal (185+)
N. Cvetkovic,Nenad Cvetkovic,27,Serbia,CB,Rapid Wien,Bundesliga,1.0,1400000.0,8000.0,2100000.0,68,71,1,77.0,39.0,48.0,40.0,68.0,74.0,Right,4,2,34,64,28,30,37,38,63.0,69,75,77,77,69,64,71,34,Low/High,Lean (185+)
M. Caillard,Marc-Aurèle Caillard,29,France,GK,Metz,Ligue 1,1.0,1000000.0,6000.0,2100000.0,68,70,1,,,,,,,Right,3,1,9,32,13,11,24,14,53.0,33,75,48,39,34,8,15,7,Medium/Medium,Normal (185+)
J. Heil,Jürgen Heil,26,Austria,"RB, CDM, CM",Hartberg,Bundesliga,1.0,1400000.0,5000.0,2100000.0,68,70,1,66.0,60.0,63.0,65.0,64.0,75.0,Right,3,3,60,66,61,63,65,61,65.0,85,73,69,64,70,66,65,64,High/High,Normal (170-185)
S. Kennedy,Scott Fitzgerald Kennedy,26,Canada,CB,Wolfsberger AC,Bundesliga,1.0,1300000.0,6000.0,2000000.0,68,70,1,79.0,29.0,45.0,48.0,68.0,72.0,Left,3,2,24,61,26,42,50,40,65.0,65,77,83,76,50,68,70,30,Medium/High,Lean (185+)
E. Capradossi,Elio Capradossi,27,Italy,CB,Cagliari,Serie A,1.0,1200000.0,9000.0,2300000.0,68,69,1,59.0,36.0,55.0,59.0,70.0,68.0,Right,5,2,33,68,42,55,62,45,58.0,64,69,65,54,66,69,70,34,Medium/Medium,Lean (185+)
G. Pușcaș,George Alexandru Puşcaş,27,Romania,ST,Genoa,Serie A,1.0,1400000.0,11000.0,2600000.0,68,69,1,67.0,68.0,53.0,64.0,36.0,70.0,Right,2,3,68,58,47,64,66,53,60.0,63,77,65,69,54,30,39,71,Medium/Medium,Normal (185+)
M. Shved,Maryan Shved,25,Ukraine,"RM, ST",Shakhtar Donetsk,Premier League,1.0,1400000.0,500.0,3200000.0,68,69,1,73.0,68.0,61.0,72.0,36.0,49.0,Left,3,3,66,61,66,74,71,60,62.0,63,48,74,72,74,42,39,66,Medium/Low,Lean (170-185)
A. Seydel,Aaron Seydel,27,Germany,"ST, LM, CAM",Darmstadt 98,Bundesliga,1.0,1400000.0,11000.0,2600000.0,68,69,1,70.0,64.0,55.0,67.0,29.0,63.0,Left,4,3,68,61,59,70,73,60,69.0,34,79,67,73,53,25,28,67,Medium/Medium,Unique
L. Grgic,Lukas Grgic,27,Austria,"CDM, CM",Rapid Wien,Bundesliga,1.0,1200000.0,8000.0,1800000.0,68,69,1,67.0,44.0,60.0,61.0,65.0,82.0,Left,3,2,36,65,55,61,64,64,63.0,83,83,64,70,54,65,65,48,Medium/Medium,Normal (170-185)
L. Pfeiffer,Luca Pfeiffer,26,Germany,ST,Darmstadt 98,Bundesliga,1.0,1400000.0,11000.0,,68,69,1,46.0,68.0,50.0,60.0,33.0,81.0,Right,3,2,71,64,42,63,67,45,67.0,69,94,39,52,34,26,38,71,Medium/Medium,Stocky (185+)
E. Karic,Emir Karic,26,Austria,"LWB, LM",Darmstadt 98,Bundesliga,1.0,1300000.0,9000.0,2400000.0,68,69,1,69.0,44.0,60.0,63.0,64.0,75.0,Left,2,2,41,65,67,61,65,56,60.0,76,77,73,65,68,66,65,49,Medium/Medium,Normal (170-185)
K. Van Den Kerkhof,Kévin Van Den Kerkhof,27,Algeria,"RWB, RB",Metz,Ligue 1,1.0,1300000.0,7000.0,2700000.0,68,69,1,72.0,65.0,62.0,67.0,63.0,73.0,Right,2,2,64,64,67,70,67,55,59.0,78,75,77,68,66,64,64,60,Medium/Medium,Normal (185+)
L. Butelle,Ludovic Butelle,40,France,GK,Stade de Reims,Ligue 1,1.0,130000.0,4000.0,260000.0,68,68,1,,,,,,,Left,3,1,11,31,11,11,23,39,59.0,28,70,31,33,36,11,11,15,Medium/Medium,Normal (185+)
Iván Cuéllar,Iván Cuéllar Sacristán,39,Spain,GK,Mallorca,La Liga,1.0,130000.0,5000.0,273000.0,68,68,1,,,,,,,Left,3,1,15,25,29,14,13,49,56.0,38,75,51,40,49,20,11,12,Medium/Medium,Normal (185+)
V. Fiorillo,Vincenzo Fiorillo,33,Italy,GK,Salernitana,Serie A,1.0,400000.0,9000.0,720000.0,68,68,1,,,,,,,Right,3,1,15,28,8,14,19,48,62.0,31,61,36,42,55,20,10,10,Medium/Medium,Lean (185+)
A. Nuhiu,Atdhe Nuhiu,33,Kosovo,ST,Rheindorf Altach,Bundesliga,1.0,775000.0,5000.0,1100000.0,68,68,1,32.0,68.0,58.0,61.0,40.0,79.0,Right,4,3,68,66,47,64,67,63,66.0,60,91,32,32,34,33,41,73,Medium/Low,Normal (185+)
S. Hierländer,Stefan Hierländer,32,Austria,"CM, RM",Sturm Graz,Bundesliga,1.0,950000.0,7000.0,1400000.0,68,68,1,67.0,67.0,68.0,71.0,65.0,69.0,Right,3,3,65,70,70,69,71,67,72.0,73,66,67,67,75,65,66,67,Medium/Medium,Normal (170-185)
J. Siebenhandl,Jörg Siebenhandl,33,Austria,GK,LASK Linz,Bundesliga,1.0,400000.0,7000.0,600000.0,68,68,1,,,,,,,Left,3,1,11,31,13,13,30,48,28.0,38,66,45,48,61,22,24,13,Medium/Medium,Normal (170-185)
A. Letellier,Alexandre Letellier,32,France,GK,Paris Saint Germain,Ligue 1,1.0,600000.0,18000.0,1100000.0,68,68,1,,,,,,,Right,2,1,10,28,13,11,16,22,51.0,31,72,37,39,32,15,13,14,Medium/Medium,Normal (185+)
D. Potts,Daniel Potts,29,England,"CB, LWB",Luton Town,Premier League,1.0,1000000.0,17000.0,2000000.0,68,68,1,65.0,38.0,56.0,60.0,69.0,68.0,Left,3,2,44,60,59,58,59,49,55.0,70,70,63,67,69,71,69,47,Medium/Medium,Lean (170-185)
Cristian Herrera,Cristian Ignacio Herrera Pérez,32,Spain,"RM, LM, ST",Las Palmas,La Liga,1.0,950000.0,8000.0,2100000.0,68,68,1,71.0,67.0,65.0,63.0,47.0,81.0,Left,3,3,65,62,65,66,62,66,68.0,84,88,69,73,64,67,33,71,High/Medium,Normal (170-185)
M. Zeffane,Mehdi Zeffane,31,Algeria,"RWB, LWB",Clermont,Ligue 1,1.0,875000.0,7000.0,1800000.0,68,68,1,69.0,61.0,64.0,65.0,64.0,64.0,Right,3,3,55,68,66,62,66,62,65.0,66,61,69,69,71,66,64,60,Medium/Medium,Lean (170-185)
A. Touré,Abdoulaye Touré,29,France,"CDM, CM",Le Havre,Ligue 1,1.0,1000000.0,8000.0,2000000.0,68,68,1,39.0,56.0,59.0,55.0,69.0,77.0,Right,3,2,41,64,48,58,64,58,53.0,68,84,40,39,30,72,70,32,Medium/Medium,Normal (185+)
S. Piesinger,Simon Piesinger,31,Austria,CB,Wolfsberger AC,Bundesliga,1.0,825000.0,6000.0,1200000.0,68,68,1,35.0,52.0,60.0,56.0,67.0,77.0,Right,2,2,44,67,52,55,65,54,67.0,68,87,36,34,37,68,67,56,Medium/Medium,Normal (185+)
R. Ranftl,Reinhold Ranftl,31,Austria,"RM, RWB, RB",Austria Wien,Bundesliga,1.0,1000000.0,7000.0,1500000.0,68,68,1,72.0,56.0,64.0,67.0,64.0,72.0,Right,3,3,51,66,68,67,65,63,67.0,90,66,75,70,72,63,67,66,High/High,Lean (170-185)
M. Hofmann,Maximilian Hofmann,29,Austria,CB,Rapid Wien,Bundesliga,1.0,1000000.0,8000.0,1500000.0,68,68,1,61.0,39.0,51.0,51.0,67.0,72.0,Right,3,2,35,65,34,38,58,40,66.0,70,73,57,65,68,67,68,58,Low/High,Normal (170-185)
R. Framberger,Raphael Framberger,27,Germany,"RB, RM",FC Augsburg,Bundesliga,1.0,1200000.0,10000.0,2200000.0,68,68,1,79.0,41.0,55.0,57.0,66.0,61.0,Right,3,2,41,64,56,50,60,48,56.0,64,58,79,79,69,68,69,53,Medium/Medium,Normal (170-185)
L. Mousset,Lys Mousset,27,France,ST,VfL Bochum 1848,Bundesliga,1.0,1300000.0,11000.0,2300000.0,68,68,1,78.0,67.0,55.0,70.0,24.0,61.0,Right,3,3,67,61,54,71,70,56,60.0,48,73,77,78,75,19,20,64,Medium/Medium,Normal (170-185)
L. Berry,Luke David Berry,30,England,"CM, CAM",Luton Town,Premier League,1.0,1200000.0,18000.0,2400000.0,68,68,1,68.0,65.0,66.0,70.0,61.0,68.0,Right,3,3,69,70,61,68,71,69,70.0,71,69,67,68,77,59,63,70,High/Medium,Normal (170-185)
B. Jovičić,Branko Jovičić,30,Serbia,"CDM, CM",LASK Linz,Bundesliga,1.0,1000000.0,8000.0,1500000.0,68,68,1,67.0,51.0,60.0,65.0,66.0,69.0,Right,3,2,47,66,51,65,66,63,64.0,78,64,65,69,64,63,70,56,Medium/High,Normal (170-185)
A. Deiola,Alessandro Deiola,27,Italy,"CM, CDM, CB",Cagliari,Serie A,1.0,1300000.0,10000.0,2300000.0,68,68,1,61.0,66.0,63.0,63.0,68.0,78.0,Right,3,2,61,68,53,63,66,63,62.0,77,80,60,61,56,67,70,74,High/High,Lean (185+)
Paulo Fajarda,Paulo Mauro Fajarda Macedo,31,Brazil,CB,Goiás,Serie A,1.0,825000.0,5000.0,1600000.0,68,68,1,52.0,33.0,47.0,40.0,70.0,67.0,Right,3,2,25,47,52,20,51,46,66.0,54,70,65,42,63,71,70,21,Medium/Medium,Normal (170-185)
Jadson Castrelo,Jadson José Castrelo Rios,27,Brazil,"CDM, CM",Fluminense,Serie A,1.0,1100000.0,9000.0,2100000.0,68,68,1,52.0,51.0,57.0,63.0,66.0,78.0,Right,3,2,46,65,51,61,67,46,74.0,84,78,57,48,64,67,71,56,High/Low,Normal (185+)
Antonaldo Laforte,Antonaldo V. Laforte Beretta,31,Brazil,"CAM, CM",Fluminense,Serie A,1.0,1000000.0,9000.0,1900000.0,68,68,1,63.0,65.0,68.0,61.0,26.0,72.0,Right,3,3,68,75,52,53,75,75,65.0,66,77,62,63,51,24,21,74,Medium/Medium,Stocky (170-185)
Kaio Aldair,Kaio Jesus Aldair Porto,31,Brazil,"RB, RM",Fortaleza,Serie A,1.0,875000.0,5000.0,1700000.0,68,68,1,78.0,56.0,62.0,66.0,63.0,51.0,Right,3,2,52,67,68,62,71,56,66.0,63,40,74,81,67,63,64,60,High/Medium,Lean (170-185)
Paulo Mesqueira,Paulo Fred Mesqueira Serpa,35,Brazil,"CM, RB, LB",Goiás,Serie A,1.0,475000.0,4000.0,903000.0,68,68,1,52.0,69.0,71.0,66.0,64.0,65.0,Left,5,2,63,75,72,68,69,63,60.0,74,66,52,52,53,62,68,63,Medium/Medium,Normal (170-185)
Helito Caldeira,Helio Paulo Caldeira Andrade,27,Brazil,RB,Fluminense,Serie A,1.0,1200000.0,9000.0,2300000.0,68,68,1,63.0,54.0,60.0,64.0,68.0,73.0,Right,3,2,47,69,58,57,77,43,63.0,56,81,62,63,64,71,58,57,Medium/Medium,Normal (185+)
Melvin Regalito,Melvin Luan Regalo Sousa,31,Brazil,"CAM, LM, CM",Athletico Paranaense,Serie A,1.0,1000000.0,7000.0,1900000.0,68,68,1,63.0,60.0,66.0,69.0,30.0,67.0,Left,3,3,60,69,60,72,69,70,57.0,64,70,70,57,62,31,22,70,Medium/Medium,Normal (170-185)
Lucas Galvão,Lucas Galvão da Costa Souza,32,Brazil,"CB, LWB",Austria Wien,Bundesliga,1.0,775000.0,6000.0,1100000.0,68,68,1,69.0,49.0,61.0,66.0,68.0,71.0,Left,3,3,45,65,60,66,65,61,62.0,70,73,74,65,73,69,67,56,High/Medium,Normal (170-185)
S. Ghoddos,Saman Ghoddos,29,Iran,"CAM, CM, LM",Brentford,Premier League,1.0,1200000.0,20000.0,2300000.0,68,68,1,58.0,71.0,68.0,68.0,52.0,65.0,Right,3,4,68,71,67,66,71,70,72.0,61,67,63,54,67,54,52,68,Medium/High,Normal (170-185)
Tomás Nuninho,Tomás Nicolas Nuninho Alfaro,27,Brazil,CDM,Santos,Serie A,1.0,1100000.0,10000.0,2100000.0,68,68,1,50.0,49.0,61.0,60.0,66.0,77.0,Left,3,2,43,70,43,61,63,62,57.0,69,82,43,55,54,70,65,44,Medium/Medium,Normal (185+)
Óscar Sendinho,Óscar Santiago Sendinho Pindo,35,Brazil,CDM,Goiás,Serie A,1.0,350000.0,4000.0,665000.0,68,68,1,63.0,57.0,68.0,66.0,61.0,71.0,Right,3,2,47,74,60,65,69,66,65.0,70,73,62,64,66,56,63,60,Medium/Medium,Normal (170-185)
Davide Eustáquio,Davide Maurício Eustáquio Silva,31,Brazil,CAM,Santos,Serie A,1.0,1000000.0,10000.0,1900000.0,68,68,1,68.0,62.0,62.0,69.0,33.0,57.0,Right,4,3,65,60,48,70,68,71,51.0,55,62,67,68,74,15,34,73,Medium/Low,Normal (170-185)
S. Schimmer,Stefan Schimmer,29,Germany,ST,Heidenheim,Bundesliga,1.0,1200000.0,13000.0,2200000.0,68,68,1,64.0,68.0,45.0,63.0,29.0,72.0,Right,4,2,71,55,40,59,67,40,67.0,65,77,64,64,66,30,23,72,Medium/Medium,Normal (185+)
O. Andrievskyi,Oleksandr Andrievskyi,29,Ukraine,CDM,Dynamo Kyiv,Premier League,1.0,1000000.0,500.0,2200000.0,68,68,1,66.0,50.0,64.0,62.0,64.0,70.0,Left,2,2,39,72,45,68,56,67,61.0,71,73,65,67,50,66,67,45,High/Medium,Lean (170-185)
M. Fischer,Manfred Fischer,27,Austria,"CM, CF",Austria Wien,Bundesliga,1.0,1300000.0,7000.0,1900000.0,68,68,1,71.0,64.0,68.0,68.0,49.0,76.0,Right,4,3,63,72,61,66,67,69,66.0,91,71,73,69,77,38,54,63,Medium/High,Normal (170-185)
M. Martins,Marvin Martins,28,Luxembourg,"CB, RB, LB",Austria Wien,Bundesliga,1.0,1000000.0,7000.0,1500000.0,68,68,1,75.0,50.0,58.0,58.0,69.0,75.0,Right,2,2,47,63,55,58,56,54,57.0,79,76,71,79,64,69,70,58,Medium/Medium,Normal (185+)
S. Pafundi,Simone Pafundi,17,Italy,"CAM, RM",Udinese,Serie A,1.0,2500000.0,750.0,6100000.0,67,86,1,78.0,65.0,66.0,73.0,46.0,48.0,Left,3,3,61,67,64,71,71,65,70.0,46,42,83,73,87,47,39,61,High/Medium,Normal (170-)
C. Volpato,Cristian Volpato,19,Italy,"CAM, CF, RW",Sassuolo,Serie A,1.0,2600000.0,3000.0,6000000.0,67,84,1,67.0,64.0,64.0,69.0,39.0,58.0,Left,3,3,60,65,62,74,70,71,64.0,68,58,66,67,56,45,36,67,Medium/Medium,Normal (185+)
L. Koleosho,Luca Warrick Koleosho,18,Italy,"LM, RM, RW",Burnley,Premier League,1.0,2600000.0,5000.0,6800000.0,67,84,1,85.0,59.0,59.0,74.0,30.0,47.0,Right,4,3,60,64,62,75,73,55,59.0,54,40,86,84,86,29,29,58,High/Medium,Lean (170-185)
Deivid Washington,Deivid W. de Souza Eugênio,18,Brazil,"ST, LW",Chelsea,Premier League,1.0,2600000.0,12000.0,6600000.0,67,84,1,77.0,67.0,52.0,69.0,29.0,59.0,Right,3,3,73,56,54,72,74,50,53.0,52,71,74,80,74,29,26,73,High/Medium,Lean (185+)
Iker Bravo,Iker Bravo Solanilla,18,Spain,"ST, LW, RW",Real Madrid,La Liga,1.0,2600000.0,7000.0,,67,83,1,68.0,68.0,53.0,67.0,23.0,56.0,Right,4,3,72,64,42,70,68,55,47.0,54,60,67,68,66,20,17,61,High/Medium,Normal (170-185)
H. Larsson,Hugo Larsson,19,Sweden,"CM, CDM",Eintracht Frankfurt,Bundesliga,1.0,2600000.0,7000.0,6000000.0,67,83,1,76.0,56.0,60.0,67.0,60.0,75.0,Right,3,2,47,69,44,66,68,60,63.0,92,68,72,79,78,65,58,63,High/High,Lean (185+)
D. Sarmiento,Darío Ariel Sarmiento,20,Argentina,"RW, LW",Manchester City,Premier League,1.0,2500000.0,26000.0,6200000.0,67,82,1,77.0,62.0,61.0,74.0,39.0,42.0,Left,3,3,63,62,65,76,69,62,65.0,52,35,82,73,86,45,30,60,High/Medium,Normal (170-)
B. Traore,Bénie Adama Traoré,20,Côte d'Ivoire,"ST, RW",Sheffield United,Premier League,1.0,2500000.0,10000.0,6600000.0,67,82,1,86.0,65.0,54.0,73.0,32.0,63.0,Right,3,3,68,59,49,72,70,67,68.0,75,62,86,86,89,25,40,67,High/Medium,Normal (170-185)
L. Querfeld,Leopold Querfeld,19,Austria,CB,Rapid Wien,Bundesliga,1.0,2300000.0,4000.0,4800000.0,67,82,1,61.0,40.0,47.0,50.0,65.0,77.0,Right,3,2,22,61,30,43,56,41,60.0,73,82,63,59,50,61,69,24,Low/High,Normal (185+)
M. El Arouch,Mohamed El Arouch,19,France,CAM,Olympique Lyonnais,Ligue 1,1.0,2400000.0,6000.0,6100000.0,67,82,1,74.0,60.0,65.0,74.0,51.0,54.0,Right,3,4,58,68,58,73,72,66,70.0,53,56,77,71,88,52,57,59,Medium/Medium,Normal (170-)
Diego Moreira,Diego Manuel Jadon da Silva Moreira,18,Portugal,LM,Olympique Lyonnais,Ligue 1,1.0,2400000.0,10000.0,,67,82,1,86.0,58.0,56.0,75.0,31.0,66.0,Left,3,3,60,58,52,73,74,58,72.0,71,64,87,86,83,28,35,51,High/Low,Normal (170-185)
Alarcón,Ángel Alarcón Galiot,19,Spain,"ST, LW",FC Barcelona,La Liga,1.0,2400000.0,22000.0,6400000.0,67,82,1,68.0,67.0,58.0,68.0,19.0,55.0,Right,4,4,71,62,67,68,73,55,63.0,59,58,67,69,54,12,16,68,Medium/Medium,Normal (170-185)
C. Palmer,Cole Palmer,21,England,"RW, CAM",Chelsea,Premier League,1.0,2500000.0,23000.0,6300000.0,67,81,1,74.0,66.0,62.0,70.0,46.0,57.0,Left,3,4,69,64,59,71,70,63,66.0,63,57,71,76,74,48,47,62,Medium/Medium,Lean (185+)
T. Iroegbunam,Tim Iroegbunam,20,England,"CDM, CM",Aston Villa,Premier League,1.0,2300000.0,15000.0,5800000.0,67,81,1,66.0,57.0,63.0,66.0,62.0,70.0,Right,4,3,54,70,56,65,68,61,63.0,71,70,67,65,64,62,66,58,Medium/Low,Lean (170-185)
D. Kameri,Dijon Kameri,19,Austria,"CAM, CM",Salzburg,Bundesliga,1.0,2400000.0,4000.0,5100000.0,67,81,1,74.0,66.0,63.0,70.0,38.0,63.0,Right,3,3,61,65,58,72,71,65,53.0,64,65,76,73,75,28,41,58,Medium/Medium,Lean (170-185)
I. Kostis,Ilias Kostis,20,Cyprus,"CB, LB",Atlético Madrid,La Liga,1.0,2300000.0,10000.0,6200000.0,67,81,1,62.0,22.0,44.0,50.0,66.0,71.0,Left,3,2,15,57,41,46,55,28,60.0,55,82,61,62,41,65,68,29,Medium/Medium,Normal (185+)
K. Konaté,Karim Konaté,19,Côte d'Ivoire,"ST, CAM",Salzburg,Bundesliga,1.0,2400000.0,4000.0,5100000.0,67,81,1,80.0,67.0,52.0,68.0,39.0,59.0,Right,3,3,69,56,32,71,66,62,63.0,65,58,78,81,72,36,38,65,Medium/High,Normal (170-185)
D. Maldini,Daniel Maldini,21,Italy,"CAM, ST",Empoli,Serie A,1.0,2500000.0,13000.0,,67,80,1,70.0,60.0,65.0,70.0,39.0,51.0,Right,4,3,62,70,58,70,71,66,63.0,47,53,68,71,70,31,44,59,Medium/Medium,Normal (185+)
C. Egan-Riley,Conrad Jonathan Egan Riley,20,England,"RB, CB",Burnley,Premier League,1.0,2300000.0,10000.0,6000000.0,67,80,1,67.0,32.0,56.0,60.0,66.0,74.0,Right,3,2,28,66,51,59,63,50,60.0,73,76,61,72,55,63,70,32,Low/High,Stocky (170-185)
I. Housni,Ilyes Housni,18,France,ST,Paris Saint Germain,Ligue 1,1.0,2400000.0,9000.0,5900000.0,67,80,1,70.0,67.0,57.0,70.0,26.0,57.0,Right,3,2,69,64,49,70,70,61,68.0,60,60,69,70,69,22,22,69,Medium/Medium,Normal (170-185)
O. Diakité,Oumar Diakité,19,Côte d'Ivoire,ST,Stade de Reims,Ligue 1,1.0,2400000.0,5000.0,6300000.0,67,80,1,79.0,68.0,56.0,66.0,18.0,60.0,Right,3,2,68,60,58,69,64,58,56.0,55,66,77,81,68,11,16,66,Medium/Medium,Normal (170-185)
G. Infantino,Gino Infantino,20,Argentina,"RW, LW, CM",Fiorentina,Serie A,1.0,2500000.0,13000.0,4800000.0,67,79,1,75.0,61.0,64.0,71.0,48.0,59.0,Left,3,3,61,67,63,73,70,59,64.0,65,58,76,74,73,45,57,63,Medium/Medium,Lean (170-185)
P. Aaronson,Paxten Aaronson,19,United States,CAM,Eintracht Frankfurt,Bundesliga,1.0,2400000.0,7000.0,4600000.0,67,79,1,77.0,57.0,63.0,70.0,37.0,47.0,Right,3,4,58,69,55,69,70,69,59.0,61,38,80,75,80,32,41,65,High/Medium,Lean (170-185)
M. Bangré,Mamady Alex Bangré,22,Burkina Faso,RM,Toulouse,Ligue 1,1.0,2500000.0,7000.0,5500000.0,67,79,1,68.0,57.0,66.0,70.0,45.0,46.0,Left,2,3,60,68,66,71,69,66,59.0,57,37,65,70,68,36,46,64,High/Medium,Normal (170-185)
C. Riedel,Clemens Riedel,19,Germany,CB,Darmstadt 98,Bundesliga,1.0,2300000.0,4000.0,4600000.0,67,79,1,43.0,27.0,46.0,54.0,69.0,64.0,Right,3,2,19,62,36,48,56,33,60.0,55,66,55,34,58,71,68,22,Medium/Medium,Normal (185+)
Bryan,Bryan Zaragoza Martínez,21,Spain,"LM, CAM, ST",Granada,La Liga,1.0,2500000.0,5000.0,6000000.0,67,79,1,74.0,67.0,64.0,69.0,30.0,43.0,Right,4,3,66,67,69,70,69,56,48.0,53,40,75,74,79,25,32,63,High/Medium,Normal (170-)
D. Sikan,Danylo Sikan,22,Ukraine,ST,Shakhtar Donetsk,Premier League,1.0,2300000.0,500.0,5500000.0,67,78,1,79.0,68.0,49.0,65.0,26.0,58.0,Right,2,2,74,64,31,66,64,45,58.0,60,60,78,79,68,20,25,70,Medium/Medium,Lean (185+)
N. Woltemade,Nick Woltemade,21,Germany,"ST, CAM",Werder Bremen,Bundesliga,1.0,2300000.0,7000.0,4600000.0,67,78,1,67.0,66.0,58.0,63.0,37.0,68.0,Right,3,3,72,66,46,67,67,66,61.0,71,69,63,70,42,32,36,62,Medium/Low,Lean (185+)
A. Forson,Amankwah Forson,20,Ghana,"RM, LB, CM",Salzburg,Bundesliga,1.0,2200000.0,5000.0,3700000.0,67,78,1,86.0,53.0,62.0,73.0,54.0,50.0,Left,3,3,52,64,66,75,66,53,59.0,60,43,87,86,85,53,58,56,High/Medium,Lean (170-185)
J. Makengo,Jordy Makengo,21,France,"LB, CB",SC Freiburg,Bundesliga,1.0,2200000.0,6000.0,4200000.0,67,78,1,80.0,27.0,58.0,58.0,66.0,71.0,Left,3,2,26,66,55,57,58,59,49.0,56,79,82,79,60,68,66,44,Medium/Medium,Lean (185+)
Beñat Prados,Beñat Prados Díaz,22,Spain,"CB, CM, CDM",Athletic Club,La Liga,1.0,2100000.0,7000.0,4800000.0,67,78,1,62.0,58.0,63.0,66.0,71.0,54.0,Right,3,2,55,72,57,58,73,64,60.0,57,45,67,57,75,74,71,58,Medium/Medium,Normal (170-185)
T. Mengi,Teden Mengi,21,England,CB,Luton Town,Premier League,1.0,2100000.0,10000.0,4600000.0,67,77,1,79.0,39.0,54.0,57.0,65.0,69.0,Right,3,2,33,63,42,55,57,53,61.0,54,77,73,83,69,64,65,41,Medium/High,Normal (170-185)
Pablo Gozálbez,Pablo Gozálbez Gilabert,22,Spain,"CAM, LM",Valencia,La Liga,1.0,2300000.0,9000.0,5300000.0,67,77,1,56.0,66.0,64.0,69.0,49.0,46.0,Right,4,3,70,67,53,70,71,68,52.0,40,45,60,53,66,50,43,64,High/Medium,Normal (170-)
E. Dinkçi,Eren Sami Dinkçi,21,Germany,RM,Heidenheim,Bundesliga,1.0,2300000.0,6000.0,,67,77,1,82.0,66.0,59.0,68.0,28.0,54.0,Right,3,3,67,63,56,68,68,60,65.0,61,55,78,86,69,28,23,64,Medium/Medium,Lean (185+)
D. Nene,Dorgeles Nene,20,Mali,"ST, LM, CAM",Salzburg,Bundesliga,1.0,2300000.0,6000.0,3900000.0,67,77,1,85.0,70.0,61.0,72.0,37.0,54.0,Left,4,3,73,62,56,71,69,64,64.0,65,48,86,85,88,35,42,66,Medium/Medium,Normal (170-185)
J. Njinmah,Justin Njinmah,22,Germany,ST,Werder Bremen,Bundesliga,1.0,2300000.0,8000.0,4600000.0,67,77,1,91.0,65.0,56.0,69.0,24.0,54.0,Right,3,3,68,59,43,69,67,66,50.0,61,58,89,92,78,21,20,68,Medium/Low,Lean (170-185)
Domingos Quina,Domingos Quina,23,Portugal,"LM, CM, CAM",Udinese,Serie A,1.0,2300000.0,5000.0,4600000.0,67,76,1,68.0,66.0,65.0,71.0,44.0,47.0,Right,3,3,65,71,56,71,72,66,62.0,58,34,69,67,76,44,47,63,Medium/Medium,Lean (170-185)
K. Scherpen,Kjell Scherpen,23,Netherlands,GK,Sturm Graz,Bundesliga,1.0,2000000.0,14000.0,,67,76,1,,,,,,,Right,5,1,9,26,11,12,17,34,51.0,37,69,37,46,37,14,11,8,Medium/Medium,Normal (185+)
M. Broschinski,Moritz Broschinski,22,Germany,ST,VfL Bochum 1848,Bundesliga,1.0,2300000.0,8000.0,4600000.0,67,76,1,74.0,65.0,57.0,65.0,31.0,61.0,Right,3,3,68,62,57,64,69,53,55.0,55,68,72,76,64,26,28,67,Medium/Low,Lean (185+)
E. Ceïde,Emil Konradsen Ceïde,21,Norway,"LW, RW",Sassuolo,Serie A,1.0,2300000.0,5000.0,4400000.0,67,76,1,78.0,56.0,57.0,73.0,33.0,49.0,Right,2,4,59,59,61,74,73,64,60.0,61,49,81,75,82,32,35,62,High/Low,Lean (170-185)
Olasagasti,Jon Ander Olasagasti Imizcoz,22,Spain,CM,Real Sociedad,La Liga,1.0,2300000.0,9000.0,5300000.0,67,76,1,61.0,61.0,65.0,61.0,64.0,69.0,Left,3,2,62,74,48,57,61,62,65.0,78,66,65,57,64,61,70,64,Medium/Medium,Normal (170-185)
K. Schmidt,Tan Kenneth Jerico Schmidt,21,Germany,CB,SC Freiburg,Bundesliga,1.0,2100000.0,6000.0,4000000.0,67,76,1,76.0,26.0,49.0,52.0,67.0,70.0,Left,4,2,22,63,34,44,57,42,54.0,62,75,73,79,65,66,70,26,High/Medium,Normal (185+)
Trilli,Álvaro Pérez Campo,20,Spain,"RB, CB",FC Barcelona,La Liga,1.0,2100000.0,22000.0,4700000.0,67,76,1,62.0,27.0,52.0,55.0,66.0,57.0,Right,3,3,25,62,62,49,60,32,50.0,66,56,60,64,54,64,67,38,Medium/Medium,Lean (185+)
L. Belardinelli,Luca Belardinelli,22,Italy,"CDM, CM",Empoli,Serie A,1.0,2200000.0,3000.0,4400000.0,67,76,1,68.0,51.0,63.0,61.0,64.0,70.0,Right,3,2,48,72,54,59,65,61,52.0,72,71,64,71,63,59,68,55,Medium/High,Lean (185+)
T. Stewart,Trivante Stewart,23,Jamaica,"ST, LW",Salernitana,Serie A,1.0,2300000.0,10000.0,4600000.0,67,76,1,82.0,67.0,59.0,67.0,35.0,72.0,Right,3,3,69,60,62,70,65,58,60.0,60,78,81,82,62,28,30,60,Medium/Medium,Normal (185+)
C. Coventry,Conor Coventry,23,Republic of Ireland,"CDM, CM",West Ham United,Premier League,1.0,2100000.0,15000.0,4400000.0,67,75,1,64.0,53.0,67.0,68.0,64.0,65.0,Right,3,2,47,67,68,65,67,69,70.0,76,59,66,63,80,62,68,56,Medium/Medium,Normal (170-185)
G. Bello,George Oluwaseun Bello,21,United States,"LB, LWB, LM",LASK Linz,Bundesliga,1.0,2200000.0,5000.0,3700000.0,67,75,1,84.0,45.0,55.0,70.0,61.0,60.0,Left,3,3,45,60,60,70,67,54,58.0,74,56,84,84,85,63,67,68,Medium/Medium,Normal (170-)
S. Ngapandouetnbu,Simon Brady Ngapandouetnbu,20,Cameroon,GK,Olympique de Marseille,Ligue 1,1.0,1900000.0,6000.0,4000000.0,67,75,1,,,,,,,Right,3,1,7,20,21,13,19,43,28.0,26,55,28,15,36,6,20,5,Medium/Medium,Lean (185+)
A. Slimane,Anis Ben Slimane,22,Tunisia,"CM, CAM",Sheffield United,Premier League,1.0,2300000.0,10000.0,5100000.0,67,75,1,66.0,59.0,62.0,69.0,58.0,77.0,Right,4,4,59,69,45,69,69,66,65.0,82,81,68,65,68,59,59,66,Medium/Low,Normal (185+)
Martín Calderón,Martín Manuel Calderón Gómez,24,Spain,"CDM, CM",Cádiz,La Liga,1.0,2100000.0,8000.0,4800000.0,67,75,1,67.0,61.0,68.0,63.0,64.0,58.0,Right,3,2,57,72,62,56,75,71,67.0,41,63,69,66,59,65,66,51,Medium/Medium,Normal (170-185)
B. Zimmermann,Bernhard Zimmermann,21,Austria,ST,Wolfsberger AC,Bundesliga,1.0,2300000.0,6000.0,,67,75,1,72.0,68.0,56.0,67.0,31.0,76.0,Right,4,3,70,60,56,65,67,58,59.0,77,75,73,71,78,31,26,67,Medium/Medium,Normal (170-185)
M. Meisl,Matteo Meisl,22,Austria,CB,Austria Wien,Bundesliga,1.0,2100000.0,5000.0,3500000.0,67,75,1,61.0,29.0,47.0,52.0,66.0,76.0,Left,3,2,24,57,42,46,57,38,62.0,68,78,61,61,51,67,69,32,Low/High,Normal (185+)
G. Dietsch,Guillaume Laurent Dietsch,22,France,GK,Metz,Ligue 1,1.0,1800000.0,4000.0,4000000.0,67,74,1,,,,,,,Right,2,1,8,30,10,8,18,30,44.0,18,41,20,17,29,9,14,6,Medium/Medium,Lean (170-185)
I. Coulibaly,Ismaila Cheick Coulibaly,22,Mali,"CM, CDM",Sheffield United,Premier League,1.0,2100000.0,10000.0,4600000.0,67,74,1,77.0,63.0,62.0,70.0,62.0,67.0,Right,4,4,61,68,51,71,68,66,67.0,80,61,71,81,79,59,65,67,High/High,Normal (170-185)
T. Sabitzer,Thomas Sabitzer,22,Austria,"ST, RW, CAM",Wolfsberger AC,Bundesliga,1.0,2100000.0,5000.0,3500000.0,67,74,1,76.0,64.0,60.0,70.0,27.0,66.0,Right,3,3,68,62,60,70,70,63,62.0,73,65,77,75,81,29,20,69,Medium/Medium,Lean (170-185)
J. Casimir,Josué Casimir,21,France,RW,Le Havre,Ligue 1,1.0,2100000.0,6000.0,4600000.0,67,74,1,83.0,65.0,58.0,68.0,41.0,65.0,Right,3,3,66,64,59,69,68,61,63.0,63,71,81,84,68,39,39,66,Medium/Medium,Lean (170-185)
Pablo Ibáñez,Pablo Ibáñez Lumbreras,24,Spain,"CM, CDM",Osasuna,La Liga,1.0,2000000.0,8000.0,4600000.0,67,74,1,57.0,58.0,63.0,63.0,59.0,55.0,Right,3,2,61,69,51,60,68,68,54.0,66,50,56,57,61,52,63,70,Medium/High,Normal (170-185)
R. Providence,Ruben Providence,21,France,"ST, LM",Hartberg,Bundesliga,1.0,2100000.0,4000.0,3500000.0,67,74,1,83.0,64.0,56.0,75.0,29.0,53.0,Right,3,4,66,61,56,76,74,62,66.0,71,48,86,81,82,24,29,65,High/Low,Lean (170-185)
J. Osei-Tutu,Jordi Osei-Tutu,24,England,"RM, RB, LB",VfL Bochum 1848,Bundesliga,1.0,1600000.0,7000.0,3200000.0,67,73,1,88.0,60.0,59.0,70.0,59.0,62.0,Right,3,3,58,61,60,70,69,53,51.0,64,61,88,88,78,59,62,63,Medium/Medium,Lean (170-185)
N. Baden Frederiksen,Nikolai Baden Frederiksen,23,Denmark,"ST, CF",Austria Lustenau,Bundesliga,1.0,1600000.0,5000.0,,67,73,1,74.0,68.0,60.0,68.0,23.0,63.0,Left,3,3,69,61,58,67,69,62,66.0,70,66,75,73,72,27,16,71,Medium/Low,Normal (170-185)
S. Benda,Steven Benda,24,Germany,GK,Fulham,Premier League,1.0,1300000.0,14000.0,2700000.0,67,73,1,,,,,,,Right,3,1,5,26,7,13,19,26,26.0,30,53,36,38,30,6,9,4,Medium/Medium,Normal (185+)
T. Lawal,Tobias Okiki Lawal,23,Austria,GK,LASK Linz,Bundesliga,1.0,1300000.0,5000.0,2200000.0,67,73,1,,,,,,,Right,3,1,7,23,12,10,15,34,32.0,22,65,33,26,32,9,12,5,Medium/Medium,Normal (185+)
A. Pejić,Aleksa Pejić,23,Serbia,CDM,Rapid Wien,Bundesliga,1.0,1500000.0,6000.0,2500000.0,67,73,1,50.0,45.0,56.0,61.0,66.0,74.0,Right,3,2,43,65,48,62,64,52,54.0,74,75,47,53,56,66,67,51,Low/High,Lean (185+)
I. Mustapha,Ibrahim Mustapha,23,Ghana,ST,LASK Linz,Bundesliga,1.0,1600000.0,8000.0,2700000.0,67,73,1,90.0,64.0,59.0,69.0,40.0,73.0,Right,2,3,65,62,60,68,64,64,64.0,72,75,89,90,83,40,38,66,Medium/Medium,Stocky (170-185)
N. Loosli,Noah Loosli,26,Switzerland,CB,VfL Bochum 1848,Bundesliga,1.0,1300000.0,8000.0,2400000.0,67,72,1,70.0,44.0,47.0,55.0,66.0,76.0,Right,3,2,45,58,37,52,56,35,55.0,75,81,68,72,65,62,67,26,Low/Medium,Normal (185+)
A. Papadopoulos,Antonios Papadopoulos,23,Germany,"CB, CDM",Borussia Dortmund,Bundesliga,1.0,1400000.0,10000.0,2500000.0,67,72,1,65.0,30.0,46.0,57.0,64.0,81.0,Right,3,2,22,59,28,53,58,52,59.0,76,82,63,66,64,65,66,37,Medium/High,Stocky (185+)
Y. Armougom,Yoël Armougom,25,France,"LB, LWB, LM",Clermont,Ligue 1,1.0,1400000.0,6000.0,2900000.0,67,72,1,79.0,42.0,55.0,65.0,60.0,67.0,Left,3,2,32,62,64,64,63,45,53.0,75,65,81,78,74,59,63,55,Medium/Medium,Normal (170-185)
M. Taferner,Matthäus Taferner,22,Austria,CM,WSG Tirol,Bundesliga,1.0,1600000.0,4000.0,2400000.0,67,72,1,73.0,60.0,65.0,71.0,59.0,57.0,Right,3,3,56,66,62,70,67,69,64.0,82,41,72,73,83,58,64,65,Medium/Medium,Lean (170-)
S. Ogrinec,Sandi Ogrinec,25,Slovenia,"CAM, CM",WSG Tirol,Bundesliga,1.0,1500000.0,4000.0,2300000.0,67,72,1,70.0,58.0,64.0,68.0,46.0,65.0,Right,3,3,58,72,53,70,68,66,51.0,73,62,72,69,66,38,44,66,Medium/Medium,Normal (170-185)
P. Menzel,Phillip Menzel,24,Germany,GK,Austria Klagenfurt,Bundesliga,1.0,1200000.0,2000.0,1800000.0,67,71,1,,,,,,,Right,3,1,5,20,14,5,15,35,29.0,30,69,20,26,36,12,13,8,Medium/Medium,Normal (185+)
A. Borkovic,Alexandar Borković,24,Austria,CB,Sturm Graz,Bundesliga,1.0,1300000.0,5000.0,2000000.0,67,71,1,64.0,34.0,55.0,53.0,68.0,66.0,Left,3,2,31,66,40,47,51,60,63.0,58,72,63,64,70,69,68,31,Low/Medium,Normal (170-185)
K. Fila,Karol Fila,25,Poland,"RWB, CB",Strasbourg,Ligue 1,1.0,1300000.0,7000.0,2700000.0,67,71,1,76.0,50.0,58.0,68.0,62.0,69.0,Right,2,3,52,62,60,70,68,57,48.0,72,68,75,77,71,58,66,56,High/Medium,Normal (170-185)
A. Schmidt,Alexander Schmidt,25,Austria,ST,Austria Wien,Bundesliga,1.0,1400000.0,6000.0,2100000.0,67,71,1,52.0,65.0,47.0,62.0,33.0,76.0,Right,3,2,68,54,40,62,66,49,63.0,64,90,51,53,57,42,20,71,Medium/Medium,Normal (185+)
N. Zortea,Nadir Zortea,24,Italy,"RWB, RB, RM",Atalanta,Serie A,1.0,1400000.0,11000.0,2500000.0,67,71,1,69.0,45.0,53.0,65.0,66.0,57.0,Right,1,2,32,59,69,68,64,42,53.0,58,52,71,68,68,67,70,51,High/Medium,Lean (170-185)
A. Olliero,Alexandre Olliero,27,France,GK,Stade de Reims,Ligue 1,1.0,1000000.0,6000.0,2100000.0,67,70,1,,,,,,,Right,2,1,17,22,15,13,28,24,51.0,23,75,47,45,39,10,19,12,Medium/Medium,Normal (185+)
E. Sabbi,Emmanuel Afriyie Mario Sabbi,25,United States,"RW, ST",Le Havre,Ligue 1,1.0,1300000.0,7000.0,2700000.0,67,70,1,91.0,61.0,56.0,70.0,38.0,59.0,Right,4,4,60,60,54,68,67,57,63.0,67,56,90,91,89,36,35,64,High/Low,Lean (170-185)
S. Perilli,Simone Perilli,28,Italy,GK,Hellas Verona,Serie A,1.0,875000.0,7000.0,1600000.0,67,69,1,,,,,,,Right,2,1,17,25,18,14,20,14,54.0,30,65,46,45,36,25,15,13,Medium/Medium,Normal (185+)
N. Contini,Nikita Contini Baranovsky,27,Ukraine,GK,Napoli,Serie A,1.0,925000.0,11000.0,1600000.0,67,69,1,,,,,,,Right,1,1,15,26,17,15,20,18,44.0,21,58,47,49,39,12,14,17,Medium/Medium,Normal (185+)
D. Schierl,Domenik Schierl,28,Austria,GK,Austria Lustenau,Bundesliga,1.0,875000.0,3000.0,1300000.0,67,69,1,,,,,,,Left,2,1,11,23,18,17,25,10,24.0,41,68,41,46,31,9,20,10,Medium/Medium,Normal (185+)
C. Goode,Charlie Goode,27,England,CB,Brentford,Premier League,1.0,1100000.0,15000.0,2200000.0,67,69,1,55.0,32.0,49.0,55.0,66.0,74.0,Right,2,2,30,59,35,54,55,48,60.0,63,82,52,58,53,67,66,38,Medium/Medium,Normal (185+)
C. Reiner,Constantin Reiner,25,Austria,"CB, RWB",Rheindorf Altach,Bundesliga,1.0,1100000.0,3000.0,,67,69,1,40.0,29.0,54.0,40.0,66.0,78.0,Right,2,2,22,65,42,32,52,56,48.0,63,89,37,42,34,66,68,35,Medium/High,Lean (185+)
H. Bonmann,Hendrik Bonmann,29,Germany,GK,Wolfsberger AC,Bundesliga,1.0,775000.0,4000.0,1200000.0,67,68,1,,,,,,,Right,5,1,7,25,11,14,13,31,56.0,33,70,40,45,40,10,14,8,Medium/Medium,Normal (185+)
D. Avdijaj,Donis Avdijaj,26,Kosovo,"CAM, LM, ST",Hartberg,Bundesliga,1.0,1200000.0,5000.0,1800000.0,67,68,1,78.0,65.0,62.0,71.0,24.0,65.0,Right,4,4,60,62,62,71,69,64,65.0,77,57,75,80,83,19,23,64,High/Low,Normal (170-185)
S. Gori,Stefano Gori,27,Italy,GK,Monza,Serie A,1.0,875000.0,11000.0,1600000.0,67,68,1,,,,,,,Right,3,1,14,35,13,21,20,22,51.0,34,54,44,48,39,15,17,15,Medium/Medium,Normal (185+)
K. Lulić,Karlo Lulić,27,Croatia,CM,Frosinone,Serie A,1.0,1200000.0,5000.0,2300000.0,67,68,1,63.0,64.0,67.0,66.0,55.0,69.0,Right,5,3,62,71,64,67,69,68,66.0,67,71,62,63,61,52,59,66,Medium/Medium,Normal (185+)
C. Kühlwetter,Christian Kühlwetter,27,Germany,"ST, RM",Heidenheim,Bundesliga,1.0,1200000.0,11000.0,2300000.0,67,68,1,67.0,66.0,61.0,68.0,34.0,73.0,Right,3,3,64,65,58,68,68,60,67.0,81,70,72,63,71,22,38,67,Medium/Medium,Normal (170-185)
P. Greil,Patrick Greil,26,Austria,"CAM, CM, CDM",Rapid Wien,Bundesliga,1.0,1200000.0,7000.0,1800000.0,67,68,1,68.0,61.0,68.0,67.0,51.0,65.0,Right,3,3,60,70,63,66,67,69,66.0,80,64,69,68,71,42,54,63,Medium/Medium,Lean (170-185)
D. Petrić,Denis Petrić,35,Slovenia,GK,Nantes,Ligue 1,1.0,110000.0,4000.0,220000.0,67,67,1,,,,,,,Right,2,1,12,18,11,14,21,25,53.0,30,57,44,43,34,11,13,12,Medium/Medium,Normal (185+)
J. Holland,James Robert Holland,34,Australia,"CDM, CM",Austria Wien,Bundesliga,1.0,350000.0,5000.0,508000.0,67,67,1,53.0,61.0,65.0,67.0,65.0,70.0,Right,4,2,56,69,63,67,66,68,72.0,64,69,55,51,63,63,66,63,Medium/High,Normal (170-185)
M. Sollbauer,Michael Sollbauer,33,Austria,CB,Rapid Wien,Bundesliga,1.0,475000.0,7000.0,689000.0,67,67,1,54.0,28.0,45.0,51.0,66.0,77.0,Right,3,2,24,58,44,48,46,29,68.0,73,82,43,63,60,68,66,48,Medium/Medium,Normal (185+)
S. Bidaoui,Soufiane Bidaoui,33,Morocco,"LW, RW",Frosinone,Serie A,1.0,625000.0,5000.0,1100000.0,67,67,1,77.0,64.0,61.0,73.0,30.0,49.0,Right,4,4,68,67,56,73,71,55,62.0,82,33,80,74,86,18,31,61,High/Medium,Lean (170-185)
J. Shea,James Shea,32,England,GK,Luton Town,Premier League,1.0,500000.0,11000.0,1000000.0,67,67,1,,,,,,,Right,2,1,11,21,14,13,22,37,47.0,28,41,28,26,34,17,13,10,Medium/Medium,Normal (170-185)
M. Gorgelin,Mathieu Gorgelin,32,France,GK,Le Havre,Ligue 1,1.0,500000.0,5000.0,1000000.0,67,67,1,,,,,,,Left,2,1,13,12,11,20,14,20,49.0,30,70,47,48,40,9,15,14,Medium/Medium,Lean (185+)
M. Potzmann,Marvin Potzmann,29,Austria,"RB, RM, LM",Austria Wien,Bundesliga,1.0,900000.0,6000.0,1300000.0,67,67,1,71.0,62.0,61.0,67.0,64.0,67.0,Right,3,3,58,66,62,66,66,61,66.0,67,68,72,70,72,65,65,63,Medium/High,Normal (170-185)
T. Röcher,Thorsten Röcher,32,Austria,ST,Wolfsberger AC,Bundesliga,1.0,825000.0,6000.0,1200000.0,67,67,1,67.0,68.0,62.0,69.0,23.0,68.0,Left,5,4,68,65,66,69,68,65,62.0,63,75,69,66,74,30,12,69,Medium/Medium,Normal (170-185)
T. Kainz,Tobias Kainz,30,Austria,"CDM, CM, RB",Hartberg,Bundesliga,1.0,850000.0,4000.0,1200000.0,67,67,1,71.0,58.0,65.0,65.0,64.0,67.0,Right,3,2,53,65,63,62,64,66,64.0,87,59,72,70,71,65,64,57,Medium/High,Normal (170-185)
B. Blume,Bror Emil Blume Jensen,31,Denmark,"CM, CDM, CAM",WSG Tirol,Bundesliga,1.0,825000.0,5000.0,1200000.0,67,67,1,72.0,60.0,65.0,69.0,61.0,70.0,Right,3,3,61,68,58,65,69,67,70.0,78,67,76,68,79,62,63,67,High/Medium,Normal (170-185)
M. Leitgeb,Mario Leitgeb,35,Austria,"CDM, CM",Wolfsberger AC,Bundesliga,1.0,275000.0,3000.0,399000.0,67,67,1,34.0,55.0,60.0,60.0,68.0,70.0,Right,3,2,54,69,45,55,66,58,72.0,61,74,36,33,61,70,68,40,Medium/Medium,Normal (170-185)
N. Mbemba,Nolan Mbemba,28,Congo DR,"CM, RB, CDM",Le Havre,Ligue 1,1.0,1000000.0,7000.0,2000000.0,67,67,1,66.0,60.0,65.0,68.0,63.0,73.0,Right,3,3,57,70,58,67,68,66,66.0,72,73,63,69,75,62,65,61,Medium/Medium,Lean (170-185)
K. Dermaku,Kastriot Dermaku,31,Albania,CB,Lecce,Serie A,1.0,700000.0,6000.0,1300000.0,67,67,1,33.0,38.0,47.0,45.0,67.0,74.0,Left,3,2,32,56,46,35,46,38,64.0,52,87,33,33,55,67,67,40,Medium/Medium,Normal (185+)
Narcisso Mo,Narcisso Elias Morantes de Faria,23,Brazil,"LB, RB",Goiás,Serie A,1.0,1100000.0,4000.0,2100000.0,67,67,1,64.0,55.0,61.0,57.0,63.0,66.0,Right,4,2,51,65,70,45,73,47,59.0,65,62,64,64,55,70,60,52,Medium/Medium,Normal (170-185)
Botelhinonsa,João Rodolfo Botelho Maia,23,Brazil,RB,Athletico Paranaense,Serie A,1.0,1100000.0,4000.0,2100000.0,67,67,1,62.0,52.0,59.0,56.0,69.0,73.0,Right,3,2,41,65,62,52,62,52,61.0,73,71,65,59,50,72,71,48,Medium/Medium,Normal (170-185)
Kauã Zanson,Kauã Ricardo Zanon Bardini,27,Brazil,"CB, RB",Fluminense,Serie A,1.0,950000.0,7000.0,1800000.0,67,67,1,65.0,45.0,49.0,62.0,70.0,59.0,Right,3,2,40,43,57,64,56,56,72.0,38,63,62,68,57,70,70,42,Medium/Medium,Normal (170-185)
Jadenilson Baia,Jadenilson Nuno Baia Paneira,35,Brazil,"RWB, RB",Corinthians,Serie A,1.0,325000.0,6000.0,618000.0,67,67,1,76.0,48.0,58.0,63.0,62.0,63.0,Right,3,2,46,63,62,60,63,53,62.0,75,54,77,76,73,62,63,57,High/High,Normal (170-)
Welson Leima,Welson Emílio Leima Garcia,27,Brazil,"CDM, CM, CAM",América Mineiro,Serie A,1.0,950000.0,6000.0,1800000.0,67,67,1,45.0,39.0,63.0,47.0,67.0,68.0,Right,3,2,33,72,57,42,42,62,63.0,67,71,47,43,55,67,73,45,Medium/Medium,Normal (170-185)
Gustavo Pastinho,Gustavo Patrick Pastor Pombo,31,Brazil,"ST, RM",Internacional,Serie A,1.0,850000.0,10000.0,1600000.0,67,67,1,81.0,69.0,54.0,73.0,33.0,66.0,Right,3,3,77,50,68,74,73,52,72.0,71,70,83,80,73,18,37,71,Medium/Medium,Lean (170-185)
Adriano Junqueiras,Adriano Davi Junqueiras Duarte,27,Brazil,CB,Corinthians,Serie A,1.0,950000.0,9000.0,1800000.0,67,67,1,52.0,29.0,34.0,45.0,67.0,74.0,Right,3,2,27,40,27,29,60,33,58.0,67,78,51,52,43,60,75,23,Medium/Medium,Normal (185+)
Rômulão Selva,Rômulo Roberto Selva Esser,31,Brazil,"ST, CF",América Mineiro,Serie A,1.0,850000.0,7000.0,1600000.0,67,67,1,79.0,61.0,60.0,74.0,23.0,60.0,Right,5,4,50,68,60,75,76,55,72.0,59,63,81,77,69,26,14,77,Medium/Low,Normal (170-185)
Rafael de Aseiro,Rafael Simão de Aseiro Vieira,31,Brazil,GK,São Paulo,Serie A,1.0,550000.0,9000.0,1000000.0,67,67,1,,,,,,,Left,1,1,11,34,23,14,18,38,60.0,45,53,41,44,38,15,19,10,Medium/Medium,Normal (185+)
Silaldo Taffarel,Silas Antonaldo Taffarel Araújo,31,Brazil,CM,Corinthians,Serie A,1.0,825000.0,10000.0,1600000.0,67,67,1,66.0,63.0,63.0,67.0,62.0,78.0,Right,3,2,64,63,60,70,69,64,54.0,87,81,64,67,65,66,58,69,High/High,Normal (170-185)
Michildo Melo,Michel David Melo Fagundes,35,Brazil,"LM, LB",Botafogo,Serie A,1.0,425000.0,6000.0,808000.0,67,67,1,79.0,54.0,64.0,61.0,60.0,66.0,Left,4,3,58,67,68,60,60,61,48.0,69,71,77,81,67,57,63,62,Medium/Medium,Lean (170-185)
Claudio Mouria,Claudio Igor Mouria Silva,31,Brazil,CAM,Santos,Serie A,1.0,850000.0,9000.0,1600000.0,67,67,1,63.0,68.0,66.0,70.0,31.0,64.0,Right,3,3,66,68,71,72,71,58,56.0,60,73,59,66,70,20,30,70,Medium/Low,Normal (170-185)
Heitor Muto,Heitor Thiago Muto Hiroshi,31,Brazil,"CAM, LW",Goiás,Serie A,1.0,850000.0,5000.0,1600000.0,67,67,1,64.0,67.0,62.0,70.0,26.0,53.0,Left,4,3,66,59,65,75,69,70,45.0,51,53,68,60,72,26,21,68,Medium/Medium,Normal (170-185)
P. Wiesinger,Philipp Wiesinger,29,Austria,CB,LASK Linz,Bundesliga,1.0,850000.0,8000.0,1300000.0,67,67,1,65.0,54.0,57.0,58.0,69.0,63.0,Left,3,2,48,64,55,52,62,48,67.0,50,67,66,65,60,70,68,56,Medium/Medium,Normal (170-185)
C. Gebauer,Christian Gebauer,29,Austria,"RM, RWB",Rheindorf Altach,Bundesliga,1.0,1000000.0,4000.0,1500000.0,67,67,1,79.0,62.0,58.0,65.0,52.0,67.0,Right,3,3,64,62,61,65,66,57,59.0,76,69,84,75,67,49,54,64,Medium/Medium,Lean (185+)
Vagner,Vágner José Dias Gonçalves,27,Cape Verde Islands,"ST, LM, RM",Metz,Ligue 1,1.0,1100000.0,7000.0,2200000.0,67,67,1,81.0,69.0,64.0,71.0,31.0,58.0,Right,3,4,67,62,64,70,68,66,68.0,55,56,83,80,85,21,39,69,Medium/Low,Stocky (170-)
F. Rieder,Florian Rieder,27,Austria,LM,Wolfsberger AC,Bundesliga,1.0,1100000.0,5000.0,1600000.0,67,67,1,75.0,53.0,63.0,68.0,49.0,65.0,Right,4,3,51,63,65,66,65,65,64.0,84,56,76,75,84,47,53,62,Medium/High,Lean (170-185)
F. Oswald,Ferdinand Oswald,32,Germany,GK,WSG Tirol,Bundesliga,1.0,500000.0,3000.0,725000.0,67,67,1,,,,,,,Right,4,1,7,27,12,14,10,29,27.0,17,77,23,23,25,9,10,7,Medium/Medium,Normal (170-185)
A. Bajic,Ante Bajic,27,Austria,"RM, ST",Rapid Wien,Bundesliga,1.0,1100000.0,7000.0,1600000.0,67,67,1,83.0,64.0,63.0,64.0,50.0,66.0,Right,3,2,65,63,64,64,62,64,62.0,71,63,82,84,74,52,48,64,High/Medium,Lean (170-185)
K. Gezos,Kosmas Gezos,30,Greece,"CB, CDM",Austria Klagenfurt,Bundesliga,1.0,825000.0,3000.0,1200000.0,67,67,1,50.0,46.0,54.0,54.0,66.0,75.0,Right,3,2,39,61,52,48,58,50,61.0,68,80,49,51,58,64,66,32,Medium/Medium,Normal (170-185)
V. Kabaev,Vladyslav Kabaiev,27,Ukraine,LM,Dynamo Kyiv,Premier League,1.0,1100000.0,500.0,2400000.0,67,67,1,74.0,53.0,63.0,67.0,29.0,41.0,Right,3,3,59,68,61,64,69,67,56.0,67,29,71,77,67,31,28,56,Medium/Medium,Normal (170-185)
J. Duranville,Julien Duranville,17,Belgium,"LM, ST, RM",Borussia Dortmund,Bundesliga,1.0,2700000.0,1000.0,7300000.0,66,87,1,84.0,60.0,58.0,75.0,23.0,49.0,Right,3,4,61,62,54,77,70,55,56.0,56,47,87,81,90,17,28,51,Medium/Medium,Normal (170-)
T. Bischof,Tom Bischof,18,Germany,CAM,TSG Hoffenheim,Bundesliga,1.0,2400000.0,3000.0,6500000.0,66,86,1,61.0,55.0,65.0,71.0,43.0,50.0,Left,3,3,55,72,52,70,71,69,65.0,59,44,63,59,77,37,53,55,Medium/Medium,Lean (170-185)
N. Weiper,Nelson Felix Patrick Weiper,18,Germany,ST,FSV Mainz 05,Bundesliga,1.0,2400000.0,3000.0,6500000.0,66,86,1,66.0,65.0,46.0,65.0,25.0,68.0,Right,3,3,71,50,39,67,66,51,59.0,56,74,64,68,63,23,20,69,Medium/Medium,Lean (185+)
M. Johnston,Max Johnston,19,Scotland,"RWB, RB",Sturm Graz,Bundesliga,1.0,2100000.0,2000.0,4500000.0,66,84,1,81.0,36.0,59.0,60.0,60.0,65.0,Right,3,2,32,62,64,57,60,54,53.0,73,64,80,81,69,58,65,52,High/Medium,Normal (170-185)
L. Morgalla,Leandro Morgalla,18,Germany,"CB, RB",Salzburg,Bundesliga,1.0,2000000.0,1000.0,4300000.0,66,84,1,73.0,37.0,49.0,55.0,67.0,67.0,Right,3,2,39,63,37,47,62,36,54.0,68,69,75,71,66,66,70,32,Medium/Medium,Lean (185+)
L. Hall,Lewis Hall,18,England,"LB, LWB",Newcastle United,Premier League,1.0,2100000.0,6000.0,,66,82,1,66.0,54.0,65.0,68.0,63.0,56.0,Left,3,2,55,69,62,68,65,65,65.0,59,52,71,61,74,60,67,62,Medium/High,Normal (170-185)
J. Fazzini,Jacopo Fazzini,20,Italy,"CM, CAM",Empoli,Serie A,1.0,2200000.0,3000.0,5300000.0,66,82,1,74.0,51.0,66.0,70.0,62.0,66.0,Right,3,3,41,72,67,70,70,60,60.0,76,60,73,74,74,60,62,67,Medium/Medium,Normal (170-185)
M. Sarr,Mamadou Sarr,17,France,CB,Olympique Lyonnais,Ligue 1,1.0,2000000.0,500.0,5100000.0,66,82,1,62.0,30.0,51.0,54.0,66.0,68.0,Right,3,2,21,63,36,51,58,54,68.0,60,74,54,68,41,64,68,19,Medium/Medium,Lean (185+)
K. De Winter,Koni De Winter,21,Belgium,"CB, RB",Genoa,Serie A,1.0,2000000.0,15000.0,,66,81,1,65.0,38.0,52.0,60.0,69.0,62.0,Right,3,2,29,62,51,60,62,31,54.0,62,65,62,68,62,68,72,30,Medium/Medium,Normal (185+)
C. Riad,Chadi Riad Dnanou,20,Morocco,"CB, RB",Real Betis,La Liga,1.0,1900000.0,19000.0,,66,80,1,52.0,32.0,53.0,52.0,68.0,60.0,Left,3,2,27,72,36,39,65,41,49.0,59,56,55,49,56,64,73,28,Low/Medium,Lean (185+)
Miguel Rodríguez,Miguel Rodríguez Vidal,20,Spain,"RM, LM",Celta de Vigo,La Liga,1.0,2100000.0,5000.0,5700000.0,66,80,1,63.0,57.0,64.0,66.0,33.0,52.0,Right,3,3,60,69,64,70,67,66,55.0,40,58,64,63,51,45,24,68,Medium/Medium,Lean (170-185)
A. Khusanov,Abdukodir Khusanov,19,Uzbekistan,CB,Lens,Ligue 1,1.0,1900000.0,5000.0,4800000.0,66,80,1,68.0,39.0,51.0,52.0,65.0,70.0,Right,3,2,34,56,47,47,54,51,64.0,50,80,61,73,59,64,67,44,Medium/Medium,Normal (185+)
O. Vilhelmsson,Oscar Vilhelmsson,19,Sweden,ST,Darmstadt 98,Bundesliga,1.0,2000000.0,5000.0,4900000.0,66,79,1,74.0,63.0,44.0,64.0,29.0,66.0,Left,2,2,70,58,31,65,68,37,65.0,71,67,69,78,59,17,39,68,Medium/Medium,Normal (185+)
D. Jebbison,Daniel David Jebbison,19,England,ST,Sheffield United,Premier League,1.0,2000000.0,7000.0,5300000.0,66,79,1,82.0,64.0,50.0,63.0,30.0,72.0,Right,2,2,66,57,42,62,64,50,57.0,73,78,79,84,67,22,28,63,Medium/Medium,Lean (185+)
M. Łęgowski,Mateusz Łęgowski,20,Poland,"CDM, CM",Salernitana,Serie A,1.0,1900000.0,6000.0,4600000.0,66,79,1,71.0,56.0,64.0,67.0,61.0,70.0,Right,3,3,56,70,56,66,69,64,66.0,71,70,71,71,65,62,62,56,Medium/Medium,Normal (170-185)
Peter,Peter Federico Gonzalez Carmona,20,Spain,"RW, LW, LB",Real Madrid,La Liga,1.0,2100000.0,26000.0,5600000.0,66,79,1,75.0,60.0,56.0,70.0,37.0,42.0,Left,3,3,63,59,61,72,70,55,50.0,59,38,75,75,76,31,44,57,Medium/Medium,Lean (170-185)
M. Ebiowei,Malcolm Ebiowei,19,England,"RW, RM",Crystal Palace,Premier League,1.0,2000000.0,7000.0,5100000.0,66,79,1,78.0,63.0,60.0,70.0,38.0,54.0,Left,3,3,63,59,65,72,69,57,63.0,52,62,77,78,79,38,41,60,Medium/Medium,Lean (185+)
Adu Ares,Malcom Adu Ares Djaló,21,Spain,"LM, RM",Athletic Club,La Liga,1.0,2100000.0,6000.0,5700000.0,66,79,1,82.0,63.0,62.0,69.0,22.0,52.0,Right,4,3,62,64,64,68,67,59,62.0,55,54,85,79,83,18,21,58,Medium/Medium,Lean (170-185)
Antonio Gomis,Antonio Gomis Alemañ,20,Spain,GK,Atlético Madrid,La Liga,1.0,1800000.0,6000.0,4800000.0,66,79,1,,,,,,,Left,3,1,9,29,12,11,18,37,34.0,30,61,50,43,48,6,12,7,Medium/Medium,Normal (185+)
K. Keben,Kévin Keben,19,Cameroon,"RB, CB",Toulouse,Ligue 1,1.0,1900000.0,3000.0,5000000.0,66,79,1,66.0,32.0,49.0,52.0,66.0,72.0,Right,2,2,29,63,55,47,61,31,56.0,63,77,67,66,40,64,69,28,Medium/Medium,Lean (185+)
F. Mughe,François Mughe,19,Cameroon,RM,Olympique de Marseille,Ligue 1,1.0,2000000.0,6000.0,5100000.0,66,79,1,87.0,59.0,58.0,68.0,35.0,55.0,Right,2,3,58,60,60,67,64,58,62.0,62,49,88,87,82,30,37,58,High/Medium,Normal (170-185)
R. Neshcheret,Ruslan Neshcheret,21,Ukraine,GK,Dynamo Kyiv,Premier League,1.0,1800000.0,500.0,4300000.0,66,78,1,,,,,,,Right,3,1,9,56,10,11,16,35,40.0,26,65,29,21,25,8,14,7,Medium/Medium,Normal (185+)
D. Luna,Daniel Andrés Luna García,20,Colombia,CAM,Mallorca,La Liga,1.0,2100000.0,6000.0,4800000.0,66,78,1,68.0,57.0,58.0,65.0,33.0,44.0,Left,3,3,61,63,39,65,68,71,60.0,59,34,69,68,64,30,36,72,Medium/Medium,Lean (170-185)
Iturbe,Alejandro Iturbe Encabo,19,Spain,GK,Atlético Madrid,La Liga,1.0,1800000.0,4000.0,4100000.0,66,78,1,,,,,,,Right,3,1,11,32,14,13,20,40,36.0,32,56,52,46,51,8,11,6,Medium/Medium,Lean (185+)
L. Camara,Lamine Camara,19,Senegal,CAM,Metz,Ligue 1,1.0,2000000.0,3000.0,4400000.0,66,78,1,79.0,58.0,65.0,68.0,45.0,45.0,Right,3,3,58,68,60,67,69,68,66.0,55,40,82,76,72,46,47,64,Medium/Medium,Lean (170-185)
W. Bøving,William Bøving Vick,20,Denmark,ST,Sturm Graz,Bundesliga,1.0,1900000.0,5000.0,3200000.0,66,77,1,78.0,65.0,61.0,70.0,31.0,59.0,Right,3,3,66,65,56,67,67,64,65.0,68,55,77,79,90,28,28,66,High/Medium,Lean (170-185)
Urko González,Urko González de Zárate Quirós,22,Spain,"CB, CDM",Real Sociedad,La Liga,1.0,1800000.0,7000.0,4100000.0,66,77,1,46.0,43.0,59.0,52.0,66.0,68.0,Right,3,2,40,72,38,45,60,57,59.0,59,76,50,42,55,62,69,48,High/Medium,Lean (185+)
N. El Aynaoui,Neil El Aynaoui,21,France,CM,Lens,Ligue 1,1.0,1900000.0,7000.0,4000000.0,66,77,1,63.0,55.0,64.0,66.0,60.0,61.0,Right,3,3,54,69,53,66,68,66,65.0,67,61,60,66,68,57,65,59,Medium/Medium,Lean (185+)
B. Okoh,Bryan Okoh,20,Switzerland,CB,Salzburg,Bundesliga,1.0,1800000.0,4000.0,3100000.0,66,77,1,72.0,31.0,53.0,60.0,61.0,80.0,Left,3,2,24,62,46,60,62,46,48.0,63,89,65,78,60,58,66,24,Medium/High,Normal (185+)
Javi Llabrés,Javier Llabrés Exposito,21,Spain,"LM, RM",Mallorca,La Liga,1.0,1900000.0,6000.0,4400000.0,66,77,1,82.0,59.0,58.0,68.0,32.0,49.0,Right,4,3,62,60,62,66,65,59,56.0,77,43,81,83,86,28,34,61,Medium/Medium,Normal (170-185)
L. Tchaouna,Loum Tchaouna,19,France,"RM, LM, ST",Salernitana,Serie A,1.0,1800000.0,5000.0,3600000.0,66,77,1,77.0,62.0,62.0,67.0,37.0,55.0,Left,3,3,63,65,63,68,66,60,59.0,56,57,76,77,67,37,36,53,Medium/Medium,Normal (170-185)
G. Gocholeishvili,Giorgi Gocholeishvili,22,Georgia,"RB, RM",Shakhtar Donetsk,Premier League,1.0,1800000.0,500.0,4300000.0,66,77,1,82.0,36.0,54.0,53.0,59.0,56.0,Right,3,2,38,60,62,49,50,45,54.0,70,52,80,84,66,62,59,44,High/Medium,Lean (170-185)
M. Brescianini,Marco Brescianini,23,Italy,"CDM, CM",Frosinone,Serie A,1.0,1800000.0,3000.0,3600000.0,66,76,1,60.0,47.0,61.0,62.0,61.0,73.0,Left,3,2,34,67,48,62,65,66,62.0,72,75,63,57,51,59,63,58,Low/Medium,Lean (185+)
N. Veratschnig,Nikolas Veratschnig,20,Austria,"RWB, RB, RM",Wolfsberger AC,Bundesliga,1.0,1800000.0,3000.0,3000000.0,66,76,1,72.0,52.0,59.0,65.0,61.0,69.0,Right,3,2,48,63,58,65,66,63,53.0,77,65,70,74,69,61,64,56,Medium/Medium,Lean (170-185)
N. Prelec,Nik Prelec,22,Slovenia,ST,WSG Tirol,Bundesliga,1.0,1900000.0,7000.0,,66,76,1,67.0,65.0,55.0,64.0,33.0,69.0,Left,3,3,66,65,40,64,69,65,57.0,58,82,62,71,60,38,26,68,Medium/Medium,Normal (185+)
M. Seidl,Matthias Seidl,22,Austria,CAM,Rapid Wien,Bundesliga,1.0,1900000.0,6000.0,3100000.0,66,76,1,62.0,66.0,64.0,67.0,36.0,57.0,Right,4,3,69,69,51,67,69,66,60.0,80,49,55,68,61,38,38,65,High/Medium,Normal (170-185)
L. Pintor,Lenny Jean-Pierre Pintor,22,France,"LM, RM",LASK Linz,Bundesliga,1.0,1900000.0,6000.0,3200000.0,66,75,1,78.0,65.0,58.0,69.0,27.0,55.0,Right,3,3,66,62,62,70,69,56,55.0,58,61,79,78,80,24,28,64,Medium/Medium,Lean (170-185)
T. Ballo,Thierno Mamadou Lamarana Ballo,21,Austria,"CAM, RM, CM",Wolfsberger AC,Bundesliga,1.0,1900000.0,3000.0,3100000.0,66,75,1,78.0,59.0,60.0,73.0,50.0,48.0,Right,3,4,57,65,55,73,70,62,62.0,67,34,83,74,84,46,54,63,Medium/Medium,Lean (170-185)
J. Cabal,Juan David Cabal Murillo,22,Colombia,"CB, LB",Hellas Verona,Serie A,1.0,1800000.0,6000.0,3600000.0,66,75,1,72.0,38.0,52.0,60.0,67.0,67.0,Left,3,2,37,60,55,56,61,40,51.0,69,69,72,72,76,67,67,46,Medium/Medium,Lean (185+)
M. Papela,Matondo-Merveille Papela,22,Germany,"CM, CDM",FSV Mainz 05,Bundesliga,1.0,1900000.0,7000.0,3600000.0,66,75,1,67.0,54.0,63.0,71.0,62.0,51.0,Right,3,2,50,68,63,70,70,63,63.0,67,38,69,65,79,60,65,61,Medium/Medium,Lean (170-185)
M. Rosenfelder,Max Rosenfelder,20,Germany,CB,SC Freiburg,Bundesliga,1.0,1800000.0,5000.0,3400000.0,66,75,1,58.0,22.0,48.0,50.0,67.0,61.0,Right,3,2,19,64,25,44,54,46,49.0,53,62,56,60,56,68,68,38,Medium/Medium,Lean (185+)
M. Çuni,Marvin Çuni,21,Albania,ST,Frosinone,Serie A,1.0,1900000.0,3000.0,3800000.0,66,75,1,79.0,64.0,52.0,63.0,20.0,70.0,Right,3,2,66,59,37,64,63,52,50.0,59,77,74,83,60,14,13,62,Medium/Medium,Lean (185+)
D. Kryskiv,Dmytro Kryskiv,22,Ukraine,CM,Shakhtar Donetsk,Premier League,1.0,1900000.0,500.0,4600000.0,66,75,1,67.0,49.0,65.0,62.0,45.0,41.0,Right,3,2,51,75,48,62,63,74,59.0,58,33,68,67,57,33,49,67,Medium/Medium,Lean (170-185)
O. Kaschuk,Oleksiy Kaschuk,23,Ukraine,"RM, LM",Shakhtar Donetsk,Premier League,1.0,1900000.0,500.0,4600000.0,66,75,1,71.0,52.0,69.0,60.0,36.0,56.0,Left,2,3,54,74,69,57,59,70,58.0,66,58,70,71,63,38,38,59,Medium/Medium,Normal (170-185)
João Virgínia,João Manuel Neves Virgínia,23,Portugal,GK,Everton,Premier League,1.0,1600000.0,7000.0,3400000.0,66,74,1,,,,,,,Left,3,1,8,32,14,9,15,41,46.0,16,57,54,50,30,12,10,10,Medium/Medium,Normal (185+)
Fran Vieites,Francisco Barbosa Vieites,24,Spain,GK,Real Betis,La Liga,1.0,1600000.0,4000.0,3700000.0,66,74,1,,,,,,,Right,2,1,6,24,11,12,14,50,42.0,27,63,16,22,35,10,14,6,Medium/Medium,Normal (185+)
N. Thiede,Niclas Thiede,24,Germany,GK,VfL Bochum 1848,Bundesliga,1.0,1600000.0,4000.0,3200000.0,66,74,1,,,,,,,Left,4,1,8,24,13,14,19,31,33.0,31,62,45,42,49,18,10,9,Medium/Medium,Normal (185+)
Svensson,Max Svensson Río,21,Spain,"ST, LM",Osasuna,La Liga,1.0,1900000.0,3000.0,,66,74,1,78.0,66.0,57.0,66.0,41.0,66.0,Right,3,3,63,60,55,66,65,57,60.0,76,63,80,76,76,43,36,65,High/Medium,Normal (170-185)
O. Pohlmann,Ole Pohlmann,22,Germany,"CM, LM, CF",Borussia Dortmund,Bundesliga,1.0,1900000.0,10000.0,3600000.0,66,74,1,71.0,57.0,63.0,72.0,48.0,69.0,Right,3,4,57,67,51,73,70,66,62.0,77,73,76,67,75,41,54,60,High/Medium,Normal (170-185)
M. Olesen,Mathias Olesen,22,Luxembourg,"CM, CAM",FC Köln,Bundesliga,1.0,1900000.0,7000.0,3800000.0,66,74,1,70.0,46.0,62.0,66.0,59.0,68.0,Right,3,2,40,72,45,67,69,66,57.0,65,71,64,75,61,55,66,64,Medium/Medium,Normal (185+)
Joseda Álvarez,José David Álvarez Adsuar,22,Spain,RB,Deportivo Alavés,La Liga,1.0,1800000.0,5000.0,4300000.0,66,74,1,65.0,33.0,51.0,59.0,65.0,61.0,Right,2,2,31,57,62,60,58,37,49.0,65,58,62,67,58,65,69,42,Medium/Medium,Lean (170-185)
H. Rafia,Hamza Rafia,24,Tunisia,"CM, CAM, RW",Lecce,Serie A,1.0,1700000.0,5000.0,3400000.0,66,73,1,65.0,64.0,67.0,72.0,34.0,65.0,Right,3,3,58,70,61,73,71,68,63.0,70,62,68,63,72,26,33,64,High/Medium,Normal (170-185)
J. O'Brien,Jake O'Brien,22,Republic of Ireland,CB,Olympique Lyonnais,Ligue 1,1.0,1600000.0,8000.0,3400000.0,66,73,1,41.0,33.0,44.0,43.0,65.0,72.0,Right,3,2,24,56,26,39,51,34,46.0,57,84,34,47,32,61,69,27,Low/Medium,Normal (185+)
F. Bacher,Felix Bacher,23,Austria,"CB, RB",WSG Tirol,Bundesliga,1.0,1600000.0,3000.0,2600000.0,66,73,1,57.0,34.0,41.0,46.0,65.0,79.0,Right,3,2,30,59,24,38,52,30,59.0,74,84,62,52,52,63,69,35,Medium/Medium,Normal (185+)
N. Ferguson,Nathan Ferguson,22,England,"LB, RB",Crystal Palace,Premier League,1.0,1300000.0,9000.0,2700000.0,66,72,1,57.0,36.0,55.0,65.0,68.0,63.0,Right,3,2,30,66,59,64,67,39,68.0,48,69,55,59,56,67,70,36,Medium/High,Normal (170-185)
M. Pfeifer,Manuel Pfeifer,23,Austria,LB,Hartberg,Bundesliga,1.0,1300000.0,3000.0,2100000.0,66,72,1,69.0,32.0,49.0,58.0,64.0,69.0,Left,2,2,21,57,59,54,57,31,53.0,70,68,68,69,70,64,65,42,Medium/Medium,Lean (170-185)
J. Cruz,Juan Manuel Cruz,23,Argentina,ST,Hellas Verona,Serie A,1.0,1400000.0,7000.0,2800000.0,66,72,1,62.0,68.0,47.0,60.0,28.0,66.0,Right,3,2,72,57,29,61,61,45,57.0,55,75,59,64,55,20,29,68,Medium/Low,Lean (185+)
S. Elisor,Simon Elisor,23,France,ST,Metz,Ligue 1,1.0,1400000.0,6000.0,3100000.0,66,72,1,74.0,66.0,57.0,65.0,36.0,67.0,Left,3,2,67,60,50,66,67,56,55.0,72,69,74,74,66,35,30,65,Medium/Medium,Lean (185+)
D. Grujčić,Darijo Grujčić,24,Austria,CB,Austria Lustenau,Bundesliga,1.0,1200000.0,2000.0,2000000.0,66,72,1,64.0,23.0,42.0,46.0,65.0,76.0,Left,3,2,18,53,26,41,45,41,55.0,70,81,67,61,64,64,68,27,Medium/Medium,Normal (185+)
M. Raguž,Marko Raguž,25,Austria,ST,Austria Wien,Bundesliga,1.0,1200000.0,5000.0,1800000.0,66,70,1,65.0,63.0,59.0,69.0,22.0,60.0,Right,3,3,63,64,52,71,69,62,64.0,33,74,63,67,73,14,20,70,Medium/Medium,Normal (185+)
T. Keller,Thomas Leon Keller,23,Germany,"CB, CDM",Heidenheim,Bundesliga,1.0,1100000.0,7000.0,2100000.0,66,70,1,60.0,42.0,56.0,54.0,64.0,73.0,Right,3,2,37,64,42,47,60,52,55.0,69,77,65,56,59,64,67,28,Medium/Medium,Normal (185+)
O. Traoré,Omar Haktab Traoré,25,Germany,RB,Heidenheim,Bundesliga,1.0,1100000.0,7000.0,2100000.0,66,70,1,88.0,50.0,58.0,64.0,57.0,68.0,Right,3,3,44,61,61,64,64,60,58.0,85,62,85,91,69,54,61,53,High/Medium,Lean (185+)
Anderson,Anderson Dos Santos Gomes,25,Brazil,"CB, RM, RWB",Austria Lustenau,Bundesliga,1.0,1000000.0,3000.0,1500000.0,66,69,1,77.0,55.0,56.0,67.0,64.0,76.0,Right,3,3,54,61,64,66,67,44,63.0,82,76,75,78,76,64,64,48,High/Medium,Normal (170-185)
Benito,Olabiran Blessing Muyiwa,24,Nigeria,"LM, RM",Dynamo Kyiv,Premier League,1.0,1200000.0,500.0,2700000.0,66,69,1,74.0,57.0,59.0,68.0,25.0,62.0,Left,4,4,62,61,62,70,71,59,61.0,51,72,73,74,59,23,27,56,Low/Medium,Stocky (170-185)
C. Cvetko,Christopher Cvetko,26,Austria,"CM, CDM",Austria Klagenfurt,Bundesliga,1.0,1100000.0,3000.0,1700000.0,66,69,1,60.0,59.0,62.0,64.0,63.0,75.0,Left,3,2,55,67,52,63,65,63,62.0,87,72,66,55,63,64,63,59,High/High,Normal (170-185)
A. Brunst,Alexander Brunst-Zöllner,27,Germany,GK,Darmstadt 98,Bundesliga,1.0,775000.0,5000.0,1500000.0,66,68,1,,,,,,,Right,3,1,14,36,15,16,25,34,32.0,30,70,38,39,34,16,16,11,Medium/Medium,Stocky (185+)
R. Sallinger,Raphael Lukas Sallinger,27,Austria,GK,Hartberg,Bundesliga,1.0,775000.0,3000.0,1200000.0,66,68,1,,,,,,,Right,3,1,12,31,17,19,20,11,31.0,44,79,46,40,39,19,11,18,Medium/Medium,Lean (185+)
P. Gartler,Paul Gartler,26,Austria,GK,Rapid Wien,Bundesliga,1.0,800000.0,5000.0,1200000.0,66,68,1,,,,,,,Right,2,1,9,15,14,7,18,38,24.0,18,37,38,23,36,13,11,6,Medium/Medium,Normal (185+)
T. Gemicibaşı,Turgay Gemicibaşı,27,Turkey,"CDM, CM",Austria Klagenfurt,Bundesliga,1.0,925000.0,3000.0,1400000.0,66,68,1,63.0,59.0,60.0,64.0,63.0,71.0,Left,3,2,54,65,51,63,66,62,65.0,65,70,59,66,56,60,65,60,High/Medium,Normal (170-185)
D. Stojanović,Dejan Stojanović,29,North Macedonia,GK,Rheindorf Altach,Bundesliga,1.0,650000.0,3000.0,991000.0,66,67,1,,,,,,,Left,2,1,12,30,16,17,20,27,56.0,34,60,34,42,34,12,19,10,Medium/Medium,Normal (185+)
D. Prokop,Dominik Prokop,26,Austria,"LM, CAM, CM",Hartberg,Bundesliga,1.0,1000000.0,4000.0,1500000.0,66,67,1,83.0,58.0,59.0,73.0,40.0,56.0,Right,3,4,60,64,54,72,69,58,67.0,63,50,86,81,88,34,40,53,Medium/Low,Normal (170-185)
I. Ljubić,Ivan Ljubić,26,Austria,"CM, CAM, CDM",LASK Linz,Bundesliga,1.0,1000000.0,7000.0,1600000.0,66,67,1,60.0,64.0,63.0,68.0,65.0,72.0,Right,3,2,64,67,57,68,69,64,65.0,68,78,62,58,63,65,65,65,High/High,Normal (170-185)
P. Pentke,Philipp Pentke,38,Germany,GK,FC Köln,Bundesliga,1.0,90000.0,4000.0,162000.0,66,66,1,,,,,,,Right,2,1,10,30,23,25,30,42,63.0,40,75,28,36,33,17,22,12,Medium/Medium,Normal (185+)
J. Grahl,Jens Grahl,34,Germany,GK,Eintracht Frankfurt,Bundesliga,1.0,150000.0,7000.0,255000.0,66,66,1,,,,,,,Right,2,1,12,22,19,12,23,32,55.0,39,79,41,48,44,20,13,13,Medium/Medium,Normal (185+)
E. Lamanna,Eugenio Lamanna,33,Italy,GK,Monza,Serie A,1.0,275000.0,9000.0,468000.0,66,66,1,,,,,,,Right,2,1,19,35,19,18,24,31,65.0,26,52,29,33,39,8,14,11,Medium/Medium,Normal (185+)
M. Gillespie,Mark Gillespie,31,England,GK,Newcastle United,Premier League,1.0,450000.0,17000.0,855000.0,66,66,1,,,,,,,Right,3,1,16,34,13,17,29,42,50.0,25,66,34,35,37,12,11,11,Medium/Medium,Normal (185+)
V. Eicher,Vitus Eicher,32,Germany,GK,Heidenheim,Bundesliga,1.0,425000.0,6000.0,765000.0,66,66,1,,,,,,,Left,2,1,15,25,12,12,24,13,43.0,36,72,46,44,48,13,15,12,Medium/Medium,Normal (185+)
C. Wernitznig,Christopher Wernitznig,33,Austria,"RWB, RM, CM",Austria Klagenfurt,Bundesliga,1.0,450000.0,3000.0,653000.0,66,66,1,67.0,65.0,65.0,65.0,62.0,70.0,Right,4,3,60,65,66,63,65,66,68.0,71,70,69,65,70,62,62,67,High/Medium,Normal (170-185)
J. Busk,Jakob Busk Jensen,29,Denmark,GK,FC Union Berlin,Bundesliga,1.0,575000.0,7000.0,978000.0,66,66,1,,,,,,,Right,2,1,10,24,11,15,15,58,26.0,33,64,45,42,30,14,12,12,Medium/Medium,Normal (185+)
N. Lomb,Niklas Lomb,29,Germany,GK,Bayer 04 Leverkusen,Bundesliga,1.0,575000.0,10000.0,978000.0,66,66,1,,,,,,,Right,3,1,17,26,15,14,20,27,37.0,40,68,38,39,47,16,12,5,Medium/Medium,Normal (185+)
R. Benatelli,Rico Benatelli,31,Germany,"CDM, CM",Austria Klagenfurt,Bundesliga,1.0,600000.0,3000.0,870000.0,66,66,1,46.0,60.0,66.0,67.0,61.0,68.0,Right,4,3,55,71,64,64,70,63,73.0,65,74,57,37,66,63,60,60,Medium/Low,Normal (170-185)
Simy,Simeon Tochukwu Nwankwo,31,Nigeria,ST,Salernitana,Serie A,1.0,725000.0,10000.0,1300000.0,66,66,1,51.0,69.0,45.0,59.0,28.0,76.0,Right,3,2,69,57,28,56,60,46,71.0,64,84,50,52,69,20,28,71,Medium/Low,Lean (185+)
R. Kerschbaum,Roman Kerschbaum,29,Austria,"CDM, CM, CAM",Rapid Wien,Bundesliga,1.0,725000.0,6000.0,1100000.0,66,66,1,63.0,65.0,65.0,64.0,63.0,71.0,Right,3,2,64,67,61,63,65,64,64.0,78,70,60,66,65,63,63,66,Medium/Medium,Normal (170-185)
K. Kerschbaumer,Konstantin Kerschbaumer,31,Austria,CM,Wolfsberger AC,Bundesliga,1.0,700000.0,5000.0,1000000.0,66,66,1,71.0,65.0,64.0,67.0,60.0,72.0,Right,4,3,64,65,58,65,67,70,68.0,76,72,67,74,72,61,63,67,High/High,Lean (170-185)
M. Bähre,Mike-Steven Bähre,27,Germany,"CM, CDM",Rheindorf Altach,Bundesliga,1.0,900000.0,4000.0,1300000.0,66,66,1,74.0,62.0,65.0,69.0,56.0,65.0,Right,4,3,63,67,61,68,66,68,67.0,77,60,78,70,77,55,58,63,High/Medium,Normal (170-185)
Eder Pinhanços,Eder Adolfo Pinhanços Dias,27,Brazil,"CB, LB",América Mineiro,Serie A,1.0,800000.0,5000.0,1500000.0,66,66,1,47.0,31.0,47.0,41.0,73.0,57.0,Left,3,2,28,49,52,24,48,43,54.0,51,57,32,59,64,82,67,25,Medium/Medium,Normal (170-185)
Estevãtinho,Estevão Danilo Rios Chiamulera,31,Brazil,CAM,Fluminense,Serie A,1.0,700000.0,7000.0,1300000.0,66,66,1,44.0,57.0,73.0,65.0,27.0,57.0,Right,3,3,54,73,74,63,71,78,62.0,49,66,42,45,58,12,33,64,Medium/Low,Normal (170-185)
Adão Morrinhos,Adão Douglas Morrinhos Paes,31,Brazil,"ST, CF",Fluminense,Serie A,1.0,725000.0,7000.0,1400000.0,66,66,1,67.0,72.0,54.0,65.0,23.0,57.0,Right,3,3,73,51,60,65,63,48,70.0,50,64,57,75,68,12,23,57,Medium/Medium,Normal (170-185)
Breno Laranjeiro,Breno Vicente Laranjeiro Rosan,23,Brazil,"CAM, ST",Goiás,Serie A,1.0,975000.0,4000.0,1900000.0,66,66,1,70.0,56.0,67.0,67.0,41.0,55.0,Left,2,3,58,70,68,65,71,70,64.0,59,58,68,71,67,18,51,62,Medium/Medium,Lean (170-185)
Lucas Medeirão,Lucas Luciano Medeirão Hoffman,27,Brazil,"CAM, RM, CM",América Mineiro,Serie A,1.0,900000.0,5000.0,1700000.0,66,66,1,57.0,66.0,60.0,68.0,34.0,57.0,Right,3,3,71,53,55,75,65,75,71.0,51,66,70,46,38,28,34,76,High/Medium,Normal (170-185)
Alan Besseiro,Alan Jonathan Besseiro Rosa,31,Brazil,LB,Goiás,Serie A,1.0,625000.0,4000.0,1200000.0,66,66,1,82.0,47.0,60.0,62.0,61.0,63.0,Left,3,2,49,63,63,59,61,72,54.0,69,55,86,79,72,68,57,69,Medium/Low,Normal (170-185)
Welliton Helmes,Welliton Edson Helmes Junqueira,23,Brazil,CAM,Internacional,Serie A,1.0,975000.0,7000.0,1900000.0,66,66,1,71.0,63.0,61.0,71.0,30.0,56.0,Right,3,3,65,66,58,72,71,61,63.0,65,53,72,70,73,20,35,58,Medium/Medium,Lean (170-185)
D. Frieser,Dominik Frieser,29,Austria,"RM, RW",Hartberg,Bundesliga,1.0,850000.0,4000.0,1200000.0,66,66,1,74.0,61.0,63.0,66.0,44.0,69.0,Right,3,2,58,64,62,65,65,63,66.0,80,68,75,73,71,39,44,63,Medium/Medium,Normal (170-185)
F. Flecker,Florian Flecker,27,Austria,"RM, RB",LASK Linz,Bundesliga,1.0,900000.0,7000.0,1400000.0,66,66,1,84.0,60.0,57.0,68.0,57.0,64.0,Right,3,3,64,57,61,67,65,58,52.0,77,57,88,80,90,59,59,56,Medium/Medium,Normal (170-185)
N. Lahmadi,Noah Lahmadi,18,France,"CM, CDM",Toulouse,Ligue 1,1.0,2300000.0,2000.0,6900000.0,65,86,1,67.0,60.0,66.0,66.0,58.0,60.0,Right,3,2,60,74,58,67,66,64,63.0,66,54,69,66,59,56,63,55,High/High,Normal (170-185)
C. Chukwuemeka,Carney Chibueze Chukwuemeka,19,England,"CM, CAM, LW",Chelsea,Premier League,1.0,1800000.0,12000.0,4500000.0,65,84,1,64.0,59.0,64.0,71.0,50.0,58.0,Right,4,4,66,71,53,74,72,69,69.0,52,61,66,63,57,50,52,66,Medium/Medium,Lean (185+)
A. Matturro,Alan Matturro Romero,18,Uruguay,CB,Genoa,Serie A,1.0,1700000.0,2000.0,4100000.0,65,82,1,68.0,30.0,50.0,53.0,66.0,65.0,Left,3,2,22,54,52,50,53,50,57.0,59,68,66,70,57,66,67,48,Medium/Medium,Lean (185+)
E. Diop,Edan Diop,18,France,"RM, CAM",Monaco,Ligue 1,1.0,1800000.0,4000.0,4500000.0,65,82,1,69.0,59.0,62.0,67.0,40.0,49.0,Right,3,3,58,64,63,69,65,63,62.0,47,49,70,68,73,47,35,62,Medium/Medium,Lean (170-185)
J. Durán,Jhon Jáder Durán Palacio,19,Colombia,ST,Aston Villa,Premier League,1.0,1900000.0,11000.0,4800000.0,65,81,1,78.0,65.0,48.0,65.0,25.0,71.0,Left,2,2,69,57,31,66,68,50,58.0,69,74,75,80,68,19,28,65,Medium/Medium,Lean (185+)
S. Vignato,Samuele Vignato,19,Italy,"CF, ST",Monza,Serie A,1.0,1900000.0,7000.0,4400000.0,65,81,1,69.0,59.0,60.0,74.0,34.0,42.0,Right,4,4,62,64,51,73,72,64,54.0,65,33,70,69,87,38,30,60,Medium/Low,Lean (170-185)
S. Nhaga,Serif Nhaga,17,Portugal,"LB, LWB",Paris Saint Germain,Ligue 1,1.0,1700000.0,650.0,4200000.0,65,81,1,71.0,48.0,58.0,66.0,59.0,57.0,Left,3,3,44,63,63,65,65,54,61.0,64,51,74,68,68,57,62,52,High/Medium,Normal (170-)
M. Šviderský,Martin Šviderský,20,Slovakia,"CDM, CB",Almería,La Liga,1.0,1600000.0,4000.0,4400000.0,65,80,1,66.0,43.0,61.0,62.0,63.0,62.0,Left,3,2,37,65,57,60,65,59,63.0,64,59,66,66,68,63,66,51,Medium/Medium,Lean (170-185)
Obrador,Rafael Obrador Burguera,19,Spain,LB,Real Madrid,La Liga,1.0,1600000.0,13000.0,4300000.0,65,80,1,79.0,31.0,48.0,57.0,61.0,63.0,Left,2,2,30,57,58,57,55,39,45.0,69,62,78,79,65,57,66,38,High/Medium,Lean (170-185)
G. Cittadini,Giorgio Cittadini,21,Italy,CB,Monza,Serie A,1.0,1700000.0,7000.0,,65,80,1,56.0,28.0,39.0,40.0,68.0,65.0,Right,3,2,22,55,29,33,42,25,45.0,59,69,54,57,48,64,71,25,Medium/Medium,Lean (170-185)
K. Kelsy,Kevin Jesús Kelsy Genez,18,Venezuela,ST,Shakhtar Donetsk,Premier League,1.0,1700000.0,500.0,4800000.0,65,80,1,79.0,64.0,47.0,58.0,28.0,54.0,Left,4,3,67,53,40,58,59,56,55.0,55,62,75,83,65,22,23,63,High/Medium,Normal (185+)
R. Šimić,Roko Šimić,19,Croatia,ST,Salzburg,Bundesliga,1.0,1700000.0,3000.0,3600000.0,65,79,1,64.0,66.0,59.0,63.0,30.0,71.0,Right,3,2,67,63,56,63,67,65,59.0,63,74,58,69,64,23,33,64,Medium/Medium,Normal (185+)
S. Delaye,Sacha Delaye,21,France,"LM, CAM",Montpellier,Ligue 1,1.0,1800000.0,5000.0,4700000.0,65,79,1,63.0,52.0,63.0,71.0,54.0,47.0,Right,4,3,54,68,56,70,71,62,60.0,57,37,64,62,75,48,59,59,Medium/Medium,Normal (170-185)
E. Tchato,Enzo Tchato Mbiayi,20,Cameroon,"RB, LB",Montpellier,Ligue 1,1.0,1600000.0,4000.0,4200000.0,65,79,1,71.0,44.0,57.0,62.0,63.0,60.0,Right,2,2,53,59,66,65,60,58,53.0,61,59,71,71,60,58,66,59,High/Medium,Normal (170-185)
Y. Yarmoliuk,Yehor Yarmoliuk,19,Ukraine,"CAM, CM, RW",Brentford,Premier League,1.0,1700000.0,7000.0,4300000.0,65,79,1,66.0,58.0,66.0,67.0,45.0,58.0,Right,3,3,64,70,62,70,69,69,65.0,51,60,69,63,56,44,53,64,Medium/Medium,Normal (170-185)
S. Magassa,Soungoutou Magassa,19,France,"CB, CDM",Monaco,Ligue 1,1.0,1600000.0,5000.0,4000000.0,65,79,1,53.0,48.0,62.0,60.0,65.0,61.0,Right,3,2,48,68,55,59,64,62,63.0,49,66,45,60,52,63,68,52,Medium/Medium,Lean (185+)
G. Doué,Guéla Doué,20,Côte d'Ivoire,CB,Rennes,Ligue 1,1.0,1600000.0,7000.0,4000000.0,65,79,1,61.0,32.0,47.0,57.0,65.0,66.0,Right,3,2,23,60,31,55,62,45,52.0,55,76,49,70,49,59,72,15,Medium/Medium,Normal (185+)
Manu Bueno,Manuel Bueno Sebastián,18,Spain,"CM, CAM, CDM",Sevilla,La Liga,1.0,1700000.0,2000.0,4600000.0,65,79,1,63.0,60.0,58.0,65.0,61.0,57.0,Left,3,3,65,68,42,66,68,60,52.0,60,54,66,61,59,58,64,64,Medium/Medium,Normal (170-185)
S. Doucouré,Siriné Doucouré,21,France,ST,Lorient,Ligue 1,1.0,1800000.0,5000.0,4700000.0,65,78,1,55.0,62.0,48.0,60.0,25.0,72.0,Right,3,2,67,62,31,61,68,53,49.0,64,79,50,59,46,12,24,68,Medium/Medium,Lean (185+)
J. Aramburu,Jon Mikel Aramburu Mejías,20,Venezuela,"RB, CB",Real Sociedad,La Liga,1.0,1600000.0,5000.0,4400000.0,65,78,1,71.0,46.0,58.0,61.0,62.0,61.0,Right,3,2,45,61,63,63,55,50,46.0,70,59,73,69,67,65,65,55,High/High,Normal (170-185)
J. Wilson-Esbrand,Joshua Wilson-Esbrand,20,England,"LB, LWB",Stade de Reims,Ligue 1,1.0,1600000.0,15000.0,,65,78,1,81.0,41.0,60.0,69.0,59.0,56.0,Left,3,2,37,64,65,72,64,54,54.0,62,50,80,82,77,55,64,62,Medium/Medium,Normal (170-185)
Luis Bilbao,Luis Bilbao Aréchaga,20,Spain,"LM, RM",Athletic Club,La Liga,1.0,1700000.0,5000.0,4600000.0,65,78,1,76.0,62.0,60.0,70.0,20.0,52.0,Left,2,4,61,61,62,73,68,55,59.0,48,60,78,75,78,16,18,56,Medium/Medium,Lean (185+)
Mortimer,Nils Mortimer Moreno,22,Spain,"RW, LW",Granada,La Liga,1.0,1800000.0,5000.0,4300000.0,65,77,1,81.0,60.0,55.0,66.0,20.0,46.0,Left,4,3,60,52,68,68,64,55,56.0,53,46,78,84,60,12,22,62,Medium/Medium,Normal (170-185)
Jaume Cuéllar,Jaume Albert Cuéllar Mendoza,21,Bolivia,"RM, LM",FC Barcelona,La Liga,1.0,1800000.0,19000.0,4100000.0,65,77,1,77.0,66.0,59.0,69.0,26.0,55.0,Right,3,3,66,64,49,75,66,65,54.0,58,58,79,75,61,25,17,54,Medium/Medium,Normal (170-185)
J. Braaf,Jayden Jezairo Braaf,20,Netherlands,"CF, LM, LW",Hellas Verona,Serie A,1.0,1700000.0,6000.0,3400000.0,65,77,1,76.0,62.0,60.0,71.0,40.0,67.0,Right,4,4,60,62,61,71,68,60,59.0,69,69,77,76,82,43,37,61,Medium/Medium,Normal (170-185)
M. Röhl,Merlin Röhl,20,Germany,"CM, CDM, RM",SC Freiburg,Bundesliga,1.0,1700000.0,5000.0,3200000.0,65,77,1,73.0,49.0,64.0,68.0,59.0,68.0,Right,4,3,48,69,69,69,69,59,63.0,78,70,70,75,67,57,62,58,Medium/Medium,Lean (185+)
Unai Marrero,Unai Marrero Larrañaga,21,Spain,GK,Real Sociedad,La Liga,1.0,1500000.0,4000.0,3500000.0,65,77,1,,,,,,,Right,3,1,5,21,10,8,16,42,40.0,24,59,21,24,21,5,10,7,Medium/Medium,Normal (185+)
T. Oermann,Tim Oermann,19,Germany,CB,VfL Bochum 1848,Bundesliga,1.0,1600000.0,3000.0,3200000.0,65,77,1,53.0,34.0,48.0,53.0,66.0,68.0,Right,2,2,30,57,37,48,58,39,52.0,64,71,51,55,50,64,70,26,Medium/Medium,Lean (185+)
Kike Salas,Enrique Jesús Salas Valiente,21,Spain,CB,Sevilla,La Liga,1.0,1700000.0,4000.0,3900000.0,65,77,1,63.0,24.0,40.0,45.0,65.0,70.0,Left,3,2,20,56,23,34,57,36,50.0,65,76,55,69,45,66,65,28,Low/Medium,Normal (185+)
D. Bettella,Davide Bettella,23,Italy,CB,Monza,Serie A,1.0,1500000.0,9000.0,2900000.0,65,76,1,60.0,35.0,47.0,50.0,67.0,60.0,Right,3,2,28,58,35,48,50,42,56.0,42,66,58,61,51,65,69,38,Low/Medium,Lean (185+)
L. Egloff,Lilian Niclas Egloff,20,Germany,"CAM, CF",VfB Stuttgart,Bundesliga,1.0,1600000.0,5000.0,3200000.0,65,76,1,65.0,56.0,63.0,68.0,41.0,62.0,Right,3,3,61,67,59,69,67,68,59.0,54,69,67,64,73,40,46,62,Medium/Medium,Normal (170-185)
M. Bogarde,Melayro Chakewno Jalaino Bogarde,21,Netherlands,"CB, RWB, CDM",TSG Hoffenheim,Bundesliga,1.0,1500000.0,5000.0,2900000.0,65,76,1,60.0,30.0,53.0,65.0,66.0,62.0,Right,3,2,25,64,35,64,64,58,65.0,68,59,60,60,73,66,69,25,Medium/Medium,Lean (170-185)
T. Rhein,Torben Bjarne Rhein,20,Germany,"CM, CAM, CDM",Austria Lustenau,Bundesliga,1.0,1600000.0,2000.0,2600000.0,65,76,1,67.0,58.0,69.0,68.0,42.0,47.0,Right,5,2,56,71,66,65,67,70,68.0,64,39,69,66,77,38,43,68,Medium/Medium,Lean (170-185)
L. Fiorini,Lewis Fiorini,21,Scotland,CM,Manchester City,Premier League,1.0,1600000.0,17000.0,3300000.0,65,76,1,68.0,60.0,61.0,68.0,56.0,61.0,Right,3,3,57,66,51,68,66,66,65.0,75,55,71,66,73,53,58,62,High/Medium,Lean (170-185)
M. Senaya,Marvin Senaya,22,France,"RWB, RB, LB",Strasbourg,Ligue 1,1.0,1500000.0,5000.0,3300000.0,65,76,1,72.0,41.0,53.0,59.0,64.0,64.0,Right,3,2,40,56,55,60,57,46,48.0,71,64,71,72,58,61,72,50,Medium/Medium,Normal (170-185)
J. Jurčec,Jan Jurčec,22,Croatia,"RWB, RM, LM",Rheindorf Altach,Bundesliga,1.0,1500000.0,2000.0,2500000.0,65,76,1,75.0,55.0,61.0,70.0,57.0,53.0,Right,3,3,59,65,64,73,65,63,59.0,67,45,79,71,75,57,63,58,High/Medium,Lean (170-185)
I. Bowat,Ibane Bowat,20,Scotland,CB,Hartberg,Bundesliga,1.0,1500000.0,2000.0,2500000.0,65,76,1,53.0,30.0,44.0,57.0,62.0,77.0,Left,3,2,26,60,26,56,60,32,62.0,71,81,50,55,53,61,64,28,Medium/High,Normal (185+)
F. Ravaglia,Federico Ravaglia,23,Italy,GK,Bologna,Serie A,1.0,1400000.0,5000.0,2800000.0,65,75,1,,,,,,,Right,3,1,11,19,11,9,19,21,23.0,43,48,35,39,41,14,13,10,Medium/Medium,Lean (185+)
L. Philipp,Luca Philipp,22,Germany,GK,TSG Hoffenheim,Bundesliga,1.0,1400000.0,5000.0,2700000.0,65,75,1,,,,,,,Right,2,1,4,26,9,9,10,34,31.0,20,50,24,29,29,6,13,7,Medium/Medium,Normal (185+)
R. Reitz,Rocco Reitz,21,Germany,CM,Borussia Mönchengladbach,Bundesliga,1.0,1600000.0,5000.0,3000000.0,65,75,1,59.0,58.0,68.0,71.0,56.0,55.0,Right,4,3,53,73,65,71,71,62,64.0,56,54,67,53,76,52,61,58,Medium/Medium,Lean (170-185)
J. N'Guessan,N'guessan Jean Frederic Kouadio,20,Côte d'Ivoire,"CM, CDM, CAM",Metz,Ligue 1,1.0,1600000.0,4000.0,3500000.0,65,75,1,71.0,57.0,65.0,67.0,60.0,67.0,Right,2,3,58,69,63,67,68,63,61.0,67,70,71,71,70,63,61,61,Medium/Medium,Normal (170-185)
Jorge Moreno,Jorge Moreno San Vidal,21,Spain,CB,Osasuna,La Liga,1.0,1500000.0,5000.0,3500000.0,65,75,1,72.0,36.0,47.0,45.0,65.0,69.0,Right,2,2,35,64,36,33,55,33,45.0,75,68,73,71,56,63,67,30,Medium/Medium,Normal (170-185)
É. Kinkoué,Étienne Youte Kinkoue,21,France,CB,Le Havre,Ligue 1,1.0,1500000.0,3000.0,3300000.0,65,75,1,62.0,31.0,48.0,45.0,61.0,78.0,Right,3,2,29,63,29,36,49,38,62.0,63,87,59,65,57,58,65,28,Low/Medium,Normal (185+)
B. Yıldırım,Bertuğ Özgür Yıldırım,20,Turkey,ST,Rennes,Ligue 1,1.0,1600000.0,9000.0,3400000.0,65,75,1,70.0,63.0,47.0,61.0,32.0,72.0,Right,2,3,66,56,35,61,64,54,50.0,67,75,66,74,64,38,26,65,Medium/Medium,Normal (185+)
H. Nicolussi Caviglia,Hans Nicolussi Caviglia,23,Italy,CM,Juventus,Serie A,1.0,1600000.0,17000.0,3000000.0,65,74,1,68.0,53.0,65.0,66.0,53.0,54.0,Right,3,3,44,73,55,69,67,65,54.0,65,47,72,65,60,49,59,65,High/Medium,Lean (170-185)
A. Joujou,Antoine Joujou,20,France,"RW, LW, ST",Le Havre,Ligue 1,1.0,1600000.0,4000.0,3500000.0,65,74,1,69.0,63.0,57.0,66.0,22.0,53.0,Right,3,3,64,61,60,67,66,60,61.0,53,56,71,68,63,20,19,65,Medium/Medium,Normal (185+)
Pedrinho,Pedro Henrique Azevedo Pereira,20,Brazil,LB,Shakhtar Donetsk,Premier League,1.0,1500000.0,500.0,3600000.0,65,74,1,74.0,26.0,50.0,52.0,61.0,52.0,Left,3,2,24,55,69,48,48,37,48.0,74,43,77,72,68,58,67,41,Medium/Medium,Lean (170-185)
M. Chiesa,Mattia Chiesa,22,Italy,GK,Hellas Verona,Serie A,1.0,1400000.0,4000.0,2800000.0,65,73,1,,,,,,,Right,3,1,10,30,14,17,18,37,49.0,28,69,39,40,51,8,20,11,Medium/Medium,Normal (185+)
K. Bilovar,Kristian Bilovar,22,Ukraine,CB,Dynamo Kyiv,Premier League,1.0,1500000.0,500.0,3600000.0,65,73,1,65.0,34.0,37.0,44.0,66.0,68.0,Right,3,2,33,52,21,38,48,34,52.0,64,74,58,71,46,68,70,20,Medium/Medium,Normal (185+)
G. Kilkenny,Gavin Kilkenny,23,Republic of Ireland,"CDM, CM",AFC Bournemouth,Premier League,1.0,1300000.0,9000.0,2700000.0,65,72,1,61.0,53.0,64.0,67.0,60.0,55.0,Right,3,2,50,69,54,63,66,67,64.0,69,46,64,59,81,63,62,56,Medium/Medium,Normal (170-)
A. Lebeau,Adrien Lebeau,23,France,"CAM, LM",Brest,Ligue 1,1.0,1400000.0,4000.0,3100000.0,65,72,1,76.0,57.0,63.0,69.0,47.0,51.0,Right,4,3,57,65,59,69,68,66,52.0,52,47,81,71,83,41,54,61,Medium/Medium,Lean (170-185)
L. Sulzbacher,Lukas Sulzbacher,23,Austria,"CM, RWB",WSG Tirol,Bundesliga,1.0,1400000.0,3000.0,2300000.0,65,72,1,78.0,51.0,62.0,67.0,61.0,64.0,Right,2,2,45,68,60,64,67,62,60.0,81,56,83,74,78,60,66,62,Medium/Medium,Normal (170-185)
O. El Azzouzi,Oussama El Azzouzi,22,Netherlands,"CDM, CM",Bologna,Serie A,1.0,1400000.0,6000.0,2800000.0,65,72,1,54.0,44.0,59.0,66.0,61.0,65.0,Right,3,2,38,70,55,67,72,48,54.0,70,65,52,55,56,60,62,35,Medium/Medium,Lean (185+)
M. Steinwender,Michael Steinwender,23,Austria,CB,Hartberg,Bundesliga,1.0,1000000.0,2000.0,1700000.0,65,71,1,45.0,29.0,44.0,40.0,66.0,72.0,Right,3,2,25,56,35,32,42,31,61.0,65,77,49,42,39,64,68,22,Medium/Medium,Lean (185+)
O. Diakité,Ousmane Diakité,22,Mali,CDM,Hartberg,Bundesliga,1.0,1100000.0,2000.0,1800000.0,65,71,1,68.0,57.0,61.0,62.0,61.0,75.0,Right,3,2,48,66,54,62,66,64,58.0,67,79,66,69,61,59,64,54,Medium/Medium,Normal (185+)
Y. Diaby,Yadaly Diaby,22,Guinea,"LW, ST",Austria Lustenau,Bundesliga,1.0,1100000.0,5000.0,,65,71,1,81.0,59.0,60.0,68.0,32.0,58.0,Right,4,3,58,60,60,69,68,65,64.0,48,59,80,82,79,32,35,58,Medium/Medium,Lean (170-185)
M. Nicolas,Moritz Nicolas,25,Germany,GK,Borussia Mönchengladbach,Bundesliga,1.0,825000.0,5000.0,1500000.0,65,70,1,,,,,,,Right,2,1,9,29,14,16,13,40,36.0,28,74,18,26,42,10,17,7,Medium/Medium,Normal (185+)
Alfon,Alfonso González Martínez,24,Spain,"LM, RM, ST",Celta de Vigo,La Liga,1.0,1100000.0,5000.0,2400000.0,65,70,1,76.0,64.0,59.0,67.0,32.0,56.0,Right,3,3,67,61,65,69,64,62,56.0,56,56,74,77,70,41,19,59,Medium/Medium,Lean (170-185)
W. Tchimbembé,Warren Tchimbembé,25,Congo,"CM, LM, RM",Metz,Ligue 1,1.0,1000000.0,5000.0,2100000.0,65,70,1,85.0,62.0,63.0,64.0,57.0,67.0,Left,2,3,61,70,58,62,65,64,60.0,73,70,82,88,77,48,67,57,High/Medium,Normal (170-185)
S. Lahssaini,Sami Lahssaini,24,Belgium,"CM, CDM",Metz,Ligue 1,1.0,1000000.0,4000.0,2100000.0,65,69,1,65.0,58.0,62.0,68.0,63.0,62.0,Right,2,3,51,68,61,68,69,58,64.0,68,57,68,63,65,61,66,61,High/Medium,Normal (170-185)
D. Tiefenbach,Dániel Tiefenbach,23,Hungary,"CDM, CM",Austria Lustenau,Bundesliga,1.0,925000.0,2000.0,1400000.0,65,69,1,67.0,51.0,58.0,67.0,64.0,60.0,Right,3,2,48,68,45,68,67,57,55.0,61,59,69,65,72,64,68,59,Medium/High,Normal (170-185)
A. Confais,Aloïs Confais,26,France,"CDM, RB, CM",Le Havre,Ligue 1,1.0,850000.0,5000.0,1800000.0,65,68,1,56.0,55.0,62.0,64.0,63.0,58.0,Right,2,3,59,68,59,60,69,58,62.0,71,52,63,51,67,63,68,52,Medium/Medium,Lean (170-185)
M. Kos,Mirko Kos,26,Austria,GK,Austria Wien,Bundesliga,1.0,725000.0,3000.0,1100000.0,65,68,1,,,,,,,Right,3,1,9,22,12,13,14,26,25.0,25,67,41,40,45,15,11,8,Medium/Medium,Normal (170-185)
Y. Nazaryna,Yehor Nazaryna,25,Ukraine,"CM, CDM",Shakhtar Donetsk,Premier League,1.0,950000.0,500.0,2200000.0,65,68,1,69.0,57.0,67.0,67.0,58.0,64.0,Right,3,3,52,71,58,66,69,68,58.0,69,65,67,70,73,55,62,49,Medium/Medium,Lean (170-185)
M. Behrens,Morten Jens Behrens,26,Germany,GK,Darmstadt 98,Bundesliga,1.0,725000.0,5000.0,1400000.0,65,68,1,,,,,,,Right,3,1,7,33,11,8,20,54,35.0,23,56,26,27,23,14,13,7,Medium/Medium,Normal (185+)
D. Gugganig,David Gugganig,26,Austria,CB,WSG Tirol,Bundesliga,1.0,825000.0,3000.0,1300000.0,65,68,1,50.0,36.0,48.0,46.0,66.0,67.0,Left,2,2,30,60,46,37,52,35,62.0,62,70,50,50,52,65,67,26,Medium/Medium,Lean (185+)
F. Jaritz,Florian Jaritz,25,Austria,"LM, ST",Austria Klagenfurt,Bundesliga,1.0,950000.0,2000.0,1400000.0,65,68,1,69.0,58.0,62.0,66.0,58.0,60.0,Left,3,3,59,66,66,65,67,58,59.0,69,57,70,69,66,55,60,59,Medium/Medium,Normal (170-185)
A. Schmid,Anthony Schmid,24,Austria,ST,Austria Lustenau,Bundesliga,1.0,1000000.0,2000.0,1500000.0,65,68,1,68.0,63.0,47.0,67.0,17.0,67.0,Right,3,2,66,59,32,67,66,50,53.0,74,74,66,69,76,11,13,66,Medium/Medium,Normal (170-185)
S. Altunashvili,Sandro Altunashvili,26,Georgia,"CM, CDM, CAM",Wolfsberger AC,Bundesliga,1.0,925000.0,4000.0,1400000.0,65,68,1,66.0,58.0,66.0,67.0,60.0,56.0,Right,3,2,56,68,61,64,66,70,60.0,68,46,73,61,76,62,62,58,Medium/Medium,Normal (170-)
S. Ingolitsch,Sandro Ingolitsch,26,Austria,RB,Rheindorf Altach,Bundesliga,1.0,800000.0,3000.0,1200000.0,65,67,1,71.0,41.0,58.0,62.0,62.0,60.0,Right,3,2,39,61,63,62,58,57,61.0,62,59,70,71,67,62,63,59,High/Medium,Lean (170-185)
L. Vigouroux,Lawrence Ian Vigouroux,29,Chile,GK,Burnley,Premier League,1.0,550000.0,9000.0,1100000.0,65,66,1,,,,,,,Left,2,1,17,34,20,19,16,50,43.0,36,63,48,42,56,15,18,6,Medium/Medium,Lean (185+)
J. Ertlthaler,Julius Ertlthaler,26,Austria,"LM, CM, CAM",WSG Tirol,Bundesliga,1.0,850000.0,3000.0,1300000.0,65,66,1,71.0,54.0,61.0,66.0,39.0,43.0,Right,4,3,54,63,61,64,62,67,63.0,72,32,70,71,83,41,42,65,Medium/Medium,Lean (170-)
H. Balić,Husein Balić,27,Austria,"ST, CF, LW",LASK Linz,Bundesliga,1.0,825000.0,6000.0,1300000.0,65,66,1,89.0,62.0,59.0,67.0,30.0,58.0,Right,3,3,63,60,60,67,65,60,57.0,58,68,88,89,77,23,30,60,Medium/Medium,Normal (170-185)
Y. Fekir,Yassin Fékir,26,France,"LM, CAM, RM",Real Betis,La Liga,1.0,850000.0,6000.0,1800000.0,65,66,1,74.0,65.0,62.0,70.0,30.0,49.0,Right,3,3,69,64,65,71,69,59,57.0,37,49,73,74,77,27,33,60,High/Medium,Normal (170-)
Aleix Garrido,Aleix Garrido Cañizares,19,Spain,"CM, CAM",FC Barcelona,La Liga,1.0,825000.0,15000.0,1800000.0,65,66,1,64.0,57.0,62.0,68.0,51.0,48.0,Right,3,2,60,69,51,68,67,63,55.0,68,41,66,63,76,43,58,62,Medium/Medium,Lean (170-185)
S. Carson,Scott Carson,37,England,GK,Manchester City,Premier League,1.0,80000.0,11000.0,148000.0,65,65,1,,,,,,,Right,3,1,19,25,14,17,20,44,38.0,18,70,33,37,38,10,15,11,Medium/Medium,Stocky (185+)
S. Aresti,Simone Aresti,37,Italy,GK,Cagliari,Serie A,1.0,80000.0,3000.0,144000.0,65,65,1,,,,,,,Right,2,1,12,36,19,11,22,38,51.0,26,53,35,40,61,17,18,11,Medium/Medium,Normal (185+)
P. Frattali,Pierluigi Frattali,37,Italy,GK,Frosinone,Serie A,1.0,80000.0,2000.0,144000.0,65,65,1,,,,,,,Right,1,1,15,29,14,13,23,46,55.0,20,60,52,46,49,29,13,10,Medium/Medium,Normal (185+)
G. Lembet,Geoffrey Lembet,34,Central African Republic,GK,Rennes,Ligue 1,1.0,120000.0,8000.0,228000.0,65,65,1,,,,,,,Left,3,1,15,16,13,13,19,30,20.0,24,70,39,39,52,14,21,11,Medium/Medium,Normal (185+)
M. Novak,Michael Novak,32,Austria,"RWB, CB",Wolfsberger AC,Bundesliga,1.0,500000.0,3000.0,725000.0,65,65,1,68.0,45.0,59.0,64.0,64.0,68.0,Right,3,2,45,64,65,64,62,53,65.0,60,72,67,68,66,65,63,58,Medium/Medium,Normal (170-185)
K. Schulz,Kofi Yeboah Schulz,33,Germany,LB,WSG Tirol,Bundesliga,1.0,375000.0,3000.0,544000.0,65,65,1,75.0,56.0,58.0,64.0,61.0,81.0,Left,3,2,49,62,58,67,64,52,62.0,69,89,71,79,65,60,63,57,Medium/Medium,Normal (185+)
L. Jäger,Lukas Jäger,29,Austria,"CDM, CM",Rheindorf Altach,Bundesliga,1.0,600000.0,3000.0,870000.0,65,65,1,65.0,45.0,58.0,60.0,64.0,72.0,Right,3,2,42,64,55,59,61,56,58.0,83,67,64,66,58,65,64,43,Medium/High,Normal (170-185)
Luis Paezinho,Luis Benjamin Paes Soares,27,Brazil,"CB, LB",Santos,Serie A,1.0,650000.0,6000.0,1200000.0,65,65,1,65.0,35.0,47.0,42.0,67.0,60.0,Left,3,2,25,53,51,23,61,38,58.0,36,69,64,65,45,72,66,23,Medium/Medium,Normal (170-185)
Chris Farminhão,Chris Antônio Farminhão Dias,27,Brazil,"CB, RB",Botafogo,Serie A,1.0,650000.0,5000.0,1200000.0,65,65,1,48.0,51.0,61.0,53.0,66.0,60.0,Right,3,2,45,66,54,51,55,51,58.0,34,73,39,55,45,81,50,39,Medium/Medium,Normal (185+)
Edu Selneira,Eduardo Estevão Selneira Moura,35,Brazil,"CDM, RB",América Mineiro,Serie A,1.0,200000.0,3000.0,380000.0,65,65,1,68.0,58.0,62.0,60.0,63.0,63.0,Right,2,2,56,69,62,58,56,55,57.0,68,59,67,69,74,64,63,52,Medium/Medium,Normal (170-185)
Vasquão Junior,Allan Norberto Vasquez Sobrinho,35,Brazil,"CB, CDM",América Mineiro,Serie A,1.0,190000.0,3000.0,361000.0,65,65,1,36.0,33.0,35.0,37.0,68.0,69.0,Right,2,2,21,34,27,32,34,32,56.0,35,87,37,36,40,78,74,27,Medium/Medium,Stocky (185+)
Bernard Alemão,Paulo Bernard Schmidt,31,Brazil,CDM,Fortaleza,Serie A,1.0,500000.0,3000.0,950000.0,65,65,1,59.0,49.0,48.0,45.0,68.0,77.0,Right,2,2,43,49,39,32,55,42,51.0,74,76,63,55,62,67,71,32,Medium/Medium,Normal (185+)
Wilsson Rosito,Wilson Allan Rosan Dourado,27,Brazil,"CAM, LM",Bragantino,Serie A,1.0,750000.0,5000.0,1400000.0,65,65,1,69.0,56.0,68.0,71.0,31.0,61.0,Left,5,3,45,66,73,71,72,58,62.0,64,65,74,65,81,26,22,67,Medium/Medium,Lean (170-185)
Danilo Sacrio,Danilo Manuel Sacrio Dano,31,Brazil,ST,Goiás,Serie A,1.0,600000.0,4000.0,1100000.0,65,65,1,85.0,64.0,45.0,68.0,27.0,56.0,Right,3,3,66,52,43,67,64,41,62.0,40,61,82,87,89,18,28,57,Medium/Medium,Normal (170-185)
Ever Rodeiro,Ever Jorge Rodeiro Selva,27,Brazil,"CAM, CM",Goiás,Serie A,1.0,750000.0,4000.0,1400000.0,65,65,1,59.0,61.0,63.0,69.0,46.0,59.0,Right,3,3,50,73,64,65,75,59,72.0,61,58,64,55,69,10,59,67,Medium/High,Normal (170-185)
A. Rudko,Artur Rudko,31,Ukraine,GK,Shakhtar Donetsk,Premier League,1.0,375000.0,500.0,825000.0,65,65,1,,,,,,,Right,4,1,6,26,12,12,12,38,22.0,27,70,33,38,28,14,11,4,Medium/Medium,Stocky (185+)
S. Haudum,Stefan Haudum,28,Austria,"CDM, CM, CB",Blau-Weiß Linz,Bundesliga,1.0,625000.0,2000.0,906000.0,65,65,1,66.0,53.0,60.0,60.0,63.0,70.0,Right,3,2,48,64,52,59,63,65,62.0,72,70,63,69,60,65,63,53,Medium/Medium,Lean (185+)
P. Dorgu,Patrick Dorgu,18,Denmark,LB,Lecce,Serie A,1.0,1800000.0,1000.0,5000000.0,64,85,1,77.0,50.0,54.0,67.0,57.0,52.0,Left,2,2,52,56,63,70,64,45,44.0,66,41,74,80,68,53,60,60,High/Medium,Normal (170-185)
N. Mbamba,Noah Mbamba,18,Belgium,"CDM, CB",Bayer 04 Leverkusen,Bundesliga,1.0,1500000.0,3000.0,4100000.0,64,84,1,72.0,34.0,54.0,65.0,61.0,70.0,Right,3,2,20,67,31,66,66,59,62.0,65,73,67,76,67,58,65,44,Medium/High,Lean (185+)
U. Tohumcu,Umut Tohumcu,18,Germany,"CAM, CM",TSG Hoffenheim,Bundesliga,1.0,1600000.0,3000.0,4300000.0,64,84,1,60.0,59.0,63.0,68.0,38.0,44.0,Right,4,3,63,70,52,67,70,64,63.0,50,40,60,60,70,35,47,56,Medium/Medium,Normal (170-185)
A. Diao Diaoune,Assane Diao Diaoune,17,Spain,"LM, ST",Real Betis,La Liga,1.0,1600000.0,650.0,5000000.0,64,84,1,80.0,58.0,54.0,70.0,30.0,49.0,Right,4,3,62,57,54,71,69,53,55.0,48,49,81,80,79,26,30,63,High/Low,Lean (185+)
Newerton,Newerton Martins da Silva,18,Brazil,"LM, RM",Shakhtar Donetsk,Premier League,1.0,1600000.0,500.0,5100000.0,64,84,1,77.0,49.0,59.0,65.0,23.0,39.0,Right,3,3,57,66,60,68,63,59,45.0,59,32,79,75,56,22,20,52,Medium/Medium,Lean (170-)
C. Mawissa Elebi,Christian Mawissa Elebi,18,France,"CB, LB, RB",Toulouse,Ligue 1,1.0,1400000.0,1000.0,3700000.0,64,82,1,57.0,29.0,47.0,50.0,64.0,64.0,Left,3,2,26,63,47,45,55,28,49.0,66,63,62,53,43,63,67,29,Medium/Medium,Normal (185+)
N. Zézé,Nathan Zézé,18,France,CB,Nantes,Ligue 1,1.0,1400000.0,1000.0,3700000.0,64,82,1,54.0,31.0,40.0,40.0,68.0,58.0,Left,3,2,28,54,35,29,49,31,51.0,60,59,51,56,43,65,72,30,Medium/Medium,Lean (185+)
M. Kayode,Michael Kayode,18,Italy,"RB, RWB, LB",Fiorentina,Serie A,1.0,1400000.0,3000.0,3300000.0,64,82,1,63.0,34.0,48.0,64.0,63.0,52.0,Right,3,4,32,54,55,71,57,38,44.0,59,49,64,63,59,58,70,58,Medium/Medium,Normal (170-185)
E. Kroupi,Eli Junior Kroupi,17,France,"CAM, CF",Lorient,Ligue 1,1.0,1500000.0,700.0,3900000.0,64,82,1,69.0,50.0,66.0,66.0,47.0,50.0,Right,3,3,48,74,55,68,67,68,67.0,49,51,66,72,59,49,54,51,High/Medium,Normal (170-185)
A. Sishuba,Ayanda Sishuba,18,Belgium,"CAM, LW",Lens,Ligue 1,1.0,1500000.0,3000.0,3800000.0,64,81,1,72.0,60.0,60.0,72.0,32.0,40.0,Right,4,4,60,61,59,71,70,61,64.0,46,34,76,68,85,30,32,59,Medium/Medium,Lean (170-)
Y. Borges Sanches,Yvandro Borges Sanches,19,Luxembourg,LM,Borussia Mönchengladbach,Bundesliga,1.0,1500000.0,3000.0,3500000.0,64,80,1,77.0,57.0,64.0,62.0,53.0,57.0,Right,2,3,57,67,64,64,54,56,57.0,64,49,75,78,71,54,52,58,Medium/Medium,Lean (170-185)
Fermín López,Fermín López Marín,20,Spain,"CM, CAM, LW",FC Barcelona,La Liga,1.0,1500000.0,17000.0,4000000.0,64,80,1,72.0,59.0,60.0,69.0,50.0,51.0,Right,4,2,62,67,47,66,68,63,63.0,63,43,73,71,82,43,60,54,High/Medium,Lean (170-185)
O. Bobb,Oscar Bobb,19,Norway,RW,Manchester City,Premier League,1.0,1500000.0,14000.0,3700000.0,64,80,1,80.0,59.0,59.0,68.0,31.0,40.0,Left,3,4,60,63,60,68,66,58,61.0,50,36,84,76,75,26,34,56,Medium/Medium,Normal (170-185)
Eguinaldo,Eguinaldo de Sousa Lemos,18,Brazil,LM,Shakhtar Donetsk,Premier League,1.0,1500000.0,500.0,4200000.0,64,80,1,78.0,53.0,54.0,68.0,25.0,43.0,Right,4,3,66,58,51,72,66,58,49.0,60,40,80,77,70,25,24,54,Medium/Medium,Normal (170-185)
K. Yıldız,Kenan Yıldız,18,Turkey,"CF, LM",Juventus,Serie A,1.0,1500000.0,8000.0,3500000.0,64,80,1,71.0,56.0,63.0,68.0,28.0,59.0,Right,4,2,54,68,60,68,70,64,56.0,60,62,69,72,72,28,20,60,Medium/Medium,Normal (185+)
Rubén Iranzo,Rubén Iranzo Lendínez,20,Spain,"CB, RB",Valencia,La Liga,1.0,1300000.0,5000.0,3500000.0,64,79,1,53.0,44.0,56.0,51.0,65.0,63.0,Right,3,2,39,65,54,42,59,50,55.0,54,65,54,53,57,65,63,39,Low/High,Lean (170-185)
D. Sylla,Dembo Sylla,20,Guinea,"RWB, RM, LWB",Lorient,Ligue 1,1.0,1300000.0,4000.0,3400000.0,64,79,1,74.0,51.0,56.0,66.0,56.0,58.0,Right,3,2,55,60,65,67,64,43,55.0,74,49,78,71,76,48,66,58,Medium/Medium,Lean (170-185)
A. Kari,Ayman Kari,18,France,"CM, CDM",Lorient,Ligue 1,1.0,1400000.0,5000.0,,64,79,1,66.0,48.0,63.0,64.0,64.0,65.0,Right,3,3,42,70,58,64,66,60,65.0,64,63,67,66,52,66,65,62,Medium/High,Normal (170-185)
T. Corazza,Tommaso Corazza,19,Italy,"LB, LM",Bologna,Serie A,1.0,1300000.0,3000.0,3200000.0,64,79,1,69.0,50.0,59.0,64.0,61.0,60.0,Right,5,2,41,65,63,63,65,50,48.0,54,61,65,73,71,63,62,59,Medium/Medium,Lean (170-185)
S. Bonnah,Solomon Bonnah Owusu,19,Netherlands,"RWB, RM",Austria Klagenfurt,Bundesliga,1.0,1300000.0,1000.0,2700000.0,64,78,1,89.0,37.0,50.0,64.0,55.0,51.0,Right,3,2,41,54,59,62,59,48,44.0,75,36,90,88,92,57,58,52,Medium/Medium,Normal (170-)
César Tárrega,César Tárrega Requeni,21,Spain,CB,Valencia,La Liga,1.0,1400000.0,5000.0,3800000.0,64,78,1,57.0,40.0,51.0,49.0,64.0,62.0,Right,3,2,31,62,37,36,63,51,55.0,52,66,52,61,57,65,60,31,Low/High,Lean (185+)
F. Carboni,Franco Ezequiel Carboni,20,Argentina,"LWB, LM, LB",Monza,Serie A,1.0,1300000.0,9000.0,,64,78,1,64.0,40.0,55.0,57.0,60.0,65.0,Left,2,2,36,60,61,57,59,45,55.0,70,65,64,64,52,59,60,53,Medium/Medium,Normal (170-185)
Marc Casadó,Marc Casadó Torras,19,Spain,"CDM, CM",FC Barcelona,La Liga,1.0,1300000.0,11000.0,3500000.0,64,78,1,60.0,54.0,61.0,66.0,61.0,53.0,Right,4,3,55,69,45,64,72,64,61.0,55,51,62,59,63,60,62,63,Medium/Medium,Normal (170-185)
A. Maurer,Aïman Maurer,18,Morocco,"LW, CAM",Clermont,Ligue 1,1.0,1400000.0,2000.0,3700000.0,64,78,1,59.0,58.0,63.0,68.0,38.0,44.0,Right,2,3,54,66,61,72,69,66,58.0,41,46,63,56,54,41,33,64,Medium/Medium,Lean (170-185)
V. Atangana Edoa,Valentin Atangana Edoa,17,France,CDM,Stade de Reims,Ligue 1,1.0,1300000.0,500.0,3400000.0,64,78,1,56.0,51.0,60.0,60.0,63.0,55.0,Right,3,2,48,65,52,56,63,62,62.0,61,47,59,54,56,62,65,48,Medium/Medium,Lean (170-185)
F. Mayulu,Fally Mayulu,20,France,"ST, RM",Rapid Wien,Bundesliga,1.0,1400000.0,4000.0,2900000.0,64,78,1,76.0,65.0,46.0,66.0,23.0,62.0,Right,3,2,68,39,47,66,68,62,58.0,60,64,75,77,75,16,18,61,High/Low,Lean (185+)
S. Lemkin,Stav Lemkin,20,Israel,CB,Shakhtar Donetsk,Premier League,1.0,1300000.0,500.0,3700000.0,64,78,1,66.0,22.0,37.0,37.0,64.0,68.0,Right,3,2,17,48,24,25,45,34,53.0,56,77,60,70,44,66,61,25,Medium/Medium,Normal (185+)
E. Soglo,Emran Soglo,17,England,"LB, CM",Olympique de Marseille,Ligue 1,1.0,1300000.0,500.0,3300000.0,64,78,1,74.0,54.0,62.0,67.0,58.0,50.0,Left,2,3,54,65,64,66,66,63,61.0,50,48,75,74,76,56,62,58,High/Medium,Lean (170-185)
E. Barrenechea,Enzo Barrenechea,22,Argentina,"CDM, CM",Frosinone,Serie A,1.0,1400000.0,14000.0,,64,77,1,62.0,63.0,63.0,68.0,58.0,64.0,Right,2,3,58,70,49,71,67,64,58.0,66,66,65,60,64,59,60,59,Low/Medium,Normal (185+)
G. Kvernadze,Giorgi Kvernadze,20,Georgia,LW,Frosinone,Serie A,1.0,1400000.0,3000.0,3400000.0,64,77,1,77.0,58.0,59.0,67.0,29.0,56.0,Right,3,3,57,61,60,71,66,59,58.0,51,64,75,78,67,26,30,55,Medium/Medium,Lean (185+)
R. Hofer,Raphael Hofer,20,Austria,CM,Blau-Weiß Linz,Bundesliga,1.0,1400000.0,2000.0,2900000.0,64,77,1,55.0,59.0,67.0,64.0,59.0,68.0,Left,3,3,52,68,68,63,66,64,65.0,71,68,54,55,66,62,60,58,Medium/High,Normal (170-185)
A. Laâziri,Achraf Laâziri,19,Morocco,LB,Olympique Lyonnais,Ligue 1,1.0,1300000.0,4000.0,3300000.0,64,77,1,74.0,48.0,59.0,66.0,58.0,54.0,Left,3,3,48,63,64,64,65,56,62.0,62,49,75,73,75,56,62,55,Medium/Medium,Lean (170-185)
M. Faye,Mikayil Faye,18,Senegal,"CB, LB",FC Barcelona,La Liga,1.0,1300000.0,6000.0,3500000.0,64,77,1,75.0,30.0,49.0,54.0,60.0,73.0,Left,3,2,16,58,62,49,57,29,52.0,65,77,76,74,63,54,65,44,Medium/Medium,Normal (185+)
M. Jaouab,Mohamed Jaouab,21,Morocco,CB,Rennes,Ligue 1,1.0,1400000.0,6000.0,3500000.0,64,77,1,57.0,29.0,42.0,51.0,64.0,65.0,Right,3,2,21,59,32,48,56,27,50.0,57,71,45,67,48,61,68,11,Medium/Medium,Normal (185+)
S. Włodarczyk,Szymon Włodarczyk,20,Poland,ST,Sturm Graz,Bundesliga,1.0,1400000.0,3000.0,2400000.0,64,76,1,71.0,66.0,45.0,62.0,22.0,63.0,Right,3,2,69,50,33,59,63,55,66.0,60,65,73,70,66,17,21,63,Medium/Low,Lean (185+)
M. Sangare,Mamadou Sangare,21,Mali,"CM, CAM",Hartberg,Bundesliga,1.0,1400000.0,3000.0,,64,76,1,81.0,62.0,62.0,70.0,45.0,59.0,Left,3,3,58,65,52,72,70,64,60.0,63,59,79,82,72,37,52,60,Medium/Medium,Lean (170-185)
N. Skyttä,Naatan Skyttä,21,Finland,"CM, CAM",Toulouse,Ligue 1,1.0,1400000.0,4000.0,3100000.0,64,76,1,65.0,53.0,65.0,70.0,45.0,48.0,Left,2,3,58,71,50,72,71,68,60.0,58,46,61,69,66,45,49,64,Medium/Medium,Normal (170-)
Herrando,Jorge Herrando Oroz,22,Spain,CB,Osasuna,La Liga,1.0,1400000.0,5000.0,3200000.0,64,76,1,55.0,29.0,43.0,44.0,65.0,60.0,Left,3,2,21,63,31,27,63,30,45.0,61,59,58,52,50,67,62,21,Low/Medium,Lean (185+)
Quintanilla,Rubén Quintanilla,19,Spain,CM,Mallorca,La Liga,1.0,1400000.0,3000.0,3200000.0,64,76,1,67.0,46.0,61.0,59.0,59.0,68.0,Right,3,2,36,70,46,50,70,66,65.0,72,68,65,69,60,59,60,62,Medium/Medium,Normal (170-185)
O. Zandén,Oliver Zandén,21,Sweden,LB,Toulouse,Ligue 1,1.0,1300000.0,4000.0,2900000.0,64,75,1,62.0,40.0,60.0,54.0,62.0,62.0,Left,3,2,34,66,66,54,52,48,50.0,76,57,70,56,56,63,64,57,High/High,Normal (170-185)
Owono,Jesús Lázaro Owono Ngua Akeng,22,Equatorial Guinea,GK,Deportivo Alavés,La Liga,1.0,1100000.0,3000.0,2600000.0,64,75,1,,,,,,,Right,3,1,9,22,13,5,15,41,33.0,22,50,24,33,37,8,13,4,Medium/Medium,Lean (170-185)
E. Omić,Ervin Omić,20,Austria,"CDM, CM",Wolfsberger AC,Bundesliga,1.0,1200000.0,2000.0,2000000.0,64,75,1,64.0,51.0,62.0,63.0,60.0,69.0,Right,3,2,40,65,53,62,65,61,64.0,72,69,61,66,62,60,63,58,High/Medium,Lean (185+)
F. Winther,Frederik Franck Winther,22,Denmark,CB,FC Augsburg,Bundesliga,1.0,1200000.0,5000.0,2400000.0,64,74,1,55.0,31.0,51.0,58.0,65.0,64.0,Left,2,2,26,66,38,54,63,38,58.0,56,71,56,54,56,65,66,34,Medium/Medium,Lean (185+)
K. Hein,Karl Jakob Hein,21,Estonia,GK,Arsenal,Premier League,1.0,1100000.0,9000.0,2300000.0,64,74,1,,,,,,,Right,3,1,8,25,10,10,12,32,26.0,40,57,33,38,36,9,16,6,Medium/Medium,Lean (185+)
Julio Martínez,Julio Martínez Cortés,22,Spain,"ST, CAM",Granada,La Liga,1.0,1300000.0,5000.0,3100000.0,64,74,1,75.0,65.0,54.0,65.0,19.0,53.0,Right,4,3,67,59,50,66,65,54,47.0,51,50,76,74,72,13,14,68,Medium/Medium,Lean (170-185)
L. Kronberger,Luca Kronberger,21,Austria,"LM, RM, CM",WSG Tirol,Bundesliga,1.0,1300000.0,3000.0,,64,74,1,69.0,58.0,59.0,62.0,35.0,66.0,Left,2,2,59,60,64,63,62,58,47.0,70,68,69,69,71,32,36,62,Medium/Medium,Normal (170-185)
Toni Fuidias,Toni Fuidias Ribera,22,Spain,GK,Girona,La Liga,1.0,1100000.0,4000.0,2500000.0,64,74,1,,,,,,,Right,3,1,8,15,10,5,11,33,38.0,21,59,28,32,32,8,13,4,Medium/Medium,Normal (185+)
L. Gemello,Lucas Gemello,22,Italy,GK,Torino,Serie A,1.0,1100000.0,6000.0,2100000.0,64,74,1,,,,,,,Right,2,1,7,19,14,9,18,35,37.0,18,61,31,31,28,5,11,7,Medium/Medium,Normal (185+)
D. Seck,Demba Seck,22,Senegal,"ST, CF, RM",Torino,Serie A,1.0,1300000.0,9000.0,2500000.0,64,74,1,76.0,63.0,55.0,73.0,30.0,57.0,Left,3,3,65,60,57,77,77,50,55.0,63,62,75,77,72,27,34,57,Medium/Low,Lean (185+)
T. Berger,Tobias Berger,21,Austria,"LWB, LM",Austria Lustenau,Bundesliga,1.0,1300000.0,2000.0,2100000.0,64,74,1,70.0,45.0,57.0,60.0,59.0,71.0,Left,2,2,35,61,60,58,62,50,57.0,76,71,69,70,74,56,63,54,Medium/High,Normal (185+)
I. Salah,Ibrahim Salah,21,Morocco,"ST, LW, RW",Rennes,Ligue 1,1.0,1300000.0,8000.0,2700000.0,64,74,1,68.0,61.0,53.0,70.0,30.0,67.0,Right,4,3,64,61,52,71,71,53,59.0,65,71,65,71,69,28,28,63,Medium/Medium,Lean (185+)
D. Kaygin,Dennis Kaygin,19,Germany,CAM,Rapid Wien,Bundesliga,1.0,1300000.0,3000.0,2100000.0,64,74,1,71.0,64.0,64.0,64.0,42.0,57.0,Right,3,3,66,65,61,64,65,65,56.0,59,56,73,70,68,33,44,60,High/Medium,Lean (185+)
S. Tijani,Samson Okikiola Tijani,21,Nigeria,"CDM, CM",Wolfsberger AC,Bundesliga,1.0,1200000.0,3000.0,,64,73,1,70.0,42.0,60.0,64.0,62.0,64.0,Right,3,2,38,65,57,61,64,61,58.0,66,62,73,68,78,62,64,49,Medium/Medium,Lean (170-185)
Guillem Molina,Guillem Molina Gutiérrez,23,Spain,"CB, RB, LB",Osasuna,La Liga,1.0,1200000.0,5000.0,2800000.0,64,73,1,64.0,31.0,49.0,48.0,66.0,63.0,Right,3,2,25,60,44,32,59,37,59.0,68,59,65,64,62,69,63,29,Low/High,Lean (170-185)
F. Strauss,Felix Strauss,22,Austria,"CB, RWB",Rheindorf Altach,Bundesliga,1.0,1200000.0,2000.0,2000000.0,64,73,1,70.0,40.0,55.0,60.0,60.0,76.0,Right,4,2,33,63,45,58,62,60,58.0,76,76,70,70,65,59,63,35,Medium/Medium,Normal (185+)
U. Llanez Jr.,Ulysses Llanez Jr.,22,United States,"RW, LW",VfL Wolfsburg,Bundesliga,1.0,1300000.0,9000.0,2500000.0,64,72,1,79.0,58.0,60.0,68.0,37.0,59.0,Right,4,3,55,64,58,66,67,62,65.0,64,57,80,78,81,28,39,59,High/Low,Normal (170-185)
C. Lang,Christoph Lang,21,Austria,"CF, ST, CAM",Hartberg,Bundesliga,1.0,1300000.0,3000.0,,64,72,1,73.0,63.0,60.0,66.0,33.0,61.0,Right,3,2,64,64,55,65,64,64,63.0,58,64,72,74,79,33,32,64,Medium/Medium,Normal (170-185)
M. Ndiaye,Massamba Ndiaye,21,Senegal,GK,Clermont,Ligue 1,1.0,1100000.0,2000.0,2400000.0,64,72,1,,,,,,,Right,2,1,7,17,11,7,19,33,26.0,23,73,19,33,23,6,11,6,Medium/Medium,Lean (185+)
Mario Gila,Mario Gila Fuentes,22,Spain,CB,Lazio,Serie A,1.0,1200000.0,8000.0,2300000.0,64,72,1,66.0,38.0,53.0,61.0,64.0,64.0,Right,3,2,28,65,47,59,62,36,63.0,64,64,69,64,60,62,67,24,Low/Medium,Normal (185+)
V. Brazhko,Volodymyr Brazhko,21,Ukraine,CDM,Dynamo Kyiv,Premier League,1.0,1200000.0,500.0,2900000.0,64,72,1,61.0,31.0,54.0,54.0,59.0,66.0,Right,3,2,25,65,35,49,61,59,45.0,60,70,59,62,53,60,58,39,Medium/Medium,Lean (170-185)
L. Gütlbauer,Lukas Gütlbauer,22,Austria,GK,Wolfsberger AC,Bundesliga,1.0,1000000.0,2000.0,1700000.0,64,71,1,,,,,,,Right,2,1,6,30,12,8,11,35,42.0,28,73,41,42,36,16,15,8,Medium/Medium,Normal (185+)
J. Mina,Johan Mina,21,Ecuador,CAM,Werder Bremen,Bundesliga,1.0,1200000.0,4000.0,2400000.0,64,71,1,62.0,64.0,60.0,62.0,41.0,43.0,Left,3,3,68,65,51,60,65,64,55.0,57,35,64,61,65,40,44,62,High/Low,Lean (170-185)
J. Naschberger,Johannes Naschberger,23,Austria,"CM, CDM, RM",WSG Tirol,Bundesliga,1.0,1200000.0,3000.0,2000000.0,64,71,1,78.0,58.0,61.0,68.0,55.0,55.0,Right,3,3,58,67,54,67,65,63,55.0,75,44,81,75,81,53,62,60,Medium/Medium,Normal (170-185)
B. Austin,Brandon Anthony Austin,24,England,GK,Tottenham Hotspur,Premier League,1.0,750000.0,9000.0,1600000.0,64,70,1,,,,,,,Right,2,1,9,19,12,14,17,32,45.0,18,54,36,49,42,21,12,4,Medium/Medium,Lean (185+)
Bruno Jordão,Bruno André Cavaco Jordão,24,Portugal,CM,Wolverhampton Wanderers,Premier League,1.0,925000.0,11000.0,1900000.0,64,70,1,65.0,56.0,63.0,68.0,52.0,61.0,Right,3,3,54,69,57,69,68,66,68.0,58,62,67,64,69,45,56,49,Medium/Medium,Normal (170-185)
J. Anang,Joseph Tetteh Anang,23,England,GK,West Ham United,Premier League,1.0,750000.0,8000.0,1600000.0,64,70,1,,,,,,,Right,2,1,6,27,13,13,10,59,37.0,25,55,34,32,31,12,12,6,Medium/Medium,Lean (185+)
M. Listkowski,Marcin Listkowski,25,Poland,"CF, LW, CM",Lecce,Serie A,1.0,875000.0,4000.0,1600000.0,64,69,1,77.0,59.0,59.0,69.0,48.0,64.0,Right,3,3,58,64,52,69,65,65,61.0,75,58,79,76,80,43,51,59,High/Medium,Normal (170-185)
F. Dietz,Florian Dietz,24,Germany,ST,FC Köln,Bundesliga,1.0,900000.0,6000.0,1700000.0,64,69,1,73.0,62.0,43.0,57.0,25.0,71.0,Right,3,2,65,58,26,56,59,42,61.0,61,78,72,74,55,29,15,64,Medium/Medium,Normal (185+)
S. Karweina,Sinan Karweina,24,Germany,"RM, CAM, ST",Austria Klagenfurt,Bundesliga,1.0,875000.0,2000.0,1300000.0,64,69,1,75.0,58.0,57.0,67.0,39.0,58.0,Right,3,3,58,60,53,66,64,65,59.0,63,56,75,75,82,34,43,65,Medium/Medium,Normal (170-185)
André Anderson,André Anderson Pomilio Lima da Silva,23,Italy,"CF, CAM, ST",Lazio,Serie A,1.0,900000.0,9000.0,1600000.0,64,69,1,70.0,59.0,60.0,67.0,25.0,49.0,Right,3,3,60,67,50,70,66,66,55.0,63,47,70,70,71,30,20,65,High/Medium,Lean (170-185)
S. Straudi,Simon Straudi,24,Italy,"RM, RWB",Austria Klagenfurt,Bundesliga,1.0,875000.0,2000.0,1300000.0,64,69,1,70.0,51.0,62.0,66.0,62.0,59.0,Right,3,3,51,64,63,66,62,63,58.0,55,58,72,68,73,60,64,55,Medium/High,Normal (170-185)
D. Stumberger,Dominik Stumberger,24,Croatia,"CB, LB",WSG Tirol,Bundesliga,1.0,800000.0,2000.0,1200000.0,64,69,1,65.0,37.0,49.0,50.0,65.0,67.0,Left,3,2,35,58,45,45,54,45,55.0,59,72,64,65,42,66,69,28,Medium/Medium,Lean (170-185)
S. Surdanović,Stefano Surdanović,24,Serbia,"CAM, ST, CM",Austria Lustenau,Bundesliga,1.0,875000.0,2000.0,1300000.0,64,69,1,70.0,64.0,55.0,64.0,47.0,70.0,Right,3,2,63,66,36,65,64,62,62.0,79,72,73,67,66,37,58,65,High/Medium,Stocky (170-185)
L. Lukacevic,Leonardo Lukačević,24,Austria,"LWB, LM",Rheindorf Altach,Bundesliga,1.0,775000.0,2000.0,1200000.0,64,68,1,67.0,46.0,60.0,61.0,60.0,63.0,Left,3,2,38,55,68,60,62,62,54.0,67,60,70,65,66,58,62,44,Medium/High,Normal (170-185)
N. Geyrhofer,Niklas Geyrhofer,23,Austria,CB,Sturm Graz,Bundesliga,1.0,750000.0,3000.0,1200000.0,64,68,1,58.0,27.0,40.0,46.0,65.0,67.0,Right,3,2,21,56,24,36,56,31,58.0,63,69,54,62,43,65,65,26,Low/Medium,Lean (185+)
A. Helac,Ammar Helac,25,Austria,GK,Austria Lustenau,Bundesliga,1.0,650000.0,2000.0,991000.0,64,68,1,,,,,,,Right,2,1,5,18,10,6,10,41,33.0,22,62,26,40,25,6,11,7,Medium/Medium,Normal (185+)
F. Gmeiner,Fabian Gmeiner,26,Austria,"RWB, RM",Austria Lustenau,Bundesliga,1.0,700000.0,2000.0,1100000.0,64,67,1,73.0,42.0,54.0,63.0,62.0,60.0,Right,4,2,36,60,58,66,56,46,49.0,67,56,76,70,78,62,66,52,Medium/Medium,Lean (170-185)
J. Arweiler,Jonas Arweiler,26,Germany,ST,Austria Klagenfurt,Bundesliga,1.0,775000.0,3000.0,1200000.0,64,67,1,55.0,64.0,51.0,60.0,27.0,65.0,Left,3,2,64,56,42,57,63,55,60.0,57,76,54,55,63,27,23,66,Medium/Low,Normal (185+)
T. Schumacher,Till Sebastian Schumacher,25,Germany,"LWB, LM",Austria Klagenfurt,Bundesliga,1.0,725000.0,2000.0,1100000.0,64,67,1,70.0,47.0,55.0,63.0,60.0,53.0,Left,3,2,46,60,59,61,64,52,53.0,70,40,75,66,73,60,61,49,Medium/Medium,Normal (170-185)
D. Topalov,Dmytro Topalov,25,Ukraine,"LB, LM",Shakhtar Donetsk,Premier League,1.0,725000.0,500.0,1600000.0,64,67,1,67.0,50.0,57.0,66.0,59.0,46.0,Left,2,3,57,66,62,69,65,52,50.0,59,47,65,69,57,64,59,54,Medium/Medium,Normal (170-185)
R. Matthews,Remi Matthews,29,England,GK,Crystal Palace,Premier League,1.0,475000.0,7000.0,938000.0,64,66,1,,,,,,,Right,3,1,15,35,11,22,27,39,34.0,29,66,44,47,49,12,15,7,Medium/Medium,Normal (185+)
T. Schützenauer,Tobias Schützenauer,26,Austria,GK,Rheindorf Altach,Bundesliga,1.0,550000.0,2000.0,839000.0,64,66,1,,,,,,,Right,4,1,20,25,21,11,23,33,34.0,24,44,33,41,32,14,22,11,Medium/Medium,Normal (170-185)
A. Rossi,Alessandro Rossi,26,Italy,ST,Lazio,Serie A,1.0,725000.0,11000.0,1300000.0,64,66,1,65.0,64.0,55.0,62.0,31.0,64.0,Right,2,3,66,65,52,63,65,48,55.0,59,74,68,63,59,28,26,60,High/Low,Normal (170-185)
N. Iyobosa Edokpolor,Nosa Iyobosa Edokpolor,26,Austria,"CB, LWB",Rheindorf Altach,Bundesliga,1.0,650000.0,2000.0,991000.0,64,66,1,80.0,49.0,54.0,65.0,63.0,70.0,Left,3,2,46,58,55,63,63,48,57.0,78,67,79,80,77,62,65,45,High/Medium,Normal (170-185)
O. Okungbowa,Osarenren Okungbowa,29,Austria,CB,WSG Tirol,Bundesliga,1.0,550000.0,3000.0,839000.0,64,65,1,67.0,46.0,56.0,55.0,60.0,76.0,Left,3,2,40,63,54,50,55,48,63.0,60,87,63,70,65,62,61,48,Medium/Medium,Normal (185+)
L. Gugganig,Lukas Josef Gugganig,28,Austria,CB,Rheindorf Altach,Bundesliga,1.0,550000.0,3000.0,839000.0,64,65,1,44.0,47.0,46.0,49.0,63.0,74.0,Right,2,2,38,47,31,48,48,45,57.0,56,85,45,43,50,62,64,47,Low/Medium,Normal (185+)
M. Brandner,Michael Brandner,28,Austria,"CDM, CM",Blau-Weiß Linz,Bundesliga,1.0,575000.0,2000.0,877000.0,64,65,1,68.0,46.0,56.0,61.0,60.0,67.0,Right,4,2,48,66,44,55,65,54,53.0,74,65,67,68,65,60,63,42,Medium/Medium,Normal (170-185)
M. Knaller,Marco Knaller,36,Austria,GK,Austria Klagenfurt,Bundesliga,1.0,60000.0,1000.0,87000.0,64,64,1,,,,,,,Right,3,1,12,13,13,13,14,22,53.0,37,64,41,44,38,16,15,12,Medium/Medium,Normal (185+)
A. Lukse,Andreas Lukse,35,Austria,GK,Blau-Weiß Linz,Bundesliga,1.0,60000.0,1000.0,87000.0,64,64,1,,,,,,,Right,3,1,12,32,9,13,22,34,15.0,24,63,41,37,31,8,10,15,Medium/Medium,Normal (185+)
M. Gollner,Manfred Gollner,32,Austria,CB,Hartberg,Bundesliga,1.0,375000.0,3000.0,544000.0,64,64,1,51.0,24.0,42.0,52.0,65.0,73.0,Left,3,2,18,53,38,46,54,37,67.0,67,78,56,47,62,66,65,47,Low/Medium,Normal (185+)
J. Zwischenbrugger,Jan Zwischenbrugger,33,Austria,CB,Rheindorf Altach,Bundesliga,1.0,275000.0,2000.0,399000.0,64,64,1,47.0,47.0,52.0,49.0,64.0,72.0,Right,3,2,41,57,42,46,48,58,58.0,63,81,41,52,53,63,64,46,Low/Medium,Normal (185+)
T. King,Thomas Lloyd King,28,Wales,GK,Wolverhampton Wanderers,Premier League,1.0,425000.0,10000.0,808000.0,64,64,1,,,,,,,Right,3,1,6,35,9,8,28,45,42.0,32,73,40,44,39,15,17,12,Medium/Medium,Normal (185+)
Ronivaldo,Ronivaldo Bernardo Sales,34,Brazil,ST,Blau-Weiß Linz,Bundesliga,1.0,275000.0,3000.0,399000.0,64,64,1,72.0,69.0,50.0,65.0,21.0,60.0,Right,3,3,71,59,46,64,68,46,48.0,65,63,73,71,72,19,16,56,Medium/Medium,Normal (170-185)
Peter Abradanel,Peter Nivaldo Abradanel Espín,39,Brazil,GK,América Mineiro,Serie A,1.0,60000.0,2000.0,114000.0,64,64,1,,,,,,,Right,3,1,15,26,11,15,16,47,29.0,32,54,60,48,35,24,15,11,Medium/Medium,Normal (185+)
Marcelo Vildeia,Marcelo Emanuel Vildeia Maia,27,Brazil,ST,Botafogo,Serie A,1.0,625000.0,6000.0,1200000.0,64,64,1,83.0,62.0,49.0,69.0,30.0,54.0,Right,3,2,59,61,34,72,62,46,59.0,65,52,77,88,75,22,23,71,Medium/Medium,Normal (170-185)
Mateus Couteira,Mateus Bernardo Couteira Machado,27,Brazil,CB,Goiás,Serie A,1.0,550000.0,3000.0,1000000.0,64,64,1,63.0,35.0,55.0,50.0,66.0,61.0,Right,3,2,24,62,54,45,48,45,41.0,45,68,68,58,67,70,61,44,Medium/Medium,Normal (170-185)
Flávio Triginho,Flávio Leôncio Trigo Sacramento,27,Brazil,ST,América Mineiro,Serie A,1.0,625000.0,5000.0,1200000.0,64,64,1,74.0,63.0,41.0,73.0,30.0,54.0,Right,3,3,67,44,42,74,72,42,53.0,67,48,73,74,78,10,36,72,Medium/Medium,Normal (170-185)
Raphael Doninho,Raphael William Doninho Oliveira,23,Brazil,CAM,Botafogo,Serie A,1.0,675000.0,5000.0,1300000.0,64,64,1,68.0,58.0,63.0,69.0,40.0,51.0,Right,3,3,54,64,67,67,64,68,70.0,68,38,71,66,78,25,36,60,High/Medium,Lean (170-)
Nito Carbelho,Nito Wagner Carbelho Inácio,31,Brazil,"ST, CAM",Fluminense,Serie A,1.0,500000.0,6000.0,950000.0,64,64,1,71.0,62.0,57.0,65.0,34.0,63.0,Right,3,2,58,63,43,66,62,65,60.0,57,69,70,71,71,24,32,63,Medium/Medium,Normal (170-185)
J. Scherzer,Jonathan Scherzer,27,Austria,"LWB, LB, CB",Wolfsberger AC,Bundesliga,1.0,575000.0,3000.0,834000.0,64,64,1,65.0,42.0,58.0,62.0,62.0,66.0,Left,3,2,36,62,61,63,62,52,49.0,59,70,62,67,64,62,63,48,Medium/Medium,Normal (185+)
T. Rotter,Thomas Rotter,31,Austria,CB,Hartberg,Bundesliga,1.0,400000.0,3000.0,580000.0,64,64,1,41.0,37.0,40.0,43.0,65.0,70.0,Right,3,2,31,50,36,32,50,34,64.0,62,75,42,40,49,65,66,25,Low/Medium,Normal (185+)
L. Miley,Lewis Miley,17,England,"CM, CDM, CAM",Newcastle United,Premier League,1.0,1500000.0,2000.0,4400000.0,63,85,1,61.0,58.0,63.0,67.0,53.0,52.0,Right,4,3,59,67,52,68,66,68,72.0,53,56,65,58,60,50,56,53,High/Medium,Lean (185+)
N. Collins,Nnamdi Collins,19,Germany,CB,Eintracht Frankfurt,Bundesliga,1.0,1200000.0,3000.0,2800000.0,63,82,1,85.0,25.0,45.0,50.0,61.0,68.0,Right,3,2,22,58,44,44,53,34,46.0,53,78,83,86,63,58,64,30,Medium/Medium,Normal (185+)
A. Murphy,Alex Murphy,19,Republic of Ireland,"CB, LB",Newcastle United,Premier League,1.0,1200000.0,8000.0,3000000.0,63,81,1,66.0,34.0,53.0,55.0,62.0,68.0,Left,4,2,29,57,59,52,56,44,56.0,53,75,60,70,59,62,63,41,High/Medium,Normal (185+)
A. Tsarenko,Anton Tsarenko,19,Ukraine,CAM,Dynamo Kyiv,Premier League,1.0,1200000.0,500.0,3400000.0,63,81,1,69.0,49.0,60.0,66.0,35.0,48.0,Right,3,3,48,65,52,65,68,64,59.0,58,43,71,68,69,33,37,61,High/Medium,Lean (170-)
Álvaro,Álvaro Daniel Rodríguez Muñoz,18,Uruguay,"ST, LW",Real Madrid,La Liga,1.0,1200000.0,10000.0,3200000.0,63,81,1,68.0,60.0,59.0,61.0,22.0,56.0,Left,3,3,64,66,64,65,59,57,52.0,56,64,67,69,63,15,16,58,Medium/Low,Lean (185+)
Noel,Noel López de la Fuente,20,Spain,"ST, RW",Real Madrid,La Liga,1.0,1300000.0,18000.0,3500000.0,63,80,1,66.0,63.0,56.0,63.0,28.0,46.0,Right,4,4,66,63,50,62,69,59,57.0,47,46,63,68,56,35,18,63,High/Medium,Lean (170-185)
G. Ranos,Grant-Leon Ranos,19,Armenia,ST,Borussia Mönchengladbach,Bundesliga,1.0,1300000.0,4000.0,3000000.0,63,80,1,64.0,65.0,53.0,65.0,27.0,56.0,Right,3,2,67,57,49,65,65,53,53.0,57,64,65,63,71,25,25,64,Medium/Low,Lean (170-185)
W. Bondo,Warren Bondo,19,France,"CM, RM",Monza,Serie A,1.0,1200000.0,5000.0,2800000.0,63,79,1,77.0,55.0,58.0,72.0,58.0,64.0,Right,2,3,53,64,50,71,73,57,69.0,66,62,78,77,79,54,65,59,High/Medium,Normal (170-185)
P. Pagis,Pablo Pagis,20,France,"ST, RM",Lorient,Ligue 1,1.0,1300000.0,4000.0,3400000.0,63,79,1,60.0,65.0,47.0,62.0,21.0,55.0,Right,3,2,70,55,36,60,67,47,52.0,68,58,62,58,61,16,16,64,Medium/Medium,Normal (170-185)
Y. Okou,Yllan Okou,20,France,CB,Monaco,Ligue 1,1.0,1200000.0,6000.0,3000000.0,63,79,1,69.0,31.0,48.0,54.0,63.0,64.0,Left,2,2,21,59,40,51,56,44,50.0,51,73,67,71,60,59,66,21,Low/Medium,Normal (185+)
Marvel,Marvelous Antolín Garzón,20,Spain,CB,Real Madrid,La Liga,1.0,1200000.0,15000.0,3200000.0,63,79,1,69.0,32.0,46.0,52.0,60.0,68.0,Left,3,2,24,53,35,46,58,45,52.0,50,75,69,69,50,56,65,44,Medium/Low,Normal (170-185)
D. Castillo,Denil Castillo,19,Ecuador,CDM,Shakhtar Donetsk,Premier League,1.0,1200000.0,500.0,3400000.0,63,79,1,62.0,34.0,57.0,50.0,60.0,69.0,Right,3,2,34,65,41,46,55,62,43.0,68,73,64,60,50,70,55,39,Medium/Medium,Lean (185+)
Zarzana,Antonio Zarzana Pérez,21,Spain,"RW, LW, CAM",Sevilla,La Liga,1.0,1200000.0,4000.0,3300000.0,63,78,1,67.0,55.0,65.0,62.0,22.0,45.0,Right,5,3,55,69,73,64,62,63,46.0,46,50,63,71,53,24,16,59,Medium/Medium,Normal (170-185)
M. Diambou,Mamady Diambou,20,Mali,CDM,Salzburg,Bundesliga,1.0,1100000.0,3000.0,2300000.0,63,78,1,74.0,52.0,58.0,66.0,59.0,61.0,Right,3,3,48,68,48,63,68,58,52.0,77,47,78,71,81,56,64,36,Medium/Medium,Normal (170-185)
E. Camara,Etienne Camara,20,France,"CDM, CM",Udinese,Serie A,1.0,1100000.0,2000.0,2700000.0,63,78,1,63.0,45.0,54.0,61.0,62.0,69.0,Left,2,2,40,62,45,60,67,55,58.0,66,71,63,63,57,65,65,45,Medium/Medium,Normal (185+)
Pablo Marín,Pablo Marín Tejada,19,Spain,"CAM, CM",Real Sociedad,La Liga,1.0,1100000.0,3000.0,3000000.0,63,78,1,59.0,56.0,61.0,64.0,37.0,46.0,Right,3,3,61,71,45,65,67,62,56.0,34,52,47,68,52,34,44,55,Medium/Medium,Normal (170-185)
G. Puerta,Gustavo Aldolfo Puerta Molano,19,Colombia,"CM, CDM",Bayer 04 Leverkusen,Bundesliga,1.0,1100000.0,5000.0,2600000.0,63,78,1,65.0,56.0,59.0,60.0,58.0,60.0,Right,3,2,58,64,44,54,66,69,50.0,66,56,64,65,63,60,62,55,Medium/Medium,Lean (170-185)
R. Belahyane,Reda Belahyane,19,France,"CDM, CM",Nice,Ligue 1,1.0,1100000.0,4000.0,2800000.0,63,78,1,59.0,43.0,56.0,65.0,66.0,40.0,Right,3,2,41,66,49,66,68,50,53.0,36,30,61,58,48,67,68,49,Medium/Medium,Normal (170-)
B. Chrisene,Benjamin Chrisene,19,England,"LWB, LB",Aston Villa,Premier League,1.0,1100000.0,7000.0,2800000.0,63,77,1,67.0,50.0,58.0,63.0,56.0,59.0,Left,3,3,54,60,64,64,62,55,50.0,57,62,66,67,67,54,62,43,High/Medium,Lean (170-185)
Ricard Artero,Ricard Artero Ruiz,20,Spain,"CAM, RM",Girona,La Liga,1.0,1200000.0,4000.0,3300000.0,63,77,1,65.0,60.0,60.0,65.0,56.0,58.0,Right,3,3,61,65,53,65,66,61,55.0,63,57,68,62,71,58,57,56,Medium/Medium,Normal (170-185)
M. Polster,Manuel Polster,20,Austria,"LM, LW",Austria Wien,Bundesliga,1.0,1200000.0,3000.0,2500000.0,63,76,1,87.0,62.0,52.0,64.0,34.0,58.0,Left,2,3,63,51,59,66,62,56,48.0,71,58,88,87,75,39,30,57,Medium/Medium,Lean (170-185)
N. Michelis,Nikolaos Michelis,22,Greece,CB,Osasuna,La Liga,1.0,1100000.0,2000.0,,63,75,1,54.0,34.0,42.0,38.0,63.0,67.0,Left,3,2,29,51,36,28,38,35,55.0,57,71,56,52,55,59,68,36,Medium/Medium,Lean (185+)
T. Kastanaras,Thomas Kastanaras,20,Germany,ST,VfB Stuttgart,Bundesliga,1.0,1200000.0,4000.0,2400000.0,63,75,1,63.0,64.0,51.0,59.0,22.0,58.0,Right,3,2,68,57,40,59,61,56,59.0,55,66,62,64,56,20,14,66,Medium/Medium,Normal (185+)
A. Sorrentino,Alessandro Sorrentino,21,Italy,GK,Monza,Serie A,1.0,1000000.0,4000.0,1900000.0,63,75,1,,,,,,,Right,3,1,5,21,13,12,13,33,34.0,20,64,39,41,23,6,12,5,Medium/Medium,Lean (185+)
I. Diakité,Ibrahim Diakité,19,Guinea,"RB, CB, RM",Stade de Reims,Ligue 1,1.0,1100000.0,2000.0,2400000.0,63,75,1,70.0,42.0,51.0,62.0,60.0,65.0,Right,3,2,37,58,54,64,62,39,45.0,71,63,69,71,60,61,62,51,Medium/Medium,Normal (170-185)
C. Konaté,Cheick Oumar Konaté,19,Mali,"CB, RB",Clermont,Ligue 1,1.0,1100000.0,2000.0,2400000.0,63,75,1,59.0,29.0,49.0,60.0,67.0,52.0,Right,2,2,25,59,53,59,59,38,45.0,57,43,66,53,62,68,65,43,Medium/Medium,Lean (170-185)
Adrián,Adrián Rodríguez Giménez,22,Argentina,GK,Deportivo Alavés,La Liga,1.0,925000.0,3000.0,2200000.0,63,74,1,,,,,,,Right,3,1,8,18,13,14,12,37,35.0,19,66,28,32,31,9,13,4,Medium/Medium,Normal (185+)
Pablo Pérez,Pablo Pérez Rico,21,Spain,"LB, LW",Atlético Madrid,La Liga,1.0,1000000.0,6000.0,2300000.0,63,74,1,67.0,35.0,55.0,59.0,59.0,59.0,Left,3,2,35,56,68,58,58,50,47.0,65,57,69,66,65,55,62,59,High/Medium,Normal (170-185)
T. Boulhendi,Teddy Boulhendi,22,Algeria,GK,Nice,Ligue 1,1.0,925000.0,5000.0,1900000.0,63,74,1,,,,,,,Right,3,1,9,23,13,13,18,28,27.0,34,64,49,48,51,6,13,7,Medium/Medium,Normal (185+)
L. Rieß,Lasse Finn Rieß,21,Germany,GK,FSV Mainz 05,Bundesliga,1.0,925000.0,3000.0,1800000.0,63,74,1,,,,,,,Right,3,1,9,27,10,9,14,34,39.0,22,65,32,33,35,8,13,8,Medium/Medium,Normal (185+)
M. Huskovic,Muharem Huskovic,20,Austria,ST,Austria Wien,Bundesliga,1.0,1100000.0,3000.0,1800000.0,63,74,1,73.0,62.0,57.0,69.0,19.0,54.0,Right,3,3,66,62,53,69,67,63,58.0,47,53,73,73,81,11,19,62,Medium/Medium,Lean (170-185)
L. Dobbin,Lewis Norman Dobbin,20,England,"LM, ST",Everton,Premier League,1.0,1100000.0,6000.0,2300000.0,63,74,1,80.0,61.0,54.0,66.0,25.0,51.0,Right,2,3,63,57,53,66,63,59,60.0,58,53,77,82,76,26,20,62,Medium/Low,Lean (170-185)
Jon Magunazelaia,Jon Magunazelaia,21,Spain,"ST, LM, RM",Real Sociedad,La Liga,1.0,1100000.0,5000.0,2500000.0,63,74,1,76.0,64.0,60.0,66.0,46.0,55.0,Right,3,3,63,63,58,66,64,61,58.0,58,54,79,73,70,39,48,57,Medium/Medium,Normal (170-185)
O. Ocheretko,Oleg Ocheretko,20,Ukraine,CAM,Shakhtar Donetsk,Premier League,1.0,1100000.0,500.0,2600000.0,63,74,1,65.0,58.0,61.0,64.0,35.0,60.0,Left,3,3,53,66,52,65,63,63,64.0,64,57,64,65,62,37,34,62,Medium/Medium,Lean (170-185)
B. Traoré,Bonota Traoré,20,France,ST,Toulouse,Ligue 1,1.0,1100000.0,4000.0,2400000.0,63,74,1,59.0,64.0,44.0,63.0,29.0,57.0,Right,3,2,69,54,28,66,70,57,59.0,54,57,66,53,46,25,23,64,Medium/Medium,Normal (185+)
Ayesa,Gaizka Ayesa Burgui,22,Spain,GK,Real Sociedad,La Liga,1.0,925000.0,4000.0,2100000.0,63,73,1,,,,,,,Right,3,1,5,15,13,5,12,43,21.0,24,62,27,22,34,5,11,6,Medium/Medium,Normal (170-185)
L. Mouyokolo,Loris Mouyokolo,22,France,CB,Lorient,Ligue 1,1.0,1000000.0,4000.0,2200000.0,63,73,1,57.0,34.0,39.0,46.0,61.0,78.0,Right,2,2,20,51,30,43,47,28,52.0,65,89,60,55,52,53,66,30,Medium/Medium,Normal (185+)
M. Bastian,Maxime Bastian,22,France,"LB, LWB",Strasbourg,Ligue 1,1.0,1000000.0,4000.0,2200000.0,63,73,1,72.0,34.0,50.0,61.0,59.0,60.0,Left,2,2,33,54,61,62,61,41,46.0,73,54,70,74,63,59,61,51,Low/High,Lean (170-185)
I. Baldé,Ibrahima Baldé,20,France,"RW, RM",Lens,Ligue 1,1.0,1100000.0,6000.0,2300000.0,63,73,1,67.0,61.0,54.0,64.0,20.0,47.0,Right,3,3,64,58,53,66,66,56,55.0,32,56,66,68,65,16,18,64,Medium/Low,Lean (185+)
Pablo Valencia,Pablo Valencia García,22,Spain,GK,Osasuna,La Liga,1.0,925000.0,3000.0,2100000.0,63,73,1,,,,,,,Right,3,1,8,30,10,11,15,39,32.0,25,45,20,25,30,6,14,8,Medium/Medium,Lean (185+)
Miki Bosch,Adrià Miquel Bosch Sanchis,22,Spain,CB,Granada,La Liga,1.0,1000000.0,3000.0,2400000.0,63,73,1,60.0,24.0,43.0,41.0,64.0,61.0,Right,3,2,18,61,21,29,54,36,43.0,57,62,59,61,41,62,67,25,Medium/Medium,Normal (185+)
A. Taoui,Adil Taoui,21,France,LM,LASK Linz,Bundesliga,1.0,1100000.0,4000.0,1900000.0,63,72,1,65.0,61.0,55.0,67.0,24.0,55.0,Right,4,3,63,58,61,68,66,55,55.0,58,55,67,63,75,17,19,62,Medium/Low,Lean (170-185)
Juanlu Sánchez,Juan Luis Sánchez Velasco,19,Spain,"RWB, RM",Sevilla,La Liga,1.0,1000000.0,2000.0,2300000.0,63,72,1,54.0,59.0,60.0,71.0,57.0,43.0,Right,3,3,65,67,64,76,77,57,56.0,39,42,54,54,47,57,59,55,Medium/Medium,Normal (185+)
M. Oswald,Moritz Oswald,21,Austria,"CM, CDM",Rapid Wien,Bundesliga,1.0,1100000.0,3000.0,1800000.0,63,72,1,66.0,52.0,59.0,66.0,59.0,62.0,Right,3,2,53,67,46,65,65,63,58.0,62,60,71,62,73,55,64,53,Medium/Medium,Lean (170-185)
T. Himeur,Thomas Himeur,22,France,GK,Toulouse,Ligue 1,1.0,925000.0,3000.0,2000000.0,63,72,1,,,,,,,Right,2,1,6,25,10,9,18,32,22.0,17,52,55,30,38,6,14,8,Medium/Medium,Normal (185+)
A. Oyono,Anthony Oyono Omva Torque,22,Gabon,RB,Frosinone,Serie A,1.0,1000000.0,2000.0,2000000.0,63,72,1,71.0,34.0,52.0,54.0,60.0,61.0,Right,3,2,33,59,52,53,51,44,51.0,71,55,72,71,61,61,63,44,Medium/Medium,Lean (170-185)
Adri López,Adrián López Garrote,24,Spain,GK,Granada,La Liga,1.0,925000.0,2000.0,2200000.0,63,71,1,,,,,,,Right,3,1,6,32,12,12,21,54,39.0,25,45,28,29,38,30,14,4,Medium/Medium,Lean (185+)
L. Fadinger,Lukas Fadinger,22,Austria,"CM, CAM",Rheindorf Altach,Bundesliga,1.0,1100000.0,2000.0,1800000.0,63,71,1,68.0,59.0,62.0,70.0,48.0,50.0,Right,3,3,55,65,53,70,68,64,62.0,65,37,66,69,75,45,51,62,High/Medium,Lean (170-185)
D. Youfeigane,Dominique Youfeigane,23,Central African Republic,GK,Lorient,Ligue 1,1.0,925000.0,3000.0,2000000.0,63,71,1,,,,,,,Right,2,1,6,27,12,7,15,19,37.0,22,59,42,37,38,6,12,6,Medium/Medium,Normal (185+)
C. Noß,Conor Noß,22,Republic of Ireland,CAM,Blau-Weiß Linz,Bundesliga,1.0,1100000.0,2000.0,1800000.0,63,71,1,71.0,57.0,59.0,72.0,32.0,43.0,Right,3,3,57,63,52,74,70,60,61.0,42,43,77,66,78,21,39,49,Medium/Medium,Lean (170-185)
O. Strunz,Oliver Strunz,23,Austria,"RM, CAM",Rapid Wien,Bundesliga,1.0,1100000.0,4000.0,1800000.0,63,71,1,70.0,66.0,54.0,66.0,29.0,74.0,Left,3,2,67,57,52,64,68,60,65.0,69,79,66,73,67,28,21,66,High/Low,Normal (185+)
M. Peart-Harris,Myles Peart-Harris,20,England,"CM, CAM",Brentford,Premier League,1.0,1000000.0,7000.0,2100000.0,63,71,1,63.0,61.0,63.0,63.0,52.0,68.0,Right,3,2,64,66,63,63,64,64,59.0,81,70,65,62,64,45,55,60,Medium/Low,Normal (185+)
Monjonell,Eric Monjonell Torras,21,Spain,CB,Girona,La Liga,1.0,1000000.0,3000.0,2300000.0,63,71,1,54.0,33.0,49.0,53.0,63.0,64.0,Right,3,2,28,64,33,47,59,44,54.0,62,67,53,55,55,64,63,33,Medium/High,Normal (185+)
B. Ozegovic,Benjamin Ozegovic,23,Austria,GK,WSG Tirol,Bundesliga,1.0,825000.0,2000.0,1400000.0,63,70,1,,,,,,,Right,3,1,9,15,10,13,18,28,27.0,27,48,36,33,28,21,20,8,Medium/Medium,Normal (170-185)
A. Whiteman,Alfie Malik Whiteman,24,England,GK,Tottenham Hotspur,Premier League,1.0,825000.0,8000.0,1700000.0,63,70,1,,,,,,,Right,2,1,9,27,14,12,23,33,42.0,26,48,34,28,31,21,13,4,Medium/Medium,Normal (185+)
M. Cerofolini,Michele Cerofolini,24,Italy,GK,Frosinone,Serie A,1.0,825000.0,2000.0,1700000.0,63,70,1,,,,,,,Right,1,1,10,16,10,11,19,40,45.0,25,61,37,37,37,18,13,10,Medium/Medium,Normal (185+)
S. Soto,Sebastian Guerra Soto,22,United States,ST,Austria Klagenfurt,Bundesliga,1.0,975000.0,2000.0,1600000.0,63,70,1,69.0,64.0,45.0,63.0,22.0,60.0,Right,3,2,68,50,41,61,63,50,56.0,54,66,66,71,73,22,15,64,Medium/Medium,Lean (170-185)
K. Bukusu,Kevin Bukusu,22,Angola,CB,Wolfsberger AC,Bundesliga,1.0,900000.0,2000.0,1500000.0,63,70,1,63.0,27.0,39.0,47.0,62.0,74.0,Left,3,2,20,51,32,41,47,30,62.0,66,82,61,64,54,60,63,23,Low/Medium,Stocky (170-185)
K. Diawara,Kandet Diawara,23,France,"LW, RW",Le Havre,Ligue 1,1.0,975000.0,4000.0,2100000.0,63,70,1,78.0,61.0,52.0,66.0,24.0,50.0,Right,3,3,59,55,54,66,65,57,60.0,62,49,79,77,75,22,19,63,Medium/Medium,Lean (170-185)
V. Demaku,Vesel Demaku,23,Austria,"CM, CDM",Sturm Graz,Bundesliga,1.0,750000.0,3000.0,1300000.0,63,69,1,58.0,52.0,58.0,67.0,62.0,60.0,Right,3,2,49,65,48,66,65,62,63.0,64,57,57,59,73,63,65,62,Medium/High,Lean (170-185)
T. Anselm,Tobias Anselm,23,Austria,ST,LASK Linz,Bundesliga,1.0,775000.0,5000.0,1300000.0,63,69,1,76.0,62.0,59.0,63.0,41.0,59.0,Right,3,3,64,63,53,63,65,65,57.0,60,64,74,77,61,43,39,63,Medium/Medium,Normal (185+)
M. Moormann,Martin Moormann,22,Austria,"LB, CB",Rapid Wien,Bundesliga,1.0,725000.0,4000.0,1200000.0,63,69,1,61.0,33.0,48.0,45.0,64.0,73.0,Left,3,2,31,53,53,38,47,39,47.0,66,77,63,60,51,60,66,28,Medium/Medium,Normal (185+)
F. Ehmann,Fabian Ehmann,24,Austria,GK,Hartberg,Bundesliga,1.0,575000.0,2000.0,877000.0,63,68,1,,,,,,,Right,3,1,12,20,14,19,20,34,27.0,44,56,43,41,37,16,10,12,Medium/Medium,Lean (185+)
M. Maranda,Manuel Maranda,25,Austria,CB,Blau-Weiß Linz,Bundesliga,1.0,625000.0,2000.0,953000.0,63,68,1,64.0,28.0,41.0,44.0,63.0,73.0,Right,3,2,23,55,30,35,51,30,51.0,76,77,65,64,47,60,67,26,Medium/Medium,Lean (185+)
Y. Letard,Yannis Letard,24,France,CB,LASK Linz,Bundesliga,1.0,650000.0,4000.0,1000000.0,63,68,1,65.0,29.0,42.0,48.0,63.0,63.0,Right,4,2,25,50,38,40,54,38,56.0,34,78,61,68,58,66,63,29,Medium/Medium,Normal (185+)
K. John,Kyle Alex John,22,England,RB,Everton,Premier League,1.0,700000.0,6000.0,1400000.0,63,68,1,60.0,43.0,56.0,64.0,61.0,57.0,Right,2,2,45,60,63,61,63,52,61.0,63,53,68,53,72,63,64,58,Medium/Medium,Lean (170-185)
K. Serber,Kléri Serber,24,France,CM,Toulouse,Ligue 1,1.0,725000.0,4000.0,1500000.0,63,68,1,66.0,55.0,60.0,63.0,56.0,61.0,Right,3,2,52,70,48,66,64,56,48.0,70,55,69,64,56,54,58,64,Medium/Medium,Normal (170-185)
S. Perisan,Samuele Perisan,25,Italy,GK,Empoli,Serie A,1.0,525000.0,2000.0,984000.0,63,67,1,,,,,,,Right,3,1,20,22,12,11,24,12,49.0,37,62,47,45,34,13,14,14,Medium/Medium,Normal (185+)
A. Ranacher,Alexander Ranacher,24,Austria,"RB, RM",WSG Tirol,Bundesliga,1.0,650000.0,2000.0,991000.0,63,67,1,78.0,54.0,56.0,67.0,54.0,63.0,Right,3,3,50,63,62,68,65,42,58.0,78,58,75,80,80,55,56,51,Medium/Medium,Lean (170-185)
M. Karamarko,Marin Karamarko,25,Croatia,"CB, LWB",Hartberg,Bundesliga,1.0,600000.0,2000.0,915000.0,63,67,1,62.0,25.0,40.0,43.0,63.0,69.0,Left,3,2,21,50,32,34,49,33,45.0,65,74,55,67,54,62,64,23,Medium/Medium,Lean (185+)
L. Tursch,Lukas Tursch,27,Austria,"CDM, CB, CM",Blau-Weiß Linz,Bundesliga,1.0,550000.0,2000.0,839000.0,63,66,1,58.0,56.0,55.0,58.0,62.0,71.0,Right,3,2,54,62,49,57,59,51,58.0,75,70,54,62,57,62,63,54,Medium/Medium,Normal (170-185)
F. Gelli,Francesco Gelli,26,Italy,"CM, CAM",Frosinone,Serie A,1.0,600000.0,3000.0,1100000.0,63,65,1,67.0,59.0,60.0,65.0,47.0,54.0,Right,3,2,59,66,53,65,65,65,56.0,69,48,69,65,68,41,52,63,High/Medium,Lean (170-185)
F. Strauss,Fabio Strauss,28,Austria,CB,Blau-Weiß Linz,Bundesliga,1.0,450000.0,2000.0,686000.0,63,64,1,36.0,28.0,40.0,33.0,63.0,77.0,Right,3,2,26,52,30,24,39,33,53.0,74,84,40,33,34,61,66,28,Medium/Medium,Normal (185+)
M. Kröpfl,Mario Kröpfl,33,Austria,"LM, RM",Hartberg,Bundesliga,1.0,300000.0,3000.0,435000.0,63,63,1,63.0,62.0,62.0,63.0,42.0,58.0,Right,3,3,60,61,64,63,64,63,57.0,61,61,64,63,63,42,36,61,Medium/Medium,Normal (170-185)
M. Maak,Matthias Maak,31,Austria,CB,Austria Lustenau,Bundesliga,1.0,325000.0,2000.0,471000.0,63,63,1,36.0,32.0,48.0,45.0,62.0,76.0,Right,3,2,26,55,39,43,44,44,60.0,59,88,38,35,40,56,66,35,Low/Medium,Normal (185+)
Fachendinho,Tiago Vanderlei Fagundes Fachini,31,Brazil,"ST, RM",Santos,Serie A,1.0,400000.0,6000.0,760000.0,63,63,1,44.0,66.0,53.0,63.0,26.0,65.0,Right,3,3,70,61,59,63,65,41,53.0,69,67,46,43,58,13,28,62,Medium/Medium,Normal (170-185)
Sander Asevedo,Sander Luan Asevedo Cirino,27,Brazil,GK,Goiás,Serie A,1.0,375000.0,2000.0,713000.0,63,63,1,,,,,,,Right,1,1,7,17,10,8,10,59,58.0,45,76,41,48,39,25,11,8,Medium/Medium,Normal (185+)
Adrián Rocheira,Adrián Welliton Rocheira Sá,27,Brazil,CDM,Botafogo,Serie A,1.0,450000.0,4000.0,855000.0,63,63,1,54.0,31.0,53.0,43.0,70.0,56.0,Right,3,2,23,56,52,25,58,53,56.0,58,65,51,57,56,71,72,43,Low/Medium,Normal (170-185)
P. Grabher,Pius Grabher,29,Austria,"CM, CDM",Austria Lustenau,Bundesliga,1.0,475000.0,2000.0,689000.0,63,63,1,61.0,52.0,56.0,64.0,61.0,62.0,Left,3,2,48,67,41,63,65,53,52.0,85,52,66,56,64,58,65,53,Medium/Medium,Normal (170-)
B. Doak,Ben Doak,17,Scotland,RW,Liverpool,Premier League,1.0,1200000.0,3000.0,3400000.0,62,84,1,81.0,52.0,51.0,68.0,27.0,47.0,Right,3,3,56,53,56,69,66,55,60.0,54,40,86,77,82,18,30,58,High/Medium,Lean (170-185)
K. Mainoo,Kobbie Mainoo,18,England,"CDM, CM, CAM",Manchester United,Premier League,1.0,1200000.0,4000.0,3500000.0,62,84,1,74.0,55.0,58.0,68.0,59.0,67.0,Right,2,3,55,64,48,68,64,61,69.0,64,68,77,72,74,57,60,60,High/High,Lean (170-185)
F. Chiarodia,Fabio Cristian Chiarodia,18,Italy,CB,Borussia Mönchengladbach,Bundesliga,1.0,1200000.0,1000.0,3200000.0,62,83,1,66.0,33.0,49.0,55.0,62.0,61.0,Left,3,2,26,59,51,55,51,32,55.0,53,67,64,67,62,65,63,26,Medium/Medium,Lean (185+)
S. Raebiger,Sidney Raebiger,18,Germany,"CM, CAM",Eintracht Frankfurt,Bundesliga,1.0,1100000.0,2000.0,3000000.0,62,82,1,68.0,52.0,65.0,66.0,55.0,46.0,Right,3,3,48,69,58,64,64,66,62.0,51,40,71,65,81,55,58,55,Medium/Medium,Normal (170-185)
L. Ullrich,Lukas Ullrich,19,Germany,LB,Borussia Mönchengladbach,Bundesliga,1.0,1100000.0,2000.0,3000000.0,62,82,1,67.0,43.0,54.0,61.0,56.0,61.0,Left,2,2,39,61,62,60,62,44,56.0,65,64,68,66,67,55,59,49,Medium/Medium,Lean (170-185)
Joel Roca,Joel Roca Casals,18,Spain,"LM, RM, CAM",Girona,La Liga,1.0,1100000.0,2000.0,3400000.0,62,82,1,79.0,56.0,51.0,68.0,27.0,45.0,Right,3,3,60,56,50,69,67,53,56.0,48,40,79,79,75,28,27,57,Medium/Low,Lean (170-185)
E. González,Enso David Gonzalez Medina,18,Paraguay,"RM, RW",Wolverhampton Wanderers,Premier League,1.0,1100000.0,4000.0,3200000.0,62,82,1,70.0,48.0,58.0,68.0,35.0,46.0,Left,2,4,51,63,53,75,64,63,51.0,46,47,68,71,58,34,36,48,High/Low,Normal (170-)
D. Downs,Damion Downs,18,United States,"ST, CF",FC Köln,Bundesliga,1.0,1100000.0,2000.0,3100000.0,62,82,1,68.0,62.0,51.0,58.0,24.0,57.0,Right,3,2,65,61,42,58,60,51,53.0,49,66,67,68,55,20,18,57,Medium/Medium,Lean (185+)
K. Gordon,Kaide Gordon,18,England,"RW, LW",Liverpool,Premier League,1.0,1000000.0,7000.0,2500000.0,62,81,1,69.0,57.0,54.0,65.0,25.0,45.0,Left,3,3,60,58,56,64,61,57,61.0,54,43,76,64,80,22,24,59,High/Medium,Lean (170-185)
L. Mbete,Luke Mbete-Tatu,19,England,CB,Manchester City,Premier League,1.0,975000.0,8000.0,2400000.0,62,81,1,70.0,32.0,48.0,58.0,59.0,71.0,Left,3,2,27,62,36,56,60,38,57.0,67,73,67,73,58,59,60,30,Medium/High,Normal (185+)
M. Wenig,Marcel Wenig,19,Germany,"CAM, CM",Eintracht Frankfurt,Bundesliga,1.0,1000000.0,4000.0,2300000.0,62,81,1,64.0,58.0,63.0,61.0,44.0,55.0,Right,3,3,57,69,53,61,64,64,59.0,53,58,62,65,64,48,47,58,Medium/Medium,Lean (185+)
Mario Martín,Mario Martín Rielves,19,Spain,CM,Real Madrid,La Liga,1.0,1000000.0,11000.0,2700000.0,62,81,1,68.0,50.0,60.0,64.0,55.0,46.0,Right,3,3,50,67,44,61,68,65,53.0,37,48,69,68,71,50,60,63,Medium/Medium,Normal (170-185)
C. Traorè,Chaka Traorè,18,Côte d'Ivoire,LW,Milan,Serie A,1.0,1000000.0,4000.0,2300000.0,62,81,1,64.0,67.0,57.0,62.0,27.0,46.0,Right,3,3,73,57,55,63,64,62,56.0,51,44,65,63,59,26,23,61,Medium/Medium,Normal (170-185)
F. Missori,Filippo Missori,19,Italy,RB,Sassuolo,Serie A,1.0,1000000.0,1000.0,2300000.0,62,80,1,59.0,35.0,48.0,60.0,61.0,52.0,Right,3,2,32,50,60,66,54,45,49.0,56,49,64,55,50,52,69,55,Medium/Medium,Normal (170-185)
K. Fayad,Khalil Fayad,19,France,"CM, CDM, CAM",Montpellier,Ligue 1,1.0,1000000.0,2000.0,2600000.0,62,80,1,63.0,53.0,62.0,70.0,46.0,38.0,Right,3,2,52,70,53,73,68,61,63.0,41,35,65,62,63,40,53,58,Medium/Medium,Normal (170-185)
G. Faticanti,Giacomo Faticanti,18,Italy,"CDM, CM",Lecce,Serie A,1.0,950000.0,800.0,2300000.0,62,80,1,55.0,44.0,56.0,58.0,59.0,63.0,Right,3,2,40,68,45,58,61,45,55.0,66,60,57,53,53,52,62,45,Medium/High,Lean (185+)
Dani Pérez,Daniel Pérez Guerrero,17,Spain,"CM, CAM, LM",Real Betis,La Liga,1.0,1000000.0,500.0,2700000.0,62,80,1,63.0,54.0,64.0,68.0,50.0,44.0,Right,4,3,55,69,58,67,69,65,56.0,44,39,72,56,80,50,52,52,Medium/Medium,Normal (170-185)
B. Gruda,Brajan Gruda,19,Germany,"CF, RM",FSV Mainz 05,Bundesliga,1.0,1000000.0,3000.0,2300000.0,62,80,1,68.0,64.0,55.0,67.0,28.0,48.0,Left,3,3,61,60,53,70,66,51,54.0,48,52,70,67,70,21,30,58,Medium/Medium,Normal (170-185)
J. Milošević,Jovan Milošević,17,Serbia,"ST, CF",VfB Stuttgart,Bundesliga,1.0,1000000.0,950.0,2400000.0,62,80,1,54.0,62.0,51.0,60.0,32.0,65.0,Right,3,2,64,58,38,63,60,58,55.0,59,72,52,55,50,29,29,65,Medium/Medium,Lean (185+)
R. Burnete,Rares Burnete,19,Romania,"ST, LW",Lecce,Serie A,1.0,1000000.0,2000.0,2400000.0,62,80,1,62.0,65.0,45.0,61.0,23.0,60.0,Left,3,2,66,49,38,63,65,48,57.0,58,62,59,64,53,17,16,58,Medium/Medium,Normal (185+)
M. Azeez,Miguel Azeez,20,England,"CM, CDM",Arsenal,Premier League,1.0,1000000.0,11000.0,2500000.0,62,79,1,66.0,57.0,64.0,65.0,57.0,61.0,Right,3,3,53,66,61,66,63,63,63.0,60,62,67,66,67,58,59,59,Medium/Medium,Lean (170-185)
S. Shoretire,Shola Maxwell Shoretire,19,England,"CAM, ST, LW",Manchester United,Premier League,1.0,1000000.0,9000.0,2500000.0,62,79,1,73.0,54.0,57.0,67.0,37.0,54.0,Right,4,3,56,58,54,65,64,63,62.0,59,51,72,73,84,32,40,63,Medium/Medium,Normal (170-185)
A. Kamara,Abdoulaye Kamara,18,Guinea,"CM, CDM",Borussia Dortmund,Bundesliga,1.0,1000000.0,2000.0,2300000.0,62,79,1,67.0,43.0,59.0,67.0,58.0,65.0,Right,3,3,41,66,47,67,66,59,59.0,64,68,66,68,77,49,65,49,Medium/Medium,Normal (170-185)
Manu Morillo,Manuel Morillo León,19,Spain,"ST, RM, LM",Real Betis,La Liga,1.0,1000000.0,3000.0,2700000.0,62,79,1,76.0,61.0,51.0,65.0,21.0,47.0,Right,3,3,63,59,47,67,65,53,48.0,46,45,76,76,69,16,18,61,Medium/Medium,Normal (170-185)
Julen Jon,Julen Jon Guerrero Landabaso,19,Spain,"ST, CAM, LM",Roma,Serie A,1.0,1000000.0,13000.0,,62,79,1,70.0,56.0,57.0,60.0,40.0,63.0,Left,3,3,56,69,39,59,62,60,42.0,60,64,72,68,61,30,42,62,Medium/Medium,Lean (185+)
Ibra Cámara,Ibrahima Vaniel Cámara Silva,20,Spain,CB,Real Sociedad,La Liga,1.0,975000.0,3000.0,2700000.0,62,79,1,57.0,31.0,39.0,44.0,62.0,66.0,Right,2,2,20,57,28,37,49,26,42.0,52,75,48,65,50,60,67,23,Low/Medium,Normal (170-185)
J. Escartin,Josué Escartin,20,France,CB,Brest,Ligue 1,1.0,975000.0,2000.0,2600000.0,62,79,1,62.0,30.0,46.0,44.0,63.0,61.0,Right,3,2,21,56,36,34,51,42,50.0,52,66,59,65,55,59,69,23,Medium/Medium,Lean (185+)
R. Smajić,Rijad Smajić,19,Bosnia and Herzegovina,CB,FC Köln,Bundesliga,1.0,975000.0,2000.0,2400000.0,62,79,1,65.0,30.0,44.0,50.0,61.0,67.0,Right,2,2,25,57,33,48,50,39,52.0,59,72,67,63,51,60,63,25,Medium/Medium,Normal (185+)
L. Chambers,Luke Chambers,19,England,"LB, LWB, CB",Liverpool,Premier League,1.0,1000000.0,7000.0,2500000.0,62,79,1,66.0,36.0,54.0,60.0,60.0,55.0,Left,2,2,36,59,53,63,60,55,48.0,54,55,69,64,53,59,63,40,Medium/Medium,Lean (185+)
J. Panichelli,Joaquín Panichelli,20,Argentina,ST,Deportivo Alavés,La Liga,1.0,1100000.0,4000.0,3100000.0,62,79,1,58.0,65.0,44.0,57.0,20.0,58.0,Right,3,3,70,50,40,60,55,48,60.0,59,68,56,60,50,12,16,63,Medium/Medium,Lean (185+)
A. Malouda,Aaron Malouda,17,France,CAM,Lille,Ligue 1,1.0,1000000.0,700.0,2500000.0,62,79,1,75.0,54.0,57.0,67.0,32.0,46.0,Right,3,3,52,61,50,69,68,60,62.0,41,50,72,77,67,34,35,59,Medium/Medium,Normal (170-185)
R. Pagano,Riccardo Pagano,18,Italy,"CAM, CM, CF",Roma,Serie A,1.0,1000000.0,3000.0,2300000.0,62,79,1,62.0,55.0,62.0,64.0,46.0,46.0,Right,3,3,56,70,48,63,67,62,61.0,50,44,60,64,63,44,53,51,Medium/Medium,Normal (170-185)
Nico Paz,Nicolás Paz Martínez,18,Spain,"CM, CAM",Real Madrid,La Liga,1.0,1000000.0,7000.0,2700000.0,62,79,1,67.0,59.0,61.0,66.0,46.0,58.0,Left,2,2,60,62,54,66,69,69,64.0,62,65,68,67,69,35,58,62,Medium/Medium,Normal (185+)
F. Sylla,Fodé Sylla,17,France,"CM, CDM",Lens,Ligue 1,1.0,1000000.0,750.0,2500000.0,62,79,1,57.0,51.0,61.0,60.0,60.0,66.0,Right,2,2,48,67,54,59,65,61,59.0,57,70,51,62,58,56,65,57,Medium/Medium,Lean (185+)
David Amigo,David Amigo Calamardo,20,Spain,"LM, CAM, ST",Cádiz,La Liga,1.0,1000000.0,4000.0,2700000.0,62,78,1,66.0,58.0,59.0,63.0,31.0,51.0,Right,3,3,62,63,62,66,68,52,49.0,52,56,67,65,50,28,29,53,Medium/Medium,Normal (170-185)
Álex Padilla,Alejandro Padilla Pérez,19,Spain,GK,Athletic Club,La Liga,1.0,900000.0,1000.0,2500000.0,62,78,1,,,,,,,Right,3,1,6,22,13,10,15,22,21.0,19,52,34,27,31,5,15,7,Medium/Medium,Lean (185+)
P. Ratkov,Petar Ratkov,19,Serbia,ST,Salzburg,Bundesliga,1.0,1000000.0,2000.0,2100000.0,62,78,1,68.0,61.0,50.0,62.0,30.0,65.0,Right,3,2,65,59,42,63,64,54,52.0,57,68,61,73,68,27,30,55,Medium/Medium,Normal (185+)
A. Bojang,Adama Bojang,19,Gambia,ST,Stade de Reims,Ligue 1,1.0,1000000.0,3000.0,2600000.0,62,78,1,64.0,61.0,49.0,58.0,36.0,58.0,Right,3,3,66,55,42,62,61,52,51.0,57,61,66,63,48,35,33,59,Medium/Medium,Lean (185+)
B. Johnson,Baylin Johnson,17,England,"RW, RM, LM",Lecce,Serie A,1.0,1000000.0,2000.0,,62,78,1,83.0,56.0,53.0,67.0,28.0,51.0,Right,3,3,54,55,56,66,68,53,51.0,55,52,84,82,79,27,26,55,High/Medium,Lean (170-185)
C. Dalle Mura,Christian Dalle Mura,21,Italy,CB,Fiorentina,Serie A,1.0,925000.0,6000.0,2200000.0,62,77,1,59.0,30.0,45.0,43.0,65.0,60.0,Left,2,2,24,55,41,35,45,40,48.0,61,61,63,56,47,62,68,28,Low/Medium,Lean (185+)
Javi Serrano,Javier Serrano Martínez,20,Spain,"CM, CDM, CB",Sturm Graz,Bundesliga,1.0,950000.0,6000.0,,62,77,1,69.0,56.0,58.0,63.0,60.0,65.0,Right,3,2,57,63,48,61,65,62,57.0,65,63,74,65,58,61,59,60,Medium/High,Normal (170-185)
Víctor Aznar,Víctor Wehbi Aznar Ussen,20,Brazil,GK,Cádiz,La Liga,1.0,850000.0,2000.0,2300000.0,62,77,1,,,,,,,Right,2,1,7,35,13,14,18,39,31.0,27,70,30,28,35,7,18,6,Medium/Medium,Normal (185+)
J. Quansah,Jarell Quansah,20,England,CB,Liverpool,Premier League,1.0,900000.0,10000.0,2200000.0,62,77,1,63.0,29.0,47.0,48.0,60.0,69.0,Right,2,2,23,58,37,43,54,38,48.0,58,78,57,67,49,59,62,31,Medium/Medium,Lean (185+)
N. Bonte,Nolan Bonte,19,France,LW,Lens,Ligue 1,1.0,950000.0,4000.0,2400000.0,62,77,1,66.0,58.0,57.0,68.0,36.0,53.0,Right,3,3,57,58,58,67,66,60,62.0,57,52,69,64,76,34,35,59,Medium/Medium,Normal (170-185)
Cañizares,Lucas Cañizares Conchello,21,Spain,GK,Real Madrid,La Liga,1.0,850000.0,10000.0,2300000.0,62,76,1,,,,,,,Right,3,1,9,60,12,8,28,22,44.0,30,54,27,39,45,6,14,6,Medium/Medium,Lean (185+)
Andrés Caro,Andrés Carlos Caro Serrano,19,Spain,CB,Real Betis,La Liga,1.0,875000.0,2000.0,2400000.0,62,76,1,70.0,34.0,52.0,45.0,63.0,61.0,Right,3,2,30,61,39,34,53,51,49.0,56,64,69,70,49,63,62,27,Low/High,Lean (185+)
A. Camblan,Axel Camblan,19,France,LW,Brest,Ligue 1,1.0,950000.0,2000.0,2500000.0,62,76,1,75.0,54.0,60.0,66.0,41.0,41.0,Right,3,3,55,65,52,62,64,60,65.0,48,34,74,75,88,33,48,55,Medium/Medium,Normal (170-)
Kim Ji Soo,Ji Soo Kim,18,Korea Republic,CB,Brentford,Premier League,1.0,875000.0,2000.0,2200000.0,62,76,1,51.0,24.0,43.0,34.0,62.0,69.0,Right,4,2,21,52,23,28,35,43,42.0,55,79,43,58,38,63,61,25,Medium/High,Normal (185+)
A. Stejskal,Adam Stejskal,21,Czech Republic,GK,WSG Tirol,Bundesliga,1.0,850000.0,1000.0,1800000.0,62,76,1,,,,,,,Right,3,1,7,18,13,14,10,36,22.0,17,48,15,29,26,7,11,7,Medium/Medium,Lean (185+)
T. Dago,Trévis Dago,18,France,ST,Lille,Ligue 1,1.0,925000.0,2000.0,2300000.0,62,76,1,75.0,64.0,46.0,61.0,18.0,57.0,Right,3,2,65,50,45,63,58,52,55.0,54,60,72,77,67,12,14,56,Medium/Medium,Normal (170-185)
C. Doumbia,Cheick Doumbia,18,France,LB,Le Havre,Ligue 1,1.0,875000.0,900.0,2300000.0,62,76,1,70.0,44.0,56.0,62.0,57.0,51.0,Left,3,2,44,59,61,58,63,53,60.0,55,46,72,68,71,55,59,48,Medium/Medium,Lean (170-185)
A. Brückner,Angelo Brückner,20,Germany,"RB, LB, CDM",Hartberg,Bundesliga,1.0,925000.0,1000.0,1900000.0,62,76,1,73.0,28.0,60.0,59.0,53.0,52.0,Right,3,3,26,66,66,55,64,51,42.0,68,44,76,71,66,54,55,69,High/Medium,Normal (170-185)
T. Akinola,Tim Akinola,22,England,"CDM, CM",Arsenal,Premier League,1.0,925000.0,12000.0,2300000.0,62,75,1,71.0,50.0,55.0,61.0,58.0,69.0,Right,3,3,45,62,42,62,59,53,56.0,69,69,74,68,70,55,63,49,High/High,Normal (170-185)
B. Viunnyk,Bohdan Viunnyk,21,Ukraine,ST,Shakhtar Donetsk,Premier League,1.0,975000.0,500.0,2800000.0,62,75,1,73.0,62.0,51.0,57.0,30.0,62.0,Right,4,2,64,68,48,50,64,42,55.0,68,72,71,75,67,32,30,64,Medium/Medium,Stocky (185+)
F. Asllani,Fisnik Asllani,20,Germany,ST,Austria Wien,Bundesliga,1.0,975000.0,5000.0,,62,75,1,59.0,64.0,49.0,63.0,24.0,58.0,Right,4,3,69,55,36,63,63,58,59.0,54,66,57,61,64,19,20,62,Medium/Medium,Normal (185+)
Kikín,José Antonio Ángel García,20,Spain,RB,Cádiz,La Liga,1.0,925000.0,3000.0,2500000.0,62,75,1,74.0,35.0,45.0,60.0,61.0,50.0,Right,3,2,36,47,55,66,48,37,49.0,51,46,72,75,74,58,67,64,High/Medium,Lean (185+)
Hugo González,Hugo González Sotos,20,Spain,RW,Valencia,La Liga,1.0,950000.0,5000.0,2600000.0,62,75,1,70.0,65.0,57.0,65.0,32.0,53.0,Right,4,3,68,56,59,69,64,54,51.0,69,53,71,69,67,32,28,49,Medium/Medium,Normal (170-185)
M. Finkgräfe,Max Finkgräfe,19,Germany,"LB, LM, CM",FC Köln,Bundesliga,1.0,900000.0,2000.0,2200000.0,62,75,1,67.0,36.0,54.0,62.0,58.0,58.0,Left,3,2,31,60,62,64,61,42,49.0,55,60,66,67,66,56,62,48,Medium/Medium,Normal (170-185)
B. Nadir,Bilal Nadir,19,France,"CM, CDM",Olympique de Marseille,Ligue 1,1.0,950000.0,4000.0,2000000.0,62,74,1,60.0,52.0,60.0,61.0,57.0,60.0,Left,4,2,48,67,49,59,63,64,60.0,68,53,64,57,66,57,62,50,Medium/Medium,Lean (170-185)
M. Tolba,Mohammed Tolba,18,Germany,"RB, CB",VfL Bochum 1848,Bundesliga,1.0,875000.0,1000.0,1800000.0,62,74,1,61.0,38.0,53.0,60.0,61.0,63.0,Right,2,2,34,65,58,59,57,39,68.0,55,63,55,65,69,59,62,40,Medium/Medium,Lean (185+)
J. Desogus,Jacopo Desogus,20,Italy,"CF, LM",Cagliari,Serie A,1.0,975000.0,4000.0,2000000.0,62,74,1,76.0,61.0,57.0,69.0,28.0,50.0,Right,3,3,59,57,59,70,68,58,53.0,58,47,80,73,79,24,28,52,Medium/Medium,Normal (170-185)
Marco Moreno,Marco Moreno Ojeda,22,Spain,CB,Atlético Madrid,La Liga,1.0,925000.0,6000.0,2100000.0,62,74,1,57.0,33.0,43.0,45.0,60.0,72.0,Right,3,2,22,58,32,41,50,27,52.0,64,76,47,65,44,59,65,26,Medium/Medium,Normal (185+)
S. Shpendi,Stiven Shpendi,20,Albania,ST,Empoli,Serie A,1.0,975000.0,2000.0,2000000.0,62,74,1,66.0,63.0,45.0,64.0,22.0,57.0,Right,3,2,65,50,43,67,65,48,55.0,58,61,70,62,58,19,19,63,Medium/Medium,Normal (170-185)
T. Koch,Tobias Koch,22,Austria,"CM, CDM",Blau-Weiß Linz,Bundesliga,1.0,900000.0,2000.0,1500000.0,62,73,1,66.0,52.0,59.0,62.0,57.0,70.0,Right,3,3,54,66,50,60,64,60,61.0,82,68,64,68,66,54,61,48,Medium/Medium,Normal (170-185)
Manu Garrido,Manuel Garrido Álvarez,22,Spain,ST,Celta de Vigo,La Liga,1.0,900000.0,4000.0,2100000.0,62,73,1,57.0,62.0,54.0,61.0,20.0,59.0,Right,3,2,62,60,58,61,63,48,63.0,56,70,65,51,56,15,14,66,Medium/Medium,Normal (185+)
G. Manvelyan,Gor Manvelyan,21,France,CAM,Nantes,Ligue 1,1.0,900000.0,3000.0,2000000.0,62,73,1,70.0,59.0,60.0,68.0,33.0,34.0,Right,4,3,59,65,56,69,69,56,66.0,33,33,75,65,69,26,46,52,Medium/Low,Lean (170-185)
L. Wallner,Lukas Wallner,20,Austria,CB,Salzburg,Bundesliga,1.0,825000.0,2000.0,1400000.0,62,73,1,68.0,29.0,45.0,50.0,61.0,66.0,Left,3,2,23,57,35,40,60,35,47.0,62,67,66,70,62,58,64,21,Medium/Medium,Lean (185+)
É. Logbo,Élysée Logbo,19,France,ST,Le Havre,Ligue 1,1.0,875000.0,2000.0,1900000.0,62,73,1,63.0,62.0,49.0,61.0,19.0,64.0,Left,3,3,61,56,44,59,61,49,62.0,54,70,67,60,64,20,11,64,Medium/Medium,Normal (185+)
M. Dyachuk,Maksym Dyachuk,19,Ukraine,CB,Dynamo Kyiv,Premier League,1.0,800000.0,500.0,1900000.0,62,73,1,63.0,32.0,40.0,42.0,64.0,65.0,Right,3,2,25,44,36,39,40,42,53.0,62,70,61,65,41,60,68,36,Medium/Medium,Normal (185+)
R. Astley,Ryan Astley,21,Wales,CB,Everton,Premier League,1.0,825000.0,5000.0,1700000.0,62,72,1,51.0,34.0,51.0,49.0,63.0,65.0,Right,3,2,29,57,49,44,49,49,60.0,57,71,52,51,57,63,64,38,Medium/Medium,Lean (170-185)
M. Römling,Moritz Römling,22,Germany,LB,VfL Bochum 1848,Bundesliga,1.0,850000.0,3000.0,1700000.0,62,72,1,77.0,35.0,50.0,62.0,55.0,71.0,Left,2,3,32,56,57,63,58,41,53.0,70,73,80,74,73,53,58,55,Medium/Medium,Lean (185+)
Marco Camus,Marco Camús Muñoz,21,Spain,"LM, RM",Valencia,La Liga,1.0,900000.0,4000.0,2100000.0,62,72,1,70.0,56.0,58.0,63.0,32.0,50.0,Left,3,3,60,61,55,64,62,57,52.0,65,41,70,70,72,29,35,60,Medium/Medium,Lean (170-185)
Alfonso Pastor,Alfonso Pastor Vacas,22,Spain,GK,Sevilla,La Liga,1.0,775000.0,3000.0,1800000.0,62,72,1,,,,,,,Right,2,1,9,17,11,8,18,27,25.0,24,59,27,17,22,7,12,6,Medium/Medium,Lean (185+)
N. Bischof,Noah Bischof,20,Austria,"ST, RM",Rheindorf Altach,Bundesliga,1.0,875000.0,2000.0,1400000.0,62,72,1,78.0,60.0,49.0,65.0,22.0,55.0,Left,3,3,63,57,48,65,63,51,53.0,64,56,81,75,80,21,20,64,High/Medium,Lean (185+)
René Pérez,René Pérez Iglesias,22,Spain,"CDM, CB, CM",Almería,La Liga,1.0,850000.0,4000.0,2000000.0,62,72,1,62.0,59.0,56.0,58.0,60.0,67.0,Right,3,3,59,62,41,58,61,60,63.0,62,72,61,63,52,58,62,60,High/Medium,Normal (170-185)
Silva Kani,Ayi Silva Kangani,20,Israel,"RM, ST",Austria Wien,Bundesliga,1.0,875000.0,2000.0,1400000.0,62,72,1,77.0,61.0,54.0,64.0,28.0,66.0,Left,2,3,64,55,55,66,65,55,50.0,62,74,75,79,72,24,27,59,Medium/Medium,Normal (185+)
F. Windhager,Fabian Windhager,21,Austria,"RWB, RM",Blau-Weiß Linz,Bundesliga,1.0,850000.0,1000.0,1400000.0,62,71,1,76.0,55.0,57.0,58.0,54.0,52.0,Right,3,2,56,58,61,54,56,58,59.0,72,41,76,76,71,48,61,62,High/Medium,Normal (170-)
T. Francois,Tyrese Jay Francois,22,Australia,"CM, CDM",Fulham,Premier League,1.0,900000.0,10000.0,1900000.0,62,70,1,67.0,44.0,58.0,67.0,58.0,55.0,Left,4,3,44,67,45,64,66,60,66.0,67,50,72,62,79,64,55,52,Medium/High,Lean (170-185)
Pau Víctor,Pau Víctor Delgado,21,Spain,"ST, CAM",FC Barcelona,La Liga,1.0,900000.0,4000.0,,62,70,1,76.0,58.0,60.0,65.0,52.0,67.0,Right,3,3,57,64,55,64,65,63,60.0,62,68,77,76,77,40,58,59,Medium/High,Normal (170-185)
Y. Pandor,Yannick Pandor,22,Comoros,GK,Lens,Ligue 1,1.0,775000.0,4000.0,1600000.0,62,70,1,,,,,,,Left,2,1,6,22,10,6,19,28,24.0,23,51,19,22,26,7,15,9,Medium/Medium,Lean (185+)
Y. M'Bemba,Yannis M'Bemba,22,France,"CB, CDM",Nantes,Ligue 1,1.0,825000.0,3000.0,1800000.0,62,70,1,53.0,31.0,47.0,41.0,61.0,63.0,Left,2,2,27,60,54,34,51,26,42.0,37,76,47,58,37,57,66,28,Medium/Medium,Normal (185+)
C. Bukta,Csaba Bukta,21,Hungary,"RM, RWB",Rheindorf Altach,Bundesliga,1.0,800000.0,2000.0,1300000.0,62,69,1,85.0,53.0,54.0,65.0,41.0,44.0,Right,3,3,57,56,60,65,63,54,48.0,66,36,86,84,81,37,43,55,Medium/Medium,Lean (170-185)
S. Aigner,Sebastian Aigner,22,Austria,"CDM, CM",Rheindorf Altach,Bundesliga,1.0,750000.0,2000.0,1200000.0,62,69,1,65.0,42.0,56.0,62.0,57.0,63.0,Right,3,2,39,64,40,60,63,62,58.0,68,61,62,67,67,54,58,36,Medium/Medium,Lean (170-185)
S. Škrbo,Stefan Škrbo,22,Austria,LM,WSG Tirol,Bundesliga,1.0,800000.0,2000.0,1300000.0,62,69,1,74.0,55.0,57.0,65.0,43.0,52.0,Right,3,3,56,58,63,64,65,55,49.0,64,45,72,76,74,45,49,55,Medium/Medium,Normal (170-185)
A. Boakye,Augustine Boakye,22,Ghana,"CAM, RW, LM",Wolfsberger AC,Bundesliga,1.0,800000.0,2000.0,1300000.0,62,69,1,84.0,59.0,57.0,67.0,26.0,50.0,Left,3,3,62,60,57,67,63,58,50.0,62,51,83,85,85,32,22,56,Medium/Medium,Lean (170-185)
M. Doucouré,Mamadou Doucouré,25,France,"CB, CDM",Borussia Mönchengladbach,Bundesliga,1.0,525000.0,4000.0,932000.0,62,67,1,50.0,31.0,49.0,53.0,62.0,59.0,Left,3,2,21,62,35,48,56,48,45.0,34,68,52,48,65,63,65,29,Low/Medium,Normal (170-185)
N. Schmid,Nicolas Schmid,26,Austria,GK,Blau-Weiß Linz,Bundesliga,1.0,450000.0,1000.0,686000.0,62,67,1,,,,,,,Right,4,1,10,27,14,14,18,44,35.0,22,59,32,30,22,16,21,5,Medium/Medium,Normal (185+)
D. Sommariva,Daniele Sommariva,25,Italy,GK,Genoa,Serie A,1.0,400000.0,3000.0,750000.0,62,65,1,,,,,,,Right,2,1,18,31,15,13,18,21,28.0,31,57,40,44,37,20,17,15,Medium/Medium,Normal (185+)
N. Klinger,Niklas Klinger,27,Germany,GK,VfL Wolfsburg,Bundesliga,1.0,375000.0,6000.0,666000.0,62,64,1,,,,,,,Right,3,1,6,24,12,8,12,30,41.0,36,64,31,35,49,10,9,6,Medium/Medium,Normal (185+)
D. Reiter,Dominik Reiter,25,Austria,RM,Rheindorf Altach,Bundesliga,1.0,475000.0,2000.0,724000.0,62,63,1,71.0,59.0,58.0,64.0,28.0,56.0,Right,3,2,58,61,58,63,63,57,57.0,51,65,70,72,71,21,27,61,Medium/Medium,Normal (170-185)
M. Baltaxa,Matan Baltaksa,27,Israel,"CB, LWB",Austria Wien,Bundesliga,1.0,400000.0,3000.0,610000.0,62,63,1,72.0,29.0,47.0,58.0,61.0,64.0,Left,3,2,28,48,57,57,59,43,48.0,53,66,71,72,58,59,65,49,Medium/High,Normal (185+)
A. Berardi,Alessandro Berardi,32,Italy,GK,Hellas Verona,Serie A,1.0,200000.0,4000.0,360000.0,62,62,1,,,,,,,Right,3,1,10,29,14,11,21,55,53.0,45,55,50,51,35,11,19,12,Medium/Medium,Normal (185+)
Josi Mouraldo,Josimar Milton Moura Chissano,31,Brazil,CAM,América Mineiro,Serie A,1.0,325000.0,3000.0,618000.0,62,62,1,59.0,56.0,62.0,63.0,42.0,67.0,Left,2,3,56,64,59,63,61,64,60.0,63,77,58,60,67,19,56,63,Medium/Medium,Normal (170-185)
J. Flemmings,Junior Flemmings,27,Jamaica,"LM, RM, ST",Toulouse,Ligue 1,1.0,425000.0,4000.0,850000.0,62,62,1,66.0,66.0,58.0,63.0,30.0,53.0,Right,3,3,67,64,60,65,64,58,55.0,36,70,66,66,60,26,30,65,Medium/Low,Normal (170-185)
D. Gore,Daniel Gore,18,England,"CM, CAM",Manchester United,Premier League,1.0,1000000.0,5000.0,2900000.0,61,84,1,72.0,50.0,60.0,67.0,48.0,54.0,Right,3,3,48,65,52,65,64,62,64.0,62,45,75,69,80,47,53,58,High/High,Lean (170-185)
L. Ulrich,Laurin Ulrich,18,Germany,"CM, CAM, LM",VfB Stuttgart,Bundesliga,1.0,1000000.0,1000.0,2800000.0,61,84,1,74.0,59.0,61.0,68.0,45.0,61.0,Right,3,3,57,66,55,67,67,59,60.0,62,64,73,74,77,46,45,55,Medium/Medium,Normal (170-185)
L. Harris,Luke Harris,18,Wales,CAM,Fulham,Premier League,1.0,1000000.0,4000.0,2900000.0,61,84,1,58.0,60.0,57.0,67.0,37.0,44.0,Right,3,3,65,61,52,66,64,57,68.0,46,40,68,49,74,42,34,61,Medium/Medium,Lean (170-)
D. Seimen,Dennis Seimen,17,Germany,GK,VfB Stuttgart,Bundesliga,1.0,925000.0,500.0,2600000.0,61,84,1,,,,,,,Left,4,1,6,22,10,8,17,25,30.0,31,68,37,44,38,9,8,7,Medium/Medium,Normal (185+)
W. Amey,Wisdom Amey,17,Italy,CB,Bologna,Serie A,1.0,975000.0,500.0,2700000.0,61,82,1,59.0,39.0,52.0,46.0,60.0,66.0,Right,3,2,32,62,52,41,49,41,55.0,60,71,52,64,47,56,66,41,Medium/Medium,Normal (185+)
S. Moore,Sean Moore,17,Republic of Ireland,"LM, RM",West Ham United,Premier League,1.0,1000000.0,1000.0,2900000.0,61,82,1,72.0,60.0,54.0,65.0,29.0,37.0,Left,3,3,63,56,60,68,68,52,51.0,40,37,70,73,51,22,36,57,Medium/Low,Lean (170-185)
D. Pejčinović,Dženan Pejčinović,18,Germany,ST,VfL Wolfsburg,Bundesliga,1.0,825000.0,3000.0,1900000.0,61,80,1,58.0,60.0,52.0,61.0,24.0,59.0,Left,3,3,65,58,40,61,63,60,57.0,54,63,62,54,65,16,23,62,Medium/Medium,Normal (185+)
J. N'Duquidi,Joseph N'Duquidi,18,France,CDM,Metz,Ligue 1,1.0,800000.0,850.0,2100000.0,61,80,1,68.0,46.0,59.0,64.0,60.0,63.0,Right,3,2,37,62,53,65,64,62,59.0,63,63,67,69,67,57,63,53,Medium/Medium,Normal (185+)
Nacho Ferri,Ignacio Ferri Julià,18,Spain,ST,Eintracht Frankfurt,Bundesliga,1.0,825000.0,2000.0,1900000.0,61,80,1,69.0,63.0,47.0,55.0,25.0,59.0,Right,3,2,67,55,46,55,57,46,52.0,54,70,70,68,54,20,23,57,Medium/Medium,Stocky (185+)
G. Gineitis,Gvidas Gineitis,19,Lithuania,"CM, CDM",Torino,Serie A,1.0,850000.0,4000.0,2000000.0,61,80,1,64.0,53.0,58.0,59.0,51.0,65.0,Left,3,2,44,67,42,61,61,57,47.0,66,66,62,65,54,47,51,59,Medium/Medium,Lean (185+)
N. O'Reilly,Nico O'Reilly,18,England,"CAM, CM",Manchester City,Premier League,1.0,825000.0,6000.0,2000000.0,61,80,1,69.0,56.0,58.0,65.0,45.0,59.0,Left,2,3,55,60,54,65,67,58,60.0,48,67,64,73,73,46,46,57,Medium/Medium,Normal (185+)
Mario Fuente,Mario Fuente Fernández,19,Spain,ST,Celta de Vigo,La Liga,1.0,850000.0,2000.0,2300000.0,61,79,1,72.0,62.0,49.0,63.0,19.0,58.0,Right,3,3,64,50,47,62,60,53,61.0,56,57,74,70,75,11,16,62,Medium/Medium,Lean (170-185)
R. Walters,Reuell Walters,18,England,"RB, CB",Arsenal,Premier League,1.0,800000.0,4000.0,2000000.0,61,79,1,65.0,30.0,40.0,52.0,65.0,59.0,Right,3,2,27,34,52,59,39,41,47.0,60,58,63,66,54,62,71,43,Medium/Medium,Normal (170-185)
S. Appuah,Stredair Appuah,19,France,LM,Nantes,Ligue 1,1.0,850000.0,2000.0,2200000.0,61,79,1,67.0,60.0,55.0,67.0,27.0,42.0,Left,3,4,63,59,58,70,67,52,55.0,38,47,66,68,64,24,29,53,Medium/Medium,Lean (185+)
D. Ihendu,Daniel Ihendu,17,Germany,CB,Werder Bremen,Bundesliga,1.0,775000.0,500.0,1900000.0,61,79,1,70.0,30.0,36.0,33.0,59.0,70.0,Right,2,2,27,47,26,29,33,27,47.0,53,81,66,73,31,56,62,25,Medium/Medium,Normal (185+)
G. Corona,Giacomo Corona,19,Italy,"ST, RW, LW",Empoli,Serie A,1.0,850000.0,650.0,,61,79,1,72.0,59.0,55.0,62.0,40.0,71.0,Right,3,3,58,56,54,63,63,57,55.0,55,77,70,74,60,29,48,58,High/Medium,Normal (185+)
F. Alessio,Filippo Alessio,18,Italy,ST,Roma,Serie A,1.0,825000.0,4000.0,1900000.0,61,79,1,61.0,62.0,48.0,55.0,23.0,59.0,Right,3,2,67,58,36,54,60,51,58.0,54,71,60,61,49,20,15,55,Medium/Low,Lean (185+)
I. Sané,Ibou Sané,18,Senegal,ST,Metz,Ligue 1,1.0,825000.0,1000.0,2200000.0,61,79,1,69.0,62.0,47.0,64.0,22.0,48.0,Right,4,2,65,54,41,67,66,52,54.0,51,52,68,70,57,18,17,56,Medium/Medium,Normal (170-185)
R. Bennett,Rhys Bennett,19,England,CB,Manchester United,Premier League,1.0,800000.0,7000.0,2000000.0,61,78,1,59.0,37.0,48.0,53.0,59.0,66.0,Right,3,2,31,57,35,50,52,48,62.0,58,70,58,59,58,58,60,26,Medium/High,Lean (185+)
S. Koeberle,Samuel Koeberle,18,France,CAM,Stade de Reims,Ligue 1,1.0,825000.0,1000.0,2200000.0,61,78,1,57.0,55.0,64.0,63.0,41.0,44.0,Left,3,3,54,65,62,61,63,65,61.0,42,44,60,54,64,38,44,56,Medium/Medium,Lean (170-185)
T. Nakai,中井 卓大,19,Japan,"CAM, CF",Real Madrid,La Liga,1.0,850000.0,11000.0,2300000.0,61,77,1,58.0,50.0,59.0,66.0,31.0,46.0,Right,4,3,50,64,42,70,67,70,61.0,46,50,53,62,53,31,32,50,Medium/Medium,Lean (170-185)
G. Garofani,Giovanni Gabriele Garofani,20,Italy,GK,Juventus,Serie A,1.0,750000.0,6000.0,1700000.0,61,77,1,,,,,,,Left,3,1,6,25,12,14,19,21,31.0,28,63,35,32,33,6,13,6,Medium/Medium,Normal (185+)
Alberto Flores,Alberto Flores López,19,Spain,GK,Sevilla,La Liga,1.0,750000.0,1000.0,2000000.0,61,77,1,,,,,,,Left,3,1,5,28,12,10,13,35,30.0,26,61,33,25,27,7,11,6,Medium/Medium,Normal (185+)
A. Aourir,Ayman Aourir,18,Morocco,"CAM, CF",Bayer 04 Leverkusen,Bundesliga,1.0,825000.0,3000.0,1900000.0,61,77,1,66.0,54.0,59.0,66.0,42.0,39.0,Right,4,3,54,60,56,65,65,60,60.0,50,33,64,67,79,42,48,57,Medium/Medium,Normal (170-185)
Vivaldo,Vivaldo Leandro Semedo Moura Sousa,18,Portugal,ST,Udinese,Serie A,1.0,825000.0,1000.0,2000000.0,61,77,1,51.0,60.0,46.0,54.0,33.0,66.0,Left,3,2,64,56,35,53,60,53,54.0,47,76,45,55,45,28,30,60,High/Medium,Normal (185+)
Diego Bri,Diego Vicente Bri Carrazoni,20,Spain,"LM, RM",Atlético Madrid,La Liga,1.0,800000.0,6000.0,2100000.0,61,76,1,61.0,56.0,59.0,64.0,24.0,35.0,Left,3,3,61,62,61,65,66,56,46.0,42,35,60,62,64,29,21,57,High/Low,Lean (170-185)
E. Brierley,Ethan Craig Brierley,19,England,CM,Brentford,Premier League,1.0,775000.0,5000.0,2000000.0,61,76,1,71.0,46.0,59.0,63.0,53.0,55.0,Right,2,2,40,66,46,62,60,61,57.0,66,51,72,70,74,54,53,55,Medium/Medium,Lean (170-185)
S. Jatta,Seedy Jatta,20,Norway,ST,Sturm Graz,Bundesliga,1.0,800000.0,2000.0,1700000.0,61,76,1,76.0,57.0,42.0,64.0,26.0,67.0,Right,3,2,60,50,33,62,62,51,49.0,62,74,75,77,81,30,18,61,High/Medium,Normal (170-185)
Hugo Sotelo,Hugo Sotelo Gómez,19,Spain,"CM, RM",Celta de Vigo,La Liga,1.0,775000.0,2000.0,2100000.0,61,76,1,64.0,60.0,60.0,63.0,41.0,45.0,Right,3,3,65,61,55,65,63,67,48.0,35,55,63,65,60,22,50,65,Medium/Medium,Normal (170-185)
D. Williams,Dylan Williams,19,England,"LB, LWB",Chelsea,Premier League,1.0,750000.0,7000.0,1900000.0,61,76,1,66.0,36.0,51.0,60.0,55.0,48.0,Left,2,2,36,51,63,58,57,48,50.0,67,37,66,66,68,52,59,55,High/Medium,Lean (170-185)
S. Baidoo,Samson Baidoo,19,Austria,CB,Salzburg,Bundesliga,1.0,725000.0,2000.0,1500000.0,61,76,1,60.0,26.0,47.0,57.0,59.0,66.0,Right,3,2,22,64,27,57,60,35,55.0,56,71,55,64,53,59,60,23,Medium/Medium,Normal (185+)
S. Pino,Sebastián Andrés Pino Elfeld,20,Chile,CB,Deportivo Alavés,La Liga,1.0,750000.0,3000.0,2100000.0,61,76,1,59.0,32.0,37.0,36.0,62.0,70.0,Right,3,2,28,50,29,32,35,30,45.0,65,79,55,62,49,54,73,28,Medium/High,Normal (185+)
Iker Muñoz,Iker Muñoz Cameros,20,Spain,"CM, CDM",Osasuna,La Liga,1.0,775000.0,3000.0,2100000.0,61,76,1,60.0,52.0,57.0,60.0,50.0,53.0,Right,3,3,58,64,43,60,62,62,42.0,53,53,56,64,58,38,56,58,Medium/Medium,Normal (170-185)
M. Mbaye,Malick Mbaye,19,Senegal,RM,Metz,Ligue 1,1.0,775000.0,2000.0,2000000.0,61,76,1,81.0,62.0,52.0,61.0,26.0,52.0,Right,2,3,66,52,54,59,65,55,55.0,58,51,82,80,64,27,23,60,High/Low,Normal (170-185)
Kauã Santos,Kauã Morais Vieira dos Santos,20,Brazil,GK,Eintracht Frankfurt,Bundesliga,1.0,700000.0,3000.0,1600000.0,61,76,1,,,,,,,Right,1,1,4,22,11,8,13,22,20.0,24,64,32,28,31,6,14,4,Medium/Medium,Normal (185+)
S. Sane,Sadibou Sane,19,Senegal,CB,Metz,Ligue 1,1.0,725000.0,2000.0,1900000.0,61,76,1,64.0,32.0,34.0,38.0,63.0,64.0,Right,3,2,25,37,34,34,37,30,43.0,57,70,62,66,42,55,68,24,Medium/Medium,Normal (185+)
Selvi,Selvi Clua Oya,18,Spain,"CDM, CM",Girona,La Liga,1.0,725000.0,1000.0,2000000.0,61,76,1,56.0,33.0,57.0,46.0,61.0,53.0,Left,3,2,30,65,42,32,60,60,45.0,50,54,55,57,62,58,66,38,Medium/Medium,Normal (185+)
N. Young-Coombes,Nathan Young-Coombes,20,England,"ST, RW, LW",Brentford,Premier League,1.0,800000.0,7000.0,2000000.0,61,75,1,68.0,62.0,53.0,61.0,20.0,54.0,Right,3,2,65,58,57,60,57,57,52.0,58,52,72,65,75,13,19,61,Medium/Low,Normal (170-185)
S. Ba,Sanoussy Ba,19,Germany,"LB, LM, RM",LASK Linz,Bundesliga,1.0,750000.0,4000.0,,61,75,1,74.0,34.0,53.0,65.0,56.0,48.0,Left,5,2,33,60,59,68,63,54,49.0,53,48,75,74,68,57,59,45,Medium/Medium,Normal (170-185)
S. Ebonog,Simon Ebonog,18,France,CM,Le Havre,Ligue 1,1.0,750000.0,1000.0,2000000.0,61,75,1,68.0,50.0,59.0,60.0,56.0,45.0,Right,3,2,47,66,47,58,63,63,58.0,48,41,69,68,60,52,63,56,Medium/Medium,Lean (170-185)
S. Ngoura,Steve Ngoura,18,France,ST,Le Havre,Ligue 1,1.0,775000.0,1000.0,2000000.0,61,75,1,53.0,61.0,44.0,63.0,19.0,53.0,Right,3,3,62,54,29,64,63,49,60.0,55,59,56,51,61,13,18,64,Medium/Medium,Lean (185+)
K. Vivcharenko,Kostyantyn Vivcharenko,21,Ukraine,LB,Dynamo Kyiv,Premier League,1.0,775000.0,500.0,2200000.0,61,75,1,66.0,46.0,56.0,59.0,57.0,65.0,Left,3,2,44,62,51,56,61,51,63.0,67,64,67,65,63,58,57,56,Medium/Medium,Normal (170-185)
J. Hodge,Joseph Shaun Hodge,20,Republic of Ireland,"CM, CDM",Wolverhampton Wanderers,Premier League,1.0,775000.0,7000.0,2000000.0,61,74,1,64.0,48.0,60.0,61.0,58.0,58.0,Right,2,2,41,64,56,58,61,62,61.0,62,51,71,59,70,58,59,54,Medium/Medium,Normal (170-185)
K. Etta Eyong,Karl Edouard Blaise Etta Eyong,19,Cameroon,"CDM, CM",Cádiz,La Liga,1.0,725000.0,2000.0,2000000.0,61,74,1,59.0,37.0,52.0,55.0,61.0,61.0,Right,3,2,33,63,35,49,62,56,41.0,45,69,61,58,58,64,65,30,Medium/High,Stocky (170-185)
S. Wade,Sebastian John Wade Gardiner,20,England,"LWB, LM, LB",Torino,Serie A,1.0,750000.0,5000.0,1700000.0,61,74,1,61.0,32.0,51.0,53.0,64.0,56.0,Left,2,2,30,55,51,49,58,45,58.0,57,52,65,57,54,56,73,45,Medium/Medium,Lean (185+)
S. Walde,Simon Walde,18,Germany,RB,Borussia Mönchengladbach,Bundesliga,1.0,725000.0,1000.0,1700000.0,61,74,1,57.0,38.0,53.0,56.0,61.0,63.0,Right,2,2,38,58,58,58,53,46,50.0,62,65,60,54,60,60,63,44,Medium/Medium,Lean (185+)
Martín Tejón,Martín Tejón Fauli,19,Spain,"CAM, RW",Valencia,La Liga,1.0,775000.0,3000.0,2100000.0,61,74,1,62.0,60.0,60.0,62.0,39.0,52.0,Right,3,3,59,68,47,62,61,61,57.0,61,49,61,63,71,39,41,57,Medium/Medium,Normal (170-)
D. Franchi,Denis Franchi,20,Italy,GK,Burnley,Premier League,1.0,700000.0,4000.0,1500000.0,61,73,1,,,,,,,Right,2,1,9,28,8,13,20,27,31.0,30,58,35,39,37,13,15,11,Medium/Medium,Lean (185+)
J. Affamah,Joe-Loïc Affamah,21,France,ST,Nantes,Ligue 1,1.0,800000.0,3000.0,1800000.0,61,73,1,75.0,64.0,50.0,57.0,28.0,51.0,Right,2,2,66,57,43,52,58,54,54.0,46,53,76,74,74,26,28,59,Medium/High,Normal (170-185)
A. Atta,Arthur Atta,20,France,CAM,Metz,Ligue 1,1.0,800000.0,2000.0,1800000.0,61,73,1,70.0,49.0,56.0,62.0,56.0,67.0,Right,3,3,46,63,44,62,61,61,60.0,63,70,67,73,68,53,60,64,Medium/Medium,Lean (185+)
Santisteban,David Santisteban García,22,Spain,ST,Sevilla,La Liga,1.0,750000.0,4000.0,1700000.0,61,72,1,66.0,62.0,47.0,65.0,20.0,44.0,Right,3,2,65,58,35,66,64,42,47.0,49,41,67,65,72,14,16,61,Medium/Medium,Normal (170-185)
Y. Guermouche,Yanis Guermouche,22,Algeria,ST,Montpellier,Ligue 1,1.0,750000.0,4000.0,1700000.0,61,72,1,57.0,62.0,49.0,60.0,23.0,58.0,Right,3,2,67,58,38,64,59,54,55.0,47,71,56,58,58,15,21,59,Medium/Medium,Lean (185+)
R. Nyakossi,Roggerio Nyakossi,19,Switzerland,CB,Olympique de Marseille,Ligue 1,1.0,650000.0,3000.0,1400000.0,61,72,1,60.0,26.0,41.0,44.0,59.0,77.0,Right,3,2,22,45,36,39,49,46,58.0,64,90,55,64,34,57,62,24,Medium/Medium,Normal (185+)
D. Samek,Daniel Samek,19,Czech Republic,"CDM, CM",Lecce,Serie A,1.0,675000.0,1000.0,1400000.0,61,72,1,54.0,64.0,67.0,65.0,53.0,59.0,Right,4,2,64,71,67,67,65,61,64.0,65,58,56,53,59,49,56,52,Medium/Medium,Normal (170-185)
M. Fuseini,Mohammed Gadafi Fuseini,21,Ghana,ST,Sturm Graz,Bundesliga,1.0,750000.0,2000.0,1300000.0,61,72,1,86.0,60.0,52.0,67.0,24.0,44.0,Right,3,3,63,54,54,66,63,52,56.0,48,42,87,85,83,20,21,57,Medium/Medium,Lean (170-)
Hormigo,Diego Hormigo Iturralde,20,Spain,"LB, CB",Sevilla,La Liga,1.0,675000.0,3000.0,1600000.0,61,72,1,61.0,26.0,49.0,47.0,62.0,55.0,Left,3,3,28,52,60,45,44,38,42.0,57,56,62,61,50,61,64,42,Medium/High,Normal (170-185)
L. Ibertsberger,Lukas Ibertsberger,19,Austria,"LB, LWB",Wolfsberger AC,Bundesliga,1.0,675000.0,2000.0,,61,72,1,70.0,47.0,59.0,58.0,57.0,54.0,Left,3,2,38,60,60,56,58,54,48.0,62,47,67,72,70,55,61,47,Medium/Medium,Lean (170-185)
R. Voisine,Robin Voisine,21,France,CB,Nantes,Ligue 1,1.0,700000.0,3000.0,1500000.0,61,71,1,51.0,33.0,32.0,42.0,59.0,63.0,Left,2,2,28,40,30,35,49,26,45.0,34,72,60,44,58,50,65,29,Medium/Medium,Normal (185+)
I. Monterisi,Ilario Monterisi,21,Italy,"RB, CB",Frosinone,Serie A,1.0,700000.0,1000.0,1400000.0,61,71,1,61.0,30.0,44.0,47.0,63.0,67.0,Right,3,2,26,53,47,46,51,34,43.0,55,72,55,65,37,61,66,32,Medium/Medium,Normal (185+)
Kike Bartual,Enrique Bartual González,21,Spain,GK,Villarreal,La Liga,1.0,650000.0,2000.0,1500000.0,61,71,1,,,,,,,Right,3,1,7,33,23,8,12,36,36.0,37,39,27,29,34,10,9,5,Medium/Medium,Lean (185+)
D. Mamutovic,David Mamutovic,22,Germany,"LM, LWB, RM",FSV Mainz 05,Bundesliga,1.0,725000.0,4000.0,1400000.0,61,71,1,67.0,58.0,58.0,62.0,43.0,59.0,Left,3,3,56,62,62,66,64,53,55.0,53,67,67,67,52,45,45,57,Medium/Medium,Lean (185+)
V. Jaroš,Vítězslav Jaroš,21,Czech Republic,GK,Liverpool,Premier League,1.0,650000.0,7000.0,1300000.0,61,70,1,,,,,,,Right,3,1,11,45,12,15,29,60,58.0,40,58,39,38,50,17,12,14,Medium/Medium,Normal (185+)
M. Adopo,Michel Ndary Adopo,22,France,"CM, CDM, CB",Atalanta,Serie A,1.0,725000.0,6000.0,1400000.0,61,70,1,65.0,54.0,60.0,61.0,62.0,64.0,Right,3,2,47,68,51,63,63,56,51.0,49,70,63,66,62,60,65,58,Medium/Medium,Stocky (185+)
M. Koné,Mohamed Koné,21,Côte d'Ivoire,GK,Le Havre,Ligue 1,1.0,650000.0,2000.0,1400000.0,61,70,1,,,,,,,Right,3,1,7,21,13,14,13,22,30.0,17,60,17,28,22,5,11,7,Medium/Medium,Normal (185+)
N. Moriah-Welsh,Nathan Moriah-Welsh,21,Guyana,CM,AFC Bournemouth,Premier League,1.0,725000.0,6000.0,1500000.0,61,70,1,70.0,54.0,59.0,66.0,53.0,63.0,Right,3,2,53,64,55,61,64,58,61.0,75,53,71,69,84,49,59,58,High/High,Lean (170-185)
S. Kalaj,Sergio Kalaj,23,Albania,CB,Frosinone,Serie A,1.0,675000.0,2000.0,1400000.0,61,70,1,59.0,27.0,42.0,43.0,61.0,67.0,Right,3,2,21,54,31,38,50,32,44.0,64,74,53,63,36,59,64,23,Medium/Medium,Lean (185+)
B. Dizdarević,Belmin Dizdarević,21,Bosnia and Herzegovina,GK,Montpellier,Ligue 1,1.0,650000.0,2000.0,1400000.0,61,70,1,,,,,,,Right,2,1,6,20,11,14,12,26,23.0,23,60,23,30,24,8,12,4,Medium/Medium,Normal (185+)
F. Schock,Florian Schock,22,Germany,GK,VfB Stuttgart,Bundesliga,1.0,650000.0,2000.0,1300000.0,61,69,1,,,,,,,Right,2,1,9,20,13,8,11,30,30.0,28,76,26,25,28,8,11,6,Medium/Medium,Normal (185+)
M. Bamba,Mohamed Bamba,21,Côte d'Ivoire,ST,Wolfsberger AC,Bundesliga,1.0,750000.0,2000.0,1200000.0,61,69,1,72.0,63.0,48.0,58.0,24.0,64.0,Right,3,2,65,53,43,55,57,52,58.0,60,66,71,72,73,18,23,62,Medium/Medium,Normal (170-185)
P. Komposch,Paul Komposch,22,Austria,CB,Hartberg,Bundesliga,1.0,625000.0,2000.0,1000000.0,61,68,1,65.0,29.0,44.0,42.0,61.0,67.0,Right,3,2,26,58,23,33,43,42,51.0,64,69,64,66,58,59,64,24,Medium/Medium,Normal (185+)
A. Abdijanovic,Amir Abdijanovic,22,Austria,"ST, CF",Rheindorf Altach,Bundesliga,1.0,675000.0,2000.0,1100000.0,61,68,1,68.0,60.0,51.0,62.0,21.0,62.0,Right,5,3,61,59,48,60,61,49,55.0,60,63,64,72,73,15,20,61,Medium/Medium,Normal (170-185)
N. Djorić,Nikola Djorić,23,Serbia,CB,Austria Klagenfurt,Bundesliga,1.0,600000.0,1000.0,990000.0,61,68,1,56.0,25.0,46.0,41.0,61.0,69.0,Right,3,2,19,56,41,33,48,46,58.0,62,75,54,58,45,60,62,25,Medium/Medium,Normal (185+)
B. Unger,Bernhard Unger,24,Austria,GK,Rapid Wien,Bundesliga,1.0,425000.0,2000.0,701000.0,61,67,1,,,,,,,Right,2,1,9,28,13,8,17,29,38.0,28,73,43,38,38,18,11,5,Medium/Medium,Normal (185+)
I. May,Iba May,25,Germany,"CDM, RB",Austria Klagenfurt,Bundesliga,1.0,450000.0,1000.0,743000.0,61,67,1,63.0,48.0,53.0,59.0,58.0,69.0,Right,2,2,46,61,53,58,61,43,47.0,61,73,62,63,59,57,61,46,Medium/High,Stocky (170-185)
K. Zedadka,Karim Zedadka,23,France,"LB, LW, RB",Napoli,Serie A,1.0,475000.0,6000.0,903000.0,61,67,1,71.0,53.0,58.0,64.0,57.0,49.0,Right,2,2,50,60,58,64,62,62,49.0,51,45,68,73,73,54,62,56,High/Medium,Lean (170-185)
L. Skraback,Luiz Skraback,20,Germany,LM,Borussia Mönchengladbach,Bundesliga,1.0,500000.0,3000.0,950000.0,61,67,1,69.0,56.0,57.0,63.0,44.0,51.0,Right,3,2,58,62,57,63,64,53,50.0,54,52,69,69,70,40,48,59,Medium/Medium,Lean (170-185)
K. Parris,Kaheem Parris,23,Jamaica,RM,Dynamo Kyiv,Premier League,1.0,525000.0,500.0,1300000.0,61,67,1,74.0,48.0,56.0,61.0,26.0,47.0,Left,2,3,54,57,60,63,60,58,42.0,61,46,74,74,66,25,27,57,Medium/Medium,Normal (170-185)
A. Eckmayr,Alexander Eckmayr,23,Austria,GK,Rheindorf Altach,Bundesliga,1.0,425000.0,1000.0,701000.0,61,67,1,,,,,,,Right,2,1,6,23,13,10,19,31,32.0,24,43,28,16,32,7,13,4,Medium/Medium,Normal (185+)
Dudu,Eduardo Dos Santos Haesler,24,Germany,GK,Werder Bremen,Bundesliga,1.0,400000.0,2000.0,750000.0,61,66,1,,,,,,,Right,2,1,9,37,12,6,18,43,33.0,16,74,27,29,27,5,10,7,Medium/Medium,Normal (185+)
C. Urdl,Christoph Urdl,23,Austria,"RW, LW",Hartberg,Bundesliga,1.0,500000.0,2000.0,763000.0,61,66,1,68.0,64.0,59.0,61.0,35.0,61.0,Right,3,3,63,60,59,62,60,58,60.0,65,62,67,68,66,27,37,57,Medium/Medium,Normal (170-185)
L. Wedl,Lukas Wedl,27,Austria,GK,Austria Wien,Bundesliga,1.0,325000.0,2000.0,496000.0,61,64,1,,,,,,,Right,2,1,9,37,20,14,30,20,39.0,20,65,46,44,30,9,13,8,Medium/Medium,Lean (185+)
S. Pirkl,Simon Pirkl,26,Austria,"LWB, LM",Blau-Weiß Linz,Bundesliga,1.0,400000.0,2000.0,610000.0,61,64,1,64.0,28.0,50.0,55.0,58.0,63.0,Left,3,2,24,56,52,53,57,47,47.0,75,59,67,62,45,59,59,35,Medium/Medium,Normal (170-185)
M. Entrup,Maximilian Entrup,25,Austria,ST,Hartberg,Bundesliga,1.0,450000.0,2000.0,686000.0,61,64,1,65.0,63.0,45.0,59.0,27.0,63.0,Right,2,3,65,55,30,55,59,46,62.0,62,68,64,66,74,25,20,60,High/Low,Lean (185+)
D. Tomic,Denis Tomic,25,Austria,"LM, RM",WSG Tirol,Bundesliga,1.0,425000.0,2000.0,648000.0,61,64,1,75.0,60.0,55.0,60.0,19.0,56.0,Right,3,3,63,60,59,61,59,42,46.0,54,60,71,78,62,12,17,57,Medium/Medium,Lean (170-185)
Gustavo Santos,Santos Costa Gustavo,27,Brazil,ST,Rheindorf Altach,Bundesliga,1.0,375000.0,2000.0,572000.0,61,62,1,75.0,57.0,47.0,60.0,23.0,66.0,Right,3,2,60,54,40,59,60,47,53.0,57,76,73,76,63,17,23,61,Medium/Medium,Normal (170-185)
F. Rossi,Francesco Rossi,32,Italy,GK,Atalanta,Serie A,1.0,160000.0,5000.0,272000.0,61,61,1,,,,,,,Right,2,1,11,17,19,21,19,22,42.0,22,25,22,21,55,20,17,11,Medium/Medium,Lean (185+)
K. Dobras,Kristijan Dobras,30,Austria,"CAM, LM",Blau-Weiß Linz,Bundesliga,1.0,325000.0,2000.0,471000.0,61,61,1,72.0,58.0,61.0,65.0,35.0,55.0,Right,3,3,55,61,63,66,64,60,54.0,65,58,74,70,76,30,35,60,Medium/Low,Normal (170-185)
M. Monamay,Madi Monamay Nsosemo,17,Belgium,"CB, CDM",Bayer 04 Leverkusen,Bundesliga,1.0,725000.0,500.0,2000000.0,60,83,1,67.0,29.0,49.0,61.0,62.0,56.0,Right,3,2,21,59,35,62,61,45,45.0,62,56,67,67,63,58,64,35,Medium/Medium,Lean (185+)
A. Phillips,Ashley Phillips,18,England,CB,Tottenham Hotspur,Premier League,1.0,750000.0,3000.0,2200000.0,60,82,1,67.0,26.0,49.0,44.0,60.0,65.0,Right,3,2,25,65,38,38,43,38,41.0,63,70,66,67,59,55,63,26,Medium/High,Normal (185+)
V. Carboni,Valentín Carboni,18,Argentina,"CAM, ST",Monza,Serie A,1.0,775000.0,3000.0,,60,82,1,59.0,49.0,65.0,60.0,45.0,49.0,Left,3,3,45,70,56,60,64,66,63.0,49,49,58,60,47,41,54,51,Medium/Medium,Normal (170-185)
A. Ibrahimović,Arijon Ibrahimović,17,Germany,"CAM, LM, LW",Frosinone,Serie A,1.0,775000.0,1000.0,,60,81,1,59.0,62.0,56.0,64.0,26.0,46.0,Right,3,3,60,57,55,64,67,59,48.0,38,48,63,55,72,19,23,61,Medium/Medium,Normal (170-185)
A. Zehnter,Aaron Zehnter,18,Germany,"LB, LM",FC Augsburg,Bundesliga,1.0,750000.0,1000.0,2100000.0,60,81,1,62.0,36.0,54.0,59.0,57.0,56.0,Left,3,2,34,58,61,60,57,40,45.0,55,55,60,63,65,54,60,48,High/Medium,Normal (170-185)
J. Corfitzen,Jeppe Corfitzen,18,Denmark,RW,Lecce,Serie A,1.0,775000.0,1000.0,2200000.0,60,81,1,69.0,56.0,53.0,62.0,24.0,48.0,Left,3,3,57,51,62,63,59,52,42.0,53,48,71,67,74,16,28,60,Medium/Medium,Normal (170-185)
T. Buchmann,Tarek Buchmann,18,Germany,CB,FC Bayern München,Bundesliga,1.0,750000.0,2000.0,2000000.0,60,81,1,57.0,29.0,40.0,41.0,61.0,67.0,Right,3,2,22,50,25,36,41,37,57.0,57,77,55,59,50,59,67,25,Medium/Medium,Normal (185+)
M. Kömür,Mert Kömür,17,Germany,"CAM, CM",FC Augsburg,Bundesliga,1.0,675000.0,550.0,1900000.0,60,80,1,60.0,55.0,58.0,66.0,38.0,47.0,Right,4,3,54,64,50,69,69,54,61.0,41,49,58,61,50,43,35,43,High/Medium,Normal (170-185)
K. Urbański,Kacper Urbański,18,Poland,"CAM, CM",Bologna,Serie A,1.0,625000.0,2000.0,1500000.0,60,79,1,59.0,52.0,57.0,68.0,41.0,37.0,Right,3,3,52,63,48,67,69,58,66.0,51,31,54,63,68,42,42,51,Medium/Medium,Lean (170-185)
John Patrick,John Joe Patrick Finn Benoa,19,Spain,"CAM, ST, CM",Getafe,La Liga,1.0,625000.0,2000.0,1700000.0,60,79,1,63.0,59.0,48.0,61.0,20.0,54.0,Right,3,3,63,55,28,62,61,55,50.0,32,73,66,61,62,17,18,64,Medium/Medium,Lean (185+)
M. Olakigbe,Michael Olakigbe,19,England,"LW, RW",Brentford,Premier League,1.0,625000.0,5000.0,1600000.0,60,79,1,76.0,59.0,46.0,63.0,33.0,59.0,Right,3,3,60,46,52,65,63,51,49.0,54,64,78,74,60,30,33,57,High/Medium,Normal (170-185)
M. Diakhon,Mamadou Diakhon,17,France,LM,Stade de Reims,Ligue 1,1.0,625000.0,500.0,1600000.0,60,79,1,73.0,59.0,55.0,63.0,32.0,48.0,Right,3,3,57,58,57,62,61,54,60.0,49,47,75,72,73,32,33,56,Medium/Medium,Lean (170-185)
M. Pannewig,Mats Pannewig,18,Germany,"CM, CDM, CAM",VfL Bochum 1848,Bundesliga,1.0,625000.0,1000.0,1500000.0,60,78,1,48.0,53.0,57.0,61.0,52.0,68.0,Left,3,2,48,66,50,64,67,52,51.0,65,72,55,42,47,52,48,62,Medium/Medium,Lean (185+)
N. Pisilli,Niccolò Pisilli,18,Italy,CM,Roma,Serie A,1.0,625000.0,3000.0,1500000.0,60,78,1,61.0,57.0,61.0,59.0,50.0,57.0,Right,3,2,54,70,55,60,61,53,50.0,59,51,63,60,52,47,52,58,Medium/Medium,Normal (170-185)
P. Diallo,Papa Amadou Diallo,19,Senegal,ST,Metz,Ligue 1,1.0,650000.0,2000.0,1700000.0,60,78,1,68.0,62.0,46.0,57.0,20.0,48.0,Right,2,2,65,54,34,54,56,55,54.0,58,48,71,66,64,16,17,61,High/Low,Lean (170-185)
J. Hinshelwood,Jack Hinshelwood,18,England,CDM,Brighton & Hove Albion,Premier League,1.0,600000.0,3000.0,1500000.0,60,78,1,60.0,58.0,62.0,59.0,57.0,59.0,Right,4,3,60,62,62,56,60,58,56.0,46,62,64,57,67,54,62,42,Medium/Medium,Lean (170-185)
A. Buksa,Aleksander Buksa,20,Poland,ST,WSG Tirol,Bundesliga,1.0,650000.0,3000.0,,60,77,1,59.0,60.0,47.0,60.0,23.0,56.0,Left,3,3,61,52,42,59,61,52,52.0,66,61,71,50,64,19,19,58,Medium/Low,Lean (185+)
M. Craig,Matthew Craig,20,Scotland,CDM,Tottenham Hotspur,Premier League,1.0,625000.0,7000.0,1600000.0,60,77,1,57.0,34.0,51.0,59.0,61.0,64.0,Right,2,2,32,56,49,59,56,52,55.0,59,63,56,58,67,60,63,50,Medium/Medium,Lean (170-185)
K. Šekularac,Kristian Šekularac,19,Switzerland,CAM,Fulham,Premier League,1.0,625000.0,6000.0,1600000.0,60,77,1,65.0,53.0,57.0,65.0,35.0,49.0,Right,3,3,54,60,54,66,68,59,55.0,47,49,63,66,61,34,37,54,Medium/Medium,Lean (185+)
Y. Lienard,Yann Lienard,20,France,GK,Monaco,Ligue 1,1.0,575000.0,3000.0,1500000.0,60,77,1,,,,,,,Right,3,1,3,30,9,6,13,31,36.0,27,66,23,22,33,4,13,3,Medium/Medium,Normal (185+)
J. Quarshie,Joshua Quarshie,18,Germany,CB,TSG Hoffenheim,Bundesliga,1.0,600000.0,1000.0,1400000.0,60,77,1,44.0,26.0,41.0,38.0,61.0,68.0,Right,3,2,21,50,34,36,40,35,44.0,61,79,55,35,36,54,66,22,Medium/Medium,Normal (185+)
Sergio Mestre,Sergio Mestre Sánchez,18,Spain,GK,Atlético Madrid,La Liga,1.0,550000.0,600.0,1500000.0,60,77,1,,,,,,,Right,2,1,7,25,11,9,14,29,26.0,22,61,47,40,45,7,9,5,Medium/Medium,Lean (185+)
E. Bakatukanda,Elias-Geoffrey Bakatukanda,19,Germany,CB,FC Köln,Bundesliga,1.0,600000.0,2000.0,1500000.0,60,77,1,63.0,25.0,33.0,38.0,63.0,58.0,Right,3,2,17,39,29,32,37,33,41.0,44,64,63,63,49,55,72,27,Medium/Medium,Normal (185+)
F. Krätzig,Frans Krätzig,20,Germany,"LB, LM",FC Bayern München,Bundesliga,1.0,625000.0,5000.0,1400000.0,60,77,1,63.0,42.0,49.0,64.0,54.0,50.0,Left,3,2,33,53,51,64,63,46,51.0,60,45,65,62,73,53,61,58,Medium/Medium,Lean (170-185)
T. Puzankov,Tymur Puzankov,20,Ukraine,GK,Shakhtar Donetsk,Premier League,1.0,575000.0,500.0,1600000.0,60,76,1,,,,,,,Right,2,1,7,18,12,14,18,29,29.0,33,61,64,65,60,9,12,4,Medium/Medium,Lean (185+)
B. Bobzien,Ben Bobzien,20,Germany,"CF, ST, RW",Austria Lustenau,Bundesliga,1.0,650000.0,3000.0,,60,76,1,63.0,57.0,55.0,68.0,29.0,45.0,Right,3,3,58,58,52,70,64,57,54.0,48,44,66,60,78,26,28,58,Medium/Medium,Lean (170-185)
A. Kemlein,Aljoscha Kemlein,18,Germany,CDM,FC Union Berlin,Bundesliga,1.0,600000.0,1000.0,1400000.0,60,76,1,61.0,55.0,58.0,60.0,56.0,60.0,Right,3,2,52,65,49,60,62,60,45.0,60,62,64,58,66,55,60,55,Medium/Medium,Lean (185+)
J. Buyabu,Jili Buyabu,19,England,LWB,Sheffield United,Premier League,1.0,600000.0,3000.0,1600000.0,60,76,1,73.0,34.0,42.0,60.0,62.0,62.0,Left,2,2,31,42,45,63,56,39,45.0,62,61,72,74,67,58,68,46,Medium/Medium,Lean (170-185)
Miguel Román,Miguel Román González,20,Spain,CM,Celta de Vigo,La Liga,1.0,650000.0,3000.0,1800000.0,60,76,1,63.0,48.0,55.0,57.0,51.0,54.0,Right,3,3,50,65,37,56,57,61,42.0,58,53,62,64,59,44,53,56,Medium/Medium,Normal (170-185)
L. Amatucci,Lorenzo Amatucci,19,Italy,"CM, CDM, CAM",Fiorentina,Serie A,1.0,625000.0,4000.0,1500000.0,60,76,1,59.0,46.0,58.0,60.0,55.0,53.0,Right,3,2,42,67,44,62,61,60,43.0,55,46,61,57,59,51,59,48,Medium/Medium,Normal (170-185)
J. Brooking,Josh Brooking,20,England,"CB, RB",Chelsea,Premier League,1.0,550000.0,8000.0,1400000.0,60,75,1,59.0,32.0,38.0,42.0,62.0,61.0,Right,3,2,27,43,39,39,40,34,47.0,58,63,62,57,43,55,68,27,Medium/Medium,Lean (185+)
A. Hackford,Antwoine Hackford,19,England,ST,Sheffield United,Premier League,1.0,600000.0,4000.0,1600000.0,60,75,1,86.0,59.0,38.0,60.0,18.0,53.0,Right,3,2,62,50,24,58,59,44,45.0,53,62,88,84,70,12,17,64,Medium/Medium,Normal (170-185)
W. Suzuki,鈴木 輪太朗 イブラヒーム,20,Japan,ST,Girona,La Liga,1.0,600000.0,3000.0,1600000.0,60,75,1,60.0,58.0,51.0,57.0,30.0,70.0,Right,3,2,62,65,34,60,59,48,42.0,54,85,54,65,55,20,31,49,High/Low,Normal (185+)
J. Krumrey,Jonas Krumrey,19,Germany,GK,Salzburg,Bundesliga,1.0,500000.0,900.0,1100000.0,60,75,1,,,,,,,Right,3,1,6,29,10,7,10,35,29.0,33,73,53,51,37,8,11,5,Medium/Medium,Normal (185+)
J. Nickisch,Jonas Nickisch,19,Germany,GK,FC Köln,Bundesliga,1.0,500000.0,1000.0,1200000.0,60,75,1,,,,,,,Right,3,1,8,28,15,9,12,38,33.0,25,48,21,33,25,10,12,7,Medium/Medium,Lean (185+)
Yellu Santiago,Jesús Santiago Pérez,19,Spain,"CDM, CM",Valencia,La Liga,1.0,550000.0,2000.0,1500000.0,60,75,1,59.0,45.0,55.0,50.0,61.0,58.0,Right,3,2,40,64,46,42,57,55,55.0,55,58,58,60,60,60,61,41,Low/High,Lean (185+)
A. N'Guessan,Caumenan Ange Emmanu N'Guessan,19,France,"CB, RB",Torino,Serie A,1.0,550000.0,3000.0,1300000.0,60,75,1,71.0,32.0,50.0,58.0,58.0,62.0,Right,3,2,21,53,55,56,58,45,55.0,57,62,71,71,65,55,61,42,Medium/Medium,Lean (185+)
A. Borbei,Alexandru Borbei,20,Romania,GK,Lecce,Serie A,1.0,525000.0,1000.0,1300000.0,60,75,1,,,,,,,Right,2,1,6,27,13,15,11,40,28.0,22,44,34,32,42,7,15,7,Medium/Medium,Normal (170-185)
B. Knight,Ben Knight,21,England,RW,Manchester City,Premier League,1.0,600000.0,12000.0,1500000.0,60,74,1,67.0,57.0,52.0,68.0,28.0,38.0,Left,3,3,59,53,55,68,65,58,52.0,41,36,72,62,84,22,29,54,Medium/Medium,Lean (170-)
Dani González,Daniel González Flores,21,Spain,"ST, LM",Celta de Vigo,La Liga,1.0,600000.0,1000.0,,60,74,1,68.0,60.0,40.0,52.0,19.0,58.0,Left,3,3,65,46,29,50,51,46,49.0,55,64,69,68,59,15,15,69,Medium/Medium,Normal (185+)
M. Achi,Mohamed Achi,21,France,CM,Nantes,Ligue 1,1.0,600000.0,3000.0,1600000.0,60,74,1,65.0,48.0,58.0,66.0,52.0,49.0,Left,2,2,41,66,39,67,68,57,50.0,45,47,67,64,61,47,61,46,Medium/Medium,Lean (170-185)
N. Sattlberger,Nikolas Sattlberger,19,Austria,CDM,Rapid Wien,Bundesliga,1.0,550000.0,2000.0,1100000.0,60,74,1,54.0,36.0,53.0,57.0,58.0,59.0,Right,3,2,31,62,43,57,62,50,48.0,51,61,58,51,53,56,59,34,Low/Medium,Lean (185+)
Diego Méndez,Diego Méndez Molero,19,Spain,"CB, CM, RB",Rayo Vallecano,La Liga,1.0,550000.0,1000.0,1500000.0,60,74,1,64.0,27.0,47.0,45.0,60.0,59.0,Right,3,2,21,58,38,32,59,42,46.0,52,64,61,66,54,58,64,43,Medium/Medium,Normal (170-185)
D. Kovacevic,Damjan Kovacevic,18,Austria,RB,Hartberg,Bundesliga,1.0,550000.0,500.0,1100000.0,60,74,1,79.0,37.0,50.0,54.0,55.0,50.0,Right,3,2,36,58,54,51,53,37,41.0,58,46,78,80,74,52,60,48,High/Medium,Normal (170-185)
Fraga,Aitor Fraga Torres,20,Spain,GK,Real Sociedad,La Liga,1.0,525000.0,2000.0,1400000.0,60,74,1,,,,,,,Right,2,1,9,20,14,11,14,21,25.0,22,63,26,22,24,7,11,4,Medium/Medium,Lean (185+)
P. Boer,Pietro Boer,21,Italy,GK,Roma,Serie A,1.0,525000.0,4000.0,1200000.0,60,73,1,,,,,,,Right,2,1,6,19,12,5,17,24,28.0,24,63,33,24,22,7,11,4,Medium/Medium,Normal (185+)
L. Münst,Leonhard Münst,21,Germany,"CM, CAM",VfB Stuttgart,Bundesliga,1.0,600000.0,3000.0,1500000.0,60,73,1,58.0,52.0,61.0,61.0,54.0,55.0,Right,3,2,50,67,52,62,60,61,54.0,52,58,60,57,62,51,55,57,Medium/Medium,Lean (170-185)
Tomás Mendes,Tomás Alage Mendes Mendes,18,Spain,"CM, CDM",Deportivo Alavés,La Liga,1.0,575000.0,1000.0,1600000.0,60,73,1,63.0,54.0,54.0,59.0,50.0,59.0,Right,4,2,57,60,38,59,61,63,45.0,54,63,64,62,56,40,59,60,Medium/Medium,Lean (170-185)
N. Voloshyn,Nazar Voloshyn,20,Ukraine,RM,Dynamo Kyiv,Premier League,1.0,600000.0,500.0,1700000.0,60,73,1,64.0,51.0,57.0,60.0,23.0,40.0,Right,4,3,57,62,57,61,60,55,47.0,55,37,66,63,57,23,25,59,Medium/Medium,Normal (170-185)
M. Cissé,Alkhaly Momo Cissé,20,Guinea,"RM, LM",VfB Stuttgart,Bundesliga,1.0,600000.0,3000.0,1200000.0,60,72,1,72.0,51.0,54.0,67.0,29.0,40.0,Right,3,3,54,57,60,68,69,53,51.0,38,43,73,71,75,25,31,49,Medium/Medium,Lean (170-185)
T. Onyango,Tyler Onyango,20,England,"CM, CAM",Everton,Premier League,1.0,600000.0,5000.0,1300000.0,60,72,1,57.0,45.0,57.0,56.0,53.0,75.0,Right,3,2,37,64,45,62,57,60,52.0,72,80,62,53,34,44,57,59,High/Medium,Lean (185+)
D. Vraciu,Andrei David Silviu Vraciu,21,Romania,"CAM, CM",Almería,La Liga,1.0,600000.0,3000.0,1400000.0,60,72,1,61.0,56.0,60.0,61.0,41.0,45.0,Left,5,3,55,64,55,62,60,64,62.0,34,49,63,59,60,41,44,53,High/Low,Lean (185+)
W. Osula,William Osula,19,Denmark,ST,Sheffield United,Premier League,1.0,600000.0,4000.0,1300000.0,60,72,1,73.0,60.0,47.0,63.0,22.0,61.0,Right,4,2,62,52,36,67,60,56,63.0,57,70,71,74,66,23,16,58,High/Low,Lean (185+)
R. Ramadani,Reshat Ramadani,20,North Macedonia,CDM,Dynamo Kyiv,Premier League,1.0,550000.0,500.0,1300000.0,60,72,1,61.0,35.0,51.0,52.0,57.0,63.0,Right,3,2,31,59,33,47,58,57,40.0,58,67,60,62,59,56,59,35,Medium/Medium,Normal (185+)
Astralaga,Ander Astralaga Aranguren,19,Spain,GK,FC Barcelona,La Liga,1.0,500000.0,5000.0,1100000.0,60,72,1,,,,,,,Right,3,1,6,26,12,14,15,42,41.0,17,64,22,27,37,5,12,6,Medium/Medium,Lean (185+)
E. Softić,Erwin Softić,21,Austria,CB,Blau-Weiß Linz,Bundesliga,1.0,525000.0,1000.0,866000.0,60,71,1,46.0,27.0,45.0,48.0,57.0,71.0,Left,3,2,19,54,42,37,57,37,42.0,65,76,57,37,62,55,61,27,Low/Medium,Normal (185+)
H. Barbet,Hugo Barbet,22,France,GK,Nantes,Ligue 1,1.0,475000.0,2000.0,1000000.0,60,71,1,,,,,,,Right,3,1,7,24,10,8,19,23,23.0,24,61,28,31,25,5,12,5,Medium/Medium,Lean (185+)
F. Seriki,Femi Seriki,21,England,"RWB, RB",Sheffield United,Premier League,1.0,525000.0,4000.0,1200000.0,60,71,1,87.0,28.0,45.0,59.0,53.0,64.0,Right,2,3,25,49,52,62,52,39,51.0,67,62,86,87,73,51,55,47,High/Medium,Normal (170-185)
G. Strauch,Georg Strauch,22,Germany,"CDM, RB",FC Köln,Bundesliga,1.0,525000.0,3000.0,1100000.0,60,71,1,59.0,44.0,58.0,65.0,55.0,59.0,Right,3,2,41,64,52,65,67,58,49.0,61,58,66,53,70,52,60,40,Medium/Medium,Normal (170-185)
V. Morgun,Valentyn Morgun,21,Ukraine,GK,Dynamo Kyiv,Premier League,1.0,475000.0,500.0,1100000.0,60,71,1,,,,,,,Right,3,1,11,25,11,15,21,28,23.0,24,55,35,37,36,8,10,7,Medium/Medium,Lean (185+)
T. Foran,Taylor Foran,19,England,CB,Arsenal,Premier League,1.0,500000.0,6000.0,1100000.0,60,71,1,55.0,33.0,43.0,38.0,58.0,68.0,Right,2,2,28,49,41,32,44,34,44.0,48,77,46,62,34,58,59,29,Medium/Medium,Lean (185+)
M. Łubik,Marcel Łubik,19,Poland,GK,FC Augsburg,Bundesliga,1.0,450000.0,1000.0,900000.0,60,71,1,,,,,,,Left,3,1,6,39,9,11,31,42,31.0,39,56,61,64,33,13,23,7,Medium/Medium,Normal (185+)
N. Malysh,Navin Malysh,19,Ukraine,RB,Dynamo Kyiv,Premier League,1.0,500000.0,500.0,1200000.0,60,71,1,74.0,26.0,37.0,46.0,56.0,58.0,Right,2,2,27,38,50,45,40,38,45.0,73,54,75,73,56,51,59,45,Medium/Medium,Lean (185+)
Darío Ramos,Darío Ramos Pinazo,23,Spain,GK,Osasuna,La Liga,1.0,475000.0,2000.0,1100000.0,60,70,1,,,,,,,Right,3,1,10,24,12,13,14,38,33.0,22,63,29,30,34,6,13,5,Medium/Medium,Lean (185+)
A. Lô,Ababacar Moustapha Lô,23,Senegal,"CB, RB",Metz,Ligue 1,1.0,500000.0,2000.0,1100000.0,60,70,1,56.0,33.0,34.0,38.0,62.0,59.0,Right,2,2,31,40,34,28,44,31,55.0,54,63,57,55,32,58,68,33,Low/Medium,Lean (170-185)
M. Wels,Moritz Wels,18,Austria,CAM,Austria Wien,Bundesliga,1.0,525000.0,900.0,866000.0,60,70,1,68.0,59.0,59.0,61.0,31.0,61.0,Left,3,3,60,60,57,62,62,59,58.0,53,61,69,68,61,33,29,55,Medium/Low,Lean (185+)
D. Ignatenko,Denys Ignatenko,20,Ukraine,GK,Dynamo Kyiv,Premier League,1.0,475000.0,500.0,1100000.0,60,70,1,,,,,,,Right,2,1,7,26,13,6,14,27,30.0,24,60,20,33,25,8,13,7,Medium/Medium,Normal (185+)
M. Gómez,Mariano Gómez,24,Argentina,CB,Atlético Madrid,La Liga,1.0,500000.0,6000.0,1100000.0,60,69,1,56.0,31.0,36.0,39.0,60.0,67.0,Right,2,2,24,43,32,35,40,31,48.0,53,79,54,57,48,54,63,24,Low/High,Lean (185+)
B. Moltenis,Boris Sébastien Moltenis,24,France,CB,Austria Lustenau,Bundesliga,1.0,500000.0,1000.0,825000.0,60,69,1,45.0,30.0,42.0,46.0,61.0,63.0,Right,3,2,23,60,28,41,50,35,51.0,65,62,45,45,41,56,65,30,Medium/Medium,Normal (170-185)
J. Gölles,Julian Peter Gölles,23,Austria,RWB,Blau-Weiß Linz,Bundesliga,1.0,525000.0,1000.0,866000.0,60,69,1,74.0,52.0,51.0,58.0,60.0,62.0,Right,3,2,49,60,46,57,62,50,55.0,46,71,68,78,59,56,63,55,Medium/Medium,Lean (185+)
P. Koller,Paul-Friedrich Koller,21,Austria,CB,Rheindorf Altach,Bundesliga,1.0,525000.0,1000.0,866000.0,60,69,1,57.0,28.0,41.0,49.0,59.0,65.0,Right,2,2,25,53,31,44,53,37,49.0,50,72,54,59,50,60,61,35,Low/High,Normal (185+)
N. Binder,Nicolas Binder,21,Austria,ST,Austria Klagenfurt,Bundesliga,1.0,550000.0,1000.0,908000.0,60,69,1,63.0,57.0,43.0,55.0,27.0,75.0,Right,2,2,60,54,31,53,56,52,54.0,57,92,51,73,73,19,25,58,Medium/Low,Normal (185+)
S. Feiertag,Stefan Feiertag,21,Austria,"ST, CF",Blau-Weiß Linz,Bundesliga,1.0,550000.0,1000.0,908000.0,60,69,1,63.0,61.0,44.0,56.0,26.0,63.0,Right,3,2,63,45,32,53,59,55,51.0,55,70,60,65,64,23,22,62,Medium/Low,Normal (185+)
E. Balcombe,Ellery Ronald Balcombe,23,England,GK,Brentford,Premier League,1.0,475000.0,5000.0,998000.0,60,68,1,,,,,,,Right,3,1,10,19,10,10,15,44,24.0,28,64,39,39,45,25,10,10,Medium/Medium,Normal (185+)
G. Coudert,Grégoire Coudert,24,France,GK,Brest,Ligue 1,1.0,475000.0,2000.0,1000000.0,60,68,1,,,,,,,Left,3,1,7,22,10,13,15,24,25.0,25,66,30,27,25,22,13,9,Medium/Medium,Normal (185+)
D. Skubl,David Franz Skubl,21,Austria,GK,Wolfsberger AC,Bundesliga,1.0,475000.0,1000.0,784000.0,60,68,1,,,,,,,Right,3,1,9,25,14,8,22,27,28.0,27,49,18,16,29,7,10,4,Medium/Medium,Normal (185+)
Marc Vidal,Marc Vicente Vidal Girona,23,Spain,GK,FC Barcelona,La Liga,1.0,475000.0,850.0,,60,68,1,,,,,,,Right,3,1,5,23,14,5,15,37,29.0,19,42,31,29,26,5,11,4,Medium/Medium,Lean (185+)
S. Diallo,Samba Diallo,20,Senegal,LM,Dynamo Kyiv,Premier League,1.0,550000.0,500.0,1300000.0,60,68,1,66.0,50.0,56.0,61.0,22.0,42.0,Right,3,3,56,60,57,63,61,56,44.0,61,38,68,64,55,21,22,54,Medium/Medium,Stocky (170-)
L. Dehl,Laurenz Dehl,21,Germany,CAM,FC Union Berlin,Bundesliga,1.0,500000.0,4000.0,950000.0,60,67,1,61.0,54.0,58.0,62.0,46.0,54.0,Left,2,2,57,61,50,63,62,65,49.0,53,57,69,54,68,50,48,59,Medium/Medium,Lean (170-185)
Mario Da Costa,Mario Da Costa López,22,Spain,"CM, LM",Atlético Madrid,La Liga,1.0,500000.0,1000.0,,60,67,1,67.0,55.0,63.0,70.0,42.0,57.0,Right,3,2,54,68,57,74,68,60,68.0,57,59,66,67,68,41,47,48,Medium/Medium,Lean (170-185)
M. Krainz,Marco Krainz,26,Austria,CM,Blau-Weiß Linz,Bundesliga,1.0,325000.0,2000.0,496000.0,60,63,1,65.0,55.0,58.0,60.0,55.0,57.0,Right,3,2,55,65,44,59,63,63,56.0,55,56,66,65,52,53,62,58,Medium/Medium,Normal (170-185)
J. Zivkovic,Jovan Zivkovic,17,Austria,"ST, RM",Rapid Wien,Bundesliga,1.0,700000.0,750.0,1700000.0,59,81,1,82.0,55.0,48.0,69.0,22.0,50.0,Right,3,3,56,54,39,69,67,56,49.0,57,41,83,81,84,17,23,57,High/Low,Lean (170-185)
T. O'Reilly,Tommi O'Reilly,19,Republic of Ireland,"CM, CAM, RM",Aston Villa,Premier League,1.0,625000.0,6000.0,1800000.0,59,79,1,57.0,56.0,60.0,65.0,51.0,46.0,Left,2,3,55,68,49,64,63,62,69.0,51,44,69,47,72,44,54,55,High/Medium,Lean (170-)
N. Fraser,Nathan Fraser,18,Republic of Ireland,ST,Wolverhampton Wanderers,Premier League,1.0,625000.0,4000.0,1800000.0,59,79,1,72.0,61.0,47.0,55.0,22.0,64.0,Right,4,3,62,49,43,52,55,47,58.0,57,70,70,74,69,15,20,58,High/Medium,Normal (185+)
B. Clark,Bobby Clark,18,England,"CM, LW",Liverpool,Premier League,1.0,625000.0,5000.0,1800000.0,59,79,1,66.0,52.0,60.0,64.0,47.0,53.0,Right,3,2,52,63,56,64,63,60,61.0,52,54,68,64,62,45,49,56,Medium/Medium,Lean (170-185)
Marciano,Marciano Sanca Tchami,19,Guinea Bissau,ST,Almería,La Liga,1.0,625000.0,3000.0,1900000.0,59,79,1,73.0,59.0,45.0,54.0,19.0,62.0,Right,3,3,61,53,27,55,53,45,48.0,64,67,70,76,53,12,16,60,High/Medium,Normal (170-185)
C. Negele,Christopher Negele,18,Germany,CAM,Heidenheim,Bundesliga,1.0,575000.0,2000.0,1400000.0,59,78,1,67.0,58.0,58.0,63.0,39.0,50.0,Right,3,2,60,58,59,62,62,56,54.0,64,46,67,67,73,38,38,54,Medium/Medium,Lean (170-185)
M. Loune,Mehdi Loune,19,Morocco,"CM, CAM",Eintracht Frankfurt,Bundesliga,1.0,575000.0,3000.0,1300000.0,59,78,1,62.0,54.0,61.0,65.0,43.0,42.0,Right,3,3,52,65,55,67,62,61,53.0,54,35,71,55,71,45,46,56,High/Medium,Normal (170-185)
M. Berisha,Medon Berisha,19,Kosovo,CM,Lecce,Serie A,1.0,575000.0,2000.0,1400000.0,59,78,1,57.0,47.0,58.0,58.0,53.0,63.0,Right,4,2,44,66,41,57,63,54,44.0,59,63,65,50,56,45,57,39,Medium/Medium,Normal (185+)
A. Guessand,Axel Thurel Sahuye Guessand,18,France,CB,Udinese,Serie A,1.0,550000.0,700.0,1300000.0,59,77,1,63.0,27.0,40.0,46.0,59.0,61.0,Left,2,2,24,56,33,40,53,28,39.0,53,66,65,61,45,59,62,27,Medium/High,Normal (185+)
A. Cozier-Duberry,Amario Cozier-Duberry,18,England,"LW, CAM",Arsenal,Premier League,1.0,575000.0,6000.0,1500000.0,59,77,1,67.0,55.0,53.0,61.0,28.0,50.0,Left,2,4,57,55,58,60,58,56,55.0,55,45,72,63,73,28,28,59,Medium/Medium,Lean (170-)
E. Shabani,Eniss Shabani,20,Germany,"CM, CAM",FSV Mainz 05,Bundesliga,1.0,600000.0,3000.0,1400000.0,59,76,1,54.0,50.0,55.0,63.0,54.0,61.0,Left,3,2,47,63,44,61,66,53,47.0,64,59,56,53,65,51,58,52,Medium/Medium,Normal (170-185)
S. Simoni,Simon Simoni,18,Albania,GK,Eintracht Frankfurt,Bundesliga,1.0,500000.0,500.0,1200000.0,59,76,1,,,,,,,Right,3,1,8,22,18,12,22,35,26.0,18,63,27,31,29,7,12,6,Medium/Medium,Normal (185+)
F. Fall,Fallou Fall,19,Senegal,CB,Stade de Reims,Ligue 1,1.0,550000.0,2000.0,1400000.0,59,76,1,48.0,28.0,45.0,47.0,59.0,61.0,Left,3,2,20,49,41,45,49,49,56.0,46,71,44,52,41,57,62,42,Medium/Medium,Lean (185+)
J. Bengui,Justin Bengui,17,France,GK,Olympique Lyonnais,Ligue 1,1.0,500000.0,500.0,1300000.0,59,76,1,,,,,,,Right,3,1,7,21,10,5,12,26,40.0,18,62,27,22,21,7,12,5,Medium/Medium,Normal (185+)
B. Conté,Bambasé Conté,19,Germany,"LW, RW",TSG Hoffenheim,Bundesliga,1.0,575000.0,3000.0,1300000.0,59,75,1,65.0,58.0,54.0,61.0,29.0,45.0,Right,4,2,63,53,62,61,60,54,52.0,37,52,63,67,74,22,35,55,Medium/Medium,Normal (170-185)
Y. Gomis,Yoni Gomis,17,France,CB,Le Havre,Ligue 1,1.0,525000.0,500.0,1400000.0,59,75,1,58.0,26.0,38.0,44.0,60.0,58.0,Right,3,2,24,53,30,36,52,27,50.0,60,58,63,54,39,58,62,22,Medium/Medium,Lean (185+)
A. Pavlovic,Aleksandar Pavlović,19,Germany,"CDM, CM",FC Bayern München,Bundesliga,1.0,550000.0,4000.0,1300000.0,59,75,1,59.0,46.0,58.0,57.0,56.0,52.0,Right,4,2,39,66,48,57,58,51,50.0,39,56,57,60,57,53,57,40,Medium/Medium,Normal (185+)
I. Digberekou,Ibrahim Digberekou,18,Belgium,CB,Borussia Mönchengladbach,Bundesliga,1.0,550000.0,1000.0,1300000.0,59,75,1,58.0,31.0,44.0,38.0,61.0,63.0,Right,2,2,23,57,30,29,42,39,52.0,63,66,64,53,43,59,63,27,Medium/Medium,Stocky (185+)
A. Lebarbier,Alex Lebarbier,18,France,CDM,Real Sociedad,La Liga,1.0,550000.0,1000.0,1500000.0,59,75,1,59.0,37.0,44.0,48.0,61.0,74.0,Left,2,2,29,50,34,44,50,43,57.0,72,80,63,56,46,58,65,38,Low/Medium,Normal (185+)
L. Pazourek,Luca Pazourek,18,Austria,RB,Austria Wien,Bundesliga,1.0,550000.0,700.0,1100000.0,59,75,1,71.0,30.0,49.0,55.0,55.0,60.0,Right,3,2,23,56,55,51,56,35,48.0,58,60,70,72,68,50,61,24,Medium/Medium,Normal (170-185)
M. Bodmer,Mathéo Bodmer,19,France,CDM,Le Havre,Ligue 1,1.0,500000.0,1000.0,1300000.0,59,74,1,59.0,47.0,60.0,62.0,54.0,56.0,Right,3,2,42,66,49,60,62,62,58.0,61,55,57,60,68,53,56,50,Medium/Medium,Normal (170-185)
N. König,Noah König,20,Germany,CB,TSG Hoffenheim,Bundesliga,1.0,500000.0,3000.0,1200000.0,59,74,1,53.0,31.0,38.0,43.0,59.0,62.0,Right,3,2,28,49,26,39,44,30,39.0,41,78,52,53,55,53,67,22,Medium/Medium,Normal (185+)
D. Chesters,Daniel Chesters,21,England,"RM, LM",West Ham United,Premier League,1.0,550000.0,7000.0,1400000.0,59,74,1,66.0,47.0,56.0,63.0,32.0,48.0,Right,3,3,48,59,57,62,60,57,57.0,59,43,70,62,76,35,32,52,Medium/Medium,Normal (170-185)
F. Lange,Felix Finn Lange,19,Germany,CB,VfL Wolfsburg,Bundesliga,1.0,500000.0,3000.0,1200000.0,59,74,1,62.0,33.0,40.0,43.0,61.0,59.0,Right,2,2,30,43,29,35,46,39,49.0,59,57,62,62,55,58,63,24,Medium/Medium,Lean (185+)
T. Negrel,Tom Negrel,20,France,GK,Lille,Ligue 1,1.0,475000.0,2000.0,1200000.0,59,74,1,,,,,,,Right,3,1,3,34,11,9,11,33,34.0,21,52,21,25,34,3,12,4,Medium/Medium,Normal (185+)
B. Fiabema,Bryan Fiabema,20,Norway,ST,Real Sociedad,La Liga,1.0,550000.0,4000.0,1500000.0,59,73,1,77.0,57.0,48.0,63.0,25.0,57.0,Right,4,3,60,52,46,62,63,52,54.0,54,64,75,78,73,22,22,55,Medium/Medium,Lean (170-185)
M. Ibrahimi,Mehmet Ibrahimi,20,Germany,"CAM, RM, LM",Blau-Weiß Linz,Bundesliga,1.0,550000.0,1000.0,1100000.0,59,73,1,68.0,49.0,54.0,66.0,30.0,37.0,Right,3,3,53,57,54,69,66,58,57.0,41,37,71,66,70,25,38,51,Medium/Medium,Lean (170-185)
B. Greenwood,Ben Greenwood,20,Republic of Ireland,"LB, CB",AFC Bournemouth,Premier League,1.0,525000.0,5000.0,1300000.0,59,73,1,72.0,32.0,48.0,57.0,56.0,59.0,Left,3,2,32,53,51,58,56,39,49.0,60,58,74,70,57,51,63,51,High/Medium,Normal (170-185)
F. Feller,Frank Feller,19,Germany,GK,Heidenheim,Bundesliga,1.0,475000.0,1000.0,1200000.0,59,73,1,,,,,,,Right,3,1,7,25,12,5,18,40,40.0,26,41,29,32,35,8,14,6,Medium/Medium,Lean (170-185)
L. Kuavita,Léandre Filipe Kuavita,19,Belgium,CM,Genoa,Serie A,1.0,525000.0,1000.0,,59,73,1,62.0,57.0,55.0,63.0,54.0,68.0,Left,3,2,58,62,45,63,65,51,68.0,63,71,62,62,55,52,54,61,Medium/Medium,Lean (170-185)
N. Mendy,Nobel Mendy,18,France,"LB, CB",Real Betis,La Liga,1.0,500000.0,500.0,,59,73,1,70.0,44.0,52.0,54.0,55.0,63.0,Left,3,2,43,54,51,53,55,53,56.0,60,66,64,74,52,54,57,48,Medium/Medium,Normal (185+)
A. Schwarz,Aaron-Sky Schwarz,19,Austria,"LW, RW",Austria Klagenfurt,Bundesliga,1.0,525000.0,2000.0,,59,73,1,71.0,55.0,55.0,61.0,29.0,62.0,Left,3,2,57,59,55,64,60,52,49.0,55,72,70,72,62,23,32,48,Medium/Medium,Normal (170-185)
Marc Alegre,Marc Alegre Lozano,21,Spain,RB,Girona,La Liga,1.0,525000.0,3000.0,1400000.0,59,72,1,72.0,41.0,53.0,59.0,54.0,53.0,Right,3,3,37,52,61,59,58,50,43.0,58,51,72,72,69,54,55,58,Medium/Medium,Normal (170-185)
P. Schulze,Philipp Schulze,20,Germany,GK,VfL Wolfsburg,Bundesliga,1.0,475000.0,3000.0,903000.0,59,71,1,,,,,,,Right,2,1,8,21,12,9,12,27,38.0,26,64,24,29,28,5,14,8,Medium/Medium,Normal (185+)
S. Jarju,Seedy Jarju,18,Gambia,LB,Heidenheim,Bundesliga,1.0,500000.0,1000.0,1000000.0,59,71,1,67.0,42.0,52.0,59.0,54.0,55.0,Left,2,2,40,56,61,59,55,44,50.0,67,50,65,68,68,50,59,53,Medium/Medium,Lean (170-185)
P. Tschernuth,Paul Tschernuth,21,Austria,GK,Heidenheim,Bundesliga,1.0,450000.0,2000.0,900000.0,59,70,1,,,,,,,Right,2,1,8,24,11,12,20,21,30.0,24,41,18,17,22,6,11,5,Medium/Medium,Normal (185+)
J. Meyer,Jordan Meyer,21,Germany,CDM,VfB Stuttgart,Bundesliga,1.0,475000.0,2000.0,950000.0,59,70,1,56.0,44.0,52.0,59.0,60.0,54.0,Right,2,2,39,63,45,58,63,43,54.0,36,60,57,55,55,57,64,50,Low/Medium,Normal (170-185)
J. Lemmerer,Jürgen Lemmerer,20,Austria,ST,Hartberg,Bundesliga,1.0,500000.0,2000.0,825000.0,59,70,1,75.0,60.0,46.0,60.0,23.0,54.0,Right,3,2,62,52,33,56,58,55,54.0,51,58,74,76,78,22,22,57,Medium/Medium,Lean (170-185)
F. Wustinger,Florian Wustinger,19,Austria,"CDM, RM",Austria Wien,Bundesliga,1.0,450000.0,1000.0,743000.0,59,70,1,66.0,37.0,52.0,61.0,55.0,58.0,Right,3,2,31,62,35,58,60,51,45.0,60,56,69,64,80,53,61,27,Medium/Medium,Normal (170-185)
J. Halwachs,Julian Halwachs,20,Austria,CDM,Hartberg,Bundesliga,1.0,475000.0,1000.0,784000.0,59,70,1,63.0,57.0,59.0,63.0,56.0,55.0,Right,3,2,54,62,56,63,64,56,54.0,50,57,65,61,69,58,57,50,Medium/Medium,Lean (185+)
D. Mitrović,Danilo Mitrović,22,Serbia,"RB, CB",Blau-Weiß Linz,Bundesliga,1.0,475000.0,1000.0,784000.0,59,70,1,63.0,45.0,53.0,51.0,56.0,57.0,Right,3,2,45,57,51,51,47,53,53.0,70,49,68,58,56,52,63,51,Medium/High,Normal (170-185)
L. Janeš,Luka Janeš,19,Germany,CDM,Heidenheim,Bundesliga,1.0,450000.0,2000.0,900000.0,59,70,1,59.0,38.0,48.0,51.0,61.0,61.0,Right,2,2,35,56,32,47,55,49,52.0,60,63,56,61,50,63,61,33,Medium/Medium,Lean (170-185)
Benedí,Miguel Benedí Fabián,20,Spain,GK,Rayo Vallecano,La Liga,1.0,425000.0,1000.0,978000.0,59,70,1,,,,,,,Right,3,1,9,18,10,5,13,27,34.0,28,59,34,37,32,8,10,6,Medium/Medium,Normal (185+)
Santi García,Santiago García González,21,Spain,"CAM, LM, RM",Getafe,La Liga,1.0,500000.0,3000.0,1200000.0,59,70,1,65.0,51.0,57.0,55.0,38.0,62.0,Right,3,3,52,68,40,56,53,59,45.0,57,65,64,66,55,35,39,57,Medium/Medium,Lean (170-185)
E. Qenaj,Elidon Qenaj,20,Kosovo,ST,Heidenheim,Bundesliga,1.0,500000.0,4000.0,1000000.0,59,69,1,46.0,60.0,44.0,54.0,34.0,66.0,Right,2,2,62,51,33,52,59,50,58.0,59,75,55,38,47,29,31,60,Medium/Medium,Normal (185+)
C. McAvoy,Connor McAvoy,21,Scotland,CB,Fulham,Premier League,1.0,475000.0,7000.0,998000.0,59,69,1,56.0,29.0,38.0,37.0,61.0,60.0,Right,4,2,22,47,30,30,39,38,45.0,57,62,59,53,46,59,64,39,Medium/Medium,Normal (185+)
Pablo Durán,Pablo Durán Fernández,22,Spain,ST,Celta de Vigo,La Liga,1.0,500000.0,3000.0,1200000.0,59,69,1,71.0,58.0,47.0,57.0,28.0,56.0,Right,3,3,62,54,39,54,60,50,52.0,44,68,69,73,58,25,28,52,Medium/Medium,Normal (170-185)
Unai Buján,Unai Buján Díez,22,Spain,"LM, RM",Osasuna,La Liga,1.0,500000.0,4000.0,1200000.0,59,69,1,64.0,53.0,54.0,57.0,27.0,45.0,Right,3,3,57,60,59,56,60,51,48.0,55,47,67,62,55,26,28,59,Medium/Medium,Normal (170-185)
L. Marić,Luka Marić,20,Austria,GK,Sturm Graz,Bundesliga,1.0,425000.0,1000.0,723000.0,59,68,1,,,,,,,Right,3,1,8,18,11,9,10,31,33.0,18,51,25,27,35,20,20,5,Medium/Medium,Normal (185+)
Moha Moukhliss,Mohamed Aiman Moukhliss Agmir,23,Spain,"CM, CAM",FC Barcelona,La Liga,1.0,500000.0,1000.0,,59,68,1,72.0,50.0,62.0,66.0,43.0,42.0,Right,3,2,49,67,49,66,64,63,55.0,47,37,76,68,76,44,48,52,Medium/Medium,Normal (170-)
Antonio Jesús,Antonio Jesús Cantón Román,22,Spain,CM,Almería,La Liga,1.0,500000.0,3000.0,1200000.0,59,68,1,63.0,54.0,60.0,59.0,52.0,51.0,Right,3,3,52,65,56,56,62,61,49.0,53,50,65,62,64,52,58,49,Medium/Medium,Normal (170-185)
F. Markelic,Fabio Markelic,21,Austria,"CM, CDM",Austria Klagenfurt,Bundesliga,1.0,450000.0,1000.0,743000.0,59,66,1,54.0,48.0,59.0,62.0,53.0,46.0,Left,3,2,44,65,47,62,64,62,58.0,45,43,56,53,54,44,59,48,Medium/Medium,Lean (170-185)
S. Stückler,Samuel Stückler,22,Austria,"CM, LM",Sturm Graz,Bundesliga,1.0,350000.0,2000.0,595000.0,59,65,1,72.0,55.0,57.0,64.0,50.0,60.0,Left,3,3,56,61,53,63,64,56,58.0,58,62,74,70,71,49,54,57,Medium/Medium,Normal (170-185)
P. Schulz,Philipp Schulz,18,Germany,"CDM, CB",FSV Mainz 05,Bundesliga,1.0,625000.0,1000.0,1700000.0,58,79,1,54.0,41.0,52.0,53.0,59.0,62.0,Right,3,2,35,58,46,51,52,50,48.0,55,68,55,53,63,60,59,40,Medium/Medium,Normal (185+)
O. Scarles,Oliver Scarles,17,England,"CDM, LB",West Ham United,Premier League,1.0,600000.0,500.0,1700000.0,58,79,1,57.0,47.0,59.0,57.0,57.0,49.0,Left,3,2,42,62,62,55,59,54,57.0,48,50,57,57,59,61,58,55,Medium/Medium,Lean (170-185)
N. Bajlicz,Nicolas Bajlicz,18,Austria,"CM, CDM",Rapid Wien,Bundesliga,1.0,550000.0,1000.0,1300000.0,58,78,1,68.0,46.0,57.0,67.0,45.0,48.0,Right,3,2,43,63,46,67,68,62,57.0,50,47,68,68,76,42,55,54,Medium/Medium,Normal (170-185)
L. Olmeta,Lisandru Olmeta,17,France,GK,Lille,Ligue 1,1.0,500000.0,500.0,1500000.0,58,78,1,,,,,,,Right,3,1,4,29,12,6,9,29,33.0,27,49,24,21,37,9,12,3,Medium/Medium,Normal (185+)
O. Kellyman,Omari Kellyman,17,Northern Ireland,"CAM, RW, LW",Aston Villa,Premier League,1.0,550000.0,1000.0,1600000.0,58,78,1,64.0,49.0,58.0,61.0,46.0,51.0,Left,3,2,42,68,47,65,55,55,50.0,56,43,63,65,60,45,42,56,Medium/Medium,Lean (170-185)
L. Sousa,Lino Sousa,18,England,LB,Arsenal,Premier League,1.0,500000.0,3000.0,1300000.0,58,77,1,64.0,39.0,54.0,57.0,56.0,54.0,Left,3,3,33,55,56,57,55,55,59.0,51,59,62,66,60,57,57,48,High/Medium,Lean (185+)
M. Bignetti,Matteo Bignetti,19,Austria,GK,Sturm Graz,Bundesliga,1.0,475000.0,850.0,1000000.0,58,76,1,,,,,,,Right,3,1,8,31,11,10,17,30,32.0,28,61,25,33,22,8,11,6,Medium/Medium,Lean (185+)
S. Parkes,Stefan Parkes,19,England,"LB, CB",Fulham,Premier League,1.0,500000.0,5000.0,1300000.0,58,76,1,59.0,35.0,45.0,53.0,58.0,62.0,Left,2,2,32,49,44,51,55,46,48.0,53,63,63,55,56,56,57,56,Medium/Medium,Lean (170-185)
M. Bentoumi,Mokrane Bentoumi,18,France,CAM,Le Havre,Ligue 1,1.0,525000.0,1000.0,1400000.0,58,76,1,65.0,54.0,56.0,66.0,38.0,39.0,Left,3,3,53,56,56,65,64,55,60.0,43,33,68,62,75,42,39,52,Medium/Medium,Lean (170-)
L. Opitz,Leon Opitz,18,Germany,"LM, LW, RM",Werder Bremen,Bundesliga,1.0,525000.0,1000.0,1300000.0,58,75,1,68.0,54.0,53.0,59.0,31.0,53.0,Left,3,2,57,54,56,59,59,54,54.0,56,56,70,67,66,22,43,53,Medium/Medium,Normal (185+)
M. Braun,Manuel Braun,18,Germany,"LB, CB",VfL Wolfsburg,Bundesliga,1.0,500000.0,2000.0,1200000.0,58,75,1,67.0,34.0,49.0,54.0,58.0,58.0,Left,3,2,36,56,55,53,59,42,38.0,49,65,66,68,55,58,62,43,Medium/Medium,Normal (170-185)
E. Kohler,Ethan Kohler,18,United States,"CDM, CB",Werder Bremen,Bundesliga,1.0,500000.0,1000.0,1200000.0,58,75,1,63.0,42.0,54.0,56.0,57.0,55.0,Right,3,2,37,57,57,49,58,48,60.0,64,52,61,65,72,60,62,46,Low/Medium,Lean (170-185)
M. Wendt,Max Wendt,18,Germany,GK,Darmstadt 98,Bundesliga,1.0,450000.0,500.0,1100000.0,58,75,1,,,,,,,Right,3,1,10,31,13,14,21,42,30.0,18,39,26,31,34,8,11,6,Medium/Medium,Normal (170-185)
G. Kodua,Gideon Kodua,18,England,RM,West Ham United,Premier League,1.0,525000.0,3000.0,1300000.0,58,75,1,68.0,49.0,55.0,60.0,36.0,43.0,Right,2,3,45,56,59,62,63,56,56.0,50,40,71,66,54,35,42,45,Medium/Medium,Normal (170-185)
J. Mullins,Jamie Mullins,18,Republic of Ireland,CAM,Brighton & Hove Albion,Premier League,1.0,525000.0,4000.0,1300000.0,58,74,1,57.0,54.0,51.0,64.0,28.0,40.0,Right,3,3,56,56,45,64,63,53,60.0,56,32,64,52,72,30,28,53,Medium/Low,Lean (170-185)
Hugo Álvarez,Hugo Álvarez Antúnez,19,Spain,"CM, CAM",Celta de Vigo,La Liga,1.0,525000.0,2000.0,1400000.0,58,74,1,63.0,49.0,59.0,58.0,48.0,50.0,Right,3,2,48,61,55,59,55,64,57.0,50,52,63,63,63,44,48,57,High/Medium,Lean (185+)
F. Torsiello,Fabio Torsiello,18,Italy,ST,Darmstadt 98,Bundesliga,1.0,525000.0,2000.0,1300000.0,58,74,1,64.0,59.0,41.0,60.0,24.0,48.0,Right,3,3,62,49,31,60,58,44,48.0,51,49,61,67,67,25,21,59,Medium/Medium,Normal (170-185)
G. Guarino,Gabriele Guarino,19,Italy,CB,Empoli,Serie A,1.0,500000.0,900.0,1200000.0,58,74,1,58.0,28.0,37.0,40.0,59.0,65.0,Right,2,2,22,40,32,36,40,39,50.0,60,72,62,55,40,56,62,24,Medium/Medium,Normal (185+)
A. Nuss,Antoine Nuss,19,France,RWB,Strasbourg,Ligue 1,1.0,500000.0,2000.0,1300000.0,58,74,1,62.0,34.0,41.0,58.0,58.0,50.0,Right,2,2,35,43,52,67,46,37,40.0,61,42,61,63,51,49,68,47,Medium/Medium,Lean (170-185)
D. Gebuhr,Dario Ndubuisi Gebuhr,20,Germany,CB,Eintracht Frankfurt,Bundesliga,1.0,500000.0,4000.0,1200000.0,58,74,1,58.0,29.0,37.0,41.0,60.0,61.0,Right,5,2,24,43,37,30,39,33,51.0,59,67,59,58,69,59,62,31,Medium/Medium,Normal (185+)
J. Van Neck,Jelle Van Neck,19,Belgium,GK,Olympique de Marseille,Ligue 1,1.0,475000.0,2000.0,1200000.0,58,74,1,,,,,,,Right,3,1,8,25,14,10,23,39,23.0,23,63,25,32,30,5,11,7,Medium/Medium,Normal (185+)
G. Wickens,George Wickens,21,England,GK,Fulham,Premier League,1.0,450000.0,5000.0,1100000.0,58,72,1,,,,,,,Right,2,1,8,56,20,11,19,55,31.0,24,50,35,22,29,20,17,9,Medium/Medium,Normal (185+)
T. Adaramola,Tayo Adaramola,19,Republic of Ireland,LB,Crystal Palace,Premier League,1.0,475000.0,3000.0,1200000.0,58,72,1,68.0,49.0,50.0,56.0,53.0,52.0,Left,3,2,48,53,55,55,54,46,40.0,56,46,78,60,73,53,54,53,High/Medium,Lean (170-185)
B. Lyons-Foster,Brooklyn Lyons-Foster,22,England,CB,Tottenham Hotspur,Premier League,1.0,475000.0,8000.0,1200000.0,58,71,1,51.0,29.0,42.0,44.0,58.0,60.0,Right,3,2,24,51,36,37,47,39,49.0,47,67,53,49,48,56,60,30,Medium/Medium,Lean (185+)
M. Diarra,Mahamadou Diarra,19,Mali,ST,WSG Tirol,Bundesliga,1.0,475000.0,1000.0,986000.0,58,71,1,68.0,59.0,42.0,54.0,21.0,47.0,Right,2,2,58,52,31,52,55,48,44.0,55,48,67,69,60,19,16,65,Medium/Medium,Normal (170-185)
A. Pierre,Alexandre Pierre,22,Haiti,GK,Strasbourg,Ligue 1,1.0,450000.0,2000.0,990000.0,58,70,1,,,,,,,Right,3,1,3,38,9,7,18,21,39.0,34,57,14,27,38,7,11,3,Medium/Medium,Normal (185+)
Alex Rodríguez,Alejandro Rodríguez Lorite,21,Spain,RWB,Getafe,La Liga,1.0,475000.0,3000.0,1100000.0,58,70,1,58.0,26.0,47.0,54.0,56.0,55.0,Right,3,2,22,52,59,56,53,36,39.0,49,58,53,62,45,52,57,44,Medium/Medium,Normal (170-185)
D. Stamatakis,Dimitrios Stamatakis,20,Greece,GK,Osasuna,La Liga,1.0,425000.0,2000.0,978000.0,58,70,1,,,,,,,Right,5,1,6,23,11,13,15,38,22.0,22,57,17,17,35,5,11,4,Medium/Medium,Normal (185+)
Arribas,Sergio Arribas Prieto,20,Spain,"CB, LB",Rayo Vallecano,La Liga,1.0,450000.0,2000.0,1000000.0,58,70,1,70.0,25.0,43.0,46.0,59.0,62.0,Left,3,2,23,46,57,42,45,33,53.0,62,69,68,71,56,56,62,34,Medium/Medium,Lean (185+)
T. Nevers,Thierry Nevers,21,England,"ST, LM",West Ham United,Premier League,1.0,450000.0,8000.0,945000.0,58,69,1,76.0,56.0,53.0,63.0,28.0,56.0,Right,4,3,56,54,56,62,61,55,57.0,58,59,77,76,72,25,30,57,High/Low,Lean (170-185)
Raúl Blanco,Raúl Blanco Juncal,21,Spain,CM,Celta de Vigo,La Liga,1.0,450000.0,3000.0,1000000.0,58,69,1,65.0,54.0,56.0,59.0,49.0,41.0,Left,3,3,58,62,45,57,60,59,51.0,47,41,63,66,56,42,53,55,Medium/Medium,Lean (170-185)
T. McGill,Thomas McGill,23,Canada,GK,Brighton & Hove Albion,Premier League,1.0,400000.0,6000.0,840000.0,58,68,1,,,,,,,Right,2,1,5,16,14,12,19,30,40.0,23,46,20,17,29,10,12,7,Medium/Medium,Normal (185+)
L. Mätzler,Leo Mätzler,21,Austria,"CB, CDM",Austria Lustenau,Bundesliga,1.0,425000.0,1000.0,701000.0,58,68,1,60.0,29.0,43.0,45.0,57.0,64.0,Right,3,2,24,53,37,41,45,41,51.0,60,69,65,56,44,57,59,28,Medium/Medium,Lean (185+)
D. Kaiba,Djawal Kaiba,20,Cameroon,CDM,Rheindorf Altach,Bundesliga,1.0,425000.0,1000.0,701000.0,58,68,1,66.0,38.0,50.0,57.0,54.0,67.0,Right,2,2,32,61,38,58,56,43,56.0,64,68,68,65,57,53,57,45,Medium/High,Normal (170-185)
M. Schantl,Marcel Schantl,22,Austria,CM,Blau-Weiß Linz,Bundesliga,1.0,450000.0,1000.0,743000.0,58,67,1,62.0,46.0,57.0,59.0,55.0,57.0,Right,3,2,44,62,53,56,61,59,49.0,61,55,61,63,57,56,59,53,Medium/Medium,Lean (170-185)
M. Köstenbauer,Marcel Köstenbauer,21,Austria,GK,Austria Klagenfurt,Bundesliga,1.0,400000.0,750.0,660000.0,58,67,1,,,,,,,Right,3,1,5,15,11,14,15,37,30.0,17,52,31,26,21,10,11,4,Medium/Medium,Normal (185+)
B. Diallo,Baïla Diallo,22,Senegal,"LWB, LM",Austria Lustenau,Bundesliga,1.0,425000.0,2000.0,,58,67,1,71.0,35.0,52.0,58.0,55.0,37.0,Left,2,2,38,55,59,57,55,39,39.0,34,32,69,73,70,55,63,51,High/Medium,Normal (170-185)
C. Üstündag,Cem Üstündag,22,Austria,"CM, CDM",WSG Tirol,Bundesliga,1.0,450000.0,2000.0,743000.0,58,67,1,68.0,49.0,55.0,65.0,48.0,45.0,Right,2,2,44,67,45,62,68,51,46.0,52,35,70,66,75,37,57,52,Medium/Medium,Lean (170-)
P. Mensah,Paul Mensah,23,Ghana,"RW, CAM, LW",Blau-Weiß Linz,Bundesliga,1.0,400000.0,2000.0,660000.0,58,65,1,75.0,52.0,51.0,62.0,24.0,46.0,Right,3,3,56,58,50,63,61,45,44.0,36,50,74,76,75,20,21,51,High/Low,Lean (170-185)
M. Hunt,Mackenzie Hunt,21,England,"LM, LB",Everton,Premier League,1.0,425000.0,5000.0,893000.0,58,65,1,66.0,49.0,56.0,57.0,53.0,59.0,Left,2,2,46,60,54,55,57,55,50.0,64,54,68,65,62,51,56,54,Medium/Medium,Normal (170-185)
F. Gschossmann,Felix Gschossmann,26,Austria,GK,Blau-Weiß Linz,Bundesliga,1.0,230000.0,1000.0,351000.0,58,63,1,,,,,,,Right,2,1,5,21,11,9,17,33,35.0,18,52,16,18,37,11,11,6,Medium/Medium,Lean (185+)
P. Glatzel,Paul Milton Glatzel,22,Germany,ST,Liverpool,Premier League,1.0,325000.0,12000.0,626000.0,58,63,1,64.0,60.0,53.0,62.0,30.0,44.0,Left,3,3,60,55,56,58,60,53,55.0,48,42,66,62,79,26,33,57,Medium/Low,Lean (170-185)
A. Pasic,Alem Pasic,25,Austria,CB,Blau-Weiß Linz,Bundesliga,1.0,275000.0,1000.0,419000.0,58,63,1,63.0,26.0,32.0,32.0,59.0,68.0,Right,2,2,18,39,27,23,32,26,47.0,64,71,63,63,55,57,63,21,Low/High,Normal (185+)
A. Lonergan,Andrew Lonergan,39,England,GK,Everton,Premier League,1.0,25000.0,3000.0,48000.0,58,58,1,,,,,,,Left,1,1,14,29,12,11,24,32,30.0,28,56,40,41,50,14,15,8,Medium/Medium,Normal (185+)
J. Feeney,Joshua Feeney,18,England,CB,Aston Villa,Premier League,1.0,500000.0,3000.0,1500000.0,57,80,1,53.0,31.0,42.0,41.0,58.0,57.0,Right,3,2,27,53,37,32,50,37,61.0,46,65,52,54,35,56,64,25,Medium/Medium,Lean (185+)
T. Saettel,Tom Saettel,18,France,LM,Strasbourg,Ligue 1,1.0,525000.0,1000.0,1600000.0,57,79,1,60.0,55.0,53.0,60.0,31.0,38.0,Right,3,3,59,59,54,61,64,48,47.0,41,40,61,59,55,31,34,53,High/Low,Lean (170-185)
J. Ferizaj,Justin Ferizaj,18,Republic of Ireland,CM,Frosinone,Serie A,1.0,525000.0,750.0,1500000.0,57,78,1,66.0,50.0,55.0,59.0,49.0,55.0,Right,3,3,51,59,45,58,59,60,65.0,70,48,61,70,64,54,46,54,Medium/Medium,Lean (170-185)
D. Mubama,Divin Mubama,18,England,ST,West Ham United,Premier League,1.0,525000.0,4000.0,1500000.0,57,78,1,73.0,56.0,44.0,57.0,24.0,54.0,Left,3,2,60,48,41,56,55,47,54.0,50,55,72,74,63,21,23,56,Medium/Medium,Lean (170-185)
E. McJannet,Ed McJannett,19,Republic of Ireland,"CAM, CM",Lecce,Serie A,1.0,450000.0,2000.0,1300000.0,57,77,1,62.0,51.0,54.0,61.0,40.0,44.0,Right,2,2,54,55,51,61,60,60,60.0,44,42,60,64,58,45,36,52,Medium/Medium,Normal (170-185)
T. Schlieck,Timo Schlieck,17,Germany,GK,RB Leipzig,Bundesliga,1.0,400000.0,500.0,1100000.0,57,77,1,,,,,,,Right,3,1,5,25,13,13,12,37,36.0,19,60,26,33,37,7,13,6,Medium/Medium,Lean (185+)
J. Tauriainen,Jimi Tauriainen,19,Finland,"CM, CDM",Chelsea,Premier League,1.0,450000.0,7000.0,1300000.0,57,77,1,72.0,57.0,58.0,59.0,51.0,58.0,Left,4,2,57,62,59,60,60,50,56.0,58,55,75,70,57,47,56,50,High/Medium,Lean (185+)
B. Parkinson,Ben Parkinson,18,England,"RW, ST",Newcastle United,Premier League,1.0,450000.0,6000.0,1300000.0,57,77,1,75.0,57.0,50.0,58.0,31.0,54.0,Right,3,2,59,50,52,58,57,53,56.0,49,62,74,75,63,33,29,57,High/Medium,Lean (170-185)
D. Kochen,Diego Kochen,17,United States,GK,FC Barcelona,La Liga,1.0,400000.0,500.0,1200000.0,57,77,1,,,,,,,Right,2,1,7,20,14,7,13,22,35.0,17,62,21,21,39,6,13,8,Medium/Medium,Normal (185+)
Marcelo Pitaluga,Marcelo de Araújo Pitaluga Filho,20,Brazil,GK,Liverpool,Premier League,1.0,375000.0,6000.0,928000.0,57,74,1,,,,,,,Right,1,1,8,27,13,12,14,27,27.0,19,59,38,29,30,7,14,4,Medium/Medium,Lean (185+)
J. Whitworth,Joseph Whitworth,19,England,GK,Crystal Palace,Premier League,1.0,375000.0,2000.0,947000.0,57,74,1,,,,,,,Right,2,1,8,25,13,9,10,25,37.0,17,54,20,29,32,6,11,4,Medium/Medium,Normal (170-185)
T. Hülsmann,Tom Hülsmann,19,Germany,GK,FC Bayern München,Bundesliga,1.0,375000.0,2000.0,853000.0,57,74,1,,,,,,,Right,3,1,6,29,13,6,14,28,26.0,18,65,24,29,38,8,12,5,Medium/Medium,Lean (185+)
J. Wells-Morrison,Jack Wells-Morrison,19,England,"CM, CDM",Crystal Palace,Premier League,1.0,425000.0,3000.0,1100000.0,57,73,1,54.0,48.0,56.0,58.0,52.0,62.0,Left,3,3,38,62,47,58,59,52,48.0,56,63,61,48,56,50,52,61,Medium/Medium,Lean (170-185)
O. O'Neill,Ollie O'Neill,20,Republic of Ireland,"CAM, LM",Fulham,Premier League,1.0,425000.0,8000.0,1100000.0,57,73,1,66.0,49.0,59.0,57.0,46.0,51.0,Right,3,2,48,62,56,55,59,61,52.0,58,44,67,65,63,43,54,50,Medium/Medium,Lean (185+)
L. Grgic,Leon Grgic,17,Austria,ST,Sturm Graz,Bundesliga,1.0,400000.0,600.0,850000.0,57,73,1,63.0,59.0,46.0,55.0,19.0,54.0,Right,4,2,61,50,37,53,59,49,48.0,57,61,62,63,65,15,13,55,Medium/Medium,Lean (185+)
Jorge Benito,Jorge Benito de Valle,17,Spain,GK,Getafe,La Liga,1.0,350000.0,500.0,954000.0,57,73,1,,,,,,,Right,3,1,9,28,15,8,19,23,32.0,22,43,32,29,37,6,13,9,Medium/Medium,Normal (170-185)
N. Noll,Nahuel Noll,20,Germany,GK,TSG Hoffenheim,Bundesliga,1.0,350000.0,2000.0,814000.0,57,72,1,,,,,,,Right,4,1,8,17,9,10,17,39,32.0,27,49,25,30,40,7,12,7,Medium/Medium,Normal (185+)
P. Schermer,Paul Schermer,19,Austria,GK,WSG Tirol,Bundesliga,1.0,350000.0,600.0,726000.0,57,72,1,,,,,,,Right,2,1,5,25,11,8,15,30,31.0,18,53,25,22,24,7,12,6,Medium/Medium,Lean (185+)
D. Bautista,Davis Bautista,18,Ecuador,CB,Eintracht Frankfurt,Bundesliga,1.0,350000.0,1000.0,814000.0,57,72,1,64.0,46.0,57.0,53.0,55.0,62.0,Left,3,2,40,61,50,48,56,56,57.0,62,65,66,63,55,50,60,56,Medium/Medium,Normal (170-185)
I. Odutayo,Idris Odutayo,20,England,"CB, LB",Fulham,Premier League,1.0,375000.0,7000.0,947000.0,57,72,1,65.0,31.0,41.0,39.0,57.0,62.0,Left,2,2,23,44,46,35,36,34,50.0,61,65,62,67,49,55,62,37,Medium/Medium,Normal (185+)
Y. Stein,Yannic Stein,18,Germany,GK,FC Union Berlin,Bundesliga,1.0,325000.0,500.0,756000.0,57,72,1,,,,,,,Right,3,1,6,18,14,8,16,38,43.0,24,50,26,30,36,10,14,6,Medium/Medium,Normal (185+)
A. Bellaarouch,Alaa Bellaarouch,21,Morocco,GK,Strasbourg,Ligue 1,1.0,350000.0,2000.0,919000.0,57,71,1,,,,,,,Right,3,1,6,34,10,8,21,27,40.0,29,58,34,27,37,6,10,3,Medium/Medium,Normal (185+)
G. Haider,Gabriel Haider,21,Austria,CB,Sturm Graz,Bundesliga,1.0,375000.0,2000.0,797000.0,57,70,1,54.0,33.0,37.0,42.0,58.0,61.0,Right,2,2,31,44,30,34,40,32,42.0,56,66,55,53,62,56,61,25,Medium/Medium,Normal (185+)
J. Forst,Justin Forst,20,Austria,ST,WSG Tirol,Bundesliga,1.0,400000.0,2000.0,660000.0,57,69,1,64.0,56.0,42.0,57.0,18.0,57.0,Right,3,2,59,47,37,55,56,45,50.0,66,59,63,65,69,18,10,56,Medium/Medium,Lean (170-185)
D. Jaunegg,David Jaunegg,20,Austria,RB,WSG Tirol,Bundesliga,1.0,375000.0,1000.0,619000.0,57,69,1,60.0,39.0,47.0,56.0,56.0,61.0,Right,3,2,37,54,52,55,59,33,52.0,45,70,59,60,60,55,60,38,Medium/Medium,Normal (185+)
N. Cissé,Namory Noel Cisse,20,Austria,RM,Austria Lustenau,Bundesliga,1.0,400000.0,1000.0,660000.0,57,69,1,70.0,52.0,49.0,59.0,32.0,59.0,Right,3,3,50,58,50,59,60,46,45.0,59,58,69,71,66,29,33,52,Medium/Medium,Normal (185+)
Z. El Sheiwi,Ziad El Sheiwi,19,Austria,LWB,Austria Wien,Bundesliga,1.0,325000.0,1000.0,536000.0,57,68,1,74.0,36.0,52.0,64.0,53.0,50.0,Left,3,2,30,51,56,66,63,57,54.0,32,54,77,72,67,48,56,50,High/Medium,Normal (170-185)
F. Marschall,Filip Marschall,20,England,GK,Aston Villa,Premier League,1.0,300000.0,5000.0,630000.0,57,68,1,,,,,,,Right,2,1,6,26,10,8,18,42,38.0,17,59,17,24,25,10,11,4,Medium/Medium,Lean (185+)
D. Sadi,Dominic Sadi,19,England,"RM, LM",AFC Bournemouth,Premier League,1.0,350000.0,4000.0,735000.0,57,68,1,71.0,56.0,52.0,60.0,31.0,49.0,Left,4,3,56,54,56,59,58,53,50.0,43,54,83,62,75,23,35,52,High/Medium,Normal (170-185)
S. Schutti,Sam Schutti,20,Austria,LB,Hartberg,Bundesliga,1.0,350000.0,1000.0,578000.0,57,68,1,68.0,37.0,49.0,54.0,54.0,60.0,Left,2,2,34,52,51,52,54,47,44.0,64,58,66,69,65,52,56,30,Medium/Medium,Normal (170-185)
C. Chukwuemeka,Chigozier Caleb Chukwuemeka,21,England,"LW, ST",Aston Villa,Premier League,1.0,375000.0,9000.0,788000.0,57,67,1,82.0,53.0,47.0,58.0,17.0,61.0,Right,4,3,53,52,44,59,56,49,52.0,64,71,84,80,69,17,10,54,Medium/Low,Lean (185+)
M. Sellinger,Maximilian Sellinger,21,Austria,CDM,Hartberg,Bundesliga,1.0,350000.0,1000.0,578000.0,57,66,1,65.0,32.0,49.0,52.0,56.0,56.0,Right,3,2,26,58,37,48,54,50,40.0,59,53,64,65,67,54,59,38,Medium/Medium,Normal (170-185)
T. Borne,Théo Borne,20,France,GK,Clermont,Ligue 1,1.0,300000.0,1000.0,660000.0,57,66,1,,,,,,,Right,3,1,8,21,14,5,17,21,21.0,20,42,31,32,33,7,11,7,Medium/Medium,Lean (185+)
S. Berkani,Stan Berkani,19,Algeria,CDM,Clermont,Ligue 1,1.0,300000.0,1000.0,660000.0,57,64,1,62.0,39.0,56.0,58.0,54.0,49.0,Right,3,2,33,67,44,59,59,52,49.0,40,46,61,62,61,49,54,29,Medium/Medium,Lean (170-185)
D. Ozoh,David Ozoh,18,England,"CDM, CM",Crystal Palace,Premier League,1.0,425000.0,2000.0,1200000.0,56,79,1,67.0,48.0,53.0,59.0,53.0,61.0,Right,3,2,43,56,49,59,55,53,55.0,58,62,65,69,69,52,53,58,High/High,Normal (185+)
L. Lipani,Luca Lipani,18,Italy,"CDM, CM",Sassuolo,Serie A,1.0,425000.0,700.0,1100000.0,56,79,1,62.0,44.0,55.0,50.0,52.0,63.0,Right,3,2,35,60,48,48,50,57,53.0,65,63,60,63,52,52,55,54,Medium/Medium,Normal (185+)
R. Richards,Rico Richards,19,England,"LM, RM",Aston Villa,Premier League,1.0,400000.0,6000.0,1200000.0,56,76,1,68.0,49.0,51.0,59.0,26.0,45.0,Left,3,2,48,53,53,60,59,55,48.0,54,45,72,64,62,22,29,46,Medium/Medium,Lean (170-185)
J. Miley,Jamie Miley,19,England,"CM, CDM",Newcastle United,Premier League,1.0,375000.0,7000.0,947000.0,56,75,1,57.0,42.0,56.0,60.0,54.0,52.0,Right,3,2,36,62,46,60,60,56,50.0,45,53,56,57,57,52,57,39,Medium/Medium,Normal (170-185)
I. Kaczmarski,Iwo Kaczmarski,19,Poland,"CDM, CM",Empoli,Serie A,1.0,350000.0,900.0,849000.0,56,74,1,60.0,42.0,54.0,59.0,50.0,61.0,Right,3,3,37,60,46,60,56,56,49.0,67,56,64,57,72,47,49,55,Medium/High,Lean (170-185)
V. Akinwale,Victor Akinwale,18,England,ST,Crystal Palace,Premier League,1.0,375000.0,3000.0,947000.0,56,74,1,65.0,60.0,45.0,59.0,21.0,39.0,Right,2,3,61,48,39,58,60,53,55.0,50,34,69,62,59,19,14,50,Medium/Medium,Normal (185+)
K. Rodney,Kaden Rodney,18,England,"CDM, RB",Crystal Palace,Premier League,1.0,350000.0,2000.0,884000.0,56,74,1,60.0,40.0,52.0,54.0,57.0,56.0,Right,2,2,32,54,51,54,53,49,53.0,50,61,59,61,58,57,61,50,Medium/Medium,Lean (185+)
L. Štubljar,Lovro Štubljar,18,Slovenia,GK,Empoli,Serie A,1.0,325000.0,500.0,788000.0,56,72,1,,,,,,,Left,1,1,7,19,13,14,17,38,36.0,29,55,21,22,24,8,14,8,Medium/Medium,Lean (185+)
G. Shelvey,George Shelvey,22,England,GK,Nottingham Forest,Premier League,1.0,300000.0,6000.0,630000.0,56,68,1,,,,,,,Right,3,1,5,30,14,19,24,41,43.0,23,60,25,22,37,10,13,5,Medium/Medium,Normal (185+)
A. Tikvic,Antonio Tikvić,19,Germany,CB,Udinese,Serie A,1.0,325000.0,1000.0,650000.0,56,68,1,44.0,26.0,35.0,35.0,56.0,70.0,Left,2,2,19,40,27,33,35,37,45.0,59,82,43,45,35,55,58,25,Medium/Medium,Normal (185+)
G. Earthy,George Earthy,18,England,CAM,West Ham United,Premier League,1.0,325000.0,3000.0,683000.0,56,68,1,60.0,50.0,58.0,58.0,44.0,49.0,Right,3,2,47,62,51,54,60,60,63.0,44,50,56,64,63,41,50,52,High/Medium,Lean (170-185)
P. Müller,Pascal Müller,20,Austria,CM,Wolfsberger AC,Bundesliga,1.0,300000.0,2000.0,495000.0,56,67,1,61.0,53.0,57.0,58.0,54.0,55.0,Right,3,2,51,62,52,56,60,57,47.0,54,49,66,57,69,53,56,50,Medium/Medium,Normal (170-185)
M. Pußwald,Maximilian Pußwald,21,Austria,GK,Hartberg,Bundesliga,1.0,275000.0,950.0,454000.0,56,65,1,,,,,,,Right,3,1,6,28,10,5,16,36,33.0,27,59,19,17,30,8,12,7,Medium/Medium,Normal (170-185)
Ruly García,Raúl García González,23,Spain,GK,Celta de Vigo,La Liga,1.0,275000.0,2000.0,633000.0,56,65,1,,,,,,,Right,2,1,7,25,12,5,11,27,24.0,26,43,32,25,24,7,14,7,Medium/Medium,Lean (185+)
Ale Gorrin,Alejandro González Gorrin,20,Spain,GK,Las Palmas,La Liga,1.0,275000.0,1000.0,660000.0,56,64,1,,,,,,,Right,3,1,9,19,11,10,18,33,39.0,16,41,29,33,22,7,12,4,Medium/Medium,Lean (170-185)
M. Köbbing,Matthias Köbbing,26,Germany,GK,FC Köln,Bundesliga,1.0,150000.0,3000.0,281000.0,56,60,1,,,,,,,Right,3,1,8,28,10,12,17,44,37.0,25,60,28,38,29,11,14,5,Medium/Medium,Normal (185+)
K. Casey,Kaelen Casey,18,England,CB,West Ham United,Premier League,1.0,325000.0,2000.0,943000.0,55,75,1,56.0,30.0,39.0,41.0,57.0,54.0,Right,2,2,24,44,37,32,46,38,47.0,51,56,55,56,49,55,59,24,Low/Medium,Lean (185+)
N. Bagnolini,Nicola Bagnolini,19,Italy,GK,Bologna,Serie A,1.0,300000.0,1000.0,728000.0,55,73,1,,,,,,,Right,1,1,8,32,9,11,18,32,30.0,30,67,31,38,32,7,12,9,Medium/Medium,Normal (185+)
I. Samuels,Imari Narain Samuels,20,England,LB,Brighton & Hove Albion,Premier League,1.0,325000.0,6000.0,821000.0,55,72,1,60.0,27.0,44.0,55.0,52.0,55.0,Left,2,2,23,50,52,59,47,36,40.0,54,57,62,58,58,51,55,47,Medium/Medium,Lean (185+)
C. Donnell,Chris Donnell,19,Australia,"CM, CDM",Fulham,Premier League,1.0,325000.0,6000.0,821000.0,55,72,1,63.0,47.0,52.0,56.0,48.0,65.0,Right,3,2,48,60,37,56,54,57,52.0,67,67,63,63,65,47,49,51,Medium/Medium,Normal (170-185)
M. Herrmann,Max Herrmann,18,Germany,CAM,VfL Wolfsburg,Bundesliga,1.0,325000.0,2000.0,756000.0,55,71,1,68.0,48.0,52.0,60.0,31.0,33.0,Right,3,2,52,57,50,61,58,60,50.0,34,34,69,67,68,28,36,46,Medium/Medium,Lean (170-185)
M. Ouédraogo,Mohamed Ouédraogo,20,Burkina Faso,LWB,Rheindorf Altach,Bundesliga,1.0,300000.0,1000.0,623000.0,55,69,1,66.0,34.0,47.0,59.0,49.0,60.0,Left,2,2,30,54,46,63,55,43,45.0,55,63,62,69,65,47,52,39,Medium/Medium,Normal (170-185)
F. Brancolini,Federico Brancolini,21,Italy,GK,Lecce,Serie A,1.0,275000.0,1000.0,550000.0,55,67,1,,,,,,,Right,1,1,7,29,14,5,11,38,25.0,22,59,21,32,30,5,10,8,Medium/Medium,Lean (185+)
J. Amissah,Jordan Yamoah Amissah,21,Germany,GK,Sheffield United,Premier League,1.0,250000.0,2000.0,550000.0,55,66,1,,,,,,,Right,2,1,9,16,13,14,13,34,35.0,28,60,21,27,37,9,10,4,Medium/Medium,Stocky (185+)
H. Idasiak,Hubert Dawid Idasiak,21,Poland,GK,Napoli,Serie A,1.0,250000.0,3000.0,475000.0,55,66,1,,,,,,,Right,3,1,7,24,14,10,19,45,22.0,19,56,16,26,36,5,12,6,Medium/Medium,Normal (185+)
C. Mandas,Christos Mandas,21,Greece,GK,Lazio,Serie A,1.0,220000.0,3000.0,418000.0,55,62,1,,,,,,,Right,3,1,8,26,11,12,10,28,31.0,23,45,22,25,39,5,10,7,Medium/Medium,Normal (185+)
M. Dollinger,Matthias Dollinger,18,Austria,LB,Austria Klagenfurt,Bundesliga,1.0,250000.0,500.0,519000.0,54,72,1,71.0,24.0,39.0,52.0,51.0,47.0,Left,3,2,22,46,43,48,51,32,36.0,57,38,72,70,74,49,56,35,Medium/Medium,Normal (170-185)
Rafael Devisate,Rafael Devisate,17,Brazil,CDM,Austria Lustenau,Bundesliga,1.0,250000.0,500.0,519000.0,54,72,1,65.0,34.0,49.0,53.0,52.0,56.0,Right,3,2,26,56,38,51,55,47,36.0,58,53,64,65,67,50,55,31,Medium/Medium,Normal (170-185)
J. Robatsch,Jannik Robatsch,18,Austria,"CB, RB",Austria Klagenfurt,Bundesliga,1.0,250000.0,500.0,519000.0,54,70,1,65.0,27.0,42.0,44.0,53.0,58.0,Right,3,2,23,49,30,36,46,44,35.0,55,59,65,65,66,50,55,23,Medium/Medium,Normal (185+)
Y. Vötter,Yannick Vötter,18,Austria,ST,WSG Tirol,Bundesliga,1.0,250000.0,800.0,519000.0,54,69,1,68.0,55.0,45.0,62.0,24.0,40.0,Right,3,2,56,51,29,64,56,56,52.0,55,34,70,66,77,24,17,48,Medium/Medium,Normal (170-185)
D. Maksimovic,Damian Maksimovic,18,Austria,ST,Rheindorf Altach,Bundesliga,1.0,250000.0,750.0,519000.0,54,69,1,68.0,53.0,49.0,61.0,26.0,45.0,Right,3,3,56,56,42,63,58,52,53.0,54,45,71,66,69,23,25,52,Medium/Medium,Normal (170-185)
E. Beach,Eddie Beach,19,Wales,GK,Chelsea,Premier League,1.0,220000.0,4000.0,556000.0,54,69,1,,,,,,,Right,2,1,9,15,10,11,13,22,23.0,22,61,32,29,36,5,13,6,Medium/Medium,Lean (185+)
A. Brooks,Andre Brooks,19,England,"LW, ST",Sheffield United,Premier League,1.0,240000.0,3000.0,630000.0,53,69,1,69.0,54.0,43.0,56.0,24.0,44.0,Left,2,2,53,43,46,55,54,47,48.0,47,48,71,67,74,18,28,47,High/Medium,Lean (170-185)
P. Piffer,Paul Piffer,17,Austria,GK,Rheindorf Altach,Bundesliga,1.0,190000.0,500.0,394000.0,53,67,1,,,,,,,Right,2,1,8,15,12,10,17,21,31.0,19,46,21,27,23,9,13,4,Medium/Medium,Normal (170-185)
B. Kujrakovic,Bego Kujrakovic,17,Austria,CDM,Austria Klagenfurt,Bundesliga,1.0,210000.0,500.0,515000.0,52,72,1,64.0,35.0,50.0,50.0,50.0,54.0,Left,3,2,31,56,43,47,52,50,34.0,50,53,65,64,66,47,56,28,Medium/Medium,Normal (170-185)
Z. Smajlović,Zinedin Smajlović,19,Sweden,CB,Lecce,Serie A,1.0,190000.0,1000.0,461000.0,52,68,1,64.0,31.0,33.0,40.0,49.0,63.0,Right,2,2,26,42,26,37,41,22,35.0,47,71,65,64,42,50,49,16,Medium/Medium,Normal (185+)
E. Koc,Enes Koc,18,Austria,CM,Austria Lustenau,Bundesliga,1.0,180000.0,500.0,374000.0,52,67,1,65.0,46.0,52.0,60.0,39.0,36.0,Right,3,3,46,59,40,61,55,50,51.0,39,32,69,61,68,34,43,48,Medium/Medium,Normal (170-)
S. Nesler-Täubl,Simon Nesler-Täubl,18,Austria,GK,Austria Lustenau,Bundesliga,1.0,160000.0,500.0,332000.0,52,67,1,,,,,,,Left,2,1,6,25,13,5,15,24,38.0,19,63,22,24,31,8,12,7,Medium/Medium,Lean (185+)
T. Geris,Thomas Geris,20,Austria,ST,WSG Tirol,Bundesliga,1.0,190000.0,2000.0,394000.0,52,65,1,54.0,56.0,39.0,47.0,20.0,44.0,Left,3,2,64,48,31,41,44,42,50.0,56,44,55,54,61,13,17,47,Medium/Medium,Normal (170-185)
S. Seidl,Simon Seidl,20,Austria,"CM, CAM, RM",Blau-Weiß Linz,Bundesliga,1.0,170000.0,1000.0,281000.0,52,61,1,66.0,50.0,49.0,54.0,47.0,48.0,Right,3,2,50,58,36,52,54,48,49.0,39,48,64,67,60,41,54,53,High/Medium,Normal (170-185)
S. Grehan,Seán Grehan,19,Republic of Ireland,CB,Crystal Palace,Premier League,1.0,100000.0,2000.0,253000.0,50,65,1,57.0,24.0,34.0,29.0,51.0,61.0,Right,3,2,19,40,25,24,26,34,40.0,63,63,56,57,41,54,52,29,Low/Medium,Lean (170-185)
M. Fiorenza,Matteo Fiorenza,20,Italy,GK,Torino,Serie A,1.0,100000.0,2000.0,190000.0,48,60,1,,,,,,,Right,2,1,10,21,15,10,19,31,22.0,22,69,25,27,22,8,11,9,Medium/Medium,Lean (185+)
